customer_id,status,avg_sessions_last_3m,usage_change_last_3m,tickets_last_90d,failed_payments_last_90d
C000001,Active,59.67,0.2778,1,0
C000002,Active,42.67,0.125,0,0
C000003,Active,125.33,0.1552,2,0
C000004,Active,55.5,0.1765,0,0
C000005,Active,174.33,0.0178,0,0
C000006,Churned,252.33,-0.6311,2,0
C000007,Active,25.0,0.0,0,0
C000008,Active,87.0,0.3067,0,0
C000009,Active,60.67,-0.0806,0,0
C000010,Active,51.67,-0.1552,0,0
C000011,Churned,36.0,0.0,0,0
C000012,Active,173.33,0.0182,0,0
C000013,Churned,27.0,0.1667,2,0
C000014,Churned,65.0,-0.4375,2,0
C000015,Active,27.0,0.6087,0,0
C000016,Active,72.67,0.129,0,0
C000017,Active,32.67,-0.3333,1,0
C000018,Active,23.33,0.2857,0,0
C000019,Active,38.0,0.0,1,0
C000020,Active,27.0,0.0,0,0
C000021,Active,185.67,-0.0314,1,0
C000022,Active,20.0,0.1579,0,0
C000023,Active,318.5,-0.283,1,0
C000024,Active,119.33,-0.4611,2,0
C000025,Active,309.67,-0.2629,0,0
C000026,Active,25.67,-0.3571,0,0
C000027,Active,25.33,-0.0385,0,0
C000028,Active,45.33,0.2558,1,0
C000029,Active,16.33,-0.0588,0,0
C000030,Churned,78.67,-0.5686,1,0
C000031,Active,71.67,0.1857,0,0
C000032,Active,430.0,0.0201,0,0
C000033,Churned,24.33,-0.4688,1,0
C000034,Active,19.0,-0.2917,0,0
C000035,Active,33.0,0.4643,0,0
C000036,Active,22.0,-0.2174,0,0
C000037,Active,23.67,0.0909,0,0
C000038,Active,24.0,0.3,0,0
C000039,Active,22.33,-0.16,1,0
C000040,Active,103.67,0.1915,0,0
C000041,Active,17.33,-0.05,0,0
C000042,Active,70.33,-0.2466,0,0
C000043,Active,272.33,0.2477,0,0
C000044,Active,21.0,0.0,0,0
C000045,Active,366.0,0.2056,0,0
C000046,Active,112.0,0.1182,0,0
C000047,Churned,25.33,0.125,3,0
C000048,Churned,38.33,-0.5556,1,0
C000049,Churned,179.0,-0.523,2,0
C000050,Active,45.0,-0.1636,0,0
C000051,Active,20.5,0.05,2,0
C000052,Active,14.67,-0.4118,0,0
C000053,Active,136.0,-0.0522,3,0
C000054,Active,31.0,0.0,1,0
C000055,Active,86.33,-0.3301,0,0
C000056,Active,441.0,0.2906,1,0
C000057,Active,73.67,0.0143,1,0
C000058,Active,66.0,0.339,0,0
C000059,Active,20.33,0.1111,0,0
C000060,Churned,22.33,0.3,1,0
C000061,Active,44.0,-0.0227,0,0
C000062,Churned,44.33,-0.3208,0,0
C000063,Active,29.67,-0.2727,2,0
C000064,Churned,117.33,-0.5103,0,0
C000065,Churned,26.0,0.3182,1,0
C000066,Churned,18.33,-0.56,0,0
C000067,Active,22.33,0.15,0,1
C000068,Active,22.0,-0.087,0,0
C000069,Churned,43.67,-0.0833,0,0
C000070,Active,42.67,-0.2885,0,0
C000071,Churned,43.67,-0.3922,1,1
C000072,Active,60.33,0.0175,1,0
C000073,Active,165.0,0.0,0,0
C000074,Churned,17.33,0.0,0,0
C000075,Active,14.67,0.1429,1,0
C000076,Active,22.33,0.0435,1,0
C000077,Active,52.0,0.1042,0,0
C000078,Churned,52.33,-0.3966,3,0
C000079,Active,11.33,-0.5625,0,0
C000080,Active,80.67,-0.0824,1,0
C000081,Active,44.67,0.0,0,0
C000082,Active,23.67,0.2727,0,1
C000083,Active,178.0,0.1975,1,0
C000084,Active,33.0,-0.0588,1,0
C000085,Active,27.33,0.28,0,0
C000086,Churned,26.0,-0.3226,2,0
C000087,Active,237.67,-0.0571,1,0
C000088,Churned,18.67,-0.6,0,0
C000089,Active,15.0,0.0714,0,0
C000090,Churned,13.0,-0.65,2,1
C000091,Active,16.5,-0.1667,0,0
C000092,Churned,63.0,0.2909,1,0
C000093,Active,22.5,0.0455,0,0
C000094,Active,11.33,-0.0833,0,0
C000095,Churned,19.0,-0.5217,1,1
C000096,Active,23.0,-0.0417,0,0
C000097,Churned,44.0,-0.4828,0,1
C000098,Churned,86.0,0.1842,3,0
C000099,Active,26.33,-0.037,0,0
C000100,Active,206.67,-0.4604,0,0
C000101,Active,41.67,-0.0714,0,0
C000102,Active,146.0,0.1567,1,1
C000103,Active,21.33,0.5,0,1
C000104,Active,275.0,-0.5399,0,0
C000105,Active,60.67,0.283,0,0
C000106,Churned,64.67,-0.5287,1,0
C000107,Active,77.0,0.038,0,1
C000108,Active,21.33,0.2273,0,0
C000109,Active,16.0,0.125,0,0
C000110,Active,140.67,-0.0602,1,0
C000111,Churned,30.33,-0.0857,3,0
C000112,Active,49.5,0.475,2,0
C000113,Active,16.0,0.2857,0,0
C000114,Active,32.0,0.0625,1,0
C000115,Active,65.0,-0.1176,2,0
C000116,Active,39.67,0.1026,2,0
C000117,Active,47.0,0.2632,0,0
C000118,Active,58.5,0.34,1,0
C000119,Active,58.67,0.1228,2,0
C000120,Active,22.33,0.15,0,0
C000121,Active,18.67,0.1176,0,0
C000122,Churned,47.67,-0.339,0,0
C000123,Active,17.33,0.3125,0,0
C000124,Active,17.0,0.0,0,0
C000125,Active,16.0,0.1429,1,0
C000126,Active,23.5,-0.0417,0,0
C000127,Active,69.33,0.0822,0,0
C000128,Active,40.0,0.3939,0,0
C000129,Churned,41.33,-0.2553,1,0
C000130,Churned,33.0,-0.5957,1,0
C000131,Churned,16.0,0.6667,3,0
C000132,Active,178.0,0.3007,0,0
C000133,Active,23.67,0.3158,5,0
C000134,Active,22.33,-0.1739,0,0
C000135,Active,184.0,0.1207,1,0
C000136,Active,26.33,0.1739,0,0
C000137,Active,390.67,0.0597,1,0
C000138,Active,14.0,-0.0667,0,0
C000139,Active,356.33,0.1239,0,0
C000140,Active,12.67,-0.1429,0,0
C000141,Churned,12.33,-0.5,2,0
C000142,Churned,40.67,-0.5,0,0
C000143,Active,240.33,0.0161,0,0
C000144,Active,12.0,-0.1538,0,0
C000145,Active,66.67,0.0154,0,0
C000146,Active,73.33,0.0132,1,0
C000147,Active,27.0,0.3478,1,0
C000148,Active,17.33,0.2667,0,0
C000149,Active,10.33,0.0,0,0
C000150,Active,17.0,0.3125,0,0
C000151,Active,264.67,0.2009,1,0
C000152,Churned,118.0,0.1078,1,0
C000153,Active,66.33,-0.0317,0,0
C000154,Churned,16.33,-0.625,0,1
C000155,Active,31.0,0.1,0,0
C000156,Active,30.67,-0.2353,0,0
C000157,Churned,32.0,-0.587,3,0
C000158,Active,555.33,0.1758,0,0
C000159,Active,289.0,0.0,0,0
C000160,Active,134.67,-0.1223,0,0
C000161,Active,18.0,0.1875,1,0
C000162,Churned,117.0,-0.0826,1,0
C000163,Active,18.67,0.1053,0,0
C000164,Churned,9.67,-0.2727,0,0
C000165,Active,22.67,0.0455,0,0
C000166,Churned,41.33,-0.4906,1,0
C000167,Active,168.33,-0.1086,1,0
C000168,Churned,135.33,0.1092,0,0
C000169,Active,55.0,0.1509,1,0
C000170,Active,118.0,-0.1024,1,0
C000171,Active,58.0,0.0169,0,1
C000172,Active,62.0,-0.2131,1,0
C000173,Active,64.67,0.1475,0,0
C000174,Active,494.0,0.504,1,0
C000175,Active,24.67,-0.1481,0,0
C000176,Active,59.0,0.3191,0,0
C000177,Active,14.0,0.0,0,0
C000178,Churned,252.33,-0.5654,1,0
C000179,Churned,33.0,-0.3056,0,0
C000180,Active,83.0,0.0,1,0
C000181,Active,83.67,-0.0127,0,0
C000182,Active,60.0,-0.3239,0,0
C000183,Active,28.0,-0.2188,1,0
C000184,Churned,16.0,-0.45,1,0
C000185,Active,208.0,0.0622,0,0
C000186,Active,140.0,0.3983,0,0
C000187,Active,30.67,-0.0625,0,0
C000188,Active,39.33,-0.5455,1,0
C000189,Churned,97.67,-0.0777,0,0
C000190,Churned,10.67,-0.6,2,0
C000191,Active,312.67,0.4559,0,0
C000192,Active,7.0,0.0,1,0
C000193,Active,13.0,0.3636,0,0
C000194,Active,109.0,0.1443,0,0
C000195,Active,54.33,0.12,0,0
C000196,Active,30.67,-0.0645,1,0
C000197,Churned,5.0,0.0,0,0
C000198,Active,159.0,0.2302,0,0
C000199,Active,75.33,-0.0263,0,0
C000200,Churned,22.0,-0.5172,1,0
C000201,Active,35.0,0.3929,1,0
C000202,Active,151.67,0.2273,1,0
C000203,Churned,44.67,-0.6212,1,0
C000204,Churned,38.33,-0.5455,0,1
C000205,Active,23.0,-0.2593,1,0
C000206,Active,60.67,-0.3827,0,0
C000207,Active,15.33,0.0,0,0
C000208,Churned,40.33,-0.3958,1,1
C000209,Active,23.0,0.0455,1,0
C000210,Active,57.67,0.1154,2,0
C000211,Active,80.0,0.0,0,0
C000212,Churned,16.33,0.2857,2,1
C000213,Active,78.67,0.0694,3,0
C000214,Churned,138.0,-0.0216,2,0
C000215,Active,59.0,-0.0351,1,0
C000216,Churned,43.0,-0.5806,1,0
C000217,Active,19.33,-0.1,0,1
C000218,Active,45.33,0.0,1,0
C000219,Active,81.33,-0.0543,1,0
C000220,Active,73.67,0.0,0,0
C000221,Active,66.33,0.1,0,0
C000222,Active,35.0,0.1316,0,1
C000223,Active,83.0,0.0366,2,0
C000224,Active,222.0,0.0,0,0
C000225,Churned,12.33,-0.5625,2,0
C000226,Active,190.33,0.0904,0,0
C000227,Active,45.33,0.0217,0,0
C000228,Active,24.33,0.2857,0,0
C000229,Active,31.33,0.0333,0,0
C000230,Active,70.67,0.1642,4,0
C000231,Churned,58.0,0.1964,2,0
C000232,Churned,28.33,-0.6522,1,0
C000233,Active,464.33,0.1629,0,0
C000234,Churned,29.0,-0.3125,1,0
C000235,Active,337.0,-0.0865,2,0
C000236,Active,232.33,-0.0251,1,0
C000237,Active,17.67,0.2143,2,1
C000238,Active,129.5,-0.0672,0,0
C000239,Active,23.67,0.1818,0,0
C000240,Active,28.67,0.0714,2,0
C000241,Active,119.67,-0.0515,0,0
C000242,Active,225.67,-0.196,0,0
C000243,Active,38.33,-0.2619,0,0
C000244,Churned,16.0,-0.4,1,0
C000245,Active,33.67,0.0909,0,0
C000246,Active,48.5,-0.098,1,0
C000247,Active,52.67,0.22,4,0
C000248,Active,31.33,0.2593,0,0
C000249,Churned,21.33,0.5556,0,1
C000250,Active,13.0,-0.2143,1,0
C000251,Churned,100.0,-0.5775,0,0
C000252,Active,105.0,0.0463,0,0
C000253,Churned,13.67,-0.5789,0,0
C000254,Active,59.0,-0.0806,1,0
C000255,Churned,14.0,-0.3529,1,0
C000256,Active,235.33,0.2085,1,0
C000257,Churned,87.33,-0.5476,3,0
C000258,Active,19.67,0.0,0,0
C000259,Active,26.67,0.3182,1,0
C000260,Active,15.33,0.1333,0,0
C000261,Active,24.33,0.087,0,0
C000262,Active,122.0,0.1858,1,0
C000263,Active,67.67,0.0441,0,0
C000264,Active,58.67,0.3404,0,0
C000265,Active,634.67,-0.1086,2,0
C000266,Active,36.0,-0.0256,0,0
C000267,Active,14.67,-0.1667,1,0
C000268,Active,38.0,0.0513,3,1
C000269,Churned,23.67,-0.5588,1,0
C000270,Active,70.33,0.1692,1,0
C000271,Active,16.0,-0.1176,0,0
C000272,Active,70.67,0.0286,3,0
C000273,Churned,13.0,-0.4,1,0
C000274,Active,46.0,0.0,0,0
C000275,Active,139.67,0.2388,1,0
C000276,Active,49.0,0.2195,0,0
C000277,Active,24.67,-0.1538,2,0
C000278,Active,20.0,-0.52,0,0
C000279,Active,170.0,0.406,0,0
C000280,Active,129.67,-0.514,1,0
C000281,Active,24.33,0.125,0,0
C000282,Active,54.33,0.3191,0,0
C000283,Active,64.0,-0.058,1,0
C000284,Active,74.0,-0.1149,1,0
C000285,Active,20.67,0.1667,0,0
C000286,Active,24.67,0.0,0,0
C000287,Active,64.0,-0.0625,3,0
C000288,Active,173.67,0.0539,1,0
C000289,Active,29.33,0.1429,1,0
C000290,Active,13.33,0.3333,1,0
C000291,Churned,27.33,-0.4848,1,0
C000292,Churned,8.5,-0.3,0,0
C000293,Churned,111.0,-0.4394,2,0
C000294,Churned,12.33,-0.6842,0,0
C000295,Churned,90.0,-0.6183,1,0
C000296,Churned,33.33,-0.4103,0,0
C000297,Active,148.67,0.0533,2,0
C000298,Churned,89.67,-0.4538,1,0
C000299,Active,171.67,0.0529,0,0
C000300,Churned,8.67,-0.6154,1,1
C000301,Churned,107.67,-0.7289,2,0
C000302,Active,27.67,-0.0345,0,0
C000303,Active,29.67,0.0323,0,0
C000304,Active,68.67,0.2031,0,0
C000305,Churned,27.0,0.0,0,0
C000306,Active,95.33,-0.3186,0,0
C000307,Active,34.33,-0.1351,1,0
C000308,Churned,6.5,-0.1429,1,0
C000309,Active,20.33,-0.15,0,0
C000310,Churned,33.67,-0.5769,0,0
C000311,Active,30.0,-0.0333,1,0
C000312,Active,126.0,0.0583,0,0
C000313,Active,16.0,0.0,1,0
C000314,Active,42.67,-0.32,0,0
C000315,Churned,24.0,-0.6286,0,0
C000316,Active,79.0,0.0641,0,0
C000317,Active,119.0,0.0317,2,0
C000318,Active,157.0,-0.4062,0,0
C000319,Active,41.0,0.0,0,0
C000320,Active,430.0,0.2494,0,0
C000321,Churned,92.0,-0.4561,0,0
C000322,Churned,45.33,0.2432,1,0
C000323,Active,16.0,0.0714,0,0
C000324,Churned,16.33,0.0625,0,0
C000325,Churned,34.0,-0.4,1,0
C000326,Active,93.0,0.1882,1,1
C000327,Churned,29.67,0.55,0,0
C000328,Churned,84.33,-0.5512,1,1
C000329,Churned,69.67,0.125,1,0
C000330,Active,199.33,0.0309,0,0
C000331,Churned,64.33,0.4528,1,0
C000332,Active,16.67,0.0625,1,0
C000333,Churned,326.0,-0.4785,0,0
C000334,Churned,101.67,-0.4565,0,1
C000335,Active,9.67,-0.0909,0,0
C000336,Active,60.67,0.0833,2,0
C000337,Active,29.67,0.1852,3,0
C000338,Active,40.0,-0.451,0,0
C000339,Active,74.0,0.1471,0,0
C000340,Active,409.33,-0.0501,0,0
C000341,Active,82.33,0.0897,0,0
C000342,Active,145.0,0.1151,1,0
C000343,Active,71.67,0.0,0,1
C000344,Active,18.5,0.1765,0,0
C000345,Churned,153.67,0.0387,2,0
C000346,Active,69.0,0.2034,0,0
C000347,Active,306.33,0.4601,0,0
C000348,Active,55.33,-0.2787,0,0
C000349,Active,160.0,0.7016,1,0
C000350,Active,40.0,0.2571,0,0
C000351,Active,25.33,0.1667,1,0
C000352,Active,18.33,0.0,0,0
C000353,Active,54.0,0.4186,0,0
C000354,Active,24.67,0.1905,0,1
C000355,Active,23.0,-0.0833,0,0
C000356,Active,20.33,0.3333,1,0
C000357,Active,124.33,0.2692,1,0
C000358,Active,368.67,0.2783,0,1
C000359,Active,19.33,0.25,0,0
C000360,Active,41.33,0.0238,0,0
C000361,Active,275.0,0.0,0,0
C000362,Active,61.0,-0.2576,4,0
C000363,Active,19.0,0.0556,0,0
C000364,Active,52.0,-0.0377,1,0
C000365,Churned,267.67,-0.3524,0,1
C000366,Churned,36.67,-0.4681,1,0
C000367,Active,160.67,-0.1117,1,0
C000368,Churned,31.33,-0.5641,0,0
C000369,Active,39.0,0.1765,1,0
C000370,Active,321.67,-0.1464,1,0
C000371,Active,69.33,0.1094,0,0
C000372,Active,29.0,0.1429,1,0
C000373,Churned,19.0,0.4667,0,0
C000374,Churned,87.67,-0.0805,0,0
C000375,Churned,16.67,-0.5833,0,0
C000376,Churned,18.5,0.0556,1,0
C000377,Active,496.67,-0.0398,0,0
C000378,Churned,11.0,-0.625,0,0
C000379,Churned,66.0,-0.5172,0,0
C000380,Active,140.67,-0.0805,2,0
C000381,Active,22.0,-0.24,0,0
C000382,Active,377.0,0.0025,1,0
C000383,Active,44.67,0.15,0,0
C000384,Churned,12.67,-0.5,1,0
C000385,Active,11.0,0.0,2,0
C000386,Active,460.67,0.0541,0,0
C000387,Churned,82.67,-0.4352,0,1
C000388,Active,345.0,-0.1156,0,0
C000389,Churned,128.0,-0.6138,0,0
C000390,Churned,34.67,0.0588,0,0
C000391,Churned,12.0,-0.4286,3,0
C000392,Active,22.67,0.0909,0,0
C000393,Active,140.0,0.1008,0,0
C000394,Active,181.67,0.2297,1,0
C000395,Active,11.67,0.0909,0,0
C000396,Churned,9.0,-0.3636,1,0
C000397,Active,462.33,0.3848,3,0
C000398,Churned,17.0,-0.5,0,0
C000399,Active,49.33,0.525,0,0
C000400,Churned,23.0,0.2727,1,0
C000401,Active,60.0,-0.0317,1,0
C000402,Active,166.33,0.1688,1,0
C000403,Active,69.0,0.0,0,0
C000404,Active,29.0,-0.0625,0,0
C000405,Active,51.0,-0.5974,1,0
C000406,Active,25.0,0.0,0,0
C000407,Active,56.67,0.0,0,0
C000408,Active,122.0,0.4526,2,0
C000409,Active,20.67,0.4706,0,0
C000410,Churned,145.0,-0.4859,2,0
C000411,Active,56.5,-0.0847,0,0
C000412,Churned,46.67,-0.6429,0,0
C000413,Active,34.67,0.1613,0,0
C000414,Active,221.0,0.108,0,0
C000415,Active,40.0,0.0,0,0
C000416,Active,53.0,-0.0702,0,0
C000417,Active,75.67,0.1765,0,0
C000418,Active,164.0,0.1013,2,0
C000419,Active,11.0,0.0,0,0
C000420,Active,55.67,0.6842,0,0
C000421,Active,146.33,0.0395,1,0
C000422,Active,16.0,0.0,0,0
C000423,Active,21.33,0.5625,0,0
C000424,Active,161.67,0.0056,1,0
C000425,Churned,15.33,-0.6087,1,0
C000426,Churned,103.0,-0.5324,0,0
C000427,Active,28.0,0.1667,1,0
C000428,Active,77.0,-0.1772,0,0
C000429,Active,25.0,0.381,0,0
C000430,Active,22.0,0.0,2,0
C000431,Active,185.0,0.0833,0,0
C000432,Churned,146.0,-0.5176,2,1
C000433,Active,166.0,-0.4133,0,0
C000434,Active,45.67,-0.1698,1,0
C000435,Active,28.0,0.0769,3,0
C000436,Active,133.0,-0.0769,0,0
C000437,Active,18.67,0.1053,0,0
C000438,Active,16.0,0.0,0,0
C000439,Active,196.33,-0.0918,0,0
C000440,Active,19.33,0.25,1,1
C000441,Active,26.0,-0.0385,0,0
C000442,Active,57.67,-0.3947,1,0
C000443,Active,181.67,-0.0328,2,0
C000444,Active,41.67,0.1,1,0
C000445,Churned,10.0,-0.4615,0,0
C000446,Churned,448.33,-0.212,0,0
C000447,Active,455.33,0.0022,1,1
C000448,Churned,19.33,0.5625,0,0
C000449,Active,17.33,0.0,1,0
C000450,Active,13.67,-0.2941,2,0
C000451,Active,85.0,0.0349,0,0
C000452,Active,46.0,-0.0851,2,0
C000453,Active,200.0,0.341,0,0
C000454,Active,70.0,0.1875,1,0
C000455,Active,20.67,0.0,2,0
C000456,Active,21.33,0.2778,0,0
C000457,Active,452.67,-0.2885,1,0
C000458,Churned,36.0,-0.5,2,0
C000459,Active,141.33,0.0709,0,1
C000460,Active,29.33,-0.0333,0,1
C000461,Active,25.0,0.35,2,0
C000462,Active,72.33,0.3548,0,0
C000463,Active,626.67,-0.1328,1,0
C000464,Active,63.0,0.0517,1,0
C000465,Active,40.0,0.1622,1,0
C000466,Active,94.67,0.086,1,0
C000467,Active,24.0,0.1667,1,0
C000468,Active,528.0,0.1354,0,0
C000469,Churned,14.67,-0.3889,4,0
C000470,Churned,17.0,0.9091,2,0
C000471,Active,21.67,0.0,1,0
C000472,Active,51.33,-0.1695,5,0
C000473,Active,55.0,0.0,0,0
C000474,Active,46.33,0.2128,2,0
C000475,Active,18.0,0.0588,0,0
C000476,Active,27.33,0.3333,1,0
C000477,Active,25.33,-0.0769,1,0
C000478,Active,41.33,0.1081,0,0
C000479,Active,41.33,0.1842,1,0
C000480,Churned,20.0,0.5333,1,0
C000481,Active,73.0,0.209,0,0
C000482,Active,22.33,0.1429,0,0
C000483,Active,22.67,-0.24,0,0
C000484,Churned,16.67,-0.4783,1,0
C000485,Churned,25.33,-0.08,2,0
C000486,Active,39.0,-0.0732,0,0
C000487,Active,13.67,0.2308,1,0
C000488,Active,15.0,0.0,1,0
C000489,Active,23.0,0.6111,3,0
C000490,Active,59.33,0.1091,0,1
C000491,Active,194.67,0.1111,0,0
C000492,Active,78.0,0.0395,2,0
C000493,Active,89.0,0.0976,0,0
C000494,Active,70.0,0.0758,3,0
C000495,Active,537.67,0.1645,3,0
C000496,Active,19.0,-0.0556,0,0
C000497,Active,17.33,0.1176,0,0
C000498,Churned,162.0,-0.0412,0,0
C000499,Active,19.33,-0.05,0,0
C000500,Active,31.33,-0.2,0,0
C000501,Active,165.33,-0.0476,0,0
C000502,Active,47.5,0.5676,1,0
C000503,Active,148.0,0.288,1,0
C000504,Active,25.67,0.1818,0,0
C000505,Active,58.33,-0.0667,0,2
C000506,Active,202.67,-0.1075,0,0
C000507,Active,15.0,0.0,0,0
C000508,Active,33.67,-0.3902,1,0
C000509,Active,37.33,-0.15,1,0
C000510,Active,18.0,0.1176,0,0
C000511,Active,29.67,0.2593,0,0
C000512,Active,32.0,0.0,0,0
C000513,Active,55.67,0.3061,0,0
C000514,Active,17.0,0.0,0,0
C000515,Churned,52.33,-0.1228,0,1
C000516,Churned,10.67,-0.4615,4,0
C000517,Active,17.67,0.2667,0,0
C000518,Active,66.0,0.0,0,0
C000519,Churned,21.0,0.3333,0,0
C000520,Active,167.0,0.1688,0,0
C000521,Active,226.33,0.0225,1,0
C000522,Active,29.67,0.0714,0,0
C000523,Active,49.67,-0.1042,0,0
C000524,Active,82.33,0.0133,0,0
C000525,Churned,16.0,-0.3333,1,0
C000526,Churned,15.33,-0.625,3,0
C000527,Active,349.67,-0.3159,0,0
C000528,Active,154.33,-0.1401,1,0
C000529,Active,219.0,-0.1523,0,0
C000530,Active,84.0,-0.0444,0,0
C000531,Churned,32.0,-0.5128,0,0
C000532,Active,205.67,0.1154,2,0
C000533,Active,87.67,-0.0568,0,0
C000534,Active,92.33,-0.1698,0,0
C000535,Churned,34.67,-0.375,1,0
C000536,Active,22.0,-0.0952,2,0
C000537,Active,51.67,0.2292,2,0
C000538,Active,27.33,0.12,0,0
C000539,Active,26.33,0.0385,0,0
C000540,Active,66.0,0.0,2,0
C000541,Active,513.0,-0.0202,1,0
C000542,Churned,37.33,-0.0244,1,0
C000543,Active,42.67,-0.2245,1,0
C000544,Active,74.67,0.0556,0,0
C000545,Active,18.0,-0.1053,1,0
C000546,Active,47.33,0.0,0,0
C000547,Churned,37.67,-0.1538,3,0
C000548,Active,16.0,0.0,0,0
C000549,Active,140.67,0.1008,0,0
C000550,Active,30.0,0.069,0,0
C000551,Active,20.33,-0.2174,2,0
C000552,Churned,30.67,-0.5581,4,0
C000553,Churned,19.0,-0.5185,1,0
C000554,Active,171.33,0.087,2,0
C000555,Churned,15.67,-0.4211,1,1
C000556,Active,50.33,0.4615,0,0
C000557,Churned,13.67,-0.375,1,0
C000558,Active,21.33,-0.0476,0,1
C000559,Churned,28.67,-0.5,1,0
C000560,Active,26.0,-0.1786,0,0
C000561,Active,62.67,0.1667,0,0
C000562,Active,34.0,-0.1765,0,0
C000563,Active,133.33,0.0826,0,0
C000564,Churned,21.67,-0.0455,0,0
C000565,Active,23.0,0.0,0,0
C000566,Churned,186.67,-0.5089,1,0
C000567,Churned,65.33,-0.6275,1,0
C000568,Active,68.0,0.5556,0,0
C000569,Active,80.33,0.0625,2,0
C000570,Active,91.67,-0.3431,0,0
C000571,Churned,48.67,-0.0426,2,1
C000572,Active,109.0,0.1939,0,0
C000573,Active,53.67,0.2,0,0
C000574,Active,150.0,0.0833,0,0
C000575,Churned,77.67,-0.4732,1,0
C000576,Active,9.33,-0.4167,0,0
C000577,Churned,24.67,-0.5,1,1
C000578,Active,73.67,0.0896,0,0
C000579,Churned,19.33,-0.375,0,0
C000580,Active,21.0,0.0476,1,0
C000581,Active,65.67,-0.1806,0,0
C000582,Active,73.33,0.3279,0,0
C000583,Active,47.0,0.186,0,0
C000584,Active,11.67,-0.2857,0,0
C000585,Active,205.0,0.0288,1,0
C000586,Churned,11.67,-0.5,4,0
C000587,Active,158.0,-0.0443,1,0
C000588,Active,16.67,0.0625,0,0
C000589,Active,68.33,0.1014,1,0
C000590,Churned,12.67,-0.5294,0,0
C000591,Active,173.67,-0.0118,3,0
C000592,Active,53.0,-0.4058,0,0
C000593,Active,79.0,-0.075,0,0
C000594,Active,13.33,0.0,0,0
C000595,Active,21.0,0.0,0,0
C000596,Active,20.67,0.1579,0,0
C000597,Churned,75.67,-0.6355,0,0
C000598,Active,12.0,-0.0769,0,0
C000599,Active,154.33,-0.3579,1,1
C000600,Active,17.0,0.0,0,0
C000601,Active,30.33,-0.1875,2,0
C000602,Churned,118.67,-0.3957,2,0
C000603,Active,172.67,-0.1131,1,0
C000604,Active,217.0,0.0748,0,0
C000605,Active,151.0,0.0,0,0
C000606,Active,168.67,0.0702,0,0
C000607,Active,168.67,-0.2228,1,0
C000608,Active,49.0,0.3902,0,0
C000609,Active,74.33,-0.1558,0,1
C000610,Churned,20.0,0.1053,1,0
C000611,Active,32.33,-0.2778,1,0
C000612,Active,433.0,-0.0022,1,0
C000613,Active,96.0,-0.0842,2,0
C000614,Active,239.0,0.1498,0,0
C000615,Active,63.33,0.1964,2,0
C000616,Active,106.33,-0.0093,1,0
C000617,Churned,100.67,-0.4538,1,0
C000618,Active,20.0,0.1667,0,0
C000619,Active,29.0,-0.2059,0,0
C000620,Active,16.33,-0.1667,1,0
C000621,Churned,129.0,-0.5684,1,0
C000622,Active,29.0,0.0357,3,0
C000623,Churned,184.0,-0.4909,0,0
C000624,Churned,6.0,0.0,0,0
C000625,Active,101.0,-0.1636,0,0
C000626,Churned,7.67,-0.5455,0,1
C000627,Active,20.33,-0.44,0,0
C000628,Active,36.33,-0.093,1,0
C000629,Churned,8.0,0.0,0,0
C000630,Active,45.67,0.1364,0,0
C000631,Active,276.67,0.0225,0,0
C000632,Active,373.33,-0.0794,3,0
C000633,Churned,36.67,-0.5208,1,0
C000634,Active,32.33,-0.0882,1,0
C000635,Churned,21.67,-0.5,2,0
C000636,Active,21.33,-0.05,0,1
C000637,Active,56.67,-0.0377,0,0
C000638,Active,162.0,-0.0167,0,0
C000639,Churned,99.0,-0.424,0,0
C000640,Active,97.0,0.1667,0,0
C000641,Active,412.67,0.3014,2,0
C000642,Active,150.67,0.1181,1,0
C000643,Active,27.33,0.12,0,0
C000644,Active,29.67,0.0645,0,1
C000645,Churned,74.67,0.1622,1,0
C000646,Active,51.5,0.06,0,0
C000647,Active,12.33,-0.0769,0,0
C000648,Active,34.0,0.0,0,0
C000649,Active,233.33,0.16,0,0
C000650,Active,32.0,-0.0645,1,0
C000651,Active,56.33,-0.1148,0,0
C000652,Active,400.67,-0.0198,1,0
C000653,Active,136.33,-0.2123,1,0
C000654,Active,69.67,0.0267,1,0
C000655,Churned,73.0,0.0685,0,0
C000656,Active,27.0,-0.1,0,0
C000657,Active,114.0,-0.3134,0,0
C000658,Active,108.0,-0.1371,0,0
C000659,Active,14.0,0.0,1,0
C000660,Active,58.33,0.2545,2,0
C000661,Active,24.33,0.1818,2,0
C000662,Active,156.0,-0.0904,0,0
C000663,Active,23.0,0.1905,0,0
C000664,Active,32.67,-0.0345,0,0
C000665,Active,14.0,0.3333,0,0
C000666,Churned,84.33,0.4028,1,0
C000667,Active,74.0,-0.4,1,0
C000668,Active,403.0,0.1189,0,0
C000669,Churned,135.33,-0.5618,2,0
C000670,Churned,25.0,-0.0455,0,0
C000671,Active,76.67,0.0,0,0
C000672,Active,33.0,-0.1143,1,0
C000673,Active,450.67,0.0491,0,0
C000674,Active,66.33,0.1379,0,0
C000675,Active,76.33,0.0263,0,0
C000676,Active,16.33,-0.381,0,0
C000677,Active,243.33,-0.0518,0,0
C000678,Churned,13.67,-0.375,3,1
C000679,Active,25.0,0.1818,0,0
C000680,Churned,17.67,-0.625,1,0
C000681,Active,64.67,0.0984,1,0
C000682,Active,47.0,0.0,1,0
C000683,Active,24.33,-0.0417,0,0
C000684,Active,10.67,-0.4286,0,0
C000685,Active,14.67,-0.1765,2,0
C000686,Active,30.67,0.2963,0,0
C000687,Active,22.0,-0.0435,0,0
C000688,Active,115.33,0.3039,0,0
C000689,Active,69.67,0.2623,0,0
C000690,Active,29.33,0.1111,0,0
C000691,Active,69.0,0.1639,0,1
C000692,Active,93.0,0.2949,0,0
C000693,Churned,19.0,-0.6552,1,0
C000694,Active,28.33,-0.303,0,0
C000695,Active,174.67,0.0056,1,0
C000696,Active,20.0,0.2353,0,0
C000697,Active,523.0,0.1253,0,0
C000698,Active,54.67,-0.0385,0,0
C000699,Churned,82.5,0.1429,0,0
C000700,Active,19.67,-0.0909,0,0
C000701,Active,29.33,0.1786,1,0
C000702,Churned,18.67,-0.52,0,1
C000703,Active,20.0,0.1,0,0
C000704,Active,147.0,0.1825,1,0
C000705,Active,60.33,0.0702,1,0
C000706,Churned,52.0,0.0,0,0
C000707,Active,152.67,0.1286,0,0
C000708,Churned,332.67,-0.5792,0,0
C000709,Active,51.67,0.1154,0,0
C000710,Churned,17.33,-0.6154,0,0
C000711,Active,393.67,0.0308,0,0
C000712,Active,391.33,-0.3465,0,0
C000713,Active,233.67,0.0,0,0
C000714,Active,133.33,-0.0775,0,0
C000715,Active,108.33,0.2917,1,0
C000716,Churned,43.0,-0.5593,3,0
C000717,Active,12.0,0.0,0,0
C000718,Active,15.33,0.3846,0,0
C000719,Active,181.33,0.2075,0,0
C000720,Active,115.0,0.0,0,0
C000721,Active,30.33,-0.0645,1,0
C000722,Churned,9.67,-0.5385,3,1
C000723,Churned,14.33,-0.4706,0,0
C000724,Active,443.67,0.0631,1,0
C000725,Active,16.33,-0.1176,0,0
C000726,Churned,30.0,-0.1667,1,0
C000727,Active,12.67,-0.3333,1,1
C000728,Active,186.33,0.0314,1,0
C000729,Active,42.67,-0.1364,3,0
C000730,Active,18.0,-0.1053,0,0
C000731,Active,22.33,0.2381,1,0
C000732,Churned,16.33,0.3571,2,1
C000733,Active,209.0,0.2757,2,0
C000734,Active,57.33,0.0351,1,0
C000735,Active,83.0,-0.0225,1,0
C000736,Churned,389.0,-0.0217,0,0
C000737,Active,17.67,-0.2105,0,0
C000738,Churned,35.0,-0.6,0,0
C000739,Active,49.0,0.0851,0,0
C000740,Active,15.67,0.1429,1,0
C000741,Churned,31.67,0.2121,1,0
C000742,Active,27.0,-0.1034,1,0
C000743,Churned,139.0,-0.4946,2,0
C000744,Active,25.0,0.1739,1,0
C000745,Active,34.0,-0.0909,0,0
C000746,Churned,33.0,-0.6531,0,0
C000747,Churned,14.33,-0.65,1,0
C000748,Active,22.33,0.1429,0,0
C000749,Active,65.67,0.5741,1,0
C000750,Active,160.67,0.131,1,0
C000751,Active,37.67,0.0263,2,0
C000752,Active,48.0,0.0426,0,0
C000753,Active,24.67,0.12,0,0
C000754,Active,15.33,0.1429,0,0
C000755,Active,66.0,-0.1143,0,0
C000756,Active,60.33,0.0317,0,0
C000757,Active,17.67,0.0588,0,0
C000758,Active,148.0,0.0493,1,0
C000759,Active,22.67,-0.0435,0,0
C000760,Active,17.67,0.1176,1,0
C000761,Active,218.33,-0.1189,1,1
C000762,Active,27.0,0.0385,1,0
C000763,Active,71.0,0.2923,0,0
C000764,Active,21.67,-0.2692,0,0
C000765,Churned,54.0,-0.3803,1,0
C000766,Active,60.0,-0.1884,0,0
C000767,Churned,12.67,0.0,1,0
C000768,Active,13.0,0.0,0,0
C000769,Active,21.5,0.3889,1,0
C000770,Active,53.33,0.4634,0,0
C000771,Active,65.67,0.1875,2,0
C000772,Active,26.67,-0.1786,3,0
C000773,Churned,15.67,-0.4211,2,0
C000774,Active,42.67,-0.1818,0,0
C000775,Active,41.33,0.0698,2,0
C000776,Active,155.67,0.1307,1,0
C000777,Active,16.33,-0.5217,0,0
C000778,Active,79.33,-0.1341,1,0
C000779,Active,71.0,0.3016,2,0
C000780,Active,115.0,0.3958,0,0
C000781,Active,23.67,0.2632,0,0
C000782,Active,180.67,0.1867,0,0
C000783,Churned,15.0,-0.5263,2,0
C000784,Active,21.33,0.0476,2,0
C000785,Churned,249.67,-0.5322,2,0
C000786,Churned,27.67,-0.1786,1,0
C000787,Active,135.0,-0.1241,2,0
C000788,Active,23.0,-0.0833,0,0
C000789,Active,115.0,0.0472,0,0
C000790,Active,9.33,0.375,0,0
C000791,Churned,18.0,0.0,1,0
C000792,Churned,17.0,0.2667,0,0
C000793,Active,73.33,-0.0267,1,0
C000794,Active,18.67,0.0556,0,0
C000795,Active,30.33,-0.0645,0,0
C000796,Churned,11.0,-0.6,0,1
C000797,Churned,13.67,-0.2667,0,0
C000798,Active,86.0,0.0617,0,0
C000799,Active,43.0,-0.3448,0,0
C000800,Churned,147.0,0.1615,0,0
C000801,Active,69.67,-0.2105,1,0
C000802,Active,32.33,0.0,0,0
C000803,Active,63.67,0.283,2,0
C000804,Active,18.33,-0.25,0,0
C000805,Churned,81.0,-0.3564,1,0
C000806,Churned,25.67,-0.5526,0,0
C000807,Active,51.33,0.3125,1,0
C000808,Active,196.0,-0.0381,0,0
C000809,Active,76.67,0.0133,1,0
C000810,Active,462.67,0.3612,0,0
C000811,Active,76.0,0.0411,0,0
C000812,Active,67.67,0.0704,0,0
C000813,Active,364.33,-0.1392,0,0
C000814,Active,19.33,-0.1429,0,0
C000815,Active,28.33,-0.1,0,0
C000816,Active,137.33,-0.5764,1,0
C000817,Active,211.33,0.0663,0,0
C000818,Churned,24.0,-0.5625,2,0
C000819,Active,53.33,0.0185,0,0
C000820,Churned,50.0,-0.589,0,0
C000821,Active,17.67,-0.0556,0,0
C000822,Active,25.67,0.2174,0,1
C000823,Active,24.67,0.087,1,0
C000824,Active,55.0,0.1481,2,0
C000825,Churned,205.67,-0.187,3,0
C000826,Active,21.0,-0.5333,3,0
C000827,Active,18.33,-0.0556,0,1
C000828,Active,61.33,-0.1831,0,0
C000829,Active,79.0,0.1026,0,0
C000830,Active,21.0,0.1,3,0
C000831,Active,26.33,-0.25,0,0
C000832,Active,9.0,0.0,0,0
C000833,Churned,19.0,0.0,0,0
C000834,Active,196.0,-0.0577,2,0
C000835,Active,153.67,-0.0427,0,0
C000836,Active,21.5,0.3889,0,0
C000837,Active,55.67,-0.3538,1,0
C000838,Active,393.33,-0.1211,1,0
C000839,Active,134.0,-0.6103,3,0
C000840,Active,16.67,0.1333,0,0
C000841,Active,24.67,0.3636,0,0
C000842,Active,141.0,0.2698,0,0
C000843,Active,76.33,0.2615,3,0
C000844,Active,18.33,0.2353,0,0
C000845,Active,72.33,-0.013,0,0
C000846,Active,511.0,0.105,2,0
C000847,Active,20.0,-0.0952,0,1
C000848,Churned,74.0,-0.4624,2,1
C000849,Active,81.33,-0.061,0,0
C000850,Churned,114.67,-0.189,1,0
C000851,Churned,44.33,-0.5469,1,1
C000852,Active,68.67,0.0469,1,0
C000853,Active,104.33,-0.2174,1,0
C000854,Active,123.0,0.2017,0,1
C000855,Active,50.33,0.2667,1,0
C000856,Active,51.0,0.7949,0,0
C000857,Active,40.33,-0.234,1,0
C000858,Active,151.0,0.2734,1,0
C000859,Active,31.0,0.3846,1,0
C000860,Active,15.67,0.3571,1,0
C000861,Active,175.33,0.0819,0,0
C000862,Active,370.67,-0.308,0,0
C000863,Active,156.0,-0.0126,0,0
C000864,Active,64.33,0.0156,0,0
C000865,Active,74.33,-0.141,0,0
C000866,Active,107.0,-0.0097,2,0
C000867,Churned,76.0,-0.6466,0,0
C000868,Churned,28.0,-0.5128,0,0
C000869,Churned,14.0,-0.5556,3,0
C000870,Active,18.33,0.1667,2,0
C000871,Active,513.67,-0.0686,2,0
C000872,Active,191.0,0.0879,1,0
C000873,Active,237.0,0.0,0,0
C000874,Churned,33.67,-0.6415,0,1
C000875,Active,138.67,0.3644,0,0
C000876,Churned,188.0,-0.14,1,0
C000877,Active,21.33,0.5333,0,0
C000878,Churned,8.33,-0.5455,1,1
C000879,Active,17.67,-0.1053,3,0
C000880,Active,84.67,0.1733,0,0
C000881,Active,51.33,0.0,0,0
C000882,Churned,71.67,0.7959,0,0
C000883,Active,386.0,-0.3933,1,0
C000884,Active,59.67,0.0357,1,0
C000885,Active,32.33,0.0,1,0
C000886,Active,85.0,-0.0667,0,0
C000887,Active,23.33,0.2857,1,0
C000888,Active,28.0,0.1538,0,0
C000889,Churned,18.33,0.375,0,0
C000890,Active,34.0,0.0,0,0
C000891,Active,78.0,-0.0714,1,0
C000892,Active,192.0,-0.1084,0,0
C000893,Active,38.0,0.0,1,0
C000894,Active,17.33,0.3571,0,0
C000895,Active,56.33,-0.4167,0,0
C000896,Active,477.0,-0.279,1,0
C000897,Active,72.0,0.1029,1,0
C000898,Active,22.33,0.2632,0,0
C000899,Active,83.0,-0.0625,1,0
C000900,Active,61.67,0.1167,1,0
C000901,Churned,11.0,-0.6,3,0
C000902,Active,16.33,0.0667,0,0
C000903,Churned,19.67,-0.3636,3,0
C000904,Active,32.33,0.1562,0,0
C000905,Active,581.33,-0.0328,0,0
C000906,Active,378.67,-0.0479,0,0
C000907,Churned,32.67,-0.5,1,0
C000908,Active,34.67,0.0909,0,0
C000909,Active,22.67,0.0,1,0
C000910,Active,44.0,0.0,0,0
C000911,Active,85.33,0.1184,0,0
C000912,Active,51.67,0.0566,0,0
C000913,Active,74.67,0.2794,2,0
C000914,Active,174.0,0.0,1,0
C000915,Active,78.0,0.0,0,0
C000916,Active,225.67,0.0122,2,0
C000917,Active,38.67,0.0882,0,0
C000918,Churned,13.67,-0.55,0,0
C000919,Churned,6.0,-0.4286,1,0
C000920,Active,59.67,-0.0769,1,0
C000921,Active,77.0,0.5254,2,0
C000922,Active,84.67,0.1711,0,0
C000923,Active,26.33,-0.2759,1,0
C000924,Churned,18.0,-0.0588,1,0
C000925,Active,12.33,0.0909,0,0
C000926,Active,65.33,0.0635,0,0
C000927,Churned,10.33,-0.5,2,0
C000928,Active,186.67,-0.1481,0,0
C000929,Active,22.33,0.25,1,0
C000930,Active,182.0,-0.4159,0,0
C000931,Active,18.0,-0.1579,0,0
C000932,Active,21.67,0.05,0,0
C000933,Active,71.33,0.0282,0,0
C000934,Active,158.67,0.1118,0,0
C000935,Active,128.67,-0.274,3,0
C000936,Active,20.0,0.0,0,0
C000937,Active,459.0,0.2168,0,0
C000938,Active,25.67,0.3043,0,0
C000939,Active,140.0,-0.0261,0,0
C000940,Active,49.0,-0.1176,1,0
C000941,Active,67.33,0.3065,1,0
C000942,Active,121.67,0.0,1,0
C000943,Active,78.33,0.0556,1,0
C000944,Active,30.67,-0.0645,0,0
C000945,Active,18.0,-0.5714,0,0
C000946,Active,9.67,-0.5714,0,0
C000947,Active,74.0,0.0,0,0
C000948,Active,137.67,-0.0076,2,0
C000949,Churned,185.0,0.0053,2,0
C000950,Active,38.33,0.7097,1,0
C000951,Active,19.67,0.0,0,0
C000952,Active,17.33,0.0,0,0
C000953,Active,22.0,0.3684,0,0
C000954,Active,26.33,0.2174,0,0
C000955,Active,244.67,-0.3497,0,0
C000956,Active,61.67,-0.2254,0,0
C000957,Active,169.0,0.0926,0,1
C000958,Active,62.0,-0.4938,2,0
C000959,Active,17.0,-0.0526,0,0
C000960,Active,46.0,0.0,1,0
C000961,Active,15.67,0.1333,1,0
C000962,Churned,23.0,-0.2308,0,0
C000963,Active,15.33,0.2143,0,0
C000964,Active,76.0,0.1765,0,0
C000965,Active,146.0,0.0846,1,0
C000966,Churned,108.67,-0.4234,0,1
C000967,Active,138.67,0.1603,1,0
C000968,Active,33.33,-0.1395,0,0
C000969,Churned,12.33,-0.5294,0,0
C000970,Churned,8.5,-0.3,0,0
C000971,Active,16.0,0.1875,1,0
C000972,Active,28.33,0.1071,0,0
C000973,Churned,7.0,-0.4444,0,0
C000974,Active,95.33,0.1562,0,0
C000975,Churned,11.67,-0.25,0,0
C000976,Churned,26.33,-0.4545,1,0
C000977,Active,15.0,-0.2778,1,0
C000978,Active,55.67,0.4043,2,1
C000979,Active,75.67,0.4746,0,0
C000980,Active,26.33,-0.0417,0,0
C000981,Active,299.0,0.2143,0,0
C000982,Churned,41.33,-0.5938,3,0
C000983,Active,172.33,0.2667,0,0
C000984,Active,47.0,0.1304,1,0
C000985,Active,50.67,-0.0943,1,0
C000986,Churned,62.67,-0.6333,0,0
C000987,Active,14.0,0.3333,0,0
C000988,Churned,43.33,-0.5806,0,0
C000989,Active,34.33,-0.0571,1,0
C000990,Active,485.33,0.0179,0,0
C000991,Active,79.33,0.2432,0,0
C000992,Active,52.0,0.0208,1,0
C000993,Active,94.67,-0.4924,0,0
C000994,Active,33.67,0.3571,2,0
C000995,Active,160.33,-0.4645,1,0
C000996,Active,28.67,-0.0667,0,0
C000997,Active,29.67,-0.4118,1,0
C000998,Churned,39.0,-0.3077,0,1
C000999,Active,108.0,-0.3307,0,0
C001000,Active,14.0,0.0,0,0
C001001,Churned,43.33,-0.6,1,0
C001002,Active,88.0,-0.0455,1,0
C001003,Active,20.67,-0.125,2,0
C001004,Active,15.67,-0.4762,0,0
C001005,Active,16.0,0.0,0,0
C001006,Active,27.33,-0.1724,0,0
C001007,Active,71.33,0.4655,1,0
C001008,Active,13.67,0.0714,2,0
C001009,Churned,120.33,0.3398,2,0
C001010,Active,21.33,-0.4643,1,0
C001011,Active,118.67,0.6395,0,0
C001012,Active,45.0,0.0,2,0
C001013,Active,26.67,-0.1429,0,0
C001014,Active,513.67,0.0255,0,0
C001015,Active,53.33,0.1304,0,0
C001016,Churned,23.5,-0.1923,1,0
C001017,Active,140.33,0.3167,1,0
C001018,Active,212.33,0.1082,0,0
C001019,Active,26.33,-0.1429,1,0
C001020,Active,12.0,-0.0769,4,0
C001021,Active,238.33,-0.0738,3,0
C001022,Active,492.0,0.0754,1,0
C001023,Active,146.0,-0.6618,0,0
C001024,Churned,9.0,-0.4615,0,0
C001025,Active,396.0,0.0026,1,0
C001026,Active,22.33,0.0435,0,0
C001027,Churned,412.0,0.0499,1,1
C001028,Active,28.0,0.1724,0,0
C001029,Active,122.0,0.2182,0,0
C001030,Active,15.0,0.0,1,0
C001031,Churned,32.0,-0.5366,0,0
C001032,Active,199.0,0.1459,1,0
C001033,Active,53.67,-0.2105,0,0
C001034,Active,75.33,-0.0526,0,0
C001035,Active,29.67,0.0769,0,0
C001036,Active,20.33,-0.0455,0,0
C001037,Active,43.33,0.0909,1,0
C001038,Active,59.0,-0.0345,0,0
C001039,Active,28.33,-0.5263,2,0
C001040,Active,23.0,0.0,0,0
C001041,Active,43.67,0.0227,0,0
C001042,Active,71.33,0.0429,1,0
C001043,Churned,49.33,-0.5571,1,1
C001044,Active,154.67,0.1275,2,0
C001045,Active,22.0,0.1579,1,0
C001046,Active,23.67,0.1429,1,0
C001047,Churned,46.0,-0.45,2,0
C001048,Active,58.0,0.1429,1,0
C001049,Active,186.0,-0.1164,1,0
C001050,Active,82.0,-0.3226,1,0
C001051,Active,135.33,-0.0507,0,0
C001052,Active,23.67,-0.1667,0,0
C001053,Active,18.33,0.0556,3,0
C001054,Active,60.33,-0.3288,1,0
C001055,Active,61.33,0.32,0,0
C001056,Churned,18.0,0.0,0,0
C001057,Active,143.0,-0.0676,1,0
C001058,Active,26.0,0.0833,0,0
C001059,Active,77.0,0.2903,3,0
C001060,Active,35.0,0.0588,2,0
C001061,Active,279.67,-0.2285,0,0
C001062,Active,22.0,-0.125,3,0
C001063,Active,68.33,-0.3708,1,0
C001064,Churned,17.33,-0.52,1,1
C001065,Active,8.33,-0.4,0,0
C001066,Active,448.67,-0.1421,2,0
C001067,Active,15.33,0.4545,0,0
C001068,Churned,110.67,-0.4636,1,0
C001069,Active,11.0,0.1,1,0
C001070,Churned,45.67,-0.5574,0,1
C001071,Churned,21.33,-0.6129,0,0
C001072,Churned,14.33,-0.5,1,0
C001073,Active,26.33,0.08,0,0
C001074,Active,231.0,0.0,0,0
C001075,Active,42.0,0.0,1,0
C001076,Active,51.0,0.0,1,0
C001077,Active,21.33,0.1429,1,0
C001078,Active,17.33,0.3125,0,0
C001079,Active,60.0,0.1765,2,0
C001080,Active,22.33,0.0,1,0
C001081,Active,38.33,-0.0811,1,0
C001082,Churned,94.33,-0.25,1,0
C001083,Active,124.33,0.3217,0,0
C001084,Active,84.67,-0.0532,0,0
C001085,Active,544.33,0.0143,0,0
C001086,Active,170.0,0.8655,0,0
C001087,Active,299.33,-0.306,0,1
C001088,Active,112.0,0.0,0,0
C001089,Active,41.0,0.2162,0,1
C001090,Active,36.0,-0.4773,1,0
C001091,Active,31.67,-0.0606,0,0
C001092,Churned,33.0,-0.4048,1,1
C001093,Active,62.33,0.1207,1,0
C001094,Active,18.33,-0.15,2,0
C001095,Active,43.33,-0.1064,2,0
C001096,Active,25.67,-0.25,1,0
C001097,Active,28.0,0.4348,0,0
C001098,Churned,31.33,-0.4211,2,0
C001099,Active,168.0,-0.0183,1,0
C001100,Active,18.67,-0.1429,1,0
C001101,Churned,11.33,-0.5625,0,0
C001102,Active,57.0,0.0588,2,0
C001103,Churned,101.67,-0.5137,0,0
C001104,Active,119.33,0.2336,0,0
C001105,Active,30.67,-0.129,3,0
C001106,Active,48.0,0.1556,0,0
C001107,Churned,17.0,-0.5833,1,1
C001108,Active,30.67,0.1667,0,0
C001109,Churned,152.33,-0.6256,0,0
C001110,Churned,10.0,-0.5,2,0
C001111,Churned,45.0,0.25,1,0
C001112,Active,14.67,0.0,0,1
C001113,Active,21.33,-0.2174,0,0
C001114,Active,343.0,0.1111,0,0
C001115,Active,520.67,-0.0586,4,1
C001116,Active,30.67,-0.0968,0,0
C001117,Active,55.33,-0.0323,0,0
C001118,Active,54.67,0.2075,1,0
C001119,Active,147.67,0.218,0,0
C001120,Active,135.0,-0.0593,0,0
C001121,Active,167.67,0.1471,0,0
C001122,Churned,21.0,-0.5385,0,1
C001123,Active,122.33,-0.1074,0,0
C001124,Active,23.67,-0.3214,1,0
C001125,Active,12.67,0.3,0,0
C001126,Churned,14.0,-0.4706,3,0
C001127,Active,13.0,0.0,0,0
C001128,Active,154.67,-0.0245,0,0
C001129,Churned,117.0,-0.5092,0,0
C001130,Active,459.67,-0.2093,4,0
C001131,Churned,170.33,0.2791,2,0
C001132,Active,20.0,0.5625,2,0
C001133,Active,52.0,-0.2698,0,0
C001134,Active,58.33,0.0909,0,0
C001135,Active,351.67,-0.012,0,0
C001136,Churned,15.67,-0.5,0,0
C001137,Active,54.33,-0.0755,1,0
C001138,Churned,20.33,0.1579,0,0
C001139,Active,30.0,-0.4359,0,0
C001140,Churned,85.33,-0.5484,0,0
C001141,Active,15.67,-0.3684,0,0
C001142,Churned,57.33,-0.4737,2,1
C001143,Active,136.0,0.3913,0,0
C001144,Churned,36.67,-0.4583,4,0
C001145,Active,38.33,-0.125,1,1
C001146,Active,15.67,0.3846,1,0
C001147,Churned,77.0,-0.6036,1,0
C001148,Active,181.0,-0.2439,3,0
C001149,Active,36.33,0.1111,0,0
C001150,Churned,20.67,-0.5484,0,0
C001151,Active,9.33,-0.4167,1,2
C001152,Active,189.33,0.3608,1,0
C001153,Churned,10.33,-0.4286,1,0
C001154,Active,30.33,0.2593,1,0
C001155,Churned,31.33,-0.3784,0,1
C001156,Active,94.33,0.0103,2,0
C001157,Active,26.33,0.08,0,0
C001158,Active,56.33,0.1176,0,0
C001159,Active,11.0,0.0,1,0
C001160,Churned,21.0,0.0,0,0
C001161,Active,19.0,0.0,0,0
C001162,Churned,59.67,-0.5663,0,0
C001163,Churned,58.33,-0.2319,1,0
C001164,Active,57.33,0.0,0,0
C001165,Active,30.0,0.2,1,0
C001166,Active,148.0,0.0064,0,0
C001167,Churned,37.67,-0.48,1,0
C001168,Churned,12.0,-0.4,1,0
C001169,Active,236.67,0.0455,0,0
C001170,Active,53.0,0.0784,0,0
C001171,Active,26.67,0.0385,2,0
C001172,Active,129.0,0.0635,2,0
C001173,Active,17.67,-0.1579,0,0
C001174,Active,119.33,0.5506,0,0
C001175,Active,28.33,-0.1724,2,0
C001176,Active,209.33,-0.0625,2,0
C001177,Active,86.0,-0.1099,0,1
C001178,Active,55.0,0.2979,0,0
C001179,Churned,12.33,-0.5625,2,0
C001180,Active,14.67,-0.125,1,0
C001181,Churned,77.67,-0.2697,3,0
C001182,Active,66.0,-0.2222,1,0
C001183,Active,16.0,-0.35,1,0
C001184,Churned,15.0,-0.4762,2,0
C001185,Active,79.67,-0.0714,0,0
C001186,Active,66.33,-0.1867,1,0
C001187,Churned,68.0,-0.5699,0,0
C001188,Active,410.5,0.4879,0,0
C001189,Churned,11.0,-0.5,1,0
C001190,Active,68.0,0.1587,0,0
C001191,Active,41.0,-0.3585,0,0
C001192,Churned,9.0,-0.5,4,0
C001193,Churned,117.0,-0.4774,0,0
C001194,Active,132.33,0.1752,0,0
C001195,Active,36.0,0.0,0,0
C001196,Active,52.33,-0.2188,1,0
C001197,Active,12.0,0.0833,1,1
C001198,Active,153.33,0.2615,0,0
C001199,Active,69.33,-0.3373,0,0
C001200,Active,167.0,-0.2067,0,0
C001201,Active,60.67,0.0469,0,0
C001202,Active,19.67,0.1667,0,0
C001203,Churned,129.0,0.2056,2,0
C001204,Active,39.33,0.0,1,0
C001205,Churned,53.33,-0.4085,2,0
C001206,Active,53.67,0.2708,0,0
C001207,Active,86.67,0.1,0,0
C001208,Churned,34.67,0.0857,1,0
C001209,Active,6.0,0.0,0,0
C001210,Active,51.33,0.2083,0,0
C001211,Churned,99.33,-0.6181,0,0
C001212,Active,184.33,0.3566,0,0
C001213,Active,26.67,0.0,2,0
C001214,Active,25.0,-0.0385,0,0
C001215,Active,117.0,0.1048,1,0
C001216,Active,17.33,-0.0588,0,0
C001217,Active,51.33,0.1132,0,0
C001218,Churned,10.33,-0.3846,3,0
C001219,Active,129.33,-0.3111,2,0
C001220,Churned,10.67,0.1,0,0
C001221,Active,9.67,0.5,0,1
C001222,Active,13.0,0.0,0,0
C001223,Active,201.0,-0.1934,0,1
C001224,Active,39.0,-0.1364,1,0
C001225,Active,75.67,0.0,0,0
C001226,Active,449.0,-0.0566,3,0
C001227,Active,10.5,-0.0909,0,0
C001228,Active,63.33,-0.0758,1,0
C001229,Active,178.67,-0.1641,0,0
C001230,Active,31.0,-0.2432,1,0
C001231,Churned,13.67,-0.6,1,0
C001232,Active,166.5,0.2653,0,0
C001233,Active,60.0,0.0,1,0
C001234,Active,63.33,0.0968,0,0
C001235,Churned,55.67,-0.507,2,1
C001236,Active,33.33,-0.0294,1,1
C001237,Active,71.33,-0.2614,2,0
C001238,Active,20.33,-0.1364,1,1
C001239,Active,17.0,0.0,0,0
C001240,Active,15.33,0.0,2,0
C001241,Active,113.33,0.3053,0,1
C001242,Active,21.67,-0.2,1,0
C001243,Churned,56.0,-0.6548,0,0
C001244,Active,25.0,0.2174,1,0
C001245,Active,75.0,0.1233,1,0
C001246,Active,49.67,0.186,0,0
C001247,Active,20.33,-0.375,0,0
C001248,Active,13.5,0.0769,2,0
C001249,Active,57.67,0.1228,1,0
C001250,Active,153.0,0.0,0,0
C001251,Active,25.67,0.1818,1,0
C001252,Active,22.67,0.0455,0,0
C001253,Active,25.0,-0.2903,0,0
C001254,Active,25.33,0.2083,1,0
C001255,Active,38.67,0.2571,0,0
C001256,Active,47.0,0.186,0,0
C001257,Active,37.0,0.0,0,0
C001258,Churned,53.67,-0.5556,3,1
C001259,Churned,11.0,-0.5333,1,0
C001260,Active,461.33,-0.2392,1,0
C001261,Active,48.67,0.098,3,0
C001262,Churned,21.67,-0.5938,1,0
C001263,Active,18.33,0.0,0,0
C001264,Active,133.33,-0.0699,1,0
C001265,Active,199.0,0.2312,2,0
C001266,Active,132.33,0.0308,1,0
C001267,Active,72.0,-0.0519,1,0
C001268,Active,230.33,-0.0335,0,0
C001269,Active,15.33,0.1333,1,0
C001270,Active,49.67,-0.2308,0,0
C001271,Active,122.0,0.0,0,0
C001272,Active,186.33,-0.0056,0,0
C001273,Churned,98.33,-0.4206,0,0
C001274,Churned,28.67,0.0357,0,0
C001275,Active,23.0,0.0,1,0
C001276,Active,22.0,-0.0417,1,0
C001277,Active,28.33,-0.2857,0,1
C001278,Active,19.67,-0.0952,0,0
C001279,Active,210.0,0.0457,3,0
C001280,Active,26.33,0.2273,0,0
C001281,Churned,13.67,-0.5263,1,0
C001282,Active,18.33,-0.3333,3,0
C001283,Active,14.67,-0.2222,1,0
C001284,Active,24.33,0.0,0,0
C001285,Active,403.0,0.2225,0,0
C001286,Active,97.67,0.1034,1,0
C001287,Churned,35.67,-0.5319,0,0
C001288,Active,19.0,0.0526,1,0
C001289,Active,76.0,-0.1026,1,0
C001290,Active,26.0,-0.3125,0,0
C001291,Active,29.33,-0.069,1,0
C001292,Active,77.0,-0.4747,0,0
C001293,Churned,13.33,-0.5,1,1
C001294,Active,14.67,0.5455,0,0
C001295,Active,20.0,-0.3182,1,0
C001296,Churned,10.67,-0.5,0,0
C001297,Churned,45.33,-0.6286,2,0
C001298,Active,26.0,-0.0714,0,0
C001299,Active,69.67,0.2281,0,0
C001300,Active,59.67,0.2222,0,0
C001301,Active,16.0,0.0,0,0
C001302,Churned,15.0,-0.5263,2,0
C001303,Active,28.0,-0.069,0,0
C001304,Active,31.0,0.0,0,0
C001305,Active,267.67,-0.1818,1,1
C001306,Active,146.67,0.4224,0,0
C001307,Active,43.0,-0.0426,0,0
C001308,Active,138.0,-0.1806,1,0
C001309,Active,13.0,0.0,0,0
C001310,Active,261.0,0.0,1,0
C001311,Active,21.33,0.0476,0,0
C001312,Active,175.0,0.1579,1,0
C001313,Active,19.33,-0.28,0,0
C001314,Active,42.67,-0.383,1,0
C001315,Active,84.67,0.3378,4,0
C001316,Active,149.67,0.0435,0,1
C001317,Active,33.0,0.0,0,0
C001318,Active,39.0,-0.3182,0,0
C001319,Active,82.0,0.0244,0,0
C001320,Active,131.67,0.0672,1,0
C001321,Active,14.0,0.1538,0,0
C001322,Active,30.67,0.0323,0,0
C001323,Churned,13.67,-0.5263,1,0
C001324,Active,54.67,0.2041,0,0
C001325,Active,46.33,0.1429,0,0
C001326,Churned,108.33,-0.3806,2,0
C001327,Active,22.67,-0.0455,1,0
C001328,Active,34.0,0.0,1,0
C001329,Active,38.0,0.4667,0,0
C001330,Active,44.67,0.225,0,0
C001331,Active,121.33,-0.3696,0,0
C001332,Active,39.33,-0.1,0,0
C001333,Churned,22.0,-0.3846,2,0
C001334,Active,369.67,0.1823,0,0
C001335,Active,376.0,-0.14,1,0
C001336,Active,46.33,0.2174,0,0
C001337,Active,20.0,0.2222,0,0
C001338,Active,21.0,0.0476,1,1
C001339,Active,230.67,0.1415,0,0
C001340,Active,14.0,0.0,0,0
C001341,Active,52.0,0.1087,0,0
C001342,Active,225.0,0.5084,1,0
C001343,Churned,13.0,-0.4375,1,0
C001344,Active,69.67,-0.0563,0,1
C001345,Active,406.67,-0.0847,0,0
C001346,Active,28.67,0.24,1,0
C001347,Active,64.0,-0.2763,0,0
C001348,Active,76.0,0.0274,0,0
C001349,Churned,31.67,0.0303,0,0
C001350,Churned,7.67,-0.6364,0,0
C001351,Active,227.0,-0.0498,0,0
C001352,Active,62.33,0.1695,0,0
C001353,Churned,24.67,0.1304,3,0
C001354,Active,25.0,0.0,0,0
C001355,Active,328.33,-0.0954,0,0
C001356,Active,58.0,0.5217,0,0
C001357,Active,38.0,0.0,2,0
C001358,Active,10.5,-0.0909,1,0
C001359,Active,187.0,0.2527,0,0
C001360,Churned,28.67,0.1481,0,0
C001361,Active,545.33,-0.1142,0,0
C001362,Active,62.0,-0.0317,0,0
C001363,Active,58.67,-0.2059,0,0
C001364,Churned,28.33,-0.6053,0,0
C001365,Active,73.67,-0.0685,1,0
C001366,Active,24.67,0.08,0,0
C001367,Active,15.67,-0.1111,0,0
C001368,Active,34.5,0.3,0,0
C001369,Churned,10.33,-0.625,0,0
C001370,Churned,15.0,-0.5,5,0
C001371,Active,21.0,-0.0455,0,0
C001372,Churned,128.0,0.0,0,0
C001373,Active,33.0,-0.2778,0,0
C001374,Churned,22.0,-0.3571,0,0
C001375,Churned,192.67,-0.4043,1,0
C001376,Active,21.67,-0.1667,0,0
C001377,Active,373.67,-0.0568,0,0
C001378,Churned,41.0,-0.5439,1,0
C001379,Active,65.0,0.2542,1,0
C001380,Churned,32.0,-0.3158,0,1
C001381,Churned,12.67,-0.4706,3,1
C001382,Active,70.0,-0.0303,1,0
C001383,Active,29.33,0.0,3,0
C001384,Churned,267.0,-0.0603,1,0
C001385,Churned,42.67,-0.5094,1,0
C001386,Churned,31.0,-0.5349,1,0
C001387,Active,412.0,0.0397,0,0
C001388,Active,12.0,0.0,0,0
C001389,Active,153.33,-0.3716,2,0
C001390,Active,27.0,0.0769,3,0
C001391,Active,417.67,-0.0078,0,0
C001392,Churned,97.33,-0.4167,1,0
C001393,Active,21.67,0.0,1,0
C001394,Churned,14.67,-0.1875,2,0
C001395,Churned,38.0,0.1351,0,0
C001396,Active,24.33,0.0435,0,0
C001397,Active,18.67,-0.4583,2,0
C001398,Active,39.0,0.0,1,0
C001399,Churned,11.0,-0.3077,0,0
C001400,Active,29.67,0.1071,2,0
C001401,Active,44.0,0.3333,0,0
C001402,Active,32.67,0.1333,1,1
C001403,Active,360.67,0.4123,1,0
C001404,Active,63.0,0.0877,0,0
C001405,Churned,10.67,-0.5625,0,0
C001406,Active,18.0,0.0556,0,0
C001407,Active,214.0,0.3222,1,0
C001408,Active,21.67,0.0,1,0
C001409,Churned,99.33,-0.4348,0,0
C001410,Active,120.5,0.2315,0,0
C001411,Active,61.67,0.1833,0,0
C001412,Churned,133.33,-0.581,0,0
C001413,Active,64.67,-0.1579,0,0
C001414,Active,359.0,-0.6383,0,0
C001415,Active,73.0,-0.175,0,0
C001416,Churned,63.33,-0.6105,0,0
C001417,Active,24.33,0.087,1,0
C001418,Active,21.33,0.0476,0,0
C001419,Active,178.67,0.1588,1,0
C001420,Active,285.33,-0.0462,0,0
C001421,Active,322.33,0.303,0,1
C001422,Active,25.33,0.0,2,0
C001423,Active,173.33,-0.0222,0,0
C001424,Active,11.0,0.0,3,0
C001425,Active,16.0,-0.1176,0,0
C001426,Active,33.33,0.3571,3,0
C001427,Active,21.0,-0.087,0,1
C001428,Active,10.0,0.2222,0,0
C001429,Active,51.67,-0.2143,3,0
C001430,Churned,29.0,-0.0909,1,0
C001431,Churned,97.0,-0.5323,0,1
C001432,Active,118.0,0.0696,0,0
C001433,Active,45.0,0.1064,0,0
C001434,Churned,26.0,-0.5789,0,1
C001435,Churned,8.67,-0.3,0,0
C001436,Active,174.67,0.0178,0,0
C001437,Active,47.5,0.2093,2,0
C001438,Churned,26.67,0.2727,1,0
C001439,Active,342.67,-0.3342,0,0
C001440,Active,56.0,0.4524,0,0
C001441,Active,22.0,0.2632,1,0
C001442,Active,18.0,0.0,3,0
C001443,Active,24.33,-0.3571,0,0
C001444,Churned,33.33,0.2258,1,0
C001445,Active,15.0,0.3077,1,0
C001446,Active,20.0,-0.0476,0,1
C001447,Active,155.0,0.0063,1,0
C001448,Churned,22.33,-0.4074,0,0
C001449,Churned,10.67,-0.5333,1,2
C001450,Active,76.33,-0.1558,2,0
C001451,Active,50.67,0.4878,1,0
C001452,Active,22.67,0.0,0,0
C001453,Active,133.67,0.4273,0,0
C001454,Active,282.0,-0.2455,0,0
C001455,Active,11.67,-0.1538,1,0
C001456,Active,24.67,-0.2222,0,0
C001457,Active,22.67,0.3,2,0
C001458,Churned,13.67,-0.2941,1,0
C001459,Churned,75.67,-0.5941,1,0
C001460,Active,19.0,0.1111,0,0
C001461,Active,63.33,0.0862,0,0
C001462,Churned,17.0,0.0,1,0
C001463,Churned,16.0,-0.1765,3,0
C001464,Active,165.33,-0.1429,2,0
C001465,Active,32.33,0.44,0,0
C001466,Active,141.67,-0.4317,0,0
C001467,Churned,94.5,-0.438,0,0
C001468,Active,68.67,0.1515,2,1
C001469,Active,49.33,0.0435,0,0
C001470,Active,74.67,0.3065,1,0
C001471,Active,326.67,0.2534,1,0
C001472,Active,21.67,0.0476,1,0
C001473,Active,60.67,-0.1129,0,0
C001474,Active,19.67,0.2222,0,0
C001475,Active,21.0,0.15,0,0
C001476,Churned,25.33,-0.4286,0,0
C001477,Active,49.33,-0.1509,3,0
C001478,Active,525.0,0.2012,0,0
C001479,Active,28.67,-0.2857,0,0
C001480,Churned,20.0,0.1579,2,0
C001481,Churned,32.67,0.3214,1,0
C001482,Active,20.0,0.0,0,0
C001483,Active,29.0,-0.0333,0,0
C001484,Active,8.0,0.0,0,1
C001485,Churned,12.33,-0.6316,0,0
C001486,Churned,16.33,-0.68,2,0
C001487,Active,181.0,-0.6014,0,0
C001488,Active,25.0,0.04,1,0
C001489,Active,242.33,0.1483,0,0
C001490,Active,51.33,-0.1607,0,0
C001491,Active,59.67,-0.3462,1,0
C001492,Active,152.33,0.0818,0,0
C001493,Active,49.67,0.5897,0,0
C001494,Active,312.0,0.2351,1,0
C001495,Active,37.33,0.0588,0,0
C001496,Active,12.67,-0.0769,1,0
C001497,Active,184.33,-0.235,0,0
C001498,Active,38.0,0.1176,2,0
C001499,Active,66.67,0.0484,0,0
C001500,Active,206.67,-0.0181,0,0
C001501,Churned,86.33,-0.2967,0,1
C001502,Active,484.33,-0.0709,3,0
C001503,Active,172.33,0.6446,0,0
C001504,Active,24.0,0.0833,0,0
C001505,Active,175.67,0.0728,0,0
C001506,Churned,13.67,-0.4444,3,0
C001507,Active,101.67,-0.0215,1,0
C001508,Active,25.67,-0.1111,0,0
C001509,Active,167.33,0.5532,0,0
C001510,Churned,44.0,-0.4407,0,1
C001511,Active,15.67,0.3077,2,0
C001512,Active,23.0,-0.0455,2,0
C001513,Churned,16.5,-0.0588,1,0
C001514,Active,69.33,-0.63,1,0
C001515,Active,159.33,0.1688,1,0
C001516,Active,25.33,-0.3448,0,0
C001517,Active,25.67,-0.04,2,0
C001518,Churned,124.67,-0.5287,0,0
C001519,Active,11.33,-0.2143,1,0
C001520,Active,28.67,0.32,0,0
C001521,Active,14.0,0.2727,0,0
C001522,Churned,40.67,-0.05,0,0
C001523,Active,82.67,-0.1837,1,0
C001524,Active,123.33,0.215,0,0
C001525,Active,72.67,-0.0282,0,0
C001526,Active,14.33,-0.0714,3,0
C001527,Churned,6.67,-0.6,3,0
C001528,Churned,9.0,-0.4545,0,0
C001529,Active,18.5,0.3125,0,0
C001530,Active,39.33,0.6,1,0
C001531,Churned,11.67,-0.5294,2,0
C001532,Active,27.33,-0.1724,0,0
C001533,Churned,87.0,-0.6341,1,0
C001534,Active,72.0,-0.2118,3,0
C001535,Active,38.33,0.0,0,0
C001536,Churned,47.0,-0.6,0,0
C001537,Active,122.67,-0.1691,0,0
C001538,Churned,33.0,-0.5581,1,0
C001539,Active,84.0,-0.3366,0,0
C001540,Churned,12.67,-0.5556,1,1
C001541,Active,58.5,-0.1129,0,0
C001542,Churned,21.33,0.0,0,0
C001543,Churned,12.67,-0.6316,0,0
C001544,Active,35.0,-0.2286,0,0
C001545,Active,71.0,-0.0278,0,0
C001546,Active,52.33,0.561,2,0
C001547,Active,20.0,-0.4815,0,0
C001548,Active,316.67,0.113,2,0
C001549,Active,52.67,-0.0862,0,0
C001550,Active,28.5,-0.1613,0,0
C001551,Active,61.33,-0.3243,0,0
C001552,Churned,39.0,-0.4,0,0
C001553,Active,20.0,-0.1364,0,0
C001554,Churned,30.67,-0.3243,2,0
C001555,Active,67.33,0.2679,0,0
C001556,Active,62.67,0.2807,1,0
C001557,Active,201.0,0.0153,1,0
C001558,Active,29.33,0.1667,1,0
C001559,Active,28.0,-0.303,0,0
C001560,Active,111.33,0.1905,0,0
C001561,Active,331.0,-0.209,0,0
C001562,Churned,72.0,-0.2588,0,0
C001563,Active,98.0,0.0417,0,0
C001564,Churned,111.0,-0.0183,0,1
C001565,Active,55.0,0.4651,0,0
C001566,Active,35.67,-0.3953,0,0
C001567,Active,22.67,-0.12,1,0
C001568,Active,85.33,0.1154,0,0
C001569,Active,22.33,-0.28,1,0
C001570,Active,54.0,-0.3538,1,0
C001571,Active,26.33,-0.0417,0,0
C001572,Active,20.67,-0.125,0,0
C001573,Active,18.0,0.125,1,0
C001574,Active,56.33,0.1695,1,0
C001575,Active,17.0,0.0625,0,0
C001576,Active,17.0,0.0,0,0
C001577,Active,198.67,0.0761,0,1
C001578,Active,113.67,0.2308,0,0
C001579,Active,369.67,-0.1064,0,0
C001580,Active,68.0,0.0417,0,0
C001581,Active,113.0,-0.3407,0,0
C001582,Churned,13.0,0.0,0,0
C001583,Churned,23.33,-0.5806,1,0
C001584,Active,26.0,0.4,1,0
C001585,Active,17.0,0.1176,0,0
C001586,Active,334.0,-0.1785,0,0
C001587,Active,14.67,-0.0625,0,0
C001588,Active,13.0,0.3636,0,0
C001589,Active,40.33,0.0294,2,0
C001590,Active,52.0,-0.1053,0,0
C001591,Active,18.67,-0.2,1,0
C001592,Churned,15.0,-0.4444,1,0
C001593,Active,354.67,0.0202,2,0
C001594,Active,19.67,0.1053,1,0
C001595,Churned,120.33,-0.525,0,0
C001596,Active,81.67,-0.4865,0,0
C001597,Active,24.0,0.4737,0,0
C001598,Churned,35.67,-0.5417,1,0
C001599,Active,202.0,0.1361,2,0
C001600,Active,63.67,0.0794,0,0
C001601,Active,75.67,0.3,0,0
C001602,Active,30.0,0.1429,1,0
C001603,Active,83.0,0.1111,0,0
C001604,Churned,117.0,-0.6322,1,0
C001605,Active,24.33,-0.1852,1,0
C001606,Active,23.33,0.3684,1,0
C001607,Active,326.67,-0.0365,0,0
C001608,Active,25.67,-0.1154,0,0
C001609,Active,45.0,0.093,0,0
C001610,Active,72.67,-0.04,0,0
C001611,Active,67.0,0.2727,1,0
C001612,Active,200.0,0.1839,2,0
C001613,Active,57.0,-0.2609,1,0
C001614,Active,34.0,0.4286,1,0
C001615,Active,115.0,0.1351,2,1
C001616,Active,18.67,-0.1,0,0
C001617,Churned,126.0,-0.5342,2,1
C001618,Active,72.0,0.1061,2,0
C001619,Churned,269.0,-0.1274,3,0
C001620,Churned,52.33,-0.5571,3,1
C001621,Active,78.67,-0.0602,1,0
C001622,Active,63.33,0.283,0,0
C001623,Active,103.33,-0.2051,1,0
C001624,Churned,10.67,-0.625,0,0
C001625,Churned,11.33,-0.5,1,0
C001626,Active,77.33,-0.1111,0,0
C001627,Active,62.0,-0.194,1,0
C001628,Active,17.33,0.125,0,0
C001629,Active,14.67,-0.0625,1,0
C001630,Active,25.33,-0.0769,0,0
C001631,Active,15.0,-0.0714,0,0
C001632,Churned,184.0,-0.5105,1,0
C001633,Active,70.67,0.0714,0,0
C001634,Active,71.67,-0.1333,0,0
C001635,Active,251.33,0.6064,1,0
C001636,Active,40.33,0.5,0,0
C001637,Churned,44.0,-0.7059,0,0
C001638,Active,154.67,-0.093,1,0
C001639,Churned,40.0,-0.5636,0,0
C001640,Active,143.67,0.1583,0,0
C001641,Churned,94.67,-0.4812,4,0
C001642,Active,81.67,0.2133,2,0
C001643,Active,23.0,0.0,0,0
C001644,Churned,20.33,-0.5862,2,0
C001645,Churned,17.33,0.4286,3,0
C001646,Active,16.0,0.3846,0,0
C001647,Active,60.33,0.0492,0,0
C001648,Active,352.0,0.2066,1,0
C001649,Active,65.67,0.2456,1,0
C001650,Active,116.0,-0.0439,0,0
C001651,Churned,60.33,0.0,0,0
C001652,Active,12.0,0.0,0,0
C001653,Active,28.33,-0.2812,2,0
C001654,Active,57.33,0.25,0,0
C001655,Churned,212.67,0.4474,0,0
C001656,Active,67.0,0.0147,0,0
C001657,Churned,91.33,-0.2212,5,0
C001658,Active,184.33,-0.0109,2,0
C001659,Churned,13.33,-0.5,2,0
C001660,Active,23.0,-0.1304,0,0
C001661,Active,17.0,-0.0588,0,1
C001662,Active,18.0,0.25,0,0
C001663,Churned,20.0,-0.5714,1,0
C001664,Churned,18.67,-0.4231,0,0
C001665,Churned,203.33,0.1939,0,0
C001666,Active,146.0,0.0,0,0
C001667,Churned,181.0,0.4533,2,0
C001668,Churned,11.67,-0.4286,0,0
C001669,Active,20.33,0.2222,0,0
C001670,Active,37.0,-0.0952,0,0
C001671,Active,57.0,-0.1148,1,0
C001672,Active,13.0,0.0,0,0
C001673,Active,169.0,0.0311,2,0
C001674,Active,34.0,0.0,0,0
C001675,Active,164.33,-0.1778,0,0
C001676,Active,441.67,-0.1366,0,0
C001677,Active,42.0,-0.1333,0,0
C001678,Active,30.67,0.25,1,0
C001679,Active,103.67,0.0225,1,0
C001680,Active,68.33,-0.2714,0,0
C001681,Active,103.0,-0.2035,0,0
C001682,Active,131.67,-0.2722,1,0
C001683,Active,63.67,-0.0159,0,0
C001684,Churned,13.33,-0.4375,0,0
C001685,Churned,23.67,-0.3214,0,0
C001686,Churned,15.0,-0.5,1,0
C001687,Active,50.33,-0.1132,3,0
C001688,Active,10.67,0.0,1,0
C001689,Churned,13.0,-0.0769,0,0
C001690,Active,14.0,-0.2,0,0
C001691,Active,150.33,0.1973,0,0
C001692,Churned,30.33,0.0741,2,0
C001693,Active,77.67,0.3387,0,0
C001694,Active,47.0,0.4054,1,0
C001695,Churned,57.0,0.449,1,0
C001696,Active,71.33,-0.4615,0,0
C001697,Active,26.67,-0.25,2,0
C001698,Active,157.33,-0.0242,0,1
C001699,Active,265.33,-0.0237,1,0
C001700,Active,69.33,0.5472,1,0
C001701,Active,169.33,-0.255,1,0
C001702,Active,321.0,0.0,1,0
C001703,Active,16.0,0.0,0,0
C001704,Active,36.33,0.1143,0,0
C001705,Churned,12.33,-0.4375,0,0
C001706,Active,311.33,-0.3951,1,0
C001707,Active,59.67,0.1731,2,1
C001708,Churned,25.33,-0.4194,0,0
C001709,Active,82.67,-0.37,0,0
C001710,Churned,51.0,0.1429,0,0
C001711,Churned,224.67,0.0284,0,1
C001712,Active,52.0,0.25,0,0
C001713,Active,510.0,-0.0342,1,0
C001714,Active,46.0,-0.2653,0,0
C001715,Active,36.33,-0.1389,1,0
C001716,Active,183.33,0.2036,0,0
C001717,Active,185.0,0.1023,0,0
C001718,Active,29.67,0.1034,0,0
C001719,Active,46.33,0.6842,0,0
C001720,Active,73.0,0.1618,1,0
C001721,Active,27.0,0.0,0,0
C001722,Active,24.0,-0.2963,0,0
C001723,Active,155.5,0.1901,0,0
C001724,Active,32.67,-0.0625,2,0
C001725,Churned,15.67,0.0714,0,0
C001726,Active,33.67,0.0968,0,0
C001727,Active,44.33,0.2857,1,0
C001728,Active,238.33,-0.2025,0,0
C001729,Active,17.67,0.2353,0,0
C001730,Active,26.5,0.12,0,0
C001731,Active,143.33,0.0563,0,0
C001732,Active,60.33,-0.2838,2,0
C001733,Churned,70.33,-0.325,0,0
C001734,Churned,8.33,-0.4545,2,0
C001735,Churned,154.67,0.1166,1,0
C001736,Active,153.33,-0.1446,0,0
C001737,Churned,41.33,0.0789,3,0
C001738,Active,27.0,0.0385,0,0
C001739,Active,23.0,0.1905,1,0
C001740,Churned,28.67,-0.4706,0,0
C001741,Active,19.67,-0.1429,0,1
C001742,Churned,32.33,-0.5435,0,1
C001743,Churned,16.0,-0.0667,2,0
C001744,Active,137.5,-0.0769,2,0
C001745,Active,170.0,0.0114,1,0
C001746,Active,27.0,-0.2333,0,1
C001747,Active,114.0,0.4516,1,0
C001748,Churned,34.67,-0.6667,1,1
C001749,Active,99.33,0.0102,1,0
C001750,Active,19.33,0.0526,0,0
C001751,Active,29.0,0.0333,0,0
C001752,Active,25.33,-0.0385,2,0
C001753,Active,66.33,-0.1351,1,0
C001754,Active,57.33,0.3478,1,0
C001755,Active,79.67,0.0759,2,0
C001756,Active,23.33,0.0952,1,0
C001757,Churned,19.67,0.0526,1,0
C001758,Churned,264.0,-0.4363,0,0
C001759,Active,191.0,0.4837,0,0
C001760,Active,87.0,-0.4818,0,0
C001761,Active,50.67,-0.5,0,0
C001762,Churned,18.67,0.1053,0,0
C001763,Active,21.0,0.1579,1,0
C001764,Active,24.0,-0.24,1,0
C001765,Active,19.67,0.0,0,0
C001766,Active,18.0,-0.0526,1,0
C001767,Churned,90.33,-0.5,2,2
C001768,Active,17.67,0.375,1,0
C001769,Active,78.67,0.1429,0,0
C001770,Active,159.33,0.0272,0,0
C001771,Active,24.0,-0.087,2,0
C001772,Active,28.0,0.0,0,0
C001773,Active,16.0,0.0,0,0
C001774,Active,109.67,0.2211,0,0
C001775,Active,24.67,-0.04,0,0
C001776,Active,73.33,-0.0805,0,0
C001777,Churned,71.67,-0.2179,0,0
C001778,Active,61.33,-0.1061,0,0
C001779,Active,19.33,-0.4783,0,1
C001780,Churned,15.33,-0.3889,1,1
C001781,Active,69.67,0.1268,0,0
C001782,Active,133.67,-0.0222,0,0
C001783,Active,30.67,-0.0606,2,0
C001784,Active,23.67,0.2727,0,0
C001785,Active,37.67,0.2121,1,0
C001786,Active,181.0,-0.2723,0,0
C001787,Active,21.0,0.1579,0,0
C001788,Active,91.67,0.0543,2,0
C001789,Active,191.33,-0.101,0,0
C001790,Active,58.0,0.125,1,0
C001791,Active,191.67,-0.128,0,0
C001792,Churned,7.0,-0.6,0,0
C001793,Active,39.0,0.0,0,0
C001794,Active,167.33,0.0115,1,0
C001795,Active,184.67,0.0659,0,0
C001796,Active,15.67,-0.0625,0,1
C001797,Active,21.0,-0.1739,1,0
C001798,Active,35.0,0.0,0,0
C001799,Active,81.0,0.3,0,0
C001800,Active,18.0,0.3571,0,0
C001801,Active,17.33,0.1176,2,0
C001802,Active,74.67,-0.0625,0,0
C001803,Churned,22.0,0.4706,2,0
C001804,Churned,279.67,-0.4417,1,0
C001805,Churned,89.67,-0.4622,1,0
C001806,Active,143.33,-0.1258,0,0
C001807,Churned,11.33,-0.3571,1,0
C001808,Active,33.33,0.1765,1,0
C001809,Active,79.67,-0.4433,0,0
C001810,Active,56.67,0.0741,3,0
C001811,Active,25.67,0.08,1,0
C001812,Active,25.33,0.1364,1,0
C001813,Active,56.0,0.0,0,0
C001814,Active,67.67,-0.0685,0,0
C001815,Active,34.0,0.0,0,0
C001816,Active,22.67,-0.0909,1,0
C001817,Active,112.33,0.1333,0,0
C001818,Active,70.0,0.1159,0,1
C001819,Active,16.67,-0.3684,2,0
C001820,Active,205.33,-0.0237,1,0
C001821,Active,140.33,0.1575,0,0
C001822,Active,149.0,0.1504,0,0
C001823,Active,10.67,0.1,1,0
C001824,Active,30.67,0.2692,0,0
C001825,Active,202.33,-0.3251,1,0
C001826,Active,23.0,0.4444,0,0
C001827,Active,40.67,-0.5517,1,0
C001828,Active,23.67,-0.0455,0,1
C001829,Active,147.67,0.197,1,0
C001830,Churned,52.33,-0.1887,0,0
C001831,Active,53.0,0.0,0,0
C001832,Active,224.67,0.1156,0,0
C001833,Active,24.0,-0.1538,0,0
C001834,Active,21.0,-0.0476,0,0
C001835,Churned,17.0,-0.4091,1,0
C001836,Active,160.67,-0.0312,2,0
C001837,Active,27.0,0.0769,1,0
C001838,Churned,32.33,-0.0571,0,1
C001839,Active,93.0,-0.2788,0,0
C001840,Active,216.33,-0.083,0,0
C001841,Active,38.0,0.0,0,0
C001842,Churned,42.0,0.0,0,0
C001843,Active,25.67,0.0833,1,0
C001844,Active,385.33,0.2035,0,0
C001845,Active,20.33,-0.0909,2,0
C001846,Active,46.33,-0.02,0,0
C001847,Active,60.0,-0.125,0,0
C001848,Churned,22.33,-0.087,1,1
C001849,Churned,16.67,-0.6897,1,1
C001850,Active,193.33,0.043,0,0
C001851,Active,22.0,0.0,0,0
C001852,Churned,85.67,-0.4234,4,0
C001853,Active,22.67,0.087,1,0
C001854,Churned,94.33,-0.5868,1,0
C001855,Active,188.67,-0.0773,0,0
C001856,Churned,298.67,-0.4583,1,0
C001857,Churned,41.33,-0.5789,1,0
C001858,Churned,23.67,-0.4839,3,1
C001859,Churned,18.33,-0.48,0,0
C001860,Active,71.33,0.2679,0,0
C001861,Active,224.33,0.18,0,0
C001862,Active,412.33,-0.096,1,0
C001863,Churned,243.0,-0.4014,1,2
C001864,Active,93.0,0.0,1,0
C001865,Active,30.33,-0.1765,2,0
C001866,Active,50.67,0.0192,0,0
C001867,Active,78.0,-0.1282,0,0
C001868,Active,23.67,0.2381,0,0
C001869,Active,59.0,0.0392,0,0
C001870,Active,169.0,0.1227,0,0
C001871,Active,15.67,-0.1875,0,0
C001872,Active,17.67,-0.1667,0,0
C001873,Active,449.0,0.3181,0,0
C001874,Active,579.0,-0.0401,1,1
C001875,Churned,59.33,-0.1695,1,0
C001876,Active,47.33,-0.6,0,0
C001877,Active,82.33,-0.1724,1,0
C001878,Active,16.33,-0.3636,0,0
C001879,Active,68.33,-0.0149,1,0
C001880,Active,24.0,0.0435,1,0
C001881,Active,23.33,0.0455,0,0
C001882,Active,51.0,-0.2593,0,0
C001883,Active,19.0,0.0476,0,0
C001884,Active,61.0,0.1509,2,0
C001885,Active,35.0,-0.2105,1,1
C001886,Active,37.0,0.0,0,0
C001887,Active,15.67,0.2143,1,0
C001888,Active,79.67,-0.1176,0,0
C001889,Active,145.33,0.0282,0,0
C001890,Active,66.33,-0.1528,0,0
C001891,Churned,21.67,-0.5,2,1
C001892,Active,68.0,-0.15,0,0
C001893,Active,50.33,-0.1538,0,0
C001894,Active,13.0,0.0,0,1
C001895,Active,25.67,0.1154,0,0
C001896,Active,20.33,0.2941,0,0
C001897,Active,389.33,0.008,1,0
C001898,Active,57.0,0.4783,0,0
C001899,Active,54.67,0.1509,2,0
C001900,Active,21.5,0.2632,0,0
C001901,Churned,15.33,-0.6364,0,1
C001902,Churned,41.67,-0.5,1,0
C001903,Active,58.0,-0.1333,2,0
C001904,Active,203.67,0.0419,0,0
C001905,Churned,76.33,-0.0353,0,0
C001906,Churned,29.33,-0.2812,2,0
C001907,Churned,15.67,-0.4762,1,0
C001908,Churned,12.0,-0.5882,0,0
C001909,Active,104.33,0.0204,2,0
C001910,Active,300.33,-0.0741,0,0
C001911,Active,37.67,0.0541,0,0
C001912,Active,85.67,-0.2376,0,0
C001913,Churned,134.67,-0.1778,1,0
C001914,Churned,25.0,-0.3793,2,1
C001915,Churned,65.33,-0.4831,3,0
C001916,Active,49.33,-0.02,0,0
C001917,Active,50.33,-0.2182,1,0
C001918,Active,195.0,0.0142,1,0
C001919,Churned,7.33,-0.4444,0,0
C001920,Active,331.33,0.0654,0,0
C001921,Active,14.33,0.0769,0,0
C001922,Active,43.67,-0.06,0,0
C001923,Active,26.33,-0.04,1,0
C001924,Active,65.33,0.0147,0,0
C001925,Active,23.33,0.0909,0,1
C001926,Churned,36.0,-0.5294,1,0
C001927,Active,17.67,0.125,2,0
C001928,Active,84.67,0.0575,3,0
C001929,Churned,153.33,0.377,2,0
C001930,Active,63.67,-0.0822,2,0
C001931,Active,26.33,-0.1154,1,0
C001932,Active,52.0,-0.2857,0,0
C001933,Churned,84.67,-0.4715,0,0
C001934,Active,170.33,0.057,0,0
C001935,Churned,84.33,-0.5133,0,0
C001936,Churned,27.33,-0.6053,1,0
C001937,Active,30.33,-0.1765,0,0
C001938,Active,75.67,0.2903,0,0
C001939,Churned,12.67,-0.4667,2,0
C001940,Active,22.0,0.0,0,0
C001941,Active,19.67,-0.44,0,0
C001942,Active,25.67,0.1154,1,1
C001943,Active,209.0,0.2727,0,0
C001944,Active,57.67,0.0556,1,0
C001945,Active,457.33,0.0599,0,0
C001946,Active,75.0,0.0,0,0
C001947,Active,29.33,0.1034,1,0
C001948,Active,253.67,-0.0295,0,0
C001949,Active,20.67,-0.3846,0,0
C001950,Active,73.33,0.197,1,0
C001951,Active,148.67,0.194,0,0
C001952,Churned,7.5,-0.3333,0,0
C001953,Active,41.33,0.0789,0,0
C001954,Active,161.67,-0.1049,2,0
C001955,Active,104.0,-0.2523,3,0
C001956,Active,447.67,-0.0694,0,0
C001957,Active,26.67,-0.1429,0,0
C001958,Active,16.67,0.0,0,0
C001959,Active,77.33,-0.2418,0,0
C001960,Active,74.33,-0.1529,0,1
C001961,Churned,11.33,-0.7222,2,1
C001962,Churned,22.67,-0.4516,2,0
C001963,Active,27.67,-0.1333,1,0
C001964,Active,81.0,0.1125,1,0
C001965,Active,98.33,0.6027,0,0
C001966,Active,26.0,0.4737,1,0
C001967,Churned,281.0,-0.55,0,0
C001968,Active,108.33,0.1089,1,0
C001969,Active,18.33,-0.1053,0,0
C001970,Churned,38.33,-0.569,1,0
C001971,Active,18.0,0.4286,0,1
C001972,Active,446.33,-0.038,0,0
C001973,Active,167.0,-0.0191,0,0
C001974,Active,39.67,-0.1905,2,0
C001975,Active,45.0,0.6562,0,0
C001976,Active,75.33,0.4062,1,0
C001977,Active,13.67,0.1667,0,0
C001978,Active,141.33,-0.5722,1,0
C001979,Active,145.67,-0.0756,0,0
C001980,Active,57.33,0.1765,1,1
C001981,Active,336.67,-0.1789,1,0
C001982,Churned,15.67,-0.3333,2,2
C001983,Active,167.0,-0.0247,2,0
C001984,Active,124.67,0.3465,0,0
C001985,Active,31.67,-0.0667,0,0
C001986,Active,113.67,-0.5,1,0
C001987,Active,68.0,0.1212,2,0
C001988,Active,196.67,0.1038,1,0
C001989,Active,377.33,-0.0745,2,0
C001990,Active,16.67,-0.1111,3,0
C001991,Active,145.0,0.0219,0,0
C001992,Active,367.33,-0.0184,3,1
C001993,Active,49.67,-0.3036,0,0
C001994,Active,20.67,0.1,4,0
C001995,Active,69.67,0.0141,0,0
C001996,Churned,37.33,-0.5472,2,0
C001997,Active,14.67,0.1429,1,0
C001998,Active,54.5,0.5349,0,0
C001999,Active,32.0,0.1071,0,0
C002000,Active,26.33,0.0385,0,0
C002001,Active,125.0,0.0806,0,0
C002002,Active,41.67,-0.1702,0,0
C002003,Active,281.67,-0.033,1,0
C002004,Active,136.33,0.1385,2,0
C002005,Active,43.67,-0.2642,0,0
C002006,Active,60.67,-0.2353,0,0
C002007,Active,55.0,0.2292,0,0
C002008,Active,86.0,-0.1771,1,0
C002009,Churned,25.33,0.2609,0,1
C002010,Churned,63.0,0.1356,0,0
C002011,Active,21.33,0.0909,0,0
C002012,Churned,51.0,0.1429,1,0
C002013,Active,18.0,0.2667,0,0
C002014,Active,26.33,0.1481,6,0
C002015,Churned,14.67,-0.5789,2,0
C002016,Churned,45.33,-0.2778,1,0
C002017,Active,18.0,0.0,0,0
C002018,Active,17.67,0.25,1,0
C002019,Active,210.0,0.2849,0,0
C002020,Churned,15.0,0.0,0,0
C002021,Active,120.33,0.0348,1,1
C002022,Active,15.0,0.5,0,0
C002023,Active,19.67,0.4118,0,0
C002024,Churned,7.67,-0.3333,0,1
C002025,Churned,46.33,-0.3607,2,0
C002026,Active,33.67,0.125,1,0
C002027,Active,141.67,0.1406,1,0
C002028,Active,47.67,0.1739,0,0
C002029,Active,61.5,0.0847,0,0
C002030,Active,25.33,-0.037,1,1
C002031,Active,24.67,-0.1786,2,0
C002032,Active,27.67,-0.0741,1,0
C002033,Churned,14.67,0.3077,3,0
C002034,Churned,14.0,-0.4444,0,0
C002035,Active,71.67,0.3065,0,0
C002036,Active,93.0,0.0,0,0
C002037,Active,438.33,-0.0743,2,0
C002038,Active,69.33,0.1429,0,0
C002039,Active,54.0,0.0196,1,1
C002040,Active,430.0,0.0267,0,0
C002041,Active,52.0,0.8824,0,0
C002042,Active,159.33,-0.08,0,0
C002043,Active,77.33,-0.0506,1,0
C002044,Active,173.67,-0.123,1,0
C002045,Active,309.0,0.0303,1,0
C002046,Churned,33.33,-0.3846,5,0
C002047,Active,20.0,-0.0526,0,0
C002048,Active,28.33,-0.069,1,0
C002049,Active,15.33,-0.0625,2,0
C002050,Active,16.33,-0.3158,0,0
C002051,Active,251.0,0.0,0,0
C002052,Active,23.67,0.1364,0,0
C002053,Active,51.0,0.0,0,0
C002054,Active,103.67,0.0297,0,0
C002055,Active,23.67,0.2174,1,0
C002056,Active,20.33,0.0,1,0
C002057,Active,480.33,-0.0544,0,0
C002058,Active,28.33,-0.3438,0,0
C002059,Active,50.33,-0.1509,2,0
C002060,Churned,21.33,-0.5385,1,0
C002061,Active,139.33,0.2619,1,0
C002062,Active,28.67,0.1111,2,0
C002063,Active,96.5,0.5395,1,0
C002064,Churned,29.67,-0.6222,0,0
C002065,Churned,13.67,-0.375,0,0
C002066,Active,492.67,0.2386,1,0
C002067,Churned,10.33,-0.4615,0,0
C002068,Churned,311.33,-0.6159,1,0
C002069,Active,30.67,0.1333,2,0
C002070,Active,55.67,0.087,0,0
C002071,Active,33.0,0.25,0,0
C002072,Churned,21.67,-0.4815,0,0
C002073,Churned,31.33,-0.5854,5,0
C002074,Active,510.33,0.1367,1,0
C002075,Active,37.33,0.1212,0,0
C002076,Churned,11.33,-0.0909,1,0
C002077,Active,575.0,-0.2363,3,0
C002078,Churned,44.33,-0.0682,0,0
C002079,Active,33.0,0.2,1,0
C002080,Churned,12.67,-0.4667,1,0
C002081,Churned,14.67,0.0714,1,0
C002082,Active,21.33,-0.0417,1,0
C002083,Churned,103.67,-0.4923,6,0
C002084,Active,26.33,0.1667,0,0
C002085,Churned,99.67,-0.2626,0,0
C002086,Active,64.0,-0.1029,2,0
C002087,Active,52.0,-0.0714,1,1
C002088,Active,14.0,0.25,1,0
C002089,Active,161.67,-0.1227,1,0
C002090,Active,80.0,0.0,0,0
C002091,Active,15.0,0.3077,2,0
C002092,Active,91.33,0.0814,0,0
C002093,Active,24.67,-0.069,1,0
C002094,Active,60.33,0.0678,1,0
C002095,Active,137.0,0.1927,0,0
C002096,Active,21.33,-0.16,1,0
C002097,Active,37.0,0.0,0,0
C002098,Active,19.5,-0.1429,2,0
C002099,Churned,35.0,-0.6415,0,1
C002100,Active,14.0,0.4545,0,0
C002101,Active,181.33,-0.1952,0,0
C002102,Active,67.67,-0.0972,0,0
C002103,Active,123.5,0.1667,0,0
C002104,Active,157.0,0.0204,1,0
C002105,Active,65.0,-0.0571,1,0
C002106,Active,25.0,-0.125,0,0
C002107,Churned,290.33,-0.3807,1,0
C002108,Active,228.67,-0.0702,1,0
C002109,Active,22.67,-0.4074,0,1
C002110,Active,19.0,0.1111,0,0
C002111,Active,47.0,-0.3051,1,0
C002112,Active,19.67,-0.0476,1,1
C002113,Churned,6.67,-0.375,1,0
C002114,Active,68.33,0.2667,0,0
C002115,Active,11.0,0.2,0,0
C002116,Active,209.0,-0.0192,0,0
C002117,Active,24.0,0.1818,0,0
C002118,Churned,20.67,-0.5357,1,0
C002119,Active,27.33,0.5714,1,0
C002120,Active,69.67,-0.6286,1,0
C002121,Active,24.33,0.087,2,0
C002122,Active,54.33,0.5946,0,0
C002123,Active,48.0,0.2439,0,0
C002124,Churned,71.67,-0.4891,0,1
C002125,Active,24.0,-0.0909,2,0
C002126,Churned,34.33,-0.5714,0,0
C002127,Active,52.67,0.1538,0,0
C002128,Active,106.0,-0.2895,2,0
C002129,Churned,7.0,-0.4444,0,0
C002130,Churned,9.0,-0.5385,1,0
C002131,Active,55.33,0.0172,1,0
C002132,Active,85.33,-0.1685,0,0
C002133,Active,255.0,-0.0729,1,0
C002134,Churned,54.0,-0.3788,1,1
C002135,Churned,27.33,-0.5135,2,0
C002136,Active,24.67,-0.2759,0,0
C002137,Active,22.67,-0.1852,1,0
C002138,Active,169.67,-0.0984,0,0
C002139,Active,61.0,-0.197,0,0
C002140,Churned,43.33,-0.5088,0,0
C002141,Active,151.33,0.087,0,0
C002142,Churned,13.67,-0.4,0,2
C002143,Churned,44.67,-0.5645,1,0
C002144,Active,171.67,0.3056,0,0
C002145,Active,20.67,-0.1304,0,0
C002146,Churned,208.67,-0.5743,0,1
C002147,Active,56.0,-0.1905,1,0
C002148,Active,230.0,0.285,0,0
C002149,Active,180.0,0.1006,0,0
C002150,Active,41.67,0.125,1,0
C002151,Active,99.67,-0.3103,0,0
C002152,Active,65.0,-0.1286,0,0
C002153,Active,275.0,0.0,0,0
C002154,Active,153.33,-0.3067,0,0
C002155,Active,105.0,-0.0192,0,0
C002156,Active,146.0,0.0652,1,0
C002157,Active,12.0,0.6667,0,0
C002158,Active,17.0,-0.1176,4,0
C002159,Active,17.0,0.0588,0,0
C002160,Churned,22.67,-0.6842,3,0
C002161,Active,85.33,-0.1146,0,0
C002162,Active,55.0,0.5652,2,0
C002163,Active,20.0,-0.3478,0,1
C002164,Active,23.33,-0.1538,1,0
C002165,Active,31.0,0.0,0,0
C002166,Churned,15.33,-0.1765,1,1
C002167,Active,481.33,-0.168,0,0
C002168,Churned,23.33,0.3684,1,0
C002169,Churned,25.0,-0.4848,0,1
C002170,Active,47.67,0.0714,0,0
C002171,Active,88.0,0.141,1,0
C002172,Active,13.0,0.0,1,0
C002173,Churned,18.33,-0.3333,1,1
C002174,Churned,12.0,-0.4,1,0
C002175,Active,26.0,0.2,0,0
C002176,Active,26.0,0.125,1,0
C002177,Active,16.33,-0.0667,0,1
C002178,Active,209.33,0.0928,1,0
C002179,Active,12.5,-0.0769,0,0
C002180,Active,467.0,0.1116,0,0
C002181,Active,141.33,0.2222,1,0
C002182,Active,195.67,0.3413,0,0
C002183,Active,41.0,0.0,0,0
C002184,Active,24.0,0.381,0,0
C002185,Active,18.0,0.1111,0,0
C002186,Active,54.67,0.3478,0,0
C002187,Active,73.67,-0.1481,1,0
C002188,Churned,16.33,0.2308,2,0
C002189,Active,31.0,0.0,0,0
C002190,Churned,32.33,-0.625,3,0
C002191,Active,40.33,0.0732,0,0
C002192,Active,76.33,-0.2561,0,0
C002193,Active,172.67,0.1419,0,0
C002194,Active,27.33,0.2609,0,0
C002195,Churned,24.67,-0.2414,2,0
C002196,Active,59.0,0.0,0,0
C002197,Active,75.67,0.1014,0,0
C002198,Active,61.0,0.2545,3,0
C002199,Active,65.67,0.3704,0,0
C002200,Churned,137.0,-0.0629,0,0
C002201,Churned,49.0,-0.5972,1,0
C002202,Active,363.67,0.0191,0,0
C002203,Active,159.33,-0.2547,0,0
C002204,Active,55.33,0.1176,1,0
C002205,Active,18.0,0.375,0,0
C002206,Active,17.67,-0.2,0,1
C002207,Active,172.33,-0.0829,2,0
C002208,Active,19.33,0.0556,0,0
C002209,Active,14.67,0.0714,0,0
C002210,Active,80.67,-0.1071,0,1
C002211,Active,442.67,-0.1897,0,0
C002212,Churned,7.5,-0.125,3,1
C002213,Active,55.33,-0.1379,1,0
C002214,Active,28.67,-0.1071,0,0
C002215,Churned,88.67,-0.504,0,0
C002216,Active,27.67,-0.3429,0,0
C002217,Active,18.0,0.2353,0,0
C002218,Active,148.33,0.0136,3,0
C002219,Active,415.5,-0.0024,0,0
C002220,Active,24.0,0.0435,0,0
C002221,Active,17.0,0.0,0,0
C002222,Active,23.33,0.1739,1,0
C002223,Active,24.67,0.0,0,0
C002224,Active,62.67,-0.1667,2,0
C002225,Active,99.0,0.0412,0,0
C002226,Active,33.0,-0.1892,0,0
C002227,Active,449.67,0.1475,0,0
C002228,Churned,6.0,-0.5,2,0
C002229,Active,17.67,0.1111,0,0
C002230,Active,387.67,0.1738,1,0
C002231,Active,23.33,0.0,0,0
C002232,Churned,44.0,-0.5692,1,0
C002233,Active,21.33,-0.2083,1,1
C002234,Active,511.0,-0.0223,0,0
C002235,Churned,496.67,-0.1721,3,0
C002236,Active,40.33,0.25,0,0
C002237,Active,60.67,0.3137,2,0
C002238,Active,36.33,0.027,1,0
C002239,Active,22.67,-0.3704,0,0
C002240,Churned,25.67,-0.5526,1,0
C002241,Active,16.0,-0.1176,0,0
C002242,Active,17.0,0.0588,1,0
C002243,Active,28.33,-0.0938,0,0
C002244,Active,68.33,0.0625,1,0
C002245,Active,55.67,-0.2097,0,0
C002246,Active,55.67,-0.0175,0,0
C002247,Churned,30.33,-0.5238,0,1
C002248,Active,77.0,-0.0676,1,0
C002249,Active,199.33,0.0788,0,0
C002250,Active,83.0,0.1039,1,0
C002251,Active,69.67,-0.35,0,0
C002252,Active,441.67,-0.2039,0,0
C002253,Active,14.67,0.0,0,0
C002254,Active,12.0,-0.1538,0,0
C002255,Active,410.67,-0.269,1,0
C002256,Active,176.0,0.3099,1,0
C002257,Active,195.0,-0.0343,1,0
C002258,Active,182.67,0.1235,1,0
C002259,Active,30.0,0.4348,0,0
C002260,Churned,10.5,-0.25,2,0
C002261,Active,160.33,0.5267,2,0
C002262,Active,86.0,0.0,0,0
C002263,Active,16.67,0.0,0,0
C002264,Active,27.33,0.24,0,0
C002265,Active,20.33,0.4375,1,0
C002266,Active,51.33,0.5122,0,0
C002267,Active,33.67,0.0,2,0
C002268,Active,25.33,0.0,0,0
C002269,Active,173.33,-0.0485,1,0
C002270,Active,55.0,0.1569,0,0
C002271,Active,51.67,-0.3594,1,0
C002272,Active,15.67,0.0625,0,0
C002273,Active,111.0,0.0,0,0
C002274,Active,166.0,0.25,1,0
C002275,Active,367.0,-0.3903,0,0
C002276,Active,16.0,0.0625,0,0
C002277,Active,171.33,-0.0659,2,0
C002278,Active,18.33,0.1176,3,0
C002279,Active,201.33,0.1466,0,0
C002280,Churned,11.0,-0.6471,1,1
C002281,Active,13.67,0.1538,0,1
C002282,Active,27.0,0.5455,1,0
C002283,Active,58.67,-0.2388,1,0
C002284,Active,161.33,0.044,0,0
C002285,Active,57.67,-0.1017,1,0
C002286,Active,20.33,0.4706,0,0
C002287,Active,55.33,0.1667,0,0
C002288,Active,240.0,-0.0118,0,0
C002289,Active,27.67,-0.0333,0,0
C002290,Active,18.0,0.4286,0,0
C002291,Active,371.0,0.1019,1,0
C002292,Churned,48.67,-0.0784,3,1
C002293,Active,63.0,0.0,1,0
C002294,Churned,25.67,0.2917,0,0
C002295,Active,44.5,0.0698,1,0
C002296,Active,25.67,-0.2414,0,0
C002297,Active,202.33,-0.2417,0,0
C002298,Active,36.0,0.3226,1,0
C002299,Churned,20.33,-0.5172,0,2
C002300,Active,191.33,-0.0053,1,0
C002301,Active,280.0,0.0688,1,0
C002302,Active,110.0,0.0,0,0
C002303,Active,14.0,0.0,0,0
C002304,Active,20.33,-0.05,1,0
C002305,Active,27.0,0.2,1,1
C002306,Active,52.33,-0.0377,1,0
C002307,Active,23.0,0.0455,0,0
C002308,Churned,41.67,-0.5763,1,1
C002309,Active,128.0,0.3628,0,0
C002310,Churned,104.0,0.3778,1,0
C002311,Active,485.67,0.1628,0,0
C002312,Churned,44.0,-0.6522,2,0
C002313,Active,17.33,0.25,0,0
C002314,Active,79.33,-0.0897,1,0
C002315,Active,27.33,-0.3824,1,0
C002316,Active,70.67,0.3871,0,0
C002317,Active,43.0,0.0,0,0
C002318,Churned,144.67,0.2786,0,0
C002319,Active,59.33,-0.169,1,0
C002320,Churned,92.0,-0.23,0,0
C002321,Active,22.67,0.25,1,0
C002322,Active,25.33,-0.0741,0,0
C002323,Churned,36.33,-0.5294,3,0
C002324,Churned,20.67,-0.3333,0,0
C002325,Active,60.33,0.1273,0,0
C002326,Active,165.0,0.512,1,0
C002327,Active,21.33,0.3333,0,0
C002328,Churned,14.33,-0.6818,2,0
C002329,Active,65.33,0.2727,1,0
C002330,Active,16.33,0.2857,0,0
C002331,Active,16.0,0.2857,0,0
C002332,Active,40.0,0.0,0,0
C002333,Active,207.67,0.1808,2,0
C002334,Churned,12.0,-0.4667,1,0
C002335,Churned,68.0,-0.0615,0,0
C002336,Active,92.0,0.4267,0,0
C002337,Active,125.0,0.0,0,0
C002338,Active,23.67,-0.2,0,0
C002339,Churned,14.33,0.2308,2,0
C002340,Active,53.67,0.2128,0,0
C002341,Active,12.0,-0.2143,1,0
C002342,Active,46.0,-0.1455,0,0
C002343,Active,76.67,0.0854,0,0
C002344,Active,22.33,0.0,0,0
C002345,Active,536.33,0.041,1,0
C002346,Active,14.33,0.1429,0,0
C002347,Active,51.0,-0.1695,1,0
C002348,Active,178.0,0.518,0,0
C002349,Active,20.33,-0.2083,2,0
C002350,Active,72.33,-0.175,1,0
C002351,Active,17.67,0.1875,2,0
C002352,Active,544.67,0.1425,1,0
C002353,Active,26.0,-0.2222,0,0
C002354,Active,25.33,-0.25,1,0
C002355,Active,12.0,0.0,1,0
C002356,Churned,26.0,-0.4706,0,0
C002357,Active,24.0,0.4,0,0
C002358,Active,15.0,0.0,1,0
C002359,Active,115.0,0.0,0,0
C002360,Churned,46.0,-0.5484,0,0
C002361,Active,96.33,0.4691,0,0
C002362,Churned,11.67,-0.4286,0,0
C002363,Active,19.33,-0.3043,2,0
C002364,Active,126.0,-0.1824,2,0
C002365,Active,86.0,0.2468,0,0
C002366,Active,159.0,-0.0491,0,0
C002367,Active,157.33,-0.1534,1,0
C002368,Churned,28.0,0.2222,2,0
C002369,Active,22.0,-0.16,0,0
C002370,Active,26.0,-0.1481,0,0
C002371,Active,21.67,0.2105,1,0
C002372,Churned,24.67,-0.3226,0,2
C002373,Churned,28.0,-0.1818,0,1
C002374,Active,20.0,0.0,0,0
C002375,Churned,22.0,0.2632,1,0
C002376,Active,70.67,0.0,1,0
C002377,Active,143.67,-0.1523,1,0
C002378,Active,21.67,0.1364,1,0
C002379,Churned,26.67,0.08,2,0
C002380,Active,64.33,-0.1618,0,0
C002381,Churned,430.0,0.3385,1,0
C002382,Active,24.33,0.2273,0,0
C002383,Churned,9.0,-0.5,0,0
C002384,Active,65.67,-0.0154,0,0
C002385,Active,144.67,-0.1543,0,0
C002386,Active,64.0,0.1404,1,0
C002387,Active,262.0,-0.1797,1,0
C002388,Churned,217.0,0.1399,1,0
C002389,Churned,25.67,-0.4375,1,1
C002390,Active,23.67,-0.3871,0,0
C002391,Active,32.33,-0.0294,3,0
C002392,Churned,41.33,-0.5846,0,0
C002393,Active,15.0,0.3846,0,0
C002394,Active,27.0,-0.1111,1,0
C002395,Active,29.67,-0.1818,1,0
C002396,Active,370.0,0.0,0,0
C002397,Active,13.0,-0.0714,0,0
C002398,Active,22.67,-0.125,2,0
C002399,Active,76.67,0.0,0,0
C002400,Active,26.67,-0.0968,1,1
C002401,Active,48.67,0.7059,0,1
C002402,Churned,20.33,-0.5,0,0
C002403,Active,177.0,0.25,2,0
C002404,Active,58.0,-0.0339,1,1
C002405,Active,133.67,0.2,0,0
C002406,Active,19.33,-0.2381,3,0
C002407,Active,14.33,-0.3333,1,0
C002408,Active,68.67,0.0588,0,0
C002409,Active,48.0,0.3415,1,0
C002410,Churned,253.67,-0.59,1,0
C002411,Active,165.33,0.0286,1,0
C002412,Active,396.33,-0.1124,1,0
C002413,Active,52.67,-0.1525,0,0
C002414,Active,17.67,0.2667,0,0
C002415,Active,35.0,0.0,0,0
C002416,Churned,18.0,-0.2381,1,1
C002417,Active,26.67,-0.4706,0,0
C002418,Active,56.0,-0.0185,0,0
C002419,Churned,125.67,-0.4561,1,0
C002420,Active,426.0,-0.153,0,0
C002421,Active,71.67,-0.2184,1,0
C002422,Active,15.0,-0.0667,0,0
C002423,Active,155.0,0.2761,3,0
C002424,Active,14.0,0.2308,2,0
C002425,Active,52.0,-0.0196,1,0
C002426,Active,40.33,0.125,0,0
C002427,Active,60.0,0.0545,1,0
C002428,Active,174.33,-0.0655,1,0
C002429,Active,26.0,0.1304,1,0
C002430,Churned,31.33,0.0741,0,0
C002431,Active,62.0,0.129,0,0
C002432,Active,132.0,0.0894,0,0
C002433,Churned,38.67,-0.5185,1,0
C002434,Active,10.0,0.1,2,0
C002435,Active,128.67,-0.3375,1,0
C002436,Active,450.67,-0.3068,1,0
C002437,Active,20.67,0.0455,1,0
C002438,Active,50.67,-0.3214,0,0
C002439,Active,27.33,0.3182,2,0
C002440,Active,173.67,-0.1146,0,0
C002441,Churned,92.33,-0.6547,0,0
C002442,Active,12.0,0.0,1,0
C002443,Churned,17.0,-0.4286,1,1
C002444,Active,19.67,-0.1,0,0
C002445,Active,18.67,0.1765,0,0
C002446,Active,198.67,-0.2869,2,0
C002447,Active,49.0,-0.102,0,0
C002448,Active,148.67,-0.1,0,0
C002449,Active,56.0,0.0833,0,0
C002450,Active,234.33,-0.119,0,0
C002451,Churned,34.67,-0.5217,1,0
C002452,Active,188.33,0.1023,1,0
C002453,Churned,49.0,0.102,1,0
C002454,Churned,101.67,-0.5074,2,0
C002455,Churned,18.33,-0.6,1,0
C002456,Active,82.33,0.0135,1,1
C002457,Active,131.33,-0.1933,0,0
C002458,Churned,18.67,-0.5862,0,1
C002459,Active,18.0,0.0,3,0
C002460,Active,22.33,0.0,0,0
C002461,Active,45.33,-0.1875,1,0
C002462,Active,129.5,0.123,0,1
C002463,Active,15.5,0.3846,0,0
C002464,Active,20.33,-0.0952,1,0
C002465,Active,33.33,-0.0606,3,0
C002466,Active,143.67,-0.3988,3,0
C002467,Active,132.67,0.2,0,0
C002468,Active,37.0,0.0556,1,0
C002469,Active,25.0,0.0,0,0
C002470,Active,149.67,0.0779,0,0
C002471,Churned,27.67,-0.5429,4,0
C002472,Active,59.33,-0.0746,0,0
C002473,Active,191.67,-0.2863,0,0
C002474,Active,172.33,0.093,1,0
C002475,Active,60.33,-0.0794,1,0
C002476,Active,17.0,0.0,0,0
C002477,Active,79.33,-0.0698,0,0
C002478,Active,66.0,-0.0615,1,0
C002479,Active,19.33,0.0,1,0
C002480,Active,531.0,0.2119,1,0
C002481,Active,55.67,-0.1774,0,0
C002482,Active,37.67,-0.0263,0,0
C002483,Active,63.0,0.0476,0,0
C002484,Active,27.0,0.0,0,0
C002485,Churned,43.33,-0.5625,0,0
C002486,Churned,17.33,-0.1579,2,0
C002487,Active,131.0,0.2778,0,0
C002488,Active,41.67,-0.3469,1,0
C002489,Active,37.0,-0.1538,0,0
C002490,Active,20.33,0.25,0,0
C002491,Active,371.0,-0.0598,2,0
C002492,Active,40.33,0.0488,0,0
C002493,Active,71.33,0.0294,1,0
C002494,Active,64.0,0.1818,0,0
C002495,Active,65.0,-0.0896,0,0
C002496,Active,21.0,0.1579,2,0
C002497,Active,42.0,-0.4,1,0
C002498,Churned,27.67,-0.5366,3,0
C002499,Churned,197.0,0.0353,1,0
C002500,Churned,25.0,0.0435,1,0
C002501,Active,42.33,0.0698,0,0
C002502,Active,128.5,0.124,0,0
C002503,Churned,177.33,-0.4526,2,0
C002504,Active,65.67,0.0615,0,0
C002505,Active,23.33,0.45,0,0
C002506,Active,25.0,-0.12,0,0
C002507,Active,401.33,0.0129,0,0
C002508,Active,278.0,-0.3526,0,0
C002509,Active,20.67,-0.0455,0,0
C002510,Active,73.67,0.4242,2,0
C002511,Active,8.0,0.0,0,0
C002512,Active,18.67,-0.4348,0,0
C002513,Active,20.0,-0.0455,0,0
C002514,Active,17.0,0.2667,0,0
C002515,Active,33.33,0.0588,0,0
C002516,Churned,22.67,-0.4286,1,1
C002517,Active,21.0,0.0,0,0
C002518,Active,117.0,-0.1473,0,0
C002519,Active,18.33,-0.4091,2,0
C002520,Active,62.0,-0.0746,0,0
C002521,Churned,25.33,-0.4,0,1
C002522,Active,13.0,-0.1429,0,0
C002523,Churned,15.33,-0.2941,2,0
C002524,Active,57.67,0.1455,0,0
C002525,Active,69.67,0.1692,0,0
C002526,Churned,12.67,-0.5,1,1
C002527,Active,49.67,-0.2909,1,0
C002528,Active,45.0,0.4324,0,0
C002529,Active,134.33,0.2661,0,0
C002530,Active,22.33,0.2,1,1
C002531,Active,15.0,-0.1176,0,0
C002532,Active,29.0,-0.0645,1,0
C002533,Active,208.33,0.0847,1,1
C002534,Active,21.0,0.0,1,0
C002535,Active,219.0,0.0,0,0
C002536,Churned,22.0,-0.4483,3,0
C002537,Active,151.33,0.0,0,0
C002538,Active,18.5,0.1765,0,2
C002539,Active,18.33,0.1053,0,0
C002540,Active,21.0,-0.0909,0,0
C002541,Active,27.0,0.28,0,0
C002542,Active,90.33,0.1609,1,0
C002543,Active,47.5,-0.1731,0,0
C002544,Active,30.67,-0.0312,3,0
C002545,Active,179.0,-0.1692,0,0
C002546,Active,53.0,-0.3279,1,0
C002547,Active,306.33,0.0101,0,0
C002548,Active,27.5,0.5,0,0
C002549,Active,17.67,0.1765,0,0
C002550,Active,60.0,0.2069,0,0
C002551,Active,18.0,0.1176,1,0
C002552,Active,12.33,0.0,0,0
C002553,Active,22.67,-0.0455,2,0
C002554,Churned,306.67,-0.5088,0,0
C002555,Churned,9.0,-0.5,0,0
C002556,Active,220.67,0.198,3,0
C002557,Active,44.67,0.3514,1,0
C002558,Churned,20.0,0.2222,0,0
C002559,Churned,13.33,-0.5,2,1
C002560,Active,19.0,0.0,0,0
C002561,Active,37.67,0.2727,2,0
C002562,Active,167.33,-0.033,0,1
C002563,Active,36.0,-0.2889,0,0
C002564,Active,80.67,0.0235,1,0
C002565,Active,24.0,0.0909,1,0
C002566,Active,15.33,-0.125,0,0
C002567,Active,19.33,-0.0476,1,0
C002568,Active,41.0,0.0,0,0
C002569,Churned,94.67,-0.44,0,0
C002570,Active,284.67,-0.1587,0,1
C002571,Churned,28.67,-0.5128,0,0
C002572,Churned,8.67,-0.5833,0,1
C002573,Active,196.67,-0.045,0,0
C002574,Active,158.0,0.1522,0,0
C002575,Active,72.0,-0.1266,2,0
C002576,Active,97.0,-0.1277,1,0
C002577,Active,56.33,0.1404,0,0
C002578,Active,69.0,-0.0541,0,0
C002579,Active,54.67,0.1837,0,0
C002580,Active,66.33,-0.0704,2,0
C002581,Active,24.0,0.1739,0,1
C002582,Active,303.5,0.0931,0,0
C002583,Churned,94.67,-0.5191,0,0
C002584,Active,21.0,0.2222,1,0
C002585,Active,14.0,0.0,0,0
C002586,Active,20.33,-0.0476,0,0
C002587,Active,26.33,0.4286,1,0
C002588,Churned,20.0,-0.5,0,0
C002589,Active,31.33,-0.2162,0,0
C002590,Active,78.0,-0.2826,1,0
C002591,Active,174.67,-0.0488,1,0
C002592,Active,48.0,0.4359,2,0
C002593,Active,157.0,0.1071,1,0
C002594,Active,26.67,-0.2581,0,0
C002595,Active,39.0,-0.2791,0,0
C002596,Active,76.0,0.0,0,0
C002597,Active,21.67,0.0,0,0
C002598,Active,28.67,-0.0357,2,1
C002599,Active,129.0,-0.3,0,0
C002600,Churned,148.67,0.0395,1,0
C002601,Active,84.0,0.12,1,0
C002602,Active,61.0,0.0,0,0
C002603,Active,89.0,-0.1277,1,0
C002604,Churned,97.33,-0.5354,0,0
C002605,Churned,14.67,-0.65,2,0
C002606,Active,145.33,-0.0863,2,0
C002607,Active,75.67,0.0137,0,0
C002608,Active,23.33,0.0952,0,0
C002609,Churned,37.33,-0.4468,0,0
C002610,Churned,22.0,-0.3077,1,0
C002611,Active,165.33,0.2941,0,0
C002612,Active,166.0,-0.2984,0,0
C002613,Active,45.0,-0.0213,0,0
C002614,Active,120.0,-0.1203,0,0
C002615,Active,49.33,0.1702,0,0
C002616,Active,24.0,0.0,1,0
C002617,Churned,22.67,0.25,0,0
C002618,Active,131.0,0.1575,0,0
C002619,Active,159.33,-0.1091,1,0
C002620,Active,30.0,0.0667,1,0
C002621,Active,183.67,0.1677,0,0
C002622,Active,365.67,0.1821,1,0
C002623,Churned,15.33,-0.6087,0,0
C002624,Active,303.67,0.0306,0,0
C002625,Active,48.67,0.0,1,0
C002626,Churned,15.33,-0.3125,0,0
C002627,Churned,43.0,0.3889,0,0
C002628,Active,14.67,0.2143,1,0
C002629,Churned,25.67,-0.4545,0,0
C002630,Active,44.33,-0.2,0,0
C002631,Active,53.0,-0.1897,0,0
C002632,Churned,18.0,-0.48,2,0
C002633,Active,133.33,0.2195,0,0
C002634,Active,53.0,-0.3281,0,0
C002635,Active,19.67,0.2778,3,0
C002636,Active,24.33,0.04,2,1
C002637,Active,44.0,0.4516,0,0
C002638,Active,28.33,-0.0625,0,0
C002639,Active,109.0,0.0,1,0
C002640,Active,27.67,0.037,1,0
C002641,Active,184.33,-0.0889,0,0
C002642,Active,129.67,0.0,0,0
C002643,Churned,17.33,0.1875,4,0
C002644,Churned,72.0,0.0,0,0
C002645,Active,57.5,0.4468,1,0
C002646,Active,169.0,0.1234,1,0
C002647,Active,174.67,-0.204,1,0
C002648,Active,170.33,-0.076,0,0
C002649,Active,53.33,0.1154,2,0
C002650,Active,92.0,0.1786,0,0
C002651,Active,224.0,0.1033,0,0
C002652,Active,15.0,0.0625,1,0
C002653,Active,74.67,-0.0533,0,0
C002654,Churned,112.33,-0.6242,1,0
C002655,Active,56.67,0.0,0,0
C002656,Active,236.0,-0.1181,2,1
C002657,Active,19.0,0.1176,1,0
C002658,Active,30.67,0.6087,0,0
C002659,Churned,45.0,-0.5667,0,0
C002660,Active,26.0,0.55,0,0
C002661,Churned,66.33,-0.4125,0,0
C002662,Active,172.33,-0.113,0,0
C002663,Churned,13.67,0.5,0,1
C002664,Active,21.0,0.1579,1,0
C002665,Active,47.33,0.0,0,0
C002666,Active,45.67,-0.1765,0,0
C002667,Churned,61.5,-0.1912,0,0
C002668,Active,66.33,0.2667,0,0
C002669,Active,80.0,-0.0778,0,0
C002670,Churned,30.67,-0.4872,3,0
C002671,Active,57.67,-0.037,1,0
C002672,Active,26.0,0.087,1,0
C002673,Churned,73.0,-0.2857,1,0
C002674,Active,45.67,0.0,0,0
C002675,Churned,63.0,-0.1571,1,0
C002676,Active,26.0,0.0,1,0
C002677,Active,52.0,0.0,0,0
C002678,Active,112.0,-0.4918,3,0
C002679,Active,219.0,-0.0216,0,0
C002680,Active,21.0,0.1304,0,0
C002681,Active,160.0,0.1133,0,0
C002682,Active,129.67,-0.2587,0,0
C002683,Active,15.0,-0.4,0,0
C002684,Active,23.0,0.0,2,0
C002685,Active,22.33,0.5556,1,0
C002686,Active,62.0,-0.0156,1,0
C002687,Active,78.67,-0.0375,1,0
C002688,Active,99.0,0.2235,0,0
C002689,Active,42.0,0.2432,1,0
C002690,Active,49.0,-0.08,0,0
C002691,Active,296.0,-0.2305,1,0
C002692,Active,78.33,0.3433,0,0
C002693,Churned,87.33,-0.7153,2,0
C002694,Active,596.67,0.059,0,0
C002695,Active,168.33,-0.0952,0,0
C002696,Active,22.33,-0.0455,0,0
C002697,Active,153.0,0.0709,1,1
C002698,Active,57.33,-0.0833,1,0
C002699,Active,26.67,0.12,2,0
C002700,Churned,43.67,-0.0698,0,0
C002701,Active,97.0,0.0,0,0
C002702,Active,16.0,0.0,0,0
C002703,Churned,23.67,-0.5714,1,1
C002704,Active,113.33,-0.0727,1,0
C002705,Churned,33.33,0.5926,1,1
C002706,Active,27.67,-0.0345,0,0
C002707,Churned,85.33,-0.621,0,0
C002708,Active,65.33,-0.0469,0,0
C002709,Active,22.0,-0.5517,0,0
C002710,Active,15.33,0.5385,0,0
C002711,Active,283.0,0.083,1,0
C002712,Active,20.5,0.1579,0,0
C002713,Active,34.67,0.125,2,0
C002714,Active,17.67,0.1875,0,0
C002715,Active,121.67,-0.0859,0,0
C002716,Active,88.33,-0.1064,2,1
C002717,Active,10.5,-0.0909,0,0
C002718,Active,381.0,0.3394,2,0
C002719,Active,75.0,0.4262,1,0
C002720,Active,29.0,0.069,0,0
C002721,Churned,7.0,-0.6,0,0
C002722,Churned,101.33,0.043,0,0
C002723,Active,31.67,0.0968,0,0
C002724,Active,52.67,0.0612,1,0
C002725,Active,26.67,0.3043,0,0
C002726,Churned,69.0,0.2381,1,1
C002727,Churned,19.0,0.0,0,0
C002728,Active,20.67,0.6667,0,0
C002729,Active,17.67,-0.0625,0,0
C002730,Active,475.33,-0.0066,1,0
C002731,Active,19.33,0.2353,0,0
C002732,Active,10.33,-0.25,2,0
C002733,Churned,20.67,-0.0476,0,1
C002734,Active,78.33,-0.1059,0,1
C002735,Active,43.0,0.4359,1,0
C002736,Active,171.33,0.3404,1,1
C002737,Active,24.67,0.04,0,0
C002738,Active,59.33,-0.1746,1,0
C002739,Active,175.0,-0.1786,2,0
C002740,Churned,14.0,-0.65,0,0
C002741,Active,37.0,0.1667,0,0
C002742,Active,172.67,0.2407,1,0
C002743,Active,83.33,0.1154,1,0
C002744,Active,52.67,-0.0769,0,0
C002745,Active,21.0,-0.0476,0,0
C002746,Active,179.0,-0.1211,1,0
C002747,Active,24.33,-0.3103,0,0
C002748,Churned,17.33,-0.6538,1,0
C002749,Active,55.0,-0.2769,1,0
C002750,Churned,16.33,-0.1765,4,0
C002751,Active,20.0,0.0,0,0
C002752,Active,61.0,0.0926,0,0
C002753,Churned,31.33,-0.4419,1,0
C002754,Churned,13.0,-0.5556,0,0
C002755,Active,107.0,0.1667,2,0
C002756,Active,192.33,0.1257,0,0
C002757,Active,74.33,0.2969,0,0
C002758,Churned,85.67,-0.6391,2,0
C002759,Active,63.33,0.4038,0,0
C002760,Active,25.0,-0.3103,5,0
C002761,Active,171.67,0.0055,1,0
C002762,Active,335.67,-0.04,1,0
C002763,Active,24.33,-0.3333,0,0
C002764,Active,83.0,-0.2527,1,0
C002765,Active,29.33,-0.0345,0,0
C002766,Active,404.67,0.1841,0,0
C002767,Active,52.0,-0.1296,0,0
C002768,Active,105.0,0.0,0,0
C002769,Active,193.67,0.3176,2,0
C002770,Active,336.33,-0.3856,1,0
C002771,Active,129.0,-0.1438,1,0
C002772,Active,143.0,0.0922,1,0
C002773,Active,233.33,-0.1162,0,0
C002774,Active,45.67,-0.0222,1,0
C002775,Active,140.33,0.1301,0,0
C002776,Active,12.0,0.0,0,0
C002777,Active,57.33,-0.1111,0,0
C002778,Active,34.0,0.0303,0,0
C002779,Active,29.33,-0.3429,2,0
C002780,Churned,11.0,-0.1667,0,0
C002781,Active,26.0,0.2609,0,0
C002782,Active,12.5,0.0833,0,0
C002783,Active,15.0,0.7273,0,0
C002784,Active,47.67,0.2326,0,0
C002785,Churned,10.67,-0.6,0,0
C002786,Active,68.0,-0.0556,0,0
C002787,Active,129.33,-0.0301,1,0
C002788,Active,28.0,0.0769,1,0
C002789,Churned,244.0,-0.5382,1,0
C002790,Active,18.0,0.1875,3,0
C002791,Active,388.67,0.2542,0,0
C002792,Churned,47.5,0.375,0,0
C002793,Active,97.5,0.0968,0,0
C002794,Active,320.0,0.0613,1,0
C002795,Churned,80.33,-0.5963,1,1
C002796,Churned,36.0,-0.5294,0,0
C002797,Active,135.33,-0.602,0,0
C002798,Active,43.33,-0.2909,0,0
C002799,Active,230.0,-0.2116,1,0
C002800,Active,163.33,-0.0393,0,0
C002801,Active,398.33,-0.0705,1,0
C002802,Churned,70.0,-0.0857,0,0
C002803,Active,26.33,-0.0769,0,0
C002804,Active,46.0,0.4324,1,0
C002805,Active,81.0,0.1268,1,0
C002806,Active,101.0,0.4048,2,0
C002807,Active,43.33,0.075,0,0
C002808,Active,152.33,-0.1353,1,0
C002809,Churned,47.33,-0.4237,0,0
C002810,Churned,18.33,0.5714,1,0
C002811,Churned,61.33,0.4038,1,0
C002812,Active,93.0,-0.0404,0,0
C002813,Active,128.33,0.2232,1,0
C002814,Active,26.33,-0.2258,0,0
C002815,Active,22.33,-0.0769,2,0
C002816,Active,37.0,-0.0263,1,0
C002817,Active,56.0,0.2619,0,0
C002818,Active,25.67,0.12,1,0
C002819,Active,60.67,-0.0952,0,0
C002820,Active,36.0,-0.0541,1,0
C002821,Active,34.33,0.1613,0,0
C002822,Active,35.0,-0.3095,1,0
C002823,Active,19.33,0.1053,0,0
C002824,Active,174.67,-0.4059,0,0
C002825,Active,587.0,0.2205,1,0
C002826,Churned,71.0,-0.4796,0,0
C002827,Active,55.33,-0.25,0,0
C002828,Active,50.67,-0.1897,2,0
C002829,Active,134.0,0.0,1,0
C002830,Churned,58.5,0.0526,1,0
C002831,Active,20.33,-0.1,0,0
C002832,Churned,48.67,0.0,2,0
C002833,Churned,20.33,-0.5862,1,0
C002834,Churned,436.67,0.3919,0,1
C002835,Active,365.33,0.2006,1,0
C002836,Churned,11.67,-0.5,0,0
C002837,Active,68.33,0.1613,3,1
C002838,Active,19.33,0.0556,0,0
C002839,Active,31.67,0.0667,1,0
C002840,Active,37.0,0.0,0,0
C002841,Churned,132.33,0.1583,2,1
C002842,Churned,9.67,-0.4167,1,0
C002843,Active,13.0,-0.0714,0,0
C002844,Active,25.0,0.3478,1,0
C002845,Active,22.67,0.0,1,1
C002846,Active,18.67,0.1875,0,0
C002847,Active,13.67,0.0714,0,0
C002848,Active,65.0,-0.0149,0,0
C002849,Churned,95.0,0.5,0,1
C002850,Active,18.33,-0.2381,0,0
C002851,Active,23.33,0.0,2,0
C002852,Churned,55.67,-0.0185,0,0
C002853,Active,180.0,0.0172,2,0
C002854,Active,21.67,-0.0476,0,0
C002855,Active,122.33,0.0085,0,0
C002856,Active,132.0,0.0,0,0
C002857,Churned,14.33,-0.5455,1,0
C002858,Churned,34.67,-0.4348,2,0
C002859,Active,56.67,-0.0182,1,0
C002860,Active,24.67,0.2381,0,0
C002861,Churned,20.33,-0.5357,0,0
C002862,Active,54.33,0.3778,0,0
C002863,Churned,17.67,-0.4091,2,0
C002864,Active,69.33,0.0597,1,0
C002865,Active,64.67,0.15,1,1
C002866,Churned,14.33,-0.3333,1,0
C002867,Active,16.0,-0.2222,0,0
C002868,Active,12.33,-0.0833,0,0
C002869,Active,368.0,-0.4239,1,0
C002870,Churned,37.67,-0.6481,0,0
C002871,Active,65.33,0.1607,1,0
C002872,Churned,78.67,-0.4862,0,0
C002873,Active,43.33,-0.0465,1,0
C002874,Active,28.67,0.375,0,0
C002875,Active,26.33,0.0385,1,0
C002876,Active,74.67,-0.0263,2,0
C002877,Active,19.0,-0.0952,0,0
C002878,Active,59.0,-0.254,1,0
C002879,Active,20.0,-0.5556,1,0
C002880,Active,23.0,-0.12,3,0
C002881,Active,36.33,0.9583,0,0
C002882,Active,16.33,-0.1176,1,0
C002883,Churned,38.33,-0.48,0,0
C002884,Active,14.0,0.0,1,0
C002885,Active,56.33,0.3269,1,0
C002886,Active,21.33,0.4706,0,0
C002887,Active,33.0,-0.1389,0,0
C002888,Active,111.0,-0.4043,2,0
C002889,Active,17.0,0.0,0,0
C002890,Active,35.33,-0.25,0,0
C002891,Churned,31.0,0.3704,0,0
C002892,Churned,50.67,-0.4308,1,0
C002893,Churned,49.33,-0.0769,1,1
C002894,Churned,28.33,-0.3429,4,1
C002895,Active,573.33,0.1243,0,0
C002896,Churned,40.0,-0.4038,3,0
C002897,Active,525.33,-0.008,1,0
C002898,Active,16.0,-0.3158,3,0
C002899,Churned,40.0,-0.4222,1,0
C002900,Active,28.0,-0.0333,0,0
C002901,Active,30.33,-0.1,1,0
C002902,Active,579.0,0.3034,0,0
C002903,Active,34.0,0.1875,1,0
C002904,Churned,268.67,-0.6265,3,0
C002905,Churned,24.0,0.0,1,0
C002906,Active,16.33,-0.2778,1,0
C002907,Active,317.0,0.0689,1,0
C002908,Active,45.67,0.0392,0,0
C002909,Churned,201.33,-0.4466,1,1
C002910,Active,70.33,0.0423,3,0
C002911,Churned,89.33,0.0241,1,0
C002912,Active,19.67,0.2353,0,1
C002913,Churned,17.33,-0.5652,1,0
C002914,Churned,22.0,-0.24,1,0
C002915,Active,79.67,0.4058,0,0
C002916,Churned,60.67,-0.3571,0,0
C002917,Active,13.0,0.0,0,0
C002918,Active,197.33,0.4194,0,0
C002919,Active,139.33,0.0615,0,0
C002920,Active,139.67,-0.1474,1,0
C002921,Active,251.67,0.242,0,0
C002922,Active,16.33,0.0,0,0
C002923,Churned,8.0,-0.4,1,0
C002924,Churned,88.0,-0.2212,0,0
C002925,Churned,36.67,-0.6604,1,0
C002926,Churned,6.67,-0.5556,0,2
C002927,Active,153.33,0.1654,0,0
C002928,Active,20.67,-0.4444,1,0
C002929,Churned,11.33,-0.6471,0,0
C002930,Active,82.0,0.2,0,0
C002931,Churned,11.33,-0.5882,4,0
C002932,Churned,9.67,-0.5385,0,0
C002933,Churned,23.33,0.0909,0,1
C002934,Active,463.0,-0.0497,0,0
C002935,Churned,74.67,-0.4796,2,1
C002936,Active,59.33,-0.0833,2,0
C002937,Active,31.0,0.0,2,0
C002938,Active,16.33,-0.1579,1,0
C002939,Active,10.67,-0.4667,0,0
C002940,Active,28.33,-0.0938,1,0
C002941,Active,412.33,-0.1516,0,0
C002942,Active,18.33,0.1176,1,0
C002943,Active,152.67,-0.2166,0,0
C002944,Churned,10.67,-0.5,3,0
C002945,Active,19.0,0.2353,0,0
C002946,Churned,20.0,0.0,0,1
C002947,Active,41.33,-0.1333,1,0
C002948,Churned,75.67,-0.5094,1,0
C002949,Active,424.67,0.0365,0,0
C002950,Active,165.33,0.0698,0,0
C002951,Active,41.33,-0.2444,2,0
C002952,Active,157.67,0.3143,0,0
C002953,Active,60.33,-0.2206,0,0
C002954,Churned,121.33,0.2719,0,0
C002955,Churned,32.67,0.0645,0,0
C002956,Active,21.0,-0.1667,0,1
C002957,Active,16.0,-0.1176,0,0
C002958,Active,22.33,0.0435,1,0
C002959,Churned,17.0,-0.6923,3,1
C002960,Active,134.0,-0.0504,0,0
C002961,Active,197.33,-0.0195,1,0
C002962,Active,306.0,0.0,0,0
C002963,Active,46.0,-0.18,0,0
C002964,Active,58.0,0.1698,0,0
C002965,Active,40.33,0.1389,0,0
C002966,Active,79.0,0.2113,1,0
C002967,Active,53.0,-0.2333,0,0
C002968,Active,14.67,0.1429,0,0
C002969,Active,69.0,0.1475,3,0
C002970,Active,193.67,-0.0467,2,0
C002971,Active,12.0,0.0,0,0
C002972,Active,146.5,-0.1218,0,0
C002973,Active,17.67,-0.0526,0,1
C002974,Active,314.33,0.2372,0,0
C002975,Churned,25.33,-0.5897,1,0
C002976,Active,73.67,-0.0933,0,0
C002977,Churned,166.67,0.1469,0,0
C002978,Active,155.67,-0.2515,0,0
C002979,Active,61.67,0.1695,1,0
C002980,Active,190.67,-0.1462,2,0
C002981,Active,76.33,0.2714,2,0
C002982,Active,27.67,0.3333,0,0
C002983,Active,13.0,0.6,0,0
C002984,Churned,13.67,-0.5556,1,0
C002985,Active,21.33,0.1818,1,0
C002986,Active,22.33,-0.0435,0,0
C002987,Churned,10.0,-0.6154,0,0
C002988,Active,90.33,-0.233,1,0
C002989,Churned,14.0,-0.3889,1,0
C002990,Active,34.0,0.0,0,0
C002991,Churned,59.0,0.1455,3,0
C002992,Active,383.67,-0.1425,2,0
C002993,Active,23.67,0.0435,0,0
C002994,Active,11.33,0.4444,0,0
C002995,Churned,16.33,-0.2105,3,0
C002996,Churned,15.33,-0.3125,2,0
C002997,Active,398.33,0.1955,0,0
C002998,Active,21.67,0.15,0,0
C002999,Churned,228.33,-0.5323,0,0
C003000,Active,42.0,-0.6034,0,0
C003001,Active,75.33,0.1884,0,0
C003002,Active,59.33,0.193,0,0
C003003,Active,15.0,-0.0625,0,0
C003004,Active,220.33,-0.1111,0,0
C003005,Churned,83.0,0.1059,2,1
C003006,Active,51.67,0.1875,0,1
C003007,Active,14.0,0.1538,0,0
C003008,Active,61.33,0.0161,1,0
C003009,Active,59.33,0.0328,1,1
C003010,Churned,88.67,-0.6032,0,0
C003011,Churned,24.0,0.04,0,0
C003012,Active,58.67,-0.0656,0,0
C003013,Active,98.67,0.1205,1,0
C003014,Active,41.33,-0.0233,1,0
C003015,Active,15.33,-0.3158,2,0
C003016,Active,153.67,0.085,0,0
C003017,Churned,119.67,-0.2422,1,0
C003018,Active,58.33,-0.1525,0,0
C003019,Churned,13.0,-0.4375,2,0
C003020,Active,19.33,0.5294,0,0
C003021,Active,91.0,0.061,0,0
C003022,Active,112.33,0.1376,1,0
C003023,Active,52.67,0.25,0,0
C003024,Active,81.33,0.5373,0,0
C003025,Active,51.67,0.1667,0,0
C003026,Churned,7.0,-0.25,4,1
C003027,Active,12.67,0.2727,0,0
C003028,Active,60.0,0.0,1,0
C003029,Active,34.67,0.1471,1,0
C003030,Active,31.33,-0.1471,1,0
C003031,Churned,73.33,0.2188,0,0
C003032,Active,18.33,0.5333,0,0
C003033,Active,28.0,-0.0345,0,0
C003034,Active,27.33,0.037,0,0
C003035,Active,163.67,0.4769,1,0
C003036,Churned,86.0,-0.1461,0,0
C003037,Churned,31.33,-0.5227,3,0
C003038,Active,27.0,-0.1,1,0
C003039,Churned,22.67,-0.4138,1,0
C003040,Active,29.0,-0.0645,0,0
C003041,Churned,31.0,0.0,0,1
C003042,Active,230.33,0.1355,0,0
C003043,Active,78.0,0.0,1,0
C003044,Active,38.33,-0.1463,0,0
C003045,Active,162.0,0.2,0,0
C003046,Active,116.0,0.0,0,0
C003047,Active,21.33,-0.32,0,0
C003048,Active,44.0,0.1163,1,0
C003049,Active,83.0,0.1013,0,0
C003050,Active,25.0,0.1111,1,0
C003051,Active,50.33,-0.04,0,0
C003052,Active,28.33,0.0333,0,0
C003053,Active,31.67,-0.1951,0,0
C003054,Active,203.67,-0.0233,0,0
C003055,Active,28.0,0.7,1,0
C003056,Active,65.0,-0.0429,0,0
C003057,Active,44.0,0.1628,0,0
C003058,Active,22.67,-0.0909,0,2
C003059,Active,25.0,0.3636,0,0
C003060,Active,34.67,0.3438,2,0
C003061,Active,52.67,-0.0741,0,0
C003062,Churned,110.0,0.9342,1,0
C003063,Churned,49.0,-0.5606,0,0
C003064,Active,225.0,0.2727,0,0
C003065,Active,20.67,-0.0476,0,0
C003066,Active,22.33,0.0,0,0
C003067,Active,21.67,-0.3333,0,0
C003068,Active,23.33,-0.12,1,0
C003069,Active,45.67,-0.5088,0,0
C003070,Active,39.67,-0.0263,0,0
C003071,Active,23.0,0.6471,0,0
C003072,Active,236.0,0.0,0,0
C003073,Active,424.33,-0.0992,2,0
C003074,Churned,82.33,-0.402,1,0
C003075,Active,127.0,0.2288,0,0
C003076,Active,78.33,0.375,0,0
C003077,Churned,17.33,-0.48,0,0
C003078,Active,33.67,0.0882,1,0
C003079,Churned,8.33,-0.4,1,0
C003080,Active,66.67,0.0923,3,0
C003081,Active,55.67,0.1111,1,0
C003082,Active,27.0,-0.1071,0,1
C003083,Active,50.33,-0.4328,0,0
C003084,Active,79.0,0.1594,2,0
C003085,Churned,120.33,-0.5581,0,0
C003086,Active,28.67,-0.1613,2,0
C003087,Active,66.67,-0.1974,0,0
C003088,Active,22.0,0.2778,0,0
C003089,Active,18.67,0.1111,0,0
C003090,Active,97.0,0.1556,0,0
C003091,Active,221.0,0.023,0,0
C003092,Active,91.0,-0.287,0,0
C003093,Active,46.0,0.1667,2,0
C003094,Active,487.67,-0.1522,2,0
C003095,Active,66.67,-0.0429,2,0
C003096,Active,31.33,0.4783,2,0
C003097,Active,27.33,0.0714,0,0
C003098,Active,60.33,-0.1364,0,0
C003099,Active,27.0,0.0357,0,0
C003100,Active,21.33,-0.1739,1,0
C003101,Active,347.33,0.1905,0,0
C003102,Active,41.0,0.125,0,0
C003103,Active,215.33,-0.0049,2,0
C003104,Active,135.67,0.0429,1,0
C003105,Active,28.0,0.0,0,0
C003106,Active,173.0,-0.1193,1,0
C003107,Active,21.0,0.0,2,0
C003108,Churned,12.67,-0.5882,1,0
C003109,Active,16.67,0.0,0,0
C003110,Active,447.33,-0.1435,0,0
C003111,Churned,12.0,-0.4,3,0
C003112,Active,17.33,0.0588,1,0
C003113,Churned,78.67,0.026,0,0
C003114,Churned,62.0,-0.4458,2,0
C003115,Active,14.67,0.2308,1,0
C003116,Active,20.0,0.0,0,0
C003117,Active,29.67,-0.125,0,0
C003118,Active,148.0,-0.0714,0,0
C003119,Active,53.0,0.1087,0,0
C003120,Churned,71.33,0.1714,6,0
C003121,Active,38.0,-0.0541,2,0
C003122,Active,12.5,0.2727,0,0
C003123,Active,171.0,-0.0238,0,0
C003124,Active,26.33,0.125,0,0
C003125,Active,70.33,-0.1392,2,0
C003126,Active,53.0,0.4186,1,0
C003127,Active,23.67,0.1905,0,0
C003128,Active,17.33,0.1333,1,0
C003129,Churned,108.0,-0.56,0,0
C003130,Active,445.67,-0.1856,0,0
C003131,Active,185.33,-0.0114,0,0
C003132,Active,116.0,-0.5817,0,0
C003133,Active,77.0,0.2687,0,1
C003134,Active,44.33,0.125,0,0
C003135,Active,192.67,-0.3349,0,0
C003136,Active,397.33,0.2844,2,0
C003137,Active,103.0,-0.1869,1,0
C003138,Active,27.33,-0.2581,0,0
C003139,Active,111.0,0.1863,0,1
C003140,Active,10.33,0.3333,0,0
C003141,Active,55.0,0.0213,2,0
C003142,Churned,45.0,0.0,0,0
C003143,Active,415.0,0.1547,0,0
C003144,Churned,57.67,-0.3521,2,1
C003145,Active,210.33,0.1518,1,0
C003146,Active,12.67,0.0833,0,0
C003147,Active,225.67,-0.0468,0,0
C003148,Active,35.67,-0.0811,1,0
C003149,Active,78.33,0.0556,1,0
C003150,Active,39.0,0.2222,0,0
C003151,Active,25.33,0.25,0,0
C003152,Churned,21.5,-0.3462,0,0
C003153,Active,25.67,0.2273,0,0
C003154,Active,29.0,0.1154,0,0
C003155,Churned,16.33,-0.5,1,1
C003156,Active,24.67,0.1739,1,1
C003157,Active,38.0,0.0,0,0
C003158,Churned,146.0,0.0,0,0
C003159,Churned,30.33,0.48,1,0
C003160,Active,13.0,0.0,0,0
C003161,Active,144.67,0.0,1,0
C003162,Active,335.0,0.1897,0,0
C003163,Active,21.67,0.1,1,0
C003164,Churned,41.67,-0.5517,1,1
C003165,Active,81.0,0.061,1,0
C003166,Active,217.0,-0.0088,2,0
C003167,Churned,9.67,-0.6154,1,0
C003168,Active,61.67,0.1833,0,0
C003169,Active,81.0,0.0633,0,0
C003170,Churned,12.0,0.2727,0,0
C003171,Churned,268.0,-0.5335,2,0
C003172,Active,165.33,-0.0508,0,0
C003173,Active,127.0,0.4423,1,0
C003174,Active,279.0,-0.0764,0,0
C003175,Active,180.0,0.1697,0,0
C003176,Churned,10.33,-0.625,0,1
C003177,Active,108.0,-0.2366,0,0
C003178,Active,12.33,-0.4,1,0
C003179,Active,31.0,0.1786,1,0
C003180,Active,67.33,-0.0423,0,0
C003181,Active,510.0,0.1426,0,0
C003182,Active,42.5,-0.1915,0,0
C003183,Active,43.67,-0.0465,1,0
C003184,Active,89.33,-0.0761,2,1
C003185,Active,45.5,0.275,0,0
C003186,Active,85.0,0.25,1,0
C003187,Active,163.67,-0.1091,0,0
C003188,Active,397.0,-0.1445,0,0
C003189,Active,74.33,-0.0395,0,0
C003190,Active,10.67,-0.0909,0,0
C003191,Active,42.0,-0.0909,2,0
C003192,Active,27.0,-0.2333,0,0
C003193,Churned,10.0,-0.5714,2,0
C003194,Active,188.0,0.1398,0,0
C003195,Active,18.0,0.1176,1,0
C003196,Active,25.67,0.1818,1,0
C003197,Churned,5.67,-0.4286,0,1
C003198,Active,69.67,-0.0897,0,0
C003199,Active,18.0,0.0,0,0
C003200,Active,205.0,-0.0481,3,0
C003201,Active,189.33,0.2298,1,0
C003202,Active,195.0,0.0,1,0
C003203,Churned,24.0,0.0,0,0
C003204,Active,50.33,-0.1818,3,0
C003205,Active,175.33,0.1132,0,0
C003206,Churned,17.67,-0.5,0,0
C003207,Churned,9.0,-0.4167,1,0
C003208,Active,30.33,0.0,0,0
C003209,Active,22.0,-0.2692,0,0
C003210,Active,80.67,0.0494,0,0
C003211,Active,21.33,0.4444,0,0
C003212,Churned,65.0,0.0,0,0
C003213,Active,157.0,-0.1237,0,0
C003214,Active,35.33,-0.1944,0,0
C003215,Active,182.0,-0.0053,1,0
C003216,Active,132.0,-0.1135,0,1
C003217,Active,24.0,0.1905,0,1
C003218,Active,22.0,0.0952,1,0
C003219,Active,12.33,-0.1667,0,0
C003220,Churned,19.67,-0.3478,0,0
C003221,Churned,44.0,-0.0851,0,0
C003222,Active,426.67,0.2649,0,0
C003223,Active,23.0,0.0,0,0
C003224,Churned,71.33,0.0972,4,0
C003225,Active,15.0,-0.125,0,0
C003226,Active,148.67,0.1233,2,0
C003227,Active,586.67,0.16,0,0
C003228,Active,20.67,-0.32,0,0
C003229,Churned,19.0,0.5333,1,0
C003230,Active,23.33,0.1304,1,0
C003231,Churned,39.0,-0.5455,1,0
C003232,Active,13.5,0.25,0,0
C003233,Active,33.33,-0.0312,1,0
C003234,Churned,54.67,0.2727,1,0
C003235,Active,25.67,-0.2143,0,0
C003236,Active,17.67,-0.2632,0,0
C003237,Churned,152.67,0.0556,1,1
C003238,Active,14.33,0.1429,1,0
C003239,Active,47.0,0.0,0,0
C003240,Active,21.67,-0.0435,0,0
C003241,Active,116.5,0.1182,0,0
C003242,Active,19.0,-0.1053,2,0
C003243,Active,154.33,-0.2326,1,0
C003244,Churned,12.33,-0.6316,0,0
C003245,Active,57.0,0.4889,1,0
C003246,Churned,12.67,-0.5294,1,2
C003247,Active,84.67,0.2143,0,1
C003248,Active,126.0,0.3119,0,0
C003249,Active,235.0,0.0178,1,0
C003250,Active,30.0,0.2593,0,0
C003251,Active,300.0,-0.1677,0,0
C003252,Churned,11.67,-0.4667,0,0
C003253,Active,105.67,0.0439,0,0
C003254,Active,51.0,0.3488,1,0
C003255,Active,15.67,0.0,0,0
C003256,Churned,146.33,0.4609,1,0
C003257,Active,13.33,-0.0667,1,0
C003258,Active,67.0,-0.1644,2,0
C003259,Active,16.0,0.2667,0,0
C003260,Churned,11.33,-0.5625,1,0
C003261,Active,26.0,0.0,2,0
C003262,Active,126.33,0.3182,0,0
C003263,Active,48.67,-0.1154,0,0
C003264,Active,15.33,-0.0625,0,0
C003265,Active,29.33,-0.1613,0,0
C003266,Active,44.0,0.2632,2,0
C003267,Active,23.67,0.1304,0,0
C003268,Active,350.67,-0.0083,1,0
C003269,Churned,124.67,-0.2681,2,0
C003270,Churned,49.67,-0.5694,2,0
C003271,Active,128.67,0.2348,0,0
C003272,Active,114.33,0.0755,0,0
C003273,Churned,26.0,-0.4194,0,0
C003274,Churned,438.67,-0.2173,0,0
C003275,Active,182.0,-0.1623,0,0
C003276,Churned,60.0,-0.371,1,1
C003277,Active,20.0,0.1053,0,0
C003278,Churned,32.33,-0.375,2,0
C003279,Active,29.33,-0.0968,2,0
C003280,Churned,8.67,-0.3,0,0
C003281,Churned,99.0,-0.4844,0,0
C003282,Churned,24.0,-0.0769,1,0
C003283,Active,35.0,-0.175,0,0
C003284,Active,56.67,0.0508,1,0
C003285,Active,15.0,0.3077,0,0
C003286,Churned,42.67,-0.5738,0,0
C003287,Active,17.67,-0.0556,2,0
C003288,Active,10.0,0.2222,1,0
C003289,Active,52.33,-0.1091,0,0
C003290,Active,16.0,-0.2222,4,0
C003291,Active,204.67,0.1596,1,0
C003292,Active,159.67,-0.0429,2,0
C003293,Active,27.67,0.3333,2,0
C003294,Active,22.0,-0.0435,0,0
C003295,Active,9.0,0.0,0,0
C003296,Churned,157.33,-0.4663,2,0
C003297,Active,169.33,0.1634,1,0
C003298,Churned,65.0,0.0161,3,0
C003299,Active,115.5,0.1,1,0
C003300,Active,12.67,0.2727,1,0
C003301,Active,381.33,-0.3064,0,0
C003302,Active,42.67,0.0,0,0
C003303,Active,82.67,-0.1915,1,0
C003304,Churned,127.5,0.3832,0,0
C003305,Active,109.0,-0.0476,1,0
C003306,Active,18.33,0.0556,2,0
C003307,Churned,16.33,0.0,1,0
C003308,Churned,30.67,-0.525,0,0
C003309,Active,31.0,-0.1667,0,0
C003310,Active,76.0,0.0455,3,0
C003311,Active,430.67,0.0163,1,0
C003312,Active,393.33,-0.41,0,0
C003313,Active,23.0,-0.1154,1,0
C003314,Active,59.33,-0.2206,0,0
C003315,Active,23.33,-0.125,0,1
C003316,Churned,17.33,-0.5,0,0
C003317,Active,57.33,0.0755,0,0
C003318,Churned,19.33,-0.15,0,0
C003319,Active,20.0,0.0,0,0
C003320,Active,65.67,-0.3288,0,1
C003321,Active,18.67,-0.4167,1,0
C003322,Active,21.5,0.2632,0,0
C003323,Active,358.0,0.373,1,0
C003324,Churned,38.5,-0.25,1,0
C003325,Active,19.67,-0.2727,0,0
C003326,Active,187.33,-0.2342,1,0
C003327,Active,16.33,-0.1176,0,0
C003328,Active,132.0,-0.0312,0,0
C003329,Churned,45.0,-0.5185,0,0
C003330,Active,16.33,-0.1111,2,1
C003331,Active,379.33,-0.0144,0,0
C003332,Active,45.0,0.2857,0,0
C003333,Active,24.0,0.2857,2,0
C003334,Active,47.0,0.0,1,0
C003335,Active,31.33,-0.1471,0,0
C003336,Active,39.0,0.0,0,0
C003337,Active,16.0,0.2143,0,0
C003338,Active,219.0,0.1038,0,0
C003339,Active,17.67,-0.3,0,0
C003340,Churned,5.0,0.0,0,0
C003341,Churned,14.33,-0.619,1,0
C003342,Active,203.67,-0.0661,0,0
C003343,Active,83.0,-0.1566,0,0
C003344,Active,9.33,0.375,1,0
C003345,Active,60.67,0.1132,2,0
C003346,Active,160.67,-0.0599,1,0
C003347,Active,76.33,0.4516,1,0
C003348,Active,13.67,-0.1333,0,0
C003349,Active,233.67,0.004,1,0
C003350,Active,20.33,0.1667,1,0
C003351,Churned,7.0,-0.3333,0,0
C003352,Active,27.0,0.3333,0,0
C003353,Active,9.33,0.0,0,0
C003354,Active,35.0,0.1875,0,0
C003355,Active,27.0,0.28,1,0
C003356,Churned,15.33,-0.6087,0,0
C003357,Active,21.33,-0.4074,1,0
C003358,Active,14.33,0.3333,0,0
C003359,Active,152.0,-0.109,0,0
C003360,Churned,200.0,-0.4679,1,0
C003361,Active,28.0,-0.0345,1,0
C003362,Active,25.67,0.1818,0,0
C003363,Active,31.33,0.0,0,0
C003364,Active,71.0,0.0137,2,0
C003365,Active,41.0,-0.025,2,0
C003366,Churned,14.33,-0.5,0,0
C003367,Active,65.0,0.0345,0,0
C003368,Active,55.33,-0.0741,3,0
C003369,Churned,17.67,-0.45,3,0
C003370,Active,33.0,0.0,0,0
C003371,Active,136.0,-0.109,1,0
C003372,Active,51.33,-0.1538,2,0
C003373,Active,109.33,-0.0917,0,0
C003374,Active,28.0,0.0769,1,0
C003375,Active,12.67,-0.2857,3,0
C003376,Active,12.33,0.875,0,0
C003377,Active,35.0,0.0,0,0
C003378,Active,51.0,-0.0204,0,0
C003379,Active,33.33,0.129,2,0
C003380,Churned,556.0,0.1627,1,0
C003381,Active,48.0,0.3,0,2
C003382,Active,189.0,0.0306,0,0
C003383,Active,70.67,-0.0946,0,0
C003384,Active,9.5,0.1111,0,0
C003385,Active,15.0,0.3077,0,0
C003386,Churned,33.0,-0.4186,1,0
C003387,Churned,25.33,-0.6176,0,0
C003388,Active,518.67,0.0186,0,0
C003389,Churned,41.67,-0.5692,1,0
C003390,Active,15.67,-0.1176,0,0
C003391,Active,18.33,-0.4091,0,0
C003392,Active,172.67,-0.3598,1,0
C003393,Active,75.33,0.2319,0,0
C003394,Active,39.0,0.0,0,0
C003395,Active,113.0,0.2157,0,0
C003396,Active,319.0,-0.0401,1,0
C003397,Active,39.67,-0.625,0,0
C003398,Active,24.33,0.0417,1,0
C003399,Active,143.33,0.0143,0,0
C003400,Active,71.67,0.2537,1,0
C003401,Active,84.67,0.1154,0,0
C003402,Active,136.0,0.2241,0,1
C003403,Active,14.0,-0.4706,0,0
C003404,Active,184.33,0.1758,0,0
C003405,Active,146.0,0.4132,2,0
C003406,Churned,67.0,-0.1667,3,1
C003407,Active,24.33,-0.2857,2,0
C003408,Active,20.5,-0.1364,0,0
C003409,Active,17.0,-0.1,1,0
C003410,Active,13.0,0.0,0,0
C003411,Active,66.33,0.4561,1,0
C003412,Churned,31.67,-0.5333,2,1
C003413,Active,22.67,0.1818,1,0
C003414,Active,63.33,-0.0175,0,0
C003415,Churned,17.33,0.1176,0,0
C003416,Active,58.0,-0.0536,0,0
C003417,Churned,18.0,0.0667,0,0
C003418,Active,202.0,-0.1754,0,1
C003419,Active,29.0,0.0,0,0
C003420,Active,159.5,0.2786,0,0
C003421,Churned,75.0,-0.375,1,0
C003422,Active,16.0,-0.0588,0,0
C003423,Churned,71.33,-0.4949,1,0
C003424,Churned,5.0,-0.3333,4,0
C003425,Churned,59.33,-0.2222,0,0
C003426,Active,53.0,-0.2833,0,0
C003427,Churned,27.67,-0.3529,2,1
C003428,Churned,25.67,-0.5758,0,0
C003429,Active,87.67,-0.0227,3,0
C003430,Active,70.5,0.2742,1,0
C003431,Churned,23.0,-0.4667,0,1
C003432,Churned,28.67,0.2692,2,1
C003433,Active,475.0,-0.2642,0,0
C003434,Active,96.67,-0.0686,0,0
C003435,Active,20.67,-0.3333,2,0
C003436,Active,23.67,-0.1538,2,0
C003437,Active,16.67,0.0588,1,0
C003438,Churned,13.0,-0.2667,2,0
C003439,Active,14.0,0.0,0,0
C003440,Active,13.33,0.5455,2,0
C003441,Active,21.0,0.3889,0,0
C003442,Churned,17.67,-0.2381,0,0
C003443,Active,17.5,0.1875,0,0
C003444,Active,8.0,0.2857,1,1
C003445,Active,234.0,-0.0602,1,0
C003446,Active,31.0,-0.2121,1,0
C003447,Active,55.0,0.1111,1,0
C003448,Active,156.33,-0.0235,1,0
C003449,Active,46.0,-0.102,0,0
C003450,Active,156.0,0.2628,1,0
C003451,Active,136.67,0.4661,0,0
C003452,Active,50.33,-0.06,0,0
C003453,Active,64.33,-0.16,0,0
C003454,Active,15.67,0.0667,0,0
C003455,Churned,151.67,-0.5604,0,0
C003456,Churned,43.67,-0.629,1,0
C003457,Active,161.67,-0.1565,2,0
C003458,Active,90.0,0.0,0,0
C003459,Active,17.33,-0.0556,1,0
C003460,Active,414.67,0.3079,0,0
C003461,Active,60.33,0.44,0,0
C003462,Churned,33.0,-0.5532,1,0
C003463,Active,32.67,-0.1562,1,0
C003464,Active,57.67,0.0333,1,0
C003465,Churned,57.67,-0.4167,1,0
C003466,Churned,111.67,-0.5812,1,0
C003467,Active,86.0,0.0215,2,0
C003468,Active,28.33,0.28,0,0
C003469,Churned,13.0,-0.375,0,0
C003470,Churned,267.33,-0.5741,1,0
C003471,Active,24.67,0.45,0,0
C003472,Active,16.33,0.0667,0,0
C003473,Churned,27.67,-0.5,2,0
C003474,Active,20.67,-0.1304,0,0
C003475,Active,23.33,0.2857,0,0
C003476,Churned,36.0,-0.4667,1,0
C003477,Active,85.0,-0.1111,1,0
C003478,Active,66.67,0.0149,2,0
C003479,Active,414.0,-0.1324,0,0
C003480,Active,35.0,-0.1316,0,0
C003481,Active,40.0,0.0,1,0
C003482,Active,270.0,0.0,0,1
C003483,Churned,182.67,-0.5236,3,0
C003484,Active,12.33,0.2727,0,0
C003485,Active,517.67,-0.029,0,0
C003486,Churned,20.0,-0.5667,0,0
C003487,Active,127.0,-0.1642,0,0
C003488,Active,21.0,0.0,0,0
C003489,Active,54.33,-0.0508,1,0
C003490,Churned,5.67,-0.4286,2,0
C003491,Active,78.0,-0.0698,1,0
C003492,Active,49.67,-0.037,0,0
C003493,Active,86.67,0.175,1,0
C003494,Active,56.0,0.5455,0,0
C003495,Active,26.33,0.25,1,0
C003496,Active,71.67,0.0597,1,0
C003497,Churned,112.67,-0.3958,1,0
C003498,Active,88.33,-0.2946,0,0
C003499,Active,22.67,0.15,3,0
C003500,Active,109.0,0.1042,0,0
C003501,Active,27.0,0.0435,0,0
C003502,Active,42.0,0.0,1,0
C003503,Active,18.33,-0.3913,0,0
C003504,Active,16.0,-0.4762,0,0
C003505,Active,107.67,0.1919,1,0
C003506,Churned,12.33,-0.5294,0,0
C003507,Active,14.67,-0.1875,3,0
C003508,Active,148.0,-0.0464,1,0
C003509,Active,45.0,-0.4483,2,0
C003510,Churned,11.0,-0.5333,2,1
C003511,Active,60.67,-0.5647,0,0
C003512,Churned,171.33,-0.3571,0,1
C003513,Churned,58.0,-0.1579,2,0
C003514,Active,439.5,0.1544,2,0
C003515,Active,59.67,0.0,1,0
C003516,Active,210.0,0.235,0,0
C003517,Churned,5.0,0.0,0,0
C003518,Churned,21.33,-0.0952,0,0
C003519,Active,81.0,0.0,0,0
C003520,Active,271.33,-0.0279,2,0
C003521,Churned,8.33,-0.4,0,0
C003522,Active,157.0,-0.1059,0,0
C003523,Active,40.0,0.1053,2,0
C003524,Active,136.67,0.4414,0,0
C003525,Active,18.0,-0.52,0,0
C003526,Active,71.0,-0.0667,0,0
C003527,Active,23.33,-0.125,1,0
C003528,Active,42.33,0.0682,1,0
C003529,Active,70.67,0.1077,1,0
C003530,Active,32.33,-0.0588,0,0
C003531,Active,48.5,0.0208,0,0
C003532,Churned,6.0,-0.2857,1,0
C003533,Active,13.67,0.0,0,0
C003534,Active,40.0,0.075,0,0
C003535,Active,111.0,0.2667,0,0
C003536,Active,162.67,0.0784,0,0
C003537,Active,35.0,-0.1389,2,0
C003538,Active,78.0,0.0625,1,0
C003539,Active,83.0,0.04,0,0
C003540,Active,23.0,0.3158,2,0
C003541,Active,46.33,-0.0625,0,0
C003542,Active,39.33,-0.1837,0,0
C003543,Active,111.0,-0.1083,0,0
C003544,Active,45.67,-0.0204,1,0
C003545,Active,29.33,0.0345,0,0
C003546,Churned,40.33,-0.0238,1,0
C003547,Churned,21.67,-0.3214,1,0
C003548,Active,430.67,-0.1464,0,0
C003549,Churned,15.33,-0.625,3,0
C003550,Active,77.0,0.0135,0,0
C003551,Active,97.67,-0.0619,0,0
C003552,Active,24.67,0.5263,0,0
C003553,Active,112.0,0.1748,0,0
C003554,Churned,14.67,-0.6667,0,0
C003555,Active,16.5,-0.1667,0,0
C003556,Active,43.33,-0.4118,1,0
C003557,Active,12.5,0.2727,0,0
C003558,Active,49.5,0.0204,0,0
C003559,Churned,43.0,-0.625,0,1
C003560,Active,105.0,0.2105,1,0
C003561,Churned,43.67,-0.6212,1,0
C003562,Active,84.33,0.1299,0,0
C003563,Active,408.0,0.0234,1,0
C003564,Active,152.33,-0.0446,0,0
C003565,Churned,173.67,-0.463,1,0
C003566,Active,184.33,-0.2019,1,0
C003567,Active,196.0,-0.0179,1,0
C003568,Active,42.67,-0.2273,3,0
C003569,Active,121.33,0.6316,0,0
C003570,Active,17.0,0.3571,0,0
C003571,Active,75.67,0.3485,0,0
C003572,Active,17.67,0.0,0,0
C003573,Active,8.33,0.5,1,0
C003574,Churned,13.33,-0.6842,1,1
C003575,Active,72.0,0.2727,0,0
C003576,Churned,20.67,-0.5,1,0
C003577,Active,114.67,0.0577,1,1
C003578,Active,78.67,0.0533,2,0
C003579,Churned,27.33,-0.5526,0,1
C003580,Active,11.0,0.0,0,1
C003581,Active,36.33,0.0,3,0
C003582,Active,264.0,0.4054,1,0
C003583,Active,54.0,0.1321,2,0
C003584,Active,92.33,-0.0784,0,0
C003585,Active,159.67,0.0185,3,0
C003586,Active,305.0,0.3019,0,0
C003587,Active,25.67,0.2,0,0
C003588,Churned,17.33,0.0,4,0
C003589,Active,92.5,0.1023,0,1
C003590,Active,21.67,0.0435,1,0
C003591,Active,234.67,0.0901,0,0
C003592,Active,74.67,0.2353,1,0
C003593,Active,389.0,-0.3114,0,0
C003594,Active,70.33,-0.05,1,0
C003595,Churned,19.0,0.0,0,0
C003596,Active,499.67,0.0157,0,0
C003597,Active,148.33,0.2857,1,0
C003598,Active,81.5,0.0375,1,0
C003599,Active,587.0,0.2642,1,0
C003600,Active,20.67,-0.2632,0,0
C003601,Active,52.0,-0.1053,0,0
C003602,Active,21.33,0.0435,0,0
C003603,Active,81.33,0.2394,0,0
C003604,Active,55.0,0.0185,0,0
C003605,Active,236.33,0.3137,0,0
C003606,Active,39.33,0.6667,0,0
C003607,Active,21.0,-0.3043,0,0
C003608,Active,11.0,0.1818,0,0
C003609,Active,69.33,0.0167,0,0
C003610,Active,20.33,0.0,2,0
C003611,Active,165.0,0.0726,1,0
C003612,Active,60.0,-0.1515,2,0
C003613,Churned,8.67,-0.5833,3,0
C003614,Active,79.33,0.4058,0,0
C003615,Active,22.67,0.6875,4,0
C003616,Active,156.33,0.1957,0,0
C003617,Active,29.0,0.1111,0,0
C003618,Active,30.0,0.28,0,0
C003619,Active,16.0,-0.1176,0,0
C003620,Active,518.0,0.1681,0,0
C003621,Churned,21.67,-0.4828,1,0
C003622,Active,18.0,0.0,0,0
C003623,Active,22.67,-0.25,1,0
C003624,Active,157.0,0.1572,0,0
C003625,Active,172.33,-0.0506,1,0
C003626,Active,34.33,-0.0541,2,0
C003627,Active,41.0,-0.0488,0,0
C003628,Active,68.0,-0.1039,0,0
C003629,Active,23.33,-0.3704,1,1
C003630,Active,75.67,0.3939,0,1
C003631,Active,39.0,0.5484,0,2
C003632,Active,303.0,0.3042,0,0
C003633,Active,25.0,-0.1111,0,0
C003634,Active,24.67,0.4762,2,0
C003635,Active,31.5,0.4231,0,0
C003636,Active,18.0,0.1765,1,0
C003637,Active,224.67,0.1517,2,0
C003638,Active,32.33,0.2069,1,0
C003639,Churned,92.33,-0.6276,1,0
C003640,Churned,10.67,-0.5625,0,0
C003641,Active,13.0,0.0,2,0
C003642,Active,13.0,0.0,0,0
C003643,Active,144.5,0.1567,0,0
C003644,Active,34.0,0.1176,1,0
C003645,Active,20.33,0.1667,0,0
C003646,Active,128.67,-0.3182,1,0
C003647,Active,83.67,0.2692,0,0
C003648,Churned,6.0,0.0,0,0
C003649,Active,59.0,0.0345,0,0
C003650,Active,83.0,0.0385,1,0
C003651,Active,28.33,0.0,0,0
C003652,Churned,29.33,-0.5366,0,0
C003653,Churned,19.67,-0.6333,2,0
C003654,Active,26.33,-0.1379,0,0
C003655,Active,24.33,0.087,1,0
C003656,Active,23.0,0.5,0,0
C003657,Active,20.67,0.15,0,1
C003658,Active,19.67,-0.1905,2,0
C003659,Active,81.67,0.0909,0,0
C003660,Churned,15.67,-0.5238,0,0
C003661,Active,43.33,0.0789,2,1
C003662,Active,42.0,0.2222,0,0
C003663,Active,155.33,0.0331,1,0
C003664,Active,410.67,0.3729,0,0
C003665,Churned,49.0,-0.6087,1,0
C003666,Active,25.33,0.1481,0,0
C003667,Active,23.0,-0.2963,1,0
C003668,Churned,7.67,-0.6667,2,2
C003669,Active,20.0,0.1579,1,0
C003670,Churned,25.67,-0.5278,0,0
C003671,Active,28.67,0.25,0,0
C003672,Active,19.0,0.0588,0,0
C003673,Churned,11.0,-0.6471,0,1
C003674,Churned,45.33,-0.6154,0,0
C003675,Active,43.67,0.5588,1,0
C003676,Active,374.0,-0.0726,0,0
C003677,Active,61.67,-0.1094,0,0
C003678,Active,27.33,0.2609,0,0
C003679,Churned,29.67,-0.5714,2,0
C003680,Active,22.0,0.1,0,0
C003681,Churned,57.0,-0.2542,0,0
C003682,Churned,10.33,-0.5333,7,0
C003683,Active,59.33,0.3333,2,0
C003684,Active,21.67,-0.0435,0,1
C003685,Active,17.33,0.2143,0,0
C003686,Active,21.33,0.15,0,0
C003687,Churned,15.67,-0.6087,1,0
C003688,Active,166.33,-0.1758,0,0
C003689,Active,32.67,0.0294,0,0
C003690,Active,17.0,0.5385,1,0
C003691,Active,17.0,-0.2381,0,0
C003692,Churned,28.33,-0.5143,2,0
C003693,Active,57.33,0.1538,1,0
C003694,Active,23.0,-0.0833,1,0
C003695,Active,229.0,0.0957,3,0
C003696,Active,18.5,-0.0526,0,0
C003697,Active,18.67,0.2222,0,0
C003698,Churned,35.67,-0.3409,3,0
C003699,Active,68.0,0.2632,0,0
C003700,Churned,30.0,-0.6222,1,0
C003701,Churned,19.67,-0.5862,0,0
C003702,Active,14.0,0.3636,1,0
C003703,Active,69.33,-0.1951,0,0
C003704,Active,181.33,-0.145,1,0
C003705,Active,35.5,0.3667,2,0
C003706,Churned,9.33,-0.6154,1,0
C003707,Active,75.67,-0.08,1,0
C003708,Active,188.67,0.0468,0,0
C003709,Churned,17.0,-0.5652,1,0
C003710,Active,129.33,-0.0078,0,0
C003711,Active,161.0,0.6379,0,0
C003712,Churned,142.0,0.0,0,0
C003713,Churned,28.0,0.0,0,0
C003714,Active,29.0,-0.6444,0,0
C003715,Churned,110.0,-0.5806,0,0
C003716,Active,142.33,-0.5171,0,0
C003717,Active,141.0,0.2109,1,0
C003718,Active,114.33,-0.4118,0,0
C003719,Churned,364.0,0.0,0,0
C003720,Active,67.67,-0.2911,1,0
C003721,Active,28.67,0.1111,2,0
C003722,Churned,11.33,-0.4667,0,0
C003723,Churned,97.33,0.1087,2,0
C003724,Active,16.0,-0.1176,1,0
C003725,Active,172.67,-0.0284,0,0
C003726,Churned,294.33,-0.3909,1,0
C003727,Active,135.33,0.3158,0,0
C003728,Active,118.67,0.2255,0,0
C003729,Active,143.33,-0.0704,0,0
C003730,Churned,82.33,-0.3656,1,1
C003731,Active,113.67,0.0085,0,0
C003732,Active,123.33,0.3878,1,0
C003733,Active,29.67,0.0645,1,0
C003734,Active,64.0,-0.1408,0,1
C003735,Active,18.33,-0.1,0,0
C003736,Active,443.33,0.2466,1,0
C003737,Active,45.67,-0.16,0,0
C003738,Active,52.33,-0.1897,0,0
C003739,Active,84.33,0.6032,0,0
C003740,Active,57.0,-0.2222,0,0
C003741,Active,9.67,-0.4167,1,0
C003742,Active,31.0,-0.1176,1,0
C003743,Active,141.33,0.2619,0,0
C003744,Active,19.33,0.3333,0,0
C003745,Active,19.0,0.1579,0,0
C003746,Active,116.0,-0.303,0,0
C003747,Active,25.67,0.4286,0,0
C003748,Active,96.67,-0.0874,1,0
C003749,Active,21.0,-0.5172,1,0
C003750,Active,23.67,-0.0833,4,0
C003751,Active,29.0,0.037,2,0
C003752,Active,19.0,-0.3478,0,0
C003753,Active,14.33,0.0769,1,0
C003754,Active,84.5,0.6,2,0
C003755,Active,11.33,0.0,1,0
C003756,Active,20.0,-0.1,0,0
C003757,Active,55.0,0.7297,0,0
C003758,Active,214.33,0.0806,2,0
C003759,Churned,263.0,0.5771,0,0
C003760,Active,70.33,0.5263,0,0
C003761,Churned,106.33,-0.3984,0,0
C003762,Active,62.67,0.0484,2,0
C003763,Active,86.33,-0.0674,1,0
C003764,Active,203.0,-0.0599,0,0
C003765,Active,22.0,0.0952,1,1
C003766,Active,134.33,-0.2917,1,0
C003767,Active,24.0,0.0833,0,0
C003768,Churned,6.0,-0.2857,0,0
C003769,Active,127.33,-0.1565,0,0
C003770,Active,165.0,0.25,0,0
C003771,Active,256.0,-0.078,0,0
C003772,Active,161.67,0.2945,1,0
C003773,Churned,159.67,0.5234,1,0
C003774,Active,43.0,0.0,0,1
C003775,Active,328.67,-0.1326,2,0
C003776,Active,18.33,-0.15,0,0
C003777,Active,45.0,0.35,0,0
C003778,Active,19.0,-0.1,0,0
C003779,Active,169.33,-0.3649,0,0
C003780,Active,569.33,0.0535,0,0
C003781,Active,28.67,0.0,0,0
C003782,Active,510.0,-0.5007,0,0
C003783,Active,248.67,-0.4613,0,0
C003784,Active,27.67,-0.2258,1,0
C003785,Active,20.33,0.375,1,0
C003786,Active,94.5,0.1236,0,0
C003787,Active,390.0,-0.0322,1,0
C003788,Active,12.5,-0.0769,0,0
C003789,Active,29.67,-0.0938,0,0
C003790,Active,69.33,-0.0946,0,0
C003791,Active,24.0,0.15,0,0
C003792,Active,76.67,0.0676,1,0
C003793,Active,81.67,0.0465,1,0
C003794,Active,31.67,0.1852,0,0
C003795,Churned,11.67,-0.6471,1,0
C003796,Churned,415.67,0.0663,2,0
C003797,Active,11.33,0.0909,2,0
C003798,Active,51.33,0.1667,1,0
C003799,Active,16.0,-0.1667,1,0
C003800,Active,16.33,0.0588,0,0
C003801,Active,31.33,0.0667,0,0
C003802,Active,93.33,-0.4286,0,0
C003803,Active,32.0,0.6667,1,0
C003804,Active,36.0,-0.0303,0,0
C003805,Active,63.33,-0.3108,0,0
C003806,Active,16.0,0.0,0,0
C003807,Active,402.33,-0.2,0,0
C003808,Active,242.67,0.1574,1,0
C003809,Churned,171.67,-0.4478,0,0
C003810,Churned,350.0,-0.5226,0,0
C003811,Churned,37.67,-0.5741,0,0
C003812,Active,18.67,0.3333,1,0
C003813,Active,14.33,-0.2353,0,0
C003814,Active,57.67,0.0,2,0
C003815,Active,32.0,0.2258,0,0
C003816,Active,19.0,-0.3043,1,0
C003817,Active,23.0,-0.0417,3,0
C003818,Active,17.0,0.0,0,0
C003819,Active,45.0,-0.1304,0,0
C003820,Active,174.33,-0.0585,0,0
C003821,Active,84.33,0.1667,0,0
C003822,Active,15.0,0.1538,0,0
C003823,Churned,45.0,-0.5172,0,0
C003824,Churned,12.33,-0.3333,1,0
C003825,Active,411.67,0.0332,0,1
C003826,Active,15.67,-0.1176,0,0
C003827,Active,19.0,0.0,0,0
C003828,Churned,30.0,-0.5,2,0
C003829,Active,547.67,0.0335,0,0
C003830,Active,43.67,-0.431,0,0
C003831,Active,28.0,0.0,0,1
C003832,Active,28.0,0.0345,0,0
C003833,Active,17.0,0.1875,0,0
C003834,Active,40.33,0.1842,0,0
C003835,Active,11.67,0.0909,0,0
C003836,Active,28.33,0.0,1,0
C003837,Active,33.0,-0.439,0,1
C003838,Active,46.0,0.1905,0,0
C003839,Active,51.0,0.2667,0,0
C003840,Active,19.33,0.2222,0,1
C003841,Active,48.67,0.2444,0,0
C003842,Active,24.67,0.381,1,0
C003843,Active,115.67,0.1068,1,0
C003844,Active,25.33,0.1818,0,0
C003845,Active,416.67,0.1058,3,0
C003846,Active,23.67,0.2857,0,0
C003847,Active,123.0,-0.025,0,0
C003848,Active,149.0,0.0121,2,0
C003849,Churned,10.0,-0.5385,0,0
C003850,Active,51.5,0.2391,0,0
C003851,Active,19.67,-0.4,0,0
C003852,Active,24.33,0.0833,1,0
C003853,Active,15.67,0.4286,0,0
C003854,Active,17.0,0.4286,1,0
C003855,Active,25.0,0.3889,3,0
C003856,Churned,29.0,-0.625,2,0
C003857,Active,143.67,-0.1524,0,0
C003858,Active,34.0,0.0278,1,0
C003859,Churned,41.33,-0.5345,1,0
C003860,Active,12.33,0.6,0,0
C003861,Churned,10.0,-0.5333,3,0
C003862,Churned,16.0,-0.5652,1,0
C003863,Active,52.67,0.0385,0,0
C003864,Active,22.67,0.5,1,0
C003865,Active,93.67,-0.0928,0,0
C003866,Active,195.67,0.3929,0,1
C003867,Active,40.33,0.0,2,0
C003868,Active,45.0,0.0,0,0
C003869,Active,28.33,-0.2581,0,0
C003870,Active,21.0,-0.0476,0,0
C003871,Active,20.0,0.2222,0,1
C003872,Active,15.67,0.2667,0,0
C003873,Active,77.67,0.2537,0,0
C003874,Active,48.33,-0.0192,1,0
C003875,Active,110.33,-0.4234,0,0
C003876,Active,19.0,-0.2727,3,0
C003877,Churned,35.67,-0.5111,1,0
C003878,Active,209.67,0.2634,0,0
C003879,Active,24.5,-0.1154,1,0
C003880,Active,59.0,0.1346,1,0
C003881,Active,151.0,-0.05,0,0
C003882,Active,75.67,0.1111,1,0
C003883,Active,47.67,-0.102,1,0
C003884,Active,8.0,0.0,1,0
C003885,Active,212.0,0.1133,0,0
C003886,Active,54.33,-0.0893,0,0
C003887,Active,450.0,0.4266,0,0
C003888,Active,150.67,-0.5263,0,0
C003889,Active,50.0,-0.1111,0,0
C003890,Active,62.0,-0.3733,0,0
C003891,Active,15.33,0.2857,0,0
C003892,Active,121.33,-0.0929,1,0
C003893,Active,12.0,-0.1538,0,1
C003894,Active,50.33,-0.193,1,0
C003895,Active,127.67,-0.0775,0,0
C003896,Active,18.33,-0.2727,0,0
C003897,Churned,23.0,0.0,0,0
C003898,Active,40.0,0.4,1,0
C003899,Active,54.0,0.4865,0,0
C003900,Active,26.33,0.1667,2,0
C003901,Active,28.33,0.1429,0,0
C003902,Active,119.0,0.1,0,0
C003903,Churned,232.0,0.2359,0,0
C003904,Active,28.67,0.2308,1,0
C003905,Churned,16.33,-0.4211,2,0
C003906,Active,83.33,0.0952,0,0
C003907,Active,114.67,0.2178,0,0
C003908,Active,150.67,-0.0278,0,0
C003909,Active,43.5,-0.1489,0,0
C003910,Active,103.33,0.2447,1,0
C003911,Active,23.0,0.2381,1,0
C003912,Active,19.0,0.0,1,0
C003913,Active,141.0,0.1639,1,0
C003914,Churned,20.5,-0.4815,1,0
C003915,Active,204.0,0.0684,1,0
C003916,Churned,75.33,0.2286,0,2
C003917,Churned,31.67,-0.4211,3,0
C003918,Active,77.33,-0.1667,1,0
C003919,Active,207.33,0.3989,0,0
C003920,Churned,44.0,-0.6,1,0
C003921,Active,19.67,0.2353,0,0
C003922,Active,223.67,0.0343,1,0
C003923,Churned,15.67,-0.4762,0,1
C003924,Active,93.5,0.253,0,0
C003925,Churned,10.67,-0.5333,0,0
C003926,Active,25.67,0.1818,1,0
C003927,Active,78.33,0.1169,0,0
C003928,Active,476.33,0.0731,0,0
C003929,Active,49.33,0.0926,0,0
C003930,Active,73.5,0.371,0,0
C003931,Active,73.0,0.0923,1,0
C003932,Active,18.0,0.4,1,0
C003933,Active,20.0,0.375,0,0
C003934,Active,45.0,0.1892,0,0
C003935,Active,26.0,-0.0357,0,0
C003936,Active,80.33,-0.0488,1,0
C003937,Active,16.67,-0.0556,0,0
C003938,Active,69.67,-0.12,0,0
C003939,Churned,22.33,-0.5,3,0
C003940,Active,19.33,-0.1429,1,0
C003941,Active,15.0,-0.5,2,0
C003942,Churned,21.67,0.1579,0,0
C003943,Active,22.0,0.1,0,0
C003944,Active,48.67,-0.0417,0,0
C003945,Active,36.0,0.6667,0,0
C003946,Active,70.33,-0.2078,1,0
C003947,Active,20.33,0.0,0,0
C003948,Active,23.0,-0.28,0,0
C003949,Active,237.0,-0.0618,2,0
C003950,Churned,13.67,-0.4444,0,0
C003951,Active,69.0,0.3621,0,0
C003952,Active,341.33,-0.0306,0,0
C003953,Active,125.0,0.0325,1,0
C003954,Churned,80.0,0.9298,0,0
C003955,Active,23.33,0.0833,1,0
C003956,Active,58.0,0.0,0,0
C003957,Active,134.67,0.3462,0,0
C003958,Active,547.0,0.3591,0,0
C003959,Churned,26.67,-0.5143,1,1
C003960,Active,29.67,-0.0938,2,0
C003961,Churned,19.33,0.15,0,0
C003962,Churned,8.0,-0.5455,0,0
C003963,Active,60.67,0.15,0,0
C003964,Active,71.0,0.0,1,0
C003965,Active,79.33,0.2609,2,0
C003966,Active,51.33,-0.1607,0,0
C003967,Active,21.33,-0.1739,0,0
C003968,Active,24.33,-0.1111,1,0
C003969,Active,29.67,-0.1515,0,2
C003970,Active,19.0,0.0588,1,0
C003971,Active,425.67,0.1444,0,0
C003972,Active,24.0,0.3,0,0
C003973,Active,16.0,0.0,3,0
C003974,Active,27.67,-0.0741,1,0
C003975,Active,24.0,-0.04,0,0
C003976,Active,36.33,0.1212,0,0
C003977,Active,115.5,0.2427,0,0
C003978,Active,72.33,0.0959,0,0
C003979,Active,34.0,-0.275,0,1
C003980,Active,128.67,-0.1456,0,0
C003981,Churned,28.5,0.0357,2,0
C003982,Churned,35.0,-0.5417,1,0
C003983,Active,29.0,0.3333,0,1
C003984,Active,22.67,0.0,0,0
C003985,Active,43.0,0.0976,1,0
C003986,Active,20.0,-0.2381,0,0
C003987,Active,23.33,0.0455,0,0
C003988,Active,134.33,-0.2208,0,0
C003989,Active,244.0,-0.2897,0,0
C003990,Active,397.67,-0.1588,0,0
C003991,Active,465.67,-0.1184,0,0
C003992,Active,17.67,0.0,1,0
C003993,Churned,13.33,-0.5556,0,0
C003994,Churned,68.0,0.3051,1,0
C003995,Active,90.0,0.0,1,0
C003996,Churned,11.67,-0.4,3,0
C003997,Active,63.67,0.283,0,0
C003998,Churned,19.33,0.3529,1,1
C003999,Active,20.0,0.0,0,0
C004000,Churned,55.0,-0.5286,2,0
C004001,Active,172.0,-0.1585,4,0
C004002,Active,66.33,-0.2429,1,1
C004003,Active,90.0,-0.459,1,0
C004004,Active,81.67,-0.023,0,0
C004005,Active,124.67,0.1613,0,1
C004006,Active,24.33,-0.0435,2,0
C004007,Active,21.33,0.3889,0,0
C004008,Active,29.67,-0.1562,0,0
C004009,Churned,10.0,-0.5714,3,0
C004010,Active,11.67,0.0,1,0
C004011,Active,75.0,0.0811,0,0
C004012,Active,23.67,-0.1739,1,0
C004013,Active,337.67,0.0085,0,0
C004014,Active,22.67,0.0455,2,0
C004015,Active,76.0,0.2576,3,0
C004016,Active,70.0,0.2615,1,0
C004017,Churned,19.67,-0.6667,1,0
C004018,Active,31.0,0.0667,1,0
C004019,Churned,28.67,-0.5854,3,1
C004020,Active,132.0,-0.0448,1,0
C004021,Active,22.33,0.1,1,0
C004022,Churned,6.0,0.0,0,0
C004023,Churned,15.0,-0.619,1,0
C004024,Active,123.67,-0.0598,0,0
C004025,Active,198.33,0.0928,0,0
C004026,Churned,221.33,-0.571,2,0
C004027,Churned,113.67,-0.4641,2,0
C004028,Active,130.0,0.0315,1,0
C004029,Active,21.67,-0.1739,2,0
C004030,Active,86.67,0.0385,1,0
C004031,Active,18.33,-0.1,0,0
C004032,Churned,21.67,0.7857,0,0
C004033,Active,34.33,0.1818,0,0
C004034,Active,19.0,0.0,0,0
C004035,Active,31.67,0.0323,0,0
C004036,Churned,14.67,-0.45,2,0
C004037,Active,79.33,0.2597,2,0
C004038,Active,70.0,0.0,0,1
C004039,Active,82.0,0.0238,1,0
C004040,Active,313.67,-0.0725,0,1
C004041,Churned,18.0,-0.5217,0,0
C004042,Churned,24.0,-0.3077,1,0
C004043,Active,17.0,0.2667,0,0
C004044,Active,184.67,-0.0054,1,0
C004045,Active,16.33,0.0625,0,0
C004046,Active,11.0,0.0,0,0
C004047,Churned,11.67,-0.4,1,0
C004048,Active,54.33,0.5111,2,0
C004049,Active,76.33,-0.1974,0,0
C004050,Active,143.67,-0.12,2,0
C004051,Active,540.0,-0.1128,0,0
C004052,Active,139.33,-0.2727,0,0
C004053,Active,46.0,-0.1042,0,0
C004054,Active,51.0,-0.3833,1,0
C004055,Active,157.33,0.2,0,1
C004056,Active,211.33,0.2092,0,0
C004057,Churned,10.67,-0.6,1,0
C004058,Active,504.0,0.1379,1,0
C004059,Churned,11.33,-0.4,1,0
C004060,Churned,180.0,-0.2487,2,0
C004061,Active,585.67,-0.2006,0,0
C004062,Active,91.0,0.0,0,0
C004063,Active,24.0,0.0,0,0
C004064,Churned,8.67,-0.5,0,1
C004065,Active,70.67,-0.1447,0,0
C004066,Active,86.33,0.3944,0,0
C004067,Active,21.33,-0.2,0,0
C004068,Active,127.0,0.0339,1,0
C004069,Active,34.0,0.0,0,0
C004070,Churned,20.33,0.0,0,1
C004071,Churned,29.33,0.2593,2,1
C004072,Active,20.67,0.2105,1,0
C004073,Active,21.33,0.2632,0,0
C004074,Active,51.67,0.0444,1,0
C004075,Active,19.33,-0.05,0,0
C004076,Active,26.0,-0.1154,0,0
C004077,Active,19.33,0.8462,0,0
C004078,Active,17.67,-0.0556,1,0
C004079,Active,59.33,-0.2286,0,0
C004080,Active,83.33,0.0617,0,0
C004081,Active,67.0,0.0984,1,0
C004082,Active,79.67,0.0909,0,0
C004083,Churned,119.67,-0.5032,0,0
C004084,Churned,5.0,0.0,0,1
C004085,Active,67.67,0.0294,1,0
C004086,Churned,98.0,0.1188,3,1
C004087,Churned,17.67,0.5714,0,0
C004088,Churned,18.67,-0.3913,1,0
C004089,Churned,89.0,0.1548,1,0
C004090,Churned,10.67,-0.5,0,0
C004091,Active,43.67,-0.0222,0,0
C004092,Churned,175.67,-0.4363,1,0
C004093,Active,85.67,0.1149,2,0
C004094,Active,9.0,0.0,0,0
C004095,Churned,33.33,-0.6346,1,0
C004096,Active,153.33,-0.2659,0,0
C004097,Churned,66.67,0.0156,1,0
C004098,Churned,18.33,-0.05,0,2
C004099,Active,171.33,-0.1649,0,0
C004100,Active,152.67,0.1119,0,0
C004101,Active,63.67,0.0484,2,0
C004102,Active,553.33,0.0741,1,0
C004103,Churned,26.67,-0.375,0,1
C004104,Active,21.67,-0.5185,0,0
C004105,Active,94.33,-0.0594,0,0
C004106,Active,24.67,-0.1071,0,0
C004107,Active,197.0,0.0556,0,0
C004108,Churned,180.0,-0.4606,0,0
C004109,Active,50.0,-0.1887,0,0
C004110,Active,81.0,0.061,0,0
C004111,Active,27.33,0.3043,3,0
C004112,Active,117.0,-0.0504,1,0
C004113,Churned,498.33,0.0693,0,1
C004114,Active,37.0,-0.2222,0,1
C004115,Active,179.33,-0.0211,0,0
C004116,Active,20.33,-0.1818,1,0
C004117,Churned,9.0,0.0,1,0
C004118,Active,72.0,-0.027,0,0
C004119,Active,21.33,0.0909,0,0
C004120,Active,29.0,-0.1875,0,0
C004121,Active,552.33,0.2313,2,0
C004122,Active,52.0,0.1837,1,0
C004123,Active,182.33,0.1677,0,0
C004124,Churned,26.0,-0.5526,0,0
C004125,Active,306.33,-0.0994,1,0
C004126,Active,16.67,0.0,1,0
C004127,Active,32.0,0.0625,0,0
C004128,Active,27.33,0.0,0,0
C004129,Active,179.33,-0.2327,2,0
C004130,Active,194.33,-0.0952,1,0
C004131,Churned,336.0,-0.5489,1,1
C004132,Active,58.67,-0.0484,0,0
C004133,Churned,14.33,-0.1875,1,0
C004134,Churned,21.33,-0.0952,4,0
C004135,Active,30.67,0.1724,1,0
C004136,Churned,23.0,0.0476,0,0
C004137,Active,234.33,-0.2261,1,0
C004138,Active,43.0,0.2308,0,0
C004139,Active,138.33,0.4696,0,1
C004140,Active,80.67,-0.1,2,0
C004141,Active,45.67,-0.5,0,0
C004142,Active,16.67,-0.35,4,0
C004143,Active,25.0,-0.04,0,0
C004144,Active,31.67,-0.25,0,0
C004145,Churned,22.33,-0.3214,0,0
C004146,Active,122.0,0.0256,0,0
C004147,Active,37.33,0.303,0,0
C004148,Active,65.0,0.1061,0,0
C004149,Active,16.0,0.2143,2,0
C004150,Churned,17.67,-0.5652,1,2
C004151,Active,25.0,0.1667,0,1
C004152,Active,16.0,0.1333,1,0
C004153,Active,14.0,0.0,0,1
C004154,Active,62.33,-0.1594,2,1
C004155,Active,182.33,0.2516,0,0
C004156,Active,36.33,0.1143,0,0
C004157,Churned,150.33,-0.0192,2,0
C004158,Active,8.0,0.2857,0,0
C004159,Churned,27.67,0.1481,0,0
C004160,Churned,7.33,-0.25,1,0
C004161,Active,11.33,0.3,0,0
C004162,Active,14.0,0.0,0,0
C004163,Active,114.67,0.3854,0,0
C004164,Active,28.0,0.1481,0,0
C004165,Active,31.0,0.0,0,0
C004166,Churned,17.67,-0.5417,0,0
C004167,Active,19.33,-0.2857,0,0
C004168,Active,17.67,0.125,0,0
C004169,Churned,19.67,-0.4583,0,0
C004170,Churned,16.67,0.2857,2,0
C004171,Active,188.33,0.0099,0,0
C004172,Active,149.67,0.3889,0,0
C004173,Active,383.67,0.1377,1,0
C004174,Active,83.0,0.1688,0,1
C004175,Active,43.33,-0.0625,1,0
C004176,Active,21.67,-0.3077,1,0
C004177,Active,19.0,-0.1429,0,0
C004178,Churned,103.33,-0.518,3,0
C004179,Active,98.67,-0.0926,0,0
C004180,Churned,32.0,0.0606,1,0
C004181,Churned,209.67,-0.5943,3,1
C004182,Active,12.67,0.6,0,0
C004183,Active,85.33,0.0843,1,0
C004184,Active,31.67,0.2963,3,0
C004185,Active,377.67,0.3482,1,0
C004186,Active,71.33,0.1639,2,0
C004187,Active,21.0,0.4706,1,0
C004188,Active,184.67,0.1067,1,0
C004189,Active,40.0,0.4412,2,0
C004190,Active,28.33,0.0667,3,0
C004191,Churned,18.67,-0.3913,1,1
C004192,Active,52.33,-0.4507,3,0
C004193,Active,65.0,-0.1538,1,0
C004194,Active,100.0,-0.0096,2,0
C004195,Active,21.33,0.0,0,0
C004196,Active,36.0,0.1714,0,0
C004197,Active,23.0,0.1905,2,0
C004198,Active,146.0,0.4194,0,0
C004199,Churned,45.0,-0.6774,1,0
C004200,Active,18.0,0.1765,1,0
C004201,Active,44.0,0.0,0,0
C004202,Churned,158.0,0.4627,2,0
C004203,Active,60.67,-0.0635,0,1
C004204,Active,30.67,0.069,1,0
C004205,Active,439.67,0.1748,0,0
C004206,Active,84.0,-0.0482,3,0
C004207,Active,20.33,-0.15,1,0
C004208,Churned,13.67,-0.5263,1,1
C004209,Active,48.33,-0.0784,0,1
C004210,Active,70.0,0.3226,0,0
C004211,Active,42.67,-0.093,0,0
C004212,Active,23.5,0.1364,0,0
C004213,Active,31.0,0.2692,0,0
C004214,Active,31.33,-0.1212,0,1
C004215,Active,17.0,0.0588,0,0
C004216,Active,28.33,0.0769,0,0
C004217,Active,336.33,-0.1214,0,0
C004218,Active,21.0,0.2222,0,0
C004219,Active,300.33,-0.1317,0,0
C004220,Churned,104.67,-0.5105,2,0
C004221,Churned,37.67,-0.566,0,0
C004222,Active,51.67,-0.3667,1,0
C004223,Churned,40.33,-0.1957,0,0
C004224,Active,26.0,0.3636,1,0
C004225,Churned,33.33,0.0588,0,2
C004226,Active,445.33,0.4088,0,0
C004227,Active,61.67,-0.2319,0,0
C004228,Active,40.67,0.3636,1,0
C004229,Churned,50.0,0.2292,1,0
C004230,Churned,16.33,-0.5238,0,0
C004231,Churned,186.0,-0.3243,0,1
C004232,Active,40.5,0.0769,0,0
C004233,Active,371.67,0.3453,0,0
C004234,Active,270.33,0.1103,0,0
C004235,Active,24.33,-0.1111,1,1
C004236,Active,58.67,-0.2419,0,0
C004237,Active,36.33,0.0278,1,0
C004238,Active,189.33,-0.1162,0,0
C004239,Active,78.0,-0.119,0,0
C004240,Active,505.0,0.207,0,0
C004241,Churned,76.33,-0.375,1,0
C004242,Active,129.0,-0.1515,1,0
C004243,Churned,14.33,-0.4211,1,0
C004244,Active,52.0,0.4048,0,0
C004245,Churned,84.0,0.0,0,0
C004246,Active,15.67,-0.1176,0,0
C004247,Active,130.0,0.1138,0,0
C004248,Churned,8.33,-0.6154,0,0
C004249,Active,74.0,0.4203,0,0
C004250,Active,175.33,-0.1632,1,0
C004251,Active,10.0,0.0,0,0
C004252,Active,72.67,-0.0375,2,0
C004253,Active,30.0,0.0,0,0
C004254,Churned,22.0,-0.2308,0,0
C004255,Active,185.33,-0.0928,2,0
C004256,Active,26.0,-0.0833,1,0
C004257,Active,64.33,-0.3067,0,0
C004258,Active,53.0,0.0,0,0
C004259,Active,374.67,-0.1553,1,0
C004260,Active,23.33,-0.3929,0,0
C004261,Active,368.0,0.1341,0,0
C004262,Churned,77.33,-0.5664,1,0
C004263,Active,50.0,-0.4615,1,0
C004264,Active,156.0,-0.1878,0,1
C004265,Active,201.33,-0.1464,1,0
C004266,Churned,17.33,0.9167,1,0
C004267,Active,20.0,0.0526,0,0
C004268,Active,59.0,-0.3611,1,0
C004269,Active,223.0,0.1031,1,0
C004270,Active,130.0,0.0,0,0
C004271,Active,321.0,-0.061,0,0
C004272,Churned,11.33,-0.4667,0,0
C004273,Active,97.0,0.425,1,0
C004274,Active,170.67,0.0443,0,0
C004275,Active,21.67,-0.2174,1,0
C004276,Active,116.0,0.0531,1,0
C004277,Active,16.33,0.2,0,0
C004278,Churned,41.0,-0.6066,0,0
C004279,Active,18.0,-0.05,0,0
C004280,Active,144.0,0.0076,1,0
C004281,Churned,16.67,-0.6154,2,0
C004282,Active,17.0,0.3846,0,1
C004283,Churned,13.0,-0.4706,0,0
C004284,Active,19.33,0.0526,0,0
C004285,Active,180.67,0.1446,0,0
C004286,Active,16.33,0.0,0,0
C004287,Active,31.0,-0.1714,0,0
C004288,Active,19.67,-0.15,0,0
C004289,Active,450.67,-0.0833,1,0
C004290,Active,20.33,0.1667,0,0
C004291,Churned,26.67,-0.4571,2,0
C004292,Active,13.33,0.25,2,0
C004293,Active,21.0,0.0,0,0
C004294,Active,27.0,-0.4,1,0
C004295,Churned,203.33,-0.509,3,0
C004296,Active,7.0,0.0,0,0
C004297,Active,24.0,0.0,0,0
C004298,Churned,51.0,0.25,1,0
C004299,Active,15.67,0.3846,0,0
C004300,Churned,251.67,-0.4756,1,0
C004301,Churned,31.0,-0.0312,0,0
C004302,Active,420.33,0.2207,0,0
C004303,Active,437.67,0.0184,1,0
C004304,Active,17.67,-0.381,1,0
C004305,Churned,78.0,-0.5238,1,1
C004306,Active,184.33,-0.1952,0,0
C004307,Active,47.67,0.2195,2,0
C004308,Active,26.0,0.3913,0,0
C004309,Churned,226.0,0.12,0,0
C004310,Active,18.0,0.0588,0,0
C004311,Active,68.67,0.1471,3,0
C004312,Active,57.67,0.1786,1,0
C004313,Active,29.67,0.2143,0,0
C004314,Active,96.67,0.3544,0,0
C004315,Active,213.67,-0.013,0,0
C004316,Active,41.33,-0.075,2,0
C004317,Active,270.33,0.0753,0,0
C004318,Active,130.33,0.094,1,0
C004319,Active,177.0,0.1006,0,0
C004320,Active,32.67,-0.1081,1,1
C004321,Active,452.33,0.0699,0,0
C004322,Active,20.33,0.0,0,0
C004323,Churned,26.67,-0.6,1,0
C004324,Active,17.0,-0.381,0,0
C004325,Churned,22.0,0.2632,1,1
C004326,Active,18.33,-0.1053,0,0
C004327,Active,128.0,-0.0493,1,0
C004328,Active,54.0,0.0392,0,0
C004329,Active,99.67,0.0312,0,0
C004330,Active,59.0,0.1897,0,0
C004331,Active,17.0,0.0,2,0
C004332,Active,330.0,0.0,0,0
C004333,Churned,16.33,-0.45,0,0
C004334,Churned,32.0,-0.4146,2,0
C004335,Active,54.33,-0.2105,0,0
C004336,Active,85.0,0.3231,1,0
C004337,Churned,34.33,-0.4894,0,1
C004338,Active,16.0,0.3333,0,0
C004339,Active,65.0,-0.2154,0,0
C004340,Active,86.33,-0.0543,0,0
C004341,Churned,15.0,-0.125,0,0
C004342,Active,60.67,-0.1493,5,0
C004343,Active,76.33,0.1194,2,0
C004344,Active,26.33,0.037,0,1
C004345,Active,202.67,0.0308,1,0
C004346,Churned,338.33,-0.1412,5,0
C004347,Active,40.0,-0.3043,1,0
C004348,Active,103.0,-0.0841,0,0
C004349,Active,26.67,0.1154,0,0
C004350,Active,124.33,0.1695,0,0
C004351,Active,12.33,0.0,0,0
C004352,Active,25.67,-0.0435,1,0
C004353,Active,136.0,0.2441,0,0
C004354,Active,18.33,-0.0556,0,0
C004355,Active,169.67,-0.0955,0,0
C004356,Churned,100.67,0.0385,1,0
C004357,Active,224.0,0.0326,0,0
C004358,Active,71.67,-0.1646,0,0
C004359,Active,13.0,-0.4375,1,1
C004360,Active,34.67,0.0,1,0
C004361,Active,145.67,0.3607,1,0
C004362,Active,26.0,0.0,1,0
C004363,Active,246.5,0.0205,1,0
C004364,Active,483.67,0.357,0,0
C004365,Active,147.0,0.0878,1,0
C004366,Active,24.33,0.2273,0,0
C004367,Active,26.67,0.2083,1,1
C004368,Churned,19.33,-0.1,3,1
C004369,Active,14.0,0.0,0,0
C004370,Active,184.67,-0.071,1,0
C004371,Active,31.33,0.069,0,1
C004372,Active,38.33,0.3438,1,0
C004373,Active,27.0,0.0345,0,0
C004374,Active,28.67,-0.0323,0,0
C004375,Active,56.0,-0.0357,0,0
C004376,Churned,36.33,-0.4186,1,0
C004377,Active,64.67,0.15,2,0
C004378,Active,13.0,0.1667,0,0
C004379,Active,48.67,-0.0408,1,0
C004380,Active,60.67,-0.1515,1,0
C004381,Churned,9.0,-0.5,2,0
C004382,Churned,23.33,-0.5152,0,0
C004383,Active,71.0,0.029,0,0
C004384,Active,10.0,0.1,0,0
C004385,Active,51.33,-0.0385,0,0
C004386,Active,462.0,0.0166,1,0
C004387,Active,13.33,0.2727,0,0
C004388,Churned,15.0,0.0,2,0
C004389,Active,116.0,0.0,0,0
C004390,Active,9.0,-0.1,0,0
C004391,Active,33.67,0.027,0,0
C004392,Active,516.67,-0.1825,0,0
C004393,Active,68.0,0.1029,0,1
C004394,Active,164.33,0.0128,1,0
C004395,Active,15.33,0.0,0,0
C004396,Churned,161.33,0.1589,2,0
C004397,Active,62.33,0.0635,2,0
C004398,Churned,84.67,-0.5,2,0
C004399,Active,22.0,0.0,1,0
C004400,Churned,239.67,-0.4863,0,0
C004401,Active,219.33,-0.0044,1,0
C004402,Active,264.33,-0.3779,0,0
C004403,Active,32.33,-0.0857,0,1
C004404,Active,21.33,0.05,0,0
C004405,Active,31.33,0.1429,1,0
C004406,Active,16.33,-0.3333,0,0
C004407,Active,489.33,-0.0062,1,0
C004408,Active,25.67,0.08,1,0
C004409,Active,101.5,-0.2035,1,0
C004410,Active,73.0,0.1449,0,0
C004411,Churned,12.33,-0.625,2,1
C004412,Active,59.0,0.0,0,0
C004413,Active,201.0,0.1848,1,0
C004414,Active,66.0,-0.4186,0,0
C004415,Churned,12.67,-0.4706,1,1
C004416,Active,173.33,-0.1746,0,0
C004417,Active,19.33,-0.2727,1,0
C004418,Active,185.0,0.116,0,0
C004419,Active,43.0,0.4571,0,0
C004420,Active,15.0,0.0,0,0
C004421,Active,18.0,-0.2,0,0
C004422,Active,51.67,0.0833,0,0
C004423,Active,183.67,-0.1292,0,0
C004424,Active,11.5,-0.2308,0,0
C004425,Active,30.0,0.0357,1,0
C004426,Active,17.0,0.0625,0,0
C004427,Active,28.67,-0.1,0,0
C004428,Active,15.0,0.0,0,1
C004429,Active,26.0,0.0417,3,1
C004430,Active,33.0,-0.1389,0,1
C004431,Active,19.0,-0.5,3,1
C004432,Active,327.0,0.1693,3,0
C004433,Active,42.0,-0.5574,0,0
C004434,Active,54.33,0.4,0,0
C004435,Active,15.0,0.0,0,0
C004436,Churned,39.0,-0.5636,0,0
C004437,Active,423.67,0.0513,1,0
C004438,Churned,10.33,-0.4167,2,0
C004439,Active,83.0,0.1111,1,0
C004440,Active,22.33,-0.3571,0,0
C004441,Active,17.67,-0.5385,1,0
C004442,Active,21.0,-0.25,0,1
C004443,Churned,72.33,-0.3444,3,0
C004444,Active,183.0,0.3935,0,0
C004445,Active,81.33,-0.2421,0,0
C004446,Active,22.33,0.3,0,0
C004447,Active,46.0,-0.3729,1,0
C004448,Active,23.33,-0.3929,0,0
C004449,Active,17.0,0.0667,1,0
C004450,Active,25.33,-0.1724,1,0
C004451,Churned,85.0,-0.5372,2,0
C004452,Active,447.0,0.0375,2,0
C004453,Active,236.33,0.2817,1,0
C004454,Active,157.0,0.1677,1,0
C004455,Active,85.33,-0.0778,2,0
C004456,Active,22.33,-0.0435,0,0
C004457,Active,176.67,-0.1086,0,0
C004458,Active,20.33,0.0455,3,0
C004459,Churned,10.0,-0.5714,1,0
C004460,Active,89.67,0.4459,0,0
C004461,Active,50.0,0.1277,0,0
C004462,Churned,19.33,0.1765,1,0
C004463,Churned,34.0,0.25,1,0
C004464,Active,375.33,0.3716,0,0
C004465,Active,29.33,0.0345,1,0
C004466,Churned,25.67,-0.5294,0,0
C004467,Active,134.33,0.1405,0,0
C004468,Active,483.0,0.0552,0,0
C004469,Active,477.0,0.3777,0,0
C004470,Active,46.0,0.4865,0,0
C004471,Active,148.33,0.5238,0,0
C004472,Active,61.33,-0.1111,0,0
C004473,Active,56.67,0.0508,0,0
C004474,Active,48.0,0.2857,0,0
C004475,Active,18.33,0.2353,0,0
C004476,Active,167.33,0.2708,2,0
C004477,Active,64.67,0.0806,0,0
C004478,Churned,10.33,-0.4615,1,0
C004479,Churned,64.0,-0.5455,0,0
C004480,Churned,290.67,-0.5934,0,0
C004481,Churned,15.0,-0.4118,0,0
C004482,Active,43.0,-0.1628,0,0
C004483,Active,157.0,0.0129,2,0
C004484,Active,162.33,0.0955,0,0
C004485,Active,289.67,0.1403,0,0
C004486,Active,9.0,0.0,0,0
C004487,Active,50.0,-0.087,1,0
C004488,Active,23.67,0.0455,0,1
C004489,Active,127.67,-0.1034,0,0
C004490,Active,10.0,0.0,0,0
C004491,Active,23.0,0.25,1,0
C004492,Churned,116.33,-0.5956,2,0
C004493,Active,162.67,0.2105,2,0
C004494,Active,42.67,0.0714,0,0
C004495,Active,59.67,-0.4247,1,0
C004496,Churned,43.67,-0.5254,1,1
C004497,Active,26.33,-0.0357,0,0
C004498,Active,9.67,0.0,3,0
C004499,Active,58.33,0.4,2,0
C004500,Active,55.33,0.0588,1,0
C004501,Active,16.33,-0.0588,2,0
C004502,Active,20.33,0.2353,0,0
C004503,Active,51.33,0.1224,1,0
C004504,Active,24.33,-0.5405,0,0
C004505,Active,26.0,0.0,2,0
C004506,Active,9.0,0.0,0,0
C004507,Active,26.67,0.12,1,0
C004508,Active,41.0,-0.0976,1,0
C004509,Active,63.67,-0.1642,0,0
C004510,Active,30.67,0.1379,1,0
C004511,Active,28.67,-0.0625,1,0
C004512,Churned,52.33,0.2791,0,1
C004513,Active,516.33,-0.0581,1,0
C004514,Active,71.33,-0.2439,0,0
C004515,Churned,36.0,-0.56,1,0
C004516,Active,66.0,-0.3953,0,0
C004517,Churned,14.0,-0.5909,1,0
C004518,Active,35.0,0.0882,1,0
C004519,Active,133.33,-0.3869,0,0
C004520,Churned,21.0,-0.4815,1,0
C004521,Active,13.0,0.0,0,1
C004522,Active,184.67,-0.0361,1,0
C004523,Active,77.33,-0.1724,1,0
C004524,Active,35.67,0.0625,2,0
C004525,Active,72.67,0.0959,1,0
C004526,Churned,43.33,-0.3125,1,0
C004527,Active,155.0,0.0,0,0
C004528,Active,124.33,-0.0074,1,0
C004529,Churned,11.0,-0.6,2,1
C004530,Active,18.67,0.1579,0,0
C004531,Active,522.33,-0.1608,0,0
C004532,Active,12.0,0.2727,0,0
C004533,Active,119.33,-0.1504,2,0
C004534,Active,77.0,0.3433,0,0
C004535,Active,22.33,-0.0833,0,0
C004536,Active,27.67,-0.0968,1,0
C004537,Active,65.33,0.0143,0,0
C004538,Active,188.67,0.157,0,0
C004539,Churned,24.0,0.0,2,0
C004540,Active,19.0,-0.1,0,0
C004541,Churned,12.33,-0.6111,0,0
C004542,Active,39.0,0.6667,0,0
C004543,Active,266.0,0.0,0,0
C004544,Active,27.33,-0.037,2,0
C004545,Active,21.33,0.15,1,0
C004546,Churned,7.67,-0.4444,0,0
C004547,Active,206.0,-0.1127,0,0
C004548,Churned,8.67,-0.5455,0,0
C004549,Active,104.67,-0.0297,0,0
C004550,Active,30.67,-0.0625,2,0
C004551,Churned,11.33,-0.3846,2,0
C004552,Active,33.5,0.1613,0,0
C004553,Active,25.67,0.08,0,0
C004554,Active,194.0,-0.299,0,0
C004555,Active,57.0,-0.0364,2,0
C004556,Churned,101.67,0.0417,0,0
C004557,Active,190.0,-0.0324,1,0
C004558,Active,63.33,-0.0345,0,0
C004559,Active,83.33,-0.1236,0,0
C004560,Churned,100.67,0.1957,1,0
C004561,Active,211.67,-0.1727,0,0
C004562,Active,43.67,-0.0612,0,1
C004563,Active,46.33,0.4865,0,0
C004564,Active,82.67,0.2794,1,0
C004565,Churned,30.0,-0.4615,0,0
C004566,Active,193.67,0.4417,1,0
C004567,Active,164.33,0.0542,0,0
C004568,Active,64.67,-0.1143,1,0
C004569,Active,59.33,0.1132,1,0
C004570,Active,11.0,0.3,0,0
C004571,Active,14.33,0.3333,0,0
C004572,Churned,76.33,-0.549,0,1
C004573,Active,25.67,0.0769,1,0
C004574,Churned,11.5,0.5556,1,0
C004575,Active,336.0,-0.0673,4,0
C004576,Active,52.0,-0.4848,1,0
C004577,Active,413.0,-0.082,0,0
C004578,Churned,16.67,-0.4286,2,1
C004579,Active,33.0,0.0938,1,1
C004580,Churned,8.33,-0.3333,0,0
C004581,Active,189.33,0.0199,1,0
C004582,Active,164.33,0.1592,0,0
C004583,Active,184.33,0.2235,1,0
C004584,Active,274.0,-0.3045,0,0
C004585,Active,155.67,-0.205,0,0
C004586,Churned,23.33,-0.5172,0,0
C004587,Active,15.67,0.0667,2,0
C004588,Active,424.33,0.1811,0,0
C004589,Active,15.67,0.5,1,0
C004590,Active,113.67,-0.0648,0,2
C004591,Active,159.0,0.2254,0,0
C004592,Churned,49.0,-0.5152,1,0
C004593,Active,162.67,0.0903,0,0
C004594,Churned,14.0,0.0,0,1
C004595,Active,41.67,0.4848,1,0
C004596,Active,447.33,-0.1919,0,0
C004597,Churned,20.67,-0.0476,2,1
C004598,Active,33.0,0.0,0,0
C004599,Active,61.0,0.1481,0,0
C004600,Active,22.5,0.3684,0,0
C004601,Active,57.67,0.0714,0,0
C004602,Active,59.67,-0.0179,1,0
C004603,Active,207.0,-0.2738,1,0
C004604,Churned,42.33,-0.4821,0,1
C004605,Active,182.67,-0.1832,1,0
C004606,Churned,7.67,-0.4,2,0
C004607,Churned,89.0,-0.5242,0,1
C004608,Churned,17.0,-0.7407,0,1
C004609,Active,8.0,0.0,1,0
C004610,Active,122.0,0.0,0,0
C004611,Churned,92.33,-0.4248,0,0
C004612,Active,22.33,0.3158,1,0
C004613,Churned,89.0,-0.6029,0,0
C004614,Churned,64.0,-0.1739,0,1
C004615,Active,58.0,0.0,0,0
C004616,Active,50.0,-0.2679,0,0
C004617,Active,62.0,-0.2899,1,0
C004618,Active,82.67,0.2078,1,0
C004619,Churned,23.67,-0.087,0,0
C004620,Active,11.0,0.0,1,0
C004621,Active,98.0,0.0,0,0
C004622,Active,540.0,0.3172,2,1
C004623,Active,52.33,-0.1754,0,0
C004624,Active,54.0,0.0,1,0
C004625,Active,67.67,-0.0455,2,0
C004626,Churned,9.33,0.5714,1,0
C004627,Churned,75.33,-0.5321,0,1
C004628,Active,30.33,-0.0333,0,0
C004629,Churned,17.0,0.0,0,0
C004630,Active,51.0,-0.1111,0,0
C004631,Active,21.0,0.0,1,0
C004632,Active,20.0,-0.4444,0,0
C004633,Active,50.0,0.0,1,0
C004634,Active,73.67,-0.038,0,0
C004635,Churned,32.33,-0.1429,0,0
C004636,Churned,20.33,-0.6129,0,0
C004637,Active,25.33,-0.3103,0,0
C004638,Active,62.0,-0.0923,0,1
C004639,Active,12.0,-0.2308,0,0
C004640,Active,22.0,-0.087,0,0
C004641,Active,20.0,0.1176,1,0
C004642,Active,68.0,0.0,0,0
C004643,Churned,16.67,-0.6,0,1
C004644,Active,18.67,0.3125,0,0
C004645,Active,16.0,0.4615,0,0
C004646,Active,386.0,0.0257,1,0
C004647,Active,168.0,-0.161,3,0
C004648,Churned,25.33,-0.5455,0,0
C004649,Active,13.33,0.7,0,0
C004650,Active,27.67,0.1111,1,0
C004651,Active,137.0,-0.4971,3,0
C004652,Active,105.5,0.0095,0,0
C004653,Active,58.33,-0.6098,1,0
C004654,Churned,11.67,-0.5625,1,0
C004655,Active,49.0,-0.2157,0,1
C004656,Churned,54.5,0.0185,2,0
C004657,Active,370.67,-0.0233,0,0
C004658,Active,41.0,0.1538,0,0
C004659,Churned,18.0,-0.5417,1,0
C004660,Active,52.33,-0.5135,0,0
C004661,Churned,94.0,-0.4672,4,0
C004662,Active,355.67,0.1726,2,0
C004663,Active,19.33,0.0,1,1
C004664,Active,64.33,-0.1471,1,1
C004665,Active,13.67,-0.2778,1,0
C004666,Active,24.0,0.1364,2,0
C004667,Active,130.0,-0.3663,3,0
C004668,Active,66.0,-0.1014,1,0
C004669,Active,111.67,-0.0902,0,0
C004670,Active,25.67,-0.4706,0,0
C004671,Active,39.33,0.0,0,0
C004672,Active,46.0,-0.0638,0,0
C004673,Active,27.33,0.0,2,0
C004674,Active,52.67,0.2857,0,0
C004675,Active,132.0,-0.1509,2,0
C004676,Active,66.67,-0.0541,0,0
C004677,Churned,70.33,-0.5155,0,0
C004678,Active,14.67,0.0,0,0
C004679,Churned,25.67,0.2609,2,1
C004680,Active,88.67,-0.0532,3,0
C004681,Active,84.67,0.2466,0,0
C004682,Active,23.0,-0.32,0,0
C004683,Active,230.0,0.0617,1,0
C004684,Churned,96.0,-0.4603,0,0
C004685,Active,291.0,0.7628,0,0
C004686,Active,17.0,0.6154,1,0
C004687,Active,67.67,-0.1867,0,1
C004688,Active,68.0,-0.0563,0,0
C004689,Active,155.33,0.0566,1,0
C004690,Churned,185.0,-0.0642,0,0
C004691,Active,71.67,-0.0909,0,0
C004692,Churned,15.0,0.0,0,0
C004693,Active,421.33,-0.1472,1,0
C004694,Active,46.5,0.0217,0,0
C004695,Active,66.33,-0.2192,2,0
C004696,Active,459.67,0.2391,0,0
C004697,Active,25.67,-0.1786,0,0
C004698,Active,23.33,-0.1538,0,0
C004699,Active,16.0,0.1333,0,0
C004700,Active,107.0,0.443,0,0
C004701,Active,252.5,-0.0577,1,0
C004702,Active,16.33,-0.4091,0,0
C004703,Active,16.0,0.0,0,0
C004704,Active,16.0,0.2143,0,0
C004705,Active,36.67,0.1081,2,0
C004706,Churned,44.67,-0.4576,2,0
C004707,Active,27.0,-0.4412,0,0
C004708,Active,23.33,0.0909,0,0
C004709,Active,14.0,0.0,1,0
C004710,Active,16.0,0.0,1,0
C004711,Active,49.67,0.1905,0,0
C004712,Churned,17.0,-0.5652,0,0
C004713,Churned,14.0,-0.5789,1,0
C004714,Active,176.33,0.1111,1,0
C004715,Active,15.0,0.2,0,0
C004716,Active,51.67,0.3095,1,0
C004717,Active,50.33,0.2889,1,1
C004718,Active,55.5,0.1765,0,0
C004719,Active,30.33,-0.1515,2,0
C004720,Churned,23.33,0.1905,1,1
C004721,Active,60.67,0.2941,0,0
C004722,Active,10.0,0.0,0,0
C004723,Active,13.0,-0.3333,0,0
C004724,Active,47.67,0.1905,2,0
C004725,Active,12.33,0.6667,1,0
C004726,Active,25.67,0.0,0,0
C004727,Churned,146.33,0.1429,0,0
C004728,Churned,146.0,0.3456,2,1
C004729,Churned,62.67,0.15,1,0
C004730,Active,208.67,0.0817,1,0
C004731,Active,14.33,-0.2222,2,0
C004732,Active,105.67,0.5176,2,0
C004733,Active,18.67,0.1053,1,0
C004734,Active,16.0,-0.0625,1,0
C004735,Active,141.0,-0.1019,0,0
C004736,Active,99.0,0.0,2,0
C004737,Churned,113.67,0.0,0,0
C004738,Active,58.33,-0.05,1,0
C004739,Active,14.33,0.3846,1,0
C004740,Active,17.0,0.0,0,0
C004741,Active,71.0,-0.1333,0,0
C004742,Churned,15.67,-0.35,0,1
C004743,Active,58.67,-0.5122,1,0
C004744,Active,14.67,0.0,1,0
C004745,Active,26.33,-0.0357,1,0
C004746,Active,25.0,-0.2143,0,0
C004747,Churned,20.0,-0.5185,1,0
C004748,Churned,6.0,-0.2857,1,1
C004749,Active,112.33,-0.1058,0,0
C004750,Churned,17.67,-0.6429,1,1
C004751,Active,9.67,-0.4167,0,0
C004752,Active,13.67,-0.2941,0,0
C004753,Churned,26.33,-0.5294,0,1
C004754,Active,23.67,0.0,1,0
C004755,Active,49.0,0.1818,0,0
C004756,Active,151.0,0.0882,0,0
C004757,Active,77.33,0.3733,0,0
C004758,Active,112.33,-0.0667,0,0
C004759,Active,24.33,0.0,0,0
C004760,Active,311.33,0.1661,0,1
C004761,Active,10.0,-0.0909,1,0
C004762,Churned,50.33,-0.0612,0,1
C004763,Active,165.33,-0.0894,3,0
C004764,Active,9.0,-0.3636,1,0
C004765,Churned,10.67,-0.5,4,0
C004766,Active,15.67,0.0,0,0
C004767,Active,223.33,0.1675,2,0
C004768,Active,29.0,0.5652,1,0
C004769,Churned,70.0,-0.1351,3,0
C004770,Active,92.33,-0.2095,0,0
C004771,Active,74.33,-0.0488,1,0
C004772,Churned,14.33,-0.6667,0,0
C004773,Active,80.33,0.7377,1,0
C004774,Active,27.67,-0.1379,1,0
C004775,Churned,8.67,-0.5833,1,0
C004776,Active,34.0,-0.2821,0,0
C004777,Active,22.0,0.0,0,0
C004778,Active,19.0,0.0,0,0
C004779,Active,58.33,0.0678,0,0
C004780,Churned,143.67,0.0652,0,0
C004781,Active,29.33,0.2083,0,0
C004782,Active,230.0,0.1008,2,0
C004783,Churned,121.0,-0.6486,0,0
C004784,Active,71.67,-0.1139,0,1
C004785,Active,301.67,0.8333,0,0
C004786,Churned,85.33,-0.3853,2,0
C004787,Active,12.33,0.1667,1,0
C004788,Active,73.33,-0.0139,2,1
C004789,Churned,21.0,-0.1739,1,1
C004790,Active,118.0,-0.1615,0,0
C004791,Active,26.67,-0.1429,0,0
C004792,Churned,5.67,-0.4286,0,0
C004793,Active,62.67,0.283,1,0
C004794,Active,348.0,0.0901,2,0
C004795,Active,45.67,-0.4333,0,0
C004796,Active,21.0,0.0,1,0
C004797,Active,65.33,-0.2432,3,0
C004798,Active,37.5,0.1429,0,0
C004799,Active,159.33,-0.1471,2,0
C004800,Active,62.0,0.0,1,0
C004801,Active,29.0,0.4,2,0
C004802,Churned,10.0,-0.4167,0,0
C004803,Active,26.67,0.3913,1,0
C004804,Churned,8.0,0.0,0,0
C004805,Active,53.0,-0.0526,0,0
C004806,Active,166.0,0.1069,0,0
C004807,Active,37.33,-0.25,1,0
C004808,Active,17.67,-0.4167,0,0
C004809,Active,54.0,0.3333,0,0
C004810,Active,17.0,0.0,0,0
C004811,Active,81.0,0.1169,0,0
C004812,Churned,22.0,-0.4815,0,0
C004813,Active,24.0,0.5882,1,0
C004814,Active,318.0,-0.3915,0,0
C004815,Active,60.0,0.1818,2,0
C004816,Active,73.0,0.2344,1,0
C004817,Active,12.0,0.1818,0,0
C004818,Active,43.67,0.4474,0,0
C004819,Active,58.33,0.0526,1,0
C004820,Active,53.67,0.1346,1,0
C004821,Active,80.33,-0.1395,0,0
C004822,Active,112.67,-0.0932,0,0
C004823,Active,327.33,0.0476,0,0
C004824,Active,215.0,-0.4342,0,1
C004825,Active,13.67,-0.1875,0,0
C004826,Active,44.67,0.5882,0,0
C004827,Active,19.33,0.1875,1,0
C004828,Active,18.67,-0.3,0,0
C004829,Active,156.0,0.0,0,0
C004830,Active,385.0,0.1698,1,0
C004831,Active,151.67,-0.0242,1,0
C004832,Churned,14.0,-0.6,3,0
C004833,Active,118.0,0.2264,0,1
C004834,Churned,139.0,0.0658,0,0
C004835,Active,11.5,0.3,0,0
C004836,Active,130.33,-0.1148,0,0
C004837,Active,20.33,0.2941,1,0
C004838,Churned,26.0,0.0,1,0
C004839,Active,11.67,0.3,0,0
C004840,Churned,27.33,-0.0714,2,0
C004841,Active,143.0,-0.3661,0,0
C004842,Active,23.0,-0.1304,2,0
C004843,Active,59.33,-0.0161,0,0
C004844,Active,82.33,0.169,0,0
C004845,Active,19.33,0.3125,1,0
C004846,Active,42.33,0.3077,2,1
C004847,Active,24.67,-0.2069,0,0
C004848,Churned,116.67,-0.5595,0,0
C004849,Active,7.0,0.0,0,0
C004850,Churned,107.33,-0.4476,1,1
C004851,Active,25.67,0.0385,2,0
C004852,Active,203.0,-0.439,1,0
C004853,Churned,51.67,-0.1321,0,0
C004854,Active,173.0,0.0062,2,0
C004855,Active,65.0,-0.1471,0,0
C004856,Active,428.0,-0.024,0,0
C004857,Active,36.0,-0.3488,0,0
C004858,Active,38.67,0.027,0,0
C004859,Active,18.33,0.375,1,0
C004860,Active,23.0,-0.2308,1,0
C004861,Active,59.33,0.1379,1,0
C004862,Churned,241.67,0.0638,1,1
C004863,Active,44.33,0.075,1,0
C004864,Churned,184.33,0.12,1,0
C004865,Active,102.0,0.0,1,0
C004866,Active,19.33,-0.2174,3,0
C004867,Churned,18.67,-0.5417,0,1
C004868,Active,29.67,0.2692,0,0
C004869,Active,47.0,-0.5873,0,1
C004870,Active,24.33,0.1364,0,0
C004871,Active,57.33,-0.1129,0,0
C004872,Active,12.33,0.4,0,0
C004873,Active,159.0,0.0533,0,0
C004874,Churned,8.67,-0.3,0,0
C004875,Active,35.33,-0.2,1,1
C004876,Active,38.33,-0.3636,3,0
C004877,Active,32.67,-0.0588,1,0
C004878,Active,86.33,0.0595,0,0
C004879,Active,77.67,-0.037,1,0
C004880,Active,31.67,-0.1212,0,0
C004881,Churned,42.67,-0.463,1,1
C004882,Active,67.0,0.0,0,0
C004883,Churned,44.33,-0.5,1,0
C004884,Churned,13.67,-0.5263,1,0
C004885,Active,41.0,0.0,1,0
C004886,Active,182.0,0.0,0,0
C004887,Active,20.0,0.1053,0,0
C004888,Churned,134.67,-0.582,1,0
C004889,Active,13.0,0.0,2,0
C004890,Active,294.0,0.5936,0,0
C004891,Active,17.0,-0.1111,1,0
C004892,Active,7.67,-0.6364,0,0
C004893,Churned,23.67,-0.2963,0,0
C004894,Churned,9.67,-0.4167,0,0
C004895,Active,54.33,0.0714,0,0
C004896,Churned,16.67,-0.6,3,0
C004897,Active,13.33,-0.3125,0,1
C004898,Active,45.67,0.4211,0,0
C004899,Active,80.33,0.4219,0,1
C004900,Active,85.5,0.3108,0,0
C004901,Active,102.33,0.0204,0,0
C004902,Churned,15.0,-0.5909,0,1
C004903,Active,22.67,0.2381,2,0
C004904,Active,77.0,-0.1183,0,0
C004905,Churned,69.33,-0.3929,0,0
C004906,Active,23.33,-0.1364,1,0
C004907,Active,94.33,-0.0612,2,0
C004908,Active,25.0,-0.0741,0,0
C004909,Active,338.33,0.0517,0,0
C004910,Churned,14.33,0.1538,1,2
C004911,Active,16.67,0.0625,0,0
C004912,Active,12.0,0.3,0,0
C004913,Active,32.67,-0.1765,0,0
C004914,Active,480.67,-0.1196,0,0
C004915,Active,24.67,-0.0769,1,0
C004916,Churned,143.33,-0.1083,4,0
C004917,Active,151.0,0.2015,2,0
C004918,Active,169.67,-0.1582,0,0
C004919,Active,214.33,-0.144,0,0
C004920,Active,60.0,0.0727,0,0
C004921,Active,37.33,-0.1316,1,0
C004922,Active,19.33,-0.1,0,0
C004923,Active,28.0,0.16,0,0
C004924,Active,120.67,0.4356,2,0
C004925,Churned,65.67,-0.4706,2,0
C004926,Active,65.0,0.0725,2,0
C004927,Active,12.67,-0.1538,1,0
C004928,Active,19.67,0.0,1,0
C004929,Active,150.0,0.1549,0,0
C004930,Active,18.33,0.2353,1,0
C004931,Active,130.33,0.7579,0,0
C004932,Active,131.0,-0.298,3,0
C004933,Active,95.67,0.1778,0,0
C004934,Active,12.0,-0.0769,0,0
C004935,Active,12.0,0.1818,0,0
C004936,Active,28.67,-0.129,0,1
C004937,Active,26.0,0.08,1,0
C004938,Active,360.5,0.4033,2,0
C004939,Active,68.33,0.2623,0,0
C004940,Active,18.0,0.0,0,0
C004941,Churned,83.67,-0.6239,2,0
C004942,Churned,12.0,-0.5,3,0
C004943,Churned,9.0,-0.5833,1,0
C004944,Active,463.0,0.0342,0,0
C004945,Churned,20.0,0.1053,0,0
C004946,Active,121.67,-0.2517,1,0
C004947,Churned,13.67,-0.4118,0,0
C004948,Churned,138.0,0.0,0,0
C004949,Active,127.0,-0.2016,0,0
C004950,Active,133.33,-0.3533,0,0
C004951,Active,86.0,0.061,1,0
C004952,Active,63.33,0.3393,0,0
C004953,Active,16.0,0.0,2,0
C004954,Active,129.0,0.0703,1,0
C004955,Active,17.67,-0.1053,0,0
C004956,Active,22.33,0.0,0,0
C004957,Churned,116.0,-0.0515,2,0
C004958,Active,24.33,0.0952,1,0
C004959,Churned,11.0,-0.3846,2,0
C004960,Active,45.33,0.175,0,0
C004961,Active,63.33,0.1803,0,0
C004962,Active,27.0,-0.037,1,0
C004963,Active,57.0,-0.0635,0,0
C004964,Active,21.33,0.1667,0,0
C004965,Active,37.67,0.1389,1,0
C004966,Churned,66.67,-0.5158,1,1
C004967,Active,22.33,0.0833,1,0
C004968,Active,70.67,-0.3704,0,0
C004969,Active,54.67,0.2766,1,0
C004970,Active,23.0,-0.1923,1,1
C004971,Active,30.0,0.0714,0,0
C004972,Active,21.67,-0.16,1,0
C004973,Churned,27.67,-0.6047,0,0
C004974,Active,92.33,0.3415,1,0
C004975,Churned,38.33,-0.5185,1,0
C004976,Churned,24.33,0.0417,0,0
C004977,Active,18.0,0.1765,1,0
C004978,Active,26.0,-0.0385,0,0
C004979,Active,164.0,0.5259,0,0
C004980,Active,213.33,0.1791,1,0
C004981,Churned,30.0,-0.6,0,0
C004982,Active,47.67,0.1951,1,1
C004983,Active,74.0,0.2381,0,0
C004984,Active,84.33,-0.2449,1,0
C004985,Active,65.67,0.1148,2,0
C004986,Active,26.0,0.04,1,0
C004987,Active,52.67,0.5106,0,0
C004988,Active,21.0,0.0556,0,0
C004989,Active,41.33,0.1053,0,0
C004990,Active,158.67,0.1169,0,0
C004991,Active,30.33,0.0333,0,1
C004992,Active,194.67,0.0765,0,0
C004993,Active,71.0,0.0,0,0
C004994,Active,23.67,-0.1111,0,0
C004995,Churned,37.0,-0.5833,0,0
C004996,Churned,66.67,-0.1067,2,0
C004997,Active,10.5,0.1,0,0
C004998,Churned,10.33,-0.2308,0,1
C004999,Churned,27.0,0.2917,3,0
C005000,Churned,16.33,-0.5652,0,0
C005001,Churned,13.0,-0.4375,1,1
C005002,Active,60.0,0.2453,0,0
C005003,Active,280.0,0.2416,0,0
C005004,Active,40.67,-0.3208,0,0
C005005,Active,25.0,0.08,0,0
C005006,Churned,11.67,-0.5625,0,0
C005007,Active,413.0,0.0443,0,0
C005008,Active,144.67,-0.1111,0,0
C005009,Active,183.33,-0.0642,0,0
C005010,Active,42.33,-0.0909,0,0
C005011,Active,24.67,0.3333,1,0
C005012,Active,28.33,0.1538,0,0
C005013,Active,21.33,-0.1905,1,0
C005014,Active,135.67,-0.1224,1,0
C005015,Churned,53.0,0.1176,2,1
C005016,Active,22.5,-0.0435,1,0
C005017,Churned,33.0,-0.5435,0,0
C005018,Active,53.0,0.0385,1,0
C005019,Active,57.0,0.125,0,0
C005020,Active,73.33,-0.0286,0,0
C005021,Churned,182.0,0.3464,1,1
C005022,Active,172.33,0.0867,0,0
C005023,Churned,82.67,-0.3956,1,0
C005024,Churned,29.33,-0.5122,2,0
C005025,Churned,10.67,-0.625,4,1
C005026,Active,26.33,-0.1,0,0
C005027,Active,67.0,-0.4787,0,0
C005028,Active,35.33,0.1212,0,0
C005029,Active,20.67,-0.087,0,0
C005030,Active,16.0,0.0,1,0
C005031,Active,22.67,-0.087,1,0
C005032,Active,135.0,0.0,0,0
C005033,Active,27.33,-0.2,0,0
C005034,Active,13.33,-0.0714,0,0
C005035,Churned,27.0,-0.5854,1,0
C005036,Active,32.33,-0.0909,0,0
C005037,Active,154.33,-0.0366,0,0
C005038,Churned,12.67,-0.2667,0,0
C005039,Active,169.67,-0.1135,0,0
C005040,Active,59.33,0.1607,2,0
C005041,Churned,13.0,-0.4375,0,0
C005042,Active,75.0,0.0658,1,0
C005043,Active,18.33,0.0588,0,0
C005044,Active,21.67,0.0526,0,0
C005045,Churned,13.33,-0.3333,1,1
C005046,Active,333.33,0.0316,1,0
C005047,Active,71.0,0.2344,0,0
C005048,Churned,78.67,-0.5702,0,0
C005049,Active,27.67,-0.1667,0,1
C005050,Churned,92.0,-0.6016,4,0
C005051,Active,193.67,-0.0514,0,1
C005052,Active,30.33,0.0,0,0
C005053,Active,31.0,-0.2571,0,0
C005054,Active,14.0,0.0714,0,1
C005055,Churned,195.33,-0.2333,0,1
C005056,Active,68.0,0.1429,0,0
C005057,Churned,11.0,-0.4286,1,0
C005058,Active,33.0,0.0,0,0
C005059,Active,28.0,-0.1333,0,0
C005060,Active,21.0,0.05,1,0
C005061,Active,25.67,0.1304,0,0
C005062,Active,16.0,0.0,0,0
C005063,Churned,9.0,-0.5385,2,0
C005064,Active,12.0,-0.4,1,0
C005065,Active,346.33,0.2883,0,0
C005066,Active,14.0,0.0,0,0
C005067,Active,23.0,0.0417,1,0
C005068,Active,22.67,0.0476,0,0
C005069,Active,71.67,0.197,0,0
C005070,Active,25.67,-0.1111,0,0
C005071,Churned,16.0,-0.4737,2,0
C005072,Active,24.67,-0.037,2,0
C005073,Active,32.33,-0.0882,2,0
C005074,Active,22.0,-0.0769,1,0
C005075,Active,131.67,0.3091,0,0
C005076,Active,19.0,0.0,0,0
C005077,Active,17.5,-0.1579,0,1
C005078,Churned,31.33,0.0,4,1
C005079,Active,11.67,0.0909,0,0
C005080,Churned,107.67,-0.3841,2,0
C005081,Churned,75.67,-0.3814,5,0
C005082,Churned,29.5,-0.561,0,0
C005083,Active,15.0,0.0,0,0
C005084,Active,22.67,-0.5,0,0
C005085,Active,193.0,-0.0645,0,0
C005086,Active,26.67,0.125,0,0
C005087,Active,439.0,0.0226,0,0
C005088,Churned,7.0,-0.3333,0,0
C005089,Active,339.67,-0.4717,0,0
C005090,Active,22.33,0.3,0,0
C005091,Active,36.67,-0.5882,0,0
C005092,Active,157.33,-0.1529,0,0
C005093,Active,21.0,0.2105,0,0
C005094,Churned,31.33,-0.5833,3,0
C005095,Churned,165.0,-0.3981,2,1
C005096,Churned,23.0,-0.4286,0,0
C005097,Churned,53.67,0.0588,1,1
C005098,Active,22.33,-0.087,1,0
C005099,Active,165.33,0.2308,1,0
C005100,Churned,37.0,-0.5536,1,1
C005101,Active,14.0,0.4545,1,1
C005102,Active,11.0,-0.4286,0,0
C005103,Active,25.33,0.0435,1,0
C005104,Active,77.0,0.0263,1,0
C005105,Active,105.0,-0.0909,2,0
C005106,Churned,16.0,-0.5217,4,0
C005107,Active,15.33,-0.125,1,0
C005108,Active,25.0,0.1667,0,0
C005109,Active,18.33,0.1875,0,0
C005110,Active,68.33,0.2419,3,0
C005111,Active,17.0,0.0,3,0
C005112,Churned,13.0,-0.5263,1,0
C005113,Active,132.33,-0.0811,1,0
C005114,Active,496.67,0.0948,0,0
C005115,Active,56.67,0.1296,0,0
C005116,Active,291.67,-0.0344,1,0
C005117,Active,36.0,-0.1316,2,0
C005118,Active,82.67,-0.0562,0,0
C005119,Churned,40.0,-0.38,1,0
C005120,Active,44.33,0.2439,1,0
C005121,Active,50.0,-0.0577,1,0
C005122,Active,15.0,0.1429,2,0
C005123,Active,20.67,-0.1818,2,0
C005124,Active,45.67,-0.3636,0,0
C005125,Active,21.33,0.0909,0,1
C005126,Active,11.67,0.4444,2,0
C005127,Churned,17.33,-0.5417,1,0
C005128,Active,8.67,0.25,1,0
C005129,Active,169.33,0.2308,0,0
C005130,Active,342.33,0.0308,3,0
C005131,Active,70.33,0.0938,0,0
C005132,Active,46.33,-0.5082,0,0
C005133,Active,52.0,0.381,3,0
C005134,Active,19.0,0.0556,0,0
C005135,Active,119.33,0.3431,0,0
C005136,Active,92.67,0.2375,0,0
C005137,Active,18.0,-0.1111,0,0
C005138,Active,25.0,0.0,0,0
C005139,Active,36.0,-0.175,1,0
C005140,Active,67.33,-0.4483,1,0
C005141,Churned,9.67,-0.3636,1,0
C005142,Active,70.33,0.0704,0,0
C005143,Active,27.5,0.5,2,0
C005144,Active,411.67,-0.1626,1,0
C005145,Active,43.33,-0.6667,1,0
C005146,Active,86.0,0.0326,0,0
C005147,Active,120.0,0.0,0,0
C005148,Active,213.33,0.3938,1,0
C005149,Active,161.0,0.0125,1,0
C005150,Active,65.67,0.3793,0,0
C005151,Active,117.5,0.0796,0,0
C005152,Active,18.0,0.1875,0,0
C005153,Active,28.33,0.1667,1,0
C005154,Active,32.0,-0.359,0,0
C005155,Active,28.0,0.2308,0,0
C005156,Churned,68.33,0.2881,0,0
C005157,Active,21.0,-0.1,2,0
C005158,Active,65.67,-0.0746,0,0
C005159,Active,25.33,0.0417,0,0
C005160,Active,39.67,0.2778,3,0
C005161,Active,178.67,0.0909,1,0
C005162,Active,668.0,-0.266,1,0
C005163,Active,42.67,-0.0889,2,0
C005164,Active,63.33,0.0312,1,0
C005165,Churned,35.0,-0.5532,2,1
C005166,Active,81.0,0.3284,0,0
C005167,Active,167.67,0.1875,0,0
C005168,Active,143.33,0.1269,1,0
C005169,Active,17.0,0.2667,1,0
C005170,Active,32.33,-0.0833,0,0
C005171,Active,204.67,0.4605,0,0
C005172,Churned,33.67,-0.5957,1,0
C005173,Active,123.67,-0.1699,3,0
C005174,Active,30.0,-0.2778,1,0
C005175,Active,69.33,0.3175,1,0
C005176,Active,61.0,-0.0462,0,0
C005177,Active,80.33,-0.1429,0,0
C005178,Active,16.33,-0.1176,0,0
C005179,Active,213.67,-0.0975,2,0
C005180,Churned,104.0,-0.4496,0,0
C005181,Active,133.33,0.2143,1,0
C005182,Active,42.33,-0.1333,2,0
C005183,Churned,23.33,-0.4667,4,0
C005184,Active,143.33,0.2578,0,0
C005185,Active,21.0,-0.0455,0,0
C005186,Active,403.67,0.0463,0,0
C005187,Active,44.33,-0.0833,0,1
C005188,Active,35.0,0.1176,0,0
C005189,Active,152.0,0.0,0,0
C005190,Active,18.33,-0.1111,0,0
C005191,Active,13.33,0.4545,0,0
C005192,Active,77.0,0.0533,0,0
C005193,Active,31.33,-0.1714,1,0
C005194,Churned,69.33,-0.4639,0,0
C005195,Active,101.67,-0.2276,1,0
C005196,Active,388.33,-0.1738,1,0
C005197,Churned,12.0,-0.4706,5,1
C005198,Active,39.0,0.0,0,0
C005199,Active,154.67,0.1069,1,0
C005200,Active,23.33,0.3,1,0
C005201,Active,26.33,0.0,0,1
C005202,Active,29.67,0.037,1,0
C005203,Active,93.0,-0.1443,0,0
C005204,Active,64.0,0.0164,1,0
C005205,Active,50.0,0.0392,0,0
C005206,Active,78.67,-0.0588,1,0
C005207,Active,46.0,0.2105,2,0
C005208,Churned,32.0,0.0,0,0
C005209,Active,23.0,0.0476,0,0
C005210,Churned,5.5,-0.1667,1,0
C005211,Active,17.5,0.0588,0,0
C005212,Active,23.5,0.1364,0,0
C005213,Active,106.33,-0.188,0,0
C005214,Churned,23.67,-0.5,0,0
C005215,Active,22.33,0.2632,0,0
C005216,Churned,66.0,-0.1111,1,0
C005217,Active,17.67,0.1765,0,0
C005218,Active,15.0,0.0,0,0
C005219,Active,18.0,-0.1579,1,0
C005220,Churned,21.67,-0.4138,0,0
C005221,Churned,99.33,-0.5912,1,0
C005222,Active,29.0,-0.0345,0,0
C005223,Churned,22.0,-0.5806,1,0
C005224,Active,46.0,0.25,0,0
C005225,Active,65.67,0.4464,0,1
C005226,Active,46.33,-0.2745,0,0
C005227,Active,27.0,0.4091,0,0
C005228,Active,21.0,0.0,0,0
C005229,Active,63.33,-0.1029,1,0
C005230,Active,161.33,0.1523,2,0
C005231,Active,70.33,-0.0149,0,0
C005232,Active,55.0,-0.3607,1,0
C005233,Active,24.33,0.0,0,0
C005234,Active,20.33,-0.0909,0,0
C005235,Active,316.0,0.1644,1,0
C005236,Active,13.33,-0.0769,2,0
C005237,Active,23.33,0.3333,1,0
C005238,Active,21.33,0.0,0,0
C005239,Churned,11.33,-0.5,1,0
C005240,Churned,14.0,-0.4118,1,0
C005241,Churned,16.67,-0.4762,2,1
C005242,Churned,6.67,-0.2857,0,0
C005243,Active,18.67,0.4667,0,0
C005244,Active,15.0,0.1333,2,0
C005245,Active,28.67,0.1154,1,0
C005246,Churned,154.0,-0.225,2,1
C005247,Churned,25.67,-0.4242,0,0
C005248,Churned,74.67,0.0,1,0
C005249,Active,14.33,0.4167,2,0
C005250,Active,134.33,0.0522,0,0
C005251,Churned,14.0,0.2143,1,0
C005252,Churned,16.33,0.0667,0,0
C005253,Active,54.0,-0.2131,1,0
C005254,Active,153.33,0.0753,0,0
C005255,Active,84.67,0.2958,0,0
C005256,Active,58.67,-0.0625,0,0
C005257,Active,51.0,-0.4265,2,0
C005258,Active,50.33,-0.1091,0,0
C005259,Active,8.0,-0.3333,0,0
C005260,Active,25.33,-0.0833,0,0
C005261,Active,58.0,0.0714,0,2
C005262,Active,29.67,-0.0938,0,0
C005263,Active,30.0,0.0,0,0
C005264,Churned,26.0,0.0,0,0
C005265,Churned,41.0,-0.6102,1,0
C005266,Active,180.0,0.3784,0,0
C005267,Active,15.33,0.0667,0,0
C005268,Active,185.33,-0.0112,0,0
C005269,Churned,60.0,-0.4375,0,0
C005270,Active,29.33,0.0968,1,0
C005271,Active,110.33,0.1596,1,0
C005272,Active,37.0,-0.15,0,0
C005273,Active,124.67,-0.0077,2,0
C005274,Churned,37.33,-0.5106,1,0
C005275,Churned,10.67,-0.4615,0,1
C005276,Churned,80.0,-0.4951,1,0
C005277,Active,29.67,0.3462,0,0
C005278,Active,352.33,0.3844,0,0
C005279,Active,11.0,-0.0909,0,0
C005280,Active,62.67,-0.4133,1,0
C005281,Active,94.67,0.1744,0,0
C005282,Active,22.0,0.0,0,0
C005283,Churned,54.67,-0.4118,0,0
C005284,Active,19.5,0.1667,0,0
C005285,Active,24.33,-0.0833,0,0
C005286,Active,199.0,0.4873,0,0
C005287,Active,325.0,0.0182,0,0
C005288,Active,47.5,0.5,1,0
C005289,Churned,12.67,-0.2857,0,0
C005290,Active,21.0,-0.2609,0,0
C005291,Active,10.5,0.3333,0,0
C005292,Active,12.33,0.2727,0,0
C005293,Churned,148.33,-0.5442,0,0
C005294,Active,141.0,0.7553,0,0
C005295,Churned,27.0,0.0,0,0
C005296,Active,65.0,0.1964,1,0
C005297,Churned,114.0,-0.5229,2,0
C005298,Active,14.0,-0.25,2,0
C005299,Active,21.33,0.1429,1,0
C005300,Active,20.33,0.2941,2,0
C005301,Active,20.0,0.0556,0,1
C005302,Active,24.67,0.0435,1,0
C005303,Active,410.67,0.3589,0,0
C005304,Churned,19.67,-0.5385,1,0
C005305,Churned,13.0,-0.5,1,0
C005306,Active,47.33,-0.1373,3,0
C005307,Active,107.33,-0.1736,0,0
C005308,Active,28.67,0.0769,2,0
C005309,Active,19.0,-0.2727,0,0
C005310,Active,26.67,-0.1034,2,1
C005311,Active,29.67,0.1429,0,0
C005312,Active,43.0,0.4706,0,0
C005313,Active,65.67,0.1746,1,0
C005314,Active,23.67,-0.08,0,0
C005315,Churned,17.67,-0.5217,0,1
C005316,Active,52.33,-0.1429,2,1
C005317,Active,82.33,0.0123,0,0
C005318,Active,67.67,-0.0938,0,0
C005319,Active,30.0,-0.0938,0,0
C005320,Active,48.67,0.2791,0,0
C005321,Active,26.0,0.2174,1,0
C005322,Active,78.33,-0.038,1,0
C005323,Active,78.67,0.026,0,0
C005324,Active,59.0,-0.1406,0,0
C005325,Active,59.0,0.4444,1,0
C005326,Active,31.33,0.2963,1,0
C005327,Active,36.0,-0.027,2,0
C005328,Active,90.33,-0.0606,0,0
C005329,Active,19.33,-0.3333,0,1
C005330,Active,29.67,-0.0645,1,0
C005331,Active,179.0,-0.1546,0,0
C005332,Churned,92.0,-0.5396,0,0
C005333,Active,77.67,-0.4038,2,0
C005334,Active,18.0,0.5,0,0
C005335,Active,17.33,0.1333,2,0
C005336,Churned,58.33,-0.4429,3,0
C005337,Churned,25.5,-0.2414,0,0
C005338,Churned,50.0,0.0,0,0
C005339,Active,51.33,0.1346,1,0
C005340,Churned,9.67,-0.5714,1,0
C005341,Active,43.33,-0.5085,2,0
C005342,Active,21.0,0.0,0,0
C005343,Active,122.0,0.0,0,0
C005344,Churned,37.33,0.1765,1,0
C005345,Churned,12.0,-0.5333,0,0
C005346,Churned,38.0,-0.4348,1,0
C005347,Active,117.33,0.2,1,0
C005348,Active,208.0,-0.1279,0,0
C005349,Active,426.67,0.059,3,0
C005350,Churned,15.0,-0.5238,0,0
C005351,Active,205.0,-0.0991,2,0
C005352,Active,42.33,0.1316,1,0
C005353,Active,147.0,0.0347,0,1
C005354,Active,71.33,0.1061,2,0
C005355,Active,122.33,0.0492,2,0
C005356,Active,53.0,-0.2742,0,0
C005357,Churned,19.0,-0.5,0,1
C005358,Churned,24.0,0.1429,0,0
C005359,Active,20.33,0.0476,0,0
C005360,Active,65.33,0.1273,1,0
C005361,Churned,17.0,-0.6522,0,0
C005362,Active,66.67,1.0714,0,0
C005363,Active,77.67,0.2917,1,0
C005364,Active,175.0,0.3022,0,0
C005365,Churned,65.67,-0.0159,0,1
C005366,Active,146.67,-0.1795,2,0
C005367,Active,57.0,0.098,0,0
C005368,Active,247.67,-0.1095,1,0
C005369,Active,155.0,-0.0366,0,0
C005370,Active,15.33,-0.1176,1,0
C005371,Active,36.33,-0.25,2,0
C005372,Active,439.67,0.0849,0,0
C005373,Churned,89.33,-0.1589,1,0
C005374,Active,48.67,0.1739,1,0
C005375,Active,112.0,0.0,0,0
C005376,Churned,195.67,0.5238,0,0
C005377,Active,78.67,-0.1266,1,0
C005378,Active,502.33,-0.1331,0,1
C005379,Churned,28.0,0.24,0,0
C005380,Churned,49.67,0.5789,0,0
C005381,Active,27.0,0.08,3,0
C005382,Active,372.33,0.2713,1,0
C005383,Active,61.0,-0.1538,2,0
C005384,Churned,13.33,-0.375,1,0
C005385,Active,56.33,-0.1695,0,0
C005386,Active,221.67,-0.0135,1,0
C005387,Churned,15.67,-0.3333,2,1
C005388,Churned,15.33,-0.5,0,0
C005389,Churned,35.33,-0.5,0,0
C005390,Active,289.33,0.0377,0,0
C005391,Active,23.0,-0.2,0,0
C005392,Churned,54.0,-0.5526,0,0
C005393,Active,467.0,-0.2834,1,0
C005394,Active,65.67,0.6122,0,0
C005395,Active,17.33,0.25,1,0
C005396,Active,18.67,0.0,1,0
C005397,Active,65.67,-0.0294,1,0
C005398,Churned,28.0,-0.4872,1,0
C005399,Active,338.67,-0.1986,1,0
C005400,Churned,36.0,0.0,0,0
C005401,Active,124.33,0.42,1,1
C005402,Active,43.67,0.0227,2,0
C005403,Active,68.0,0.2656,1,0
C005404,Active,171.67,-0.5922,0,0
C005405,Active,37.0,0.1818,0,0
C005406,Active,89.0,0.0114,1,0
C005407,Active,51.0,-0.0377,0,0
C005408,Active,49.33,0.1042,0,0
C005409,Churned,21.0,-0.1739,2,0
C005410,Active,139.33,0.0224,0,0
C005411,Active,25.0,-0.3214,0,0
C005412,Active,211.67,0.1295,0,0
C005413,Active,12.67,0.0769,2,0
C005414,Active,15.33,-0.5455,0,0
C005415,Active,100.0,0.0,0,0
C005416,Active,20.0,0.4118,1,0
C005417,Churned,26.33,0.1154,0,0
C005418,Active,422.67,-0.0518,2,0
C005419,Active,66.0,0.0794,0,0
C005420,Active,13.67,0.1429,0,0
C005421,Churned,12.0,-0.5,1,0
C005422,Active,16.33,0.125,0,0
C005423,Active,456.0,-0.0917,0,0
C005424,Active,15.0,0.0,0,1
C005425,Active,502.33,0.3506,0,0
C005426,Active,20.67,0.1,0,0
C005427,Churned,226.33,-0.2201,0,0
C005428,Active,409.5,0.0526,1,0
C005429,Active,119.0,-0.1008,0,0
C005430,Active,24.33,0.0,1,0
C005431,Active,41.33,0.4706,1,0
C005432,Churned,8.67,-0.5833,0,1
C005433,Active,71.33,0.0417,0,0
C005434,Active,19.33,-0.2381,0,0
C005435,Churned,115.33,0.1121,1,0
C005436,Active,28.33,-0.1034,2,0
C005437,Churned,54.67,-0.5676,1,0
C005438,Churned,24.67,-0.5,2,0
C005439,Churned,86.0,0.0,0,0
C005440,Active,18.67,-0.52,1,0
C005441,Active,30.67,0.1333,1,0
C005442,Active,395.0,-0.3456,0,0
C005443,Active,53.67,-0.125,1,0
C005444,Active,127.67,-0.0826,0,0
C005445,Churned,179.67,-0.5123,4,0
C005446,Active,24.33,0.1667,3,0
C005447,Active,151.0,0.0068,0,0
C005448,Active,61.33,-0.0615,2,0
C005449,Active,9.0,0.0,0,0
C005450,Churned,9.0,-0.6154,1,0
C005451,Active,38.33,-0.0714,0,0
C005452,Active,133.0,0.0635,0,0
C005453,Active,327.33,0.0974,0,0
C005454,Active,62.0,-0.0312,0,0
C005455,Active,534.0,0.0271,1,0
C005456,Active,33.0,-0.0857,1,1
C005457,Active,41.0,0.3235,3,0
C005458,Active,58.0,0.0556,1,1
C005459,Active,11.67,0.0,1,0
C005460,Active,207.33,-0.1737,0,0
C005461,Active,286.67,-0.0102,1,0
C005462,Churned,12.0,-0.5882,0,0
C005463,Active,73.0,-0.1688,0,0
C005464,Active,116.67,0.0,0,0
C005465,Active,34.0,0.0323,0,0
C005466,Churned,359.67,-0.4879,0,1
C005467,Active,63.0,0.4074,0,0
C005468,Active,19.67,0.0,0,1
C005469,Churned,49.0,-0.5714,4,0
C005470,Active,90.0,-0.2178,0,0
C005471,Churned,16.33,-0.4762,1,0
C005472,Active,75.0,-0.0556,0,0
C005473,Active,226.33,0.2098,0,0
C005474,Churned,38.33,-0.5,1,0
C005475,Churned,93.5,0.3671,0,1
C005476,Churned,90.67,-0.4386,4,1
C005477,Active,48.0,0.0426,0,0
C005478,Active,57.67,-0.1642,0,0
C005479,Active,16.0,0.0,0,0
C005480,Churned,137.0,-0.2875,1,1
C005481,Churned,9.33,-0.4167,1,1
C005482,Active,27.67,0.1481,1,0
C005483,Active,68.67,-0.1358,0,0
C005484,Churned,24.33,-0.16,0,0
C005485,Active,197.67,-0.2966,0,0
C005486,Active,80.33,-0.0127,1,0
C005487,Active,140.0,0.176,1,0
C005488,Active,10.67,0.2,0,1
C005489,Churned,9.0,0.0,0,0
C005490,Churned,25.0,-0.5526,1,0
C005491,Churned,17.0,0.0,0,0
C005492,Active,172.33,0.2298,0,0
C005493,Churned,23.67,0.1364,1,2
C005494,Active,68.0,-0.1143,4,0
C005495,Active,178.33,-0.0057,0,0
C005496,Active,14.0,0.1538,0,0
C005497,Churned,254.33,-0.4067,0,0
C005498,Active,159.0,-0.0142,0,0
C005499,Churned,36.0,0.2857,4,0
C005500,Active,81.0,-0.0345,1,0
C005501,Active,20.0,0.1053,1,0
C005502,Churned,8.33,-0.4,0,0
C005503,Active,27.67,-0.0385,4,2
C005504,Active,22.33,-0.0455,1,0
C005505,Active,45.33,-0.1429,1,0
C005506,Active,18.0,0.0,1,0
C005507,Churned,16.67,-0.68,1,0
C005508,Active,21.33,-0.36,0,0
C005509,Churned,91.33,-0.5424,0,0
C005510,Active,14.67,0.0,0,0
C005511,Active,14.67,0.1429,0,0
C005512,Churned,12.67,-0.4706,2,0
C005513,Active,12.0,0.0,0,0
C005514,Active,26.0,-0.2759,1,0
C005515,Active,34.33,-0.4255,2,0
C005516,Active,114.0,-0.0175,0,0
C005517,Active,19.0,0.375,0,0
C005518,Active,73.0,-0.0286,0,0
C005519,Churned,16.0,0.0,0,0
C005520,Active,199.33,0.2461,1,0
C005521,Active,28.0,-0.2188,0,0
C005522,Active,26.67,0.037,1,0
C005523,Active,24.67,0.2,0,0
C005524,Active,343.33,0.1779,0,0
C005525,Active,29.67,-0.129,0,0
C005526,Active,207.33,-0.106,0,0
C005527,Active,19.0,0.2353,1,0
C005528,Active,71.33,0.0423,0,0
C005529,Active,340.33,0.0219,2,0
C005530,Active,82.0,0.5781,1,0
C005531,Active,46.0,0.5135,0,0
C005532,Active,121.33,-0.4908,0,0
C005533,Active,17.33,-0.1667,0,0
C005534,Active,17.67,0.0625,3,0
C005535,Active,61.67,-0.0333,1,0
C005536,Active,124.5,-0.0846,0,0
C005537,Churned,23.0,-0.087,2,0
C005538,Active,44.33,-0.1875,1,0
C005539,Active,77.33,-0.093,0,0
C005540,Active,21.67,-0.0455,0,0
C005541,Active,471.33,0.2308,0,0
C005542,Active,6.67,-0.1429,3,0
C005543,Active,80.0,0.2603,2,0
C005544,Active,60.67,-0.1667,1,0
C005545,Active,77.33,0.2462,4,0
C005546,Active,148.33,0.5847,0,0
C005547,Active,130.0,0.6022,1,0
C005548,Active,64.67,0.1452,1,0
C005549,Churned,58.0,-0.4156,0,0
C005550,Active,17.67,-0.4545,4,0
C005551,Active,75.0,0.2667,2,0
C005552,Active,23.0,-0.1667,3,0
C005553,Active,30.33,0.375,2,0
C005554,Active,15.0,0.0,0,0
C005555,Active,58.67,0.0189,0,0
C005556,Active,140.67,0.2097,0,0
C005557,Active,22.33,-0.2963,0,0
C005558,Active,23.67,0.3684,0,0
C005559,Active,243.33,-0.2674,1,0
C005560,Active,25.67,0.2174,0,0
C005561,Active,67.0,-0.029,1,0
C005562,Active,58.67,-0.0656,1,0
C005563,Churned,53.0,-0.6,0,0
C005564,Active,13.5,0.4545,0,0
C005565,Active,409.0,0.1517,1,0
C005566,Active,144.67,-0.0253,0,1
C005567,Active,156.67,0.3561,0,0
C005568,Active,53.67,0.2979,0,1
C005569,Active,74.67,-0.1707,0,0
C005570,Active,114.33,-0.042,0,0
C005571,Active,22.33,0.3889,2,0
C005572,Active,57.67,0.0339,1,0
C005573,Active,21.0,-0.2727,0,0
C005574,Churned,77.0,-0.2529,0,0
C005575,Churned,12.0,-0.6842,0,0
C005576,Active,52.0,0.0,0,0
C005577,Active,391.67,0.0,1,0
C005578,Active,153.33,-0.0303,2,0
C005579,Active,140.67,-0.2581,1,0
C005580,Active,55.67,-0.1148,0,0
C005581,Churned,23.67,-0.5588,0,0
C005582,Active,92.33,0.0112,0,0
C005583,Active,32.0,0.2857,0,0
C005584,Churned,52.33,-0.4286,1,0
C005585,Active,107.33,-0.2276,1,0
C005586,Active,186.0,-0.4087,0,0
C005587,Active,18.67,0.0556,2,0
C005588,Active,16.5,0.5385,0,0
C005589,Active,12.5,0.5,0,0
C005590,Churned,29.33,-0.6429,3,0
C005591,Active,46.33,-0.0435,0,0
C005592,Churned,54.67,-0.5395,0,0
C005593,Churned,17.0,-0.4348,0,0
C005594,Active,54.67,0.5263,0,0
C005595,Active,33.67,0.4444,1,0
C005596,Active,38.5,0.1389,0,0
C005597,Active,36.0,0.0,0,0
C005598,Active,93.67,0.2,1,0
C005599,Active,57.0,-0.2794,1,0
C005600,Churned,18.33,-0.52,1,0
C005601,Active,81.67,0.44,0,0
C005602,Active,20.67,0.1053,1,1
C005603,Churned,326.67,-0.1297,0,0
C005604,Active,504.67,0.0238,0,0
C005605,Active,67.33,0.1875,0,0
C005606,Churned,16.33,-0.5,2,0
C005607,Churned,15.0,0.0,0,1
C005608,Active,22.33,0.0435,0,0
C005609,Churned,12.67,0.0769,1,1
C005610,Churned,72.0,-0.4468,0,0
C005611,Active,18.67,0.1111,1,0
C005612,Churned,334.0,0.0,0,0
C005613,Churned,15.0,-0.4737,0,1
C005614,Churned,119.67,-0.4706,1,0
C005615,Churned,22.67,-0.4828,1,0
C005616,Active,57.0,0.0926,2,1
C005617,Active,24.33,-0.1538,0,0
C005618,Active,101.67,-0.2155,0,0
C005619,Active,40.33,-0.4615,0,0
C005620,Active,27.33,-0.0769,0,0
C005621,Active,11.5,0.3,0,0
C005622,Active,46.33,0.0667,0,0
C005623,Active,37.67,-0.2826,0,0
C005624,Active,53.67,-0.2609,0,0
C005625,Churned,21.33,0.0,1,0
C005626,Active,10.67,0.0,1,0
C005627,Active,63.67,0.0968,0,0
C005628,Active,57.0,0.0,0,0
C005629,Active,110.0,0.7848,0,0
C005630,Active,69.33,-0.0959,0,0
C005631,Active,48.0,0.0,0,0
C005632,Active,92.33,0.1512,0,0
C005633,Active,48.33,-0.24,0,0
C005634,Active,18.67,0.2941,2,0
C005635,Active,78.67,-0.1477,0,1
C005636,Active,175.0,0.0894,0,1
C005637,Churned,11.0,-0.4615,0,0
C005638,Active,86.0,-0.1146,0,0
C005639,Active,32.33,0.2,0,0
C005640,Active,15.67,0.1429,2,0
C005641,Active,59.33,0.1818,2,0
C005642,Active,161.0,-0.1029,0,0
C005643,Churned,56.33,-0.2222,0,0
C005644,Churned,74.67,-0.0122,2,1
C005645,Active,24.0,0.2632,0,0
C005646,Active,56.67,0.36,0,0
C005647,Active,19.67,-0.0952,1,0
C005648,Active,28.0,-0.2667,1,0
C005649,Churned,36.0,-0.566,1,0
C005650,Active,10.33,0.0,2,0
C005651,Active,129.67,-0.0606,0,0
C005652,Active,79.0,0.2222,0,0
C005653,Active,42.33,-0.1556,1,0
C005654,Active,68.67,0.0441,1,0
C005655,Active,24.33,0.087,2,0
C005656,Churned,5.0,-0.5,0,0
C005657,Churned,72.67,-0.3793,0,0
C005658,Churned,42.0,-0.4182,2,0
C005659,Active,73.0,-0.0649,1,0
C005660,Active,245.33,-0.0082,0,0
C005661,Churned,65.33,-0.1528,1,0
C005662,Active,32.0,0.1935,0,0
C005663,Churned,15.0,-0.4762,3,1
C005664,Active,82.67,0.0909,0,0
C005665,Churned,16.0,-0.5238,2,0
C005666,Active,179.33,-0.0405,0,0
C005667,Churned,40.0,-0.4583,4,0
C005668,Active,67.67,-0.1594,1,0
C005669,Active,133.0,0.2295,0,0
C005670,Active,73.0,0.3692,3,0
C005671,Active,121.0,0.0431,1,0
C005672,Active,161.33,0.0811,0,0
C005673,Active,19.0,-0.2727,0,0
C005674,Active,28.67,-0.2121,0,0
C005675,Active,41.0,0.2368,1,0
C005676,Active,53.0,-0.1132,0,0
C005677,Active,28.33,0.069,0,0
C005678,Active,18.67,-0.0556,0,0
C005679,Active,116.0,0.2959,1,0
C005680,Active,33.67,-0.1667,0,0
C005681,Active,73.0,0.029,1,0
C005682,Active,19.33,-0.1,2,0
C005683,Active,70.0,0.0704,1,0
C005684,Active,52.33,0.037,1,0
C005685,Active,22.33,0.0455,1,0
C005686,Active,37.33,0.0526,0,0
C005687,Active,23.67,-0.1154,3,0
C005688,Active,23.33,-0.1538,0,0
C005689,Active,51.0,0.35,1,0
C005690,Active,69.5,0.1061,0,1
C005691,Churned,70.0,-0.358,2,0
C005692,Active,17.0,-0.1667,2,0
C005693,Churned,18.33,-0.4583,0,0
C005694,Active,171.0,0.1401,0,0
C005695,Active,258.67,0.0785,0,0
C005696,Churned,23.67,-0.4062,0,0
C005697,Active,24.0,-0.0769,0,0
C005698,Active,86.0,0.0,0,0
C005699,Active,206.67,-0.1019,0,0
C005700,Active,33.33,-0.1389,0,0
C005701,Active,46.67,-0.0833,1,0
C005702,Churned,8.67,-0.6923,2,0
C005703,Active,61.33,-0.1857,1,0
C005704,Active,112.0,-0.0656,1,0
C005705,Active,24.0,0.0,1,0
C005706,Active,52.0,-0.3443,0,0
C005707,Churned,53.33,-0.6897,0,0
C005708,Churned,82.33,-0.4,0,0
C005709,Active,65.0,0.0984,1,0
C005710,Active,17.33,0.5714,2,0
C005711,Active,53.67,0.3111,0,0
C005712,Churned,44.33,-0.4483,1,1
C005713,Active,124.33,-0.2357,0,0
C005714,Active,318.33,-0.3389,0,0
C005715,Active,75.67,-0.0769,0,0
C005716,Churned,11.0,-0.3846,1,2
C005717,Churned,56.0,0.3478,2,0
C005718,Active,358.33,0.3021,1,0
C005719,Active,32.67,-0.0606,1,0
C005720,Active,45.33,0.0444,0,0
C005721,Churned,116.0,-0.5786,1,0
C005722,Active,67.67,0.1094,0,0
C005723,Churned,14.67,-0.4737,1,1
C005724,Active,198.33,0.0407,2,0
C005725,Active,312.67,0.0607,0,0
C005726,Active,205.0,0.2733,1,0
C005727,Churned,65.33,-0.2254,1,0
C005728,Active,38.67,0.2778,2,0
C005729,Active,381.33,0.6156,0,0
C005730,Active,45.0,-0.0667,1,0
C005731,Active,43.0,0.3784,1,0
C005732,Churned,35.0,-0.54,0,0
C005733,Active,69.0,-0.0857,0,0
C005734,Churned,138.0,-0.5,1,0
C005735,Active,35.67,0.0909,2,0
C005736,Active,477.67,-0.0717,1,0
C005737,Active,55.0,0.0,0,0
C005738,Active,206.67,0.0667,0,0
C005739,Active,65.0,-0.2267,0,0
C005740,Active,38.0,0.0278,0,1
C005741,Active,182.0,-0.0649,0,0
C005742,Active,14.33,-0.2,0,0
C005743,Active,410.0,-0.1241,2,0
C005744,Active,53.0,-0.1404,1,0
C005745,Active,348.0,-0.3697,0,0
C005746,Churned,32.0,-0.3684,0,1
C005747,Active,38.0,0.0,0,0
C005748,Active,118.0,0.243,0,0
C005749,Active,186.33,0.4897,0,0
C005750,Active,398.33,0.2446,0,0
C005751,Active,25.33,-0.04,1,1
C005752,Active,63.0,-0.2319,0,0
C005753,Churned,94.0,-0.4793,1,1
C005754,Active,92.33,0.1392,0,0
C005755,Active,64.33,-0.3718,1,0
C005756,Active,28.0,-0.303,0,0
C005757,Churned,9.67,-0.6154,1,0
C005758,Active,52.67,0.1224,3,0
C005759,Churned,26.67,0.0833,0,0
C005760,Active,42.67,-0.2292,1,0
C005761,Active,53.33,0.1429,0,0
C005762,Churned,47.0,0.0,0,0
C005763,Active,93.0,-0.2844,0,0
C005764,Active,125.0,0.5253,0,0
C005765,Churned,9.33,-0.5714,0,0
C005766,Active,21.0,-0.2083,1,0
C005767,Active,16.67,0.0588,1,0
C005768,Active,49.67,0.3409,0,0
C005769,Churned,31.67,-0.4286,2,0
C005770,Active,66.33,-0.0286,1,0
C005771,Active,66.0,0.0,0,0
C005772,Active,202.0,0.0238,4,0
C005773,Active,19.33,0.1053,3,0
C005774,Active,29.33,-0.1613,1,0
C005775,Active,34.0,0.0,0,0
C005776,Active,15.0,-0.4444,0,0
C005777,Churned,259.33,-0.571,1,0
C005778,Churned,30.33,-0.1515,1,0
C005779,Active,146.0,0.1007,1,0
C005780,Active,75.0,-0.0833,0,1
C005781,Active,152.33,0.7521,1,0
C005782,Active,456.67,0.1108,0,0
C005783,Active,15.33,0.4167,3,0
C005784,Churned,121.33,-0.5366,1,0
C005785,Active,18.67,0.1111,0,0
C005786,Active,49.33,-0.5946,0,0
C005787,Active,173.33,-0.1047,1,0
C005788,Active,106.67,0.0172,0,0
C005789,Active,63.33,-0.1385,1,0
C005790,Churned,41.67,0.0,3,0
C005791,Active,42.67,-0.0652,1,0
C005792,Churned,68.33,0.1818,2,1
C005793,Active,15.0,-0.125,1,0
C005794,Churned,30.33,0.36,0,0
C005795,Active,90.67,-0.0204,0,0
C005796,Churned,19.0,-0.2727,2,0
C005797,Active,59.5,0.3333,0,0
C005798,Active,228.0,-0.0346,2,0
C005799,Active,533.67,0.0631,0,0
C005800,Active,47.67,-0.2045,0,0
C005801,Active,42.5,0.3611,0,0
C005802,Churned,31.33,0.2857,1,0
C005803,Active,97.33,-0.3858,0,0
C005804,Churned,8.0,-0.5455,2,0
C005805,Active,29.67,0.1481,0,0
C005806,Active,141.67,0.1168,1,0
C005807,Churned,90.67,-0.5333,0,1
C005808,Active,242.33,-0.0798,2,0
C005809,Active,20.33,-0.05,0,0
C005810,Active,170.0,0.2568,2,0
C005811,Active,123.67,-0.1987,1,0
C005812,Active,31.0,-0.1176,0,0
C005813,Active,78.33,0.026,0,0
C005814,Active,146.33,-0.0327,0,0
C005815,Active,32.0,0.0,0,0
C005816,Active,147.0,-0.0455,2,0
C005817,Churned,22.67,0.2632,0,0
C005818,Active,58.0,-0.0323,3,0
C005819,Active,49.67,-0.0526,0,0
C005820,Churned,37.67,-0.4902,0,0
C005821,Active,53.0,0.2667,1,0
C005822,Active,53.67,-0.3333,0,0
C005823,Churned,128.0,-0.4969,0,0
C005824,Active,20.0,0.1765,0,0
C005825,Active,26.0,0.08,2,0
C005826,Active,35.33,0.0,1,0
C005827,Churned,214.0,-0.5897,1,0
C005828,Active,22.0,-0.1364,2,0
C005829,Active,56.67,0.0185,1,0
C005830,Active,200.67,0.041,1,0
C005831,Active,142.67,-0.0552,1,0
C005832,Active,50.0,0.0588,1,0
C005833,Active,20.0,-0.2273,1,0
C005834,Active,121.0,-0.0714,0,0
C005835,Churned,13.33,-0.4375,1,0
C005836,Active,64.0,-0.0469,0,0
C005837,Active,144.67,-0.1195,1,0
C005838,Active,21.33,0.0952,0,0
C005839,Active,15.33,-0.2941,0,0
C005840,Active,24.0,0.0,0,0
C005841,Active,24.0,-0.1786,1,0
C005842,Churned,14.33,-0.5,0,1
C005843,Active,44.67,-0.1136,0,0
C005844,Active,65.67,-0.0946,0,0
C005845,Churned,32.33,-0.6531,1,0
C005846,Active,107.0,-0.0288,1,0
C005847,Active,363.67,0.449,0,0
C005848,Churned,29.67,-0.5952,2,1
C005849,Active,29.33,0.2143,2,0
C005850,Active,120.0,-0.5153,0,0
C005851,Active,485.0,0.5674,0,0
C005852,Active,195.0,0.0,0,0
C005853,Active,17.67,0.1176,1,0
C005854,Active,52.0,0.2083,0,0
C005855,Active,16.67,0.0556,0,0
C005856,Active,46.0,0.1395,2,0
C005857,Active,65.67,0.3393,0,0
C005858,Active,38.67,-0.3913,0,0
C005859,Active,22.0,0.0,1,0
C005860,Active,18.0,-0.1111,0,0
C005861,Active,81.67,0.0548,2,0
C005862,Active,73.33,-0.1951,0,0
C005863,Active,16.0,-0.0588,1,0
C005864,Active,45.33,-0.1042,1,0
C005865,Active,160.0,0.1218,0,0
C005866,Active,23.67,-0.1786,1,0
C005867,Active,136.33,-0.0432,1,0
C005868,Active,316.67,-0.2643,0,0
C005869,Active,64.33,-0.0328,3,0
C005870,Active,132.67,-0.0507,1,1
C005871,Active,21.0,0.0,0,0
C005872,Active,21.0,-0.0435,1,0
C005873,Active,140.67,0.024,0,0
C005874,Active,47.0,0.0,0,0
C005875,Active,67.0,0.0,0,0
C005876,Churned,6.0,-0.2857,1,0
C005877,Active,57.33,-0.2258,1,0
C005878,Active,18.0,-0.2381,2,0
C005879,Active,305.33,0.0997,0,0
C005880,Active,76.0,0.0676,0,0
C005881,Active,30.0,-0.1765,2,0
C005882,Churned,11.0,-0.3077,1,0
C005883,Active,68.67,-0.0597,1,0
C005884,Active,364.33,0.0373,0,1
C005885,Active,16.33,0.0,0,0
C005886,Active,28.67,0.1154,0,0
C005887,Churned,10.67,-0.3846,1,0
C005888,Churned,12.67,-0.6842,0,0
C005889,Active,88.0,0.0,0,0
C005890,Active,24.33,-0.0741,0,0
C005891,Active,204.67,-0.0333,0,0
C005892,Churned,22.0,0.0,0,0
C005893,Active,43.67,0.0682,2,0
C005894,Active,156.0,-0.1242,0,0
C005895,Active,22.33,-0.32,0,0
C005896,Active,120.33,0.5806,0,0
C005897,Churned,9.0,-0.2,2,0
C005898,Churned,89.33,-0.5738,0,1
C005899,Active,28.0,-0.1613,0,0
C005900,Churned,121.67,-0.5033,1,0
C005901,Active,142.67,0.0815,0,0
C005902,Active,62.33,0.1053,0,0
C005903,Active,23.33,-0.16,0,0
C005904,Active,77.0,-0.0132,0,0
C005905,Churned,21.33,-0.0455,1,0
C005906,Churned,69.0,-0.551,1,0
C005907,Active,122.0,0.0702,0,0
C005908,Active,26.0,0.0,1,0
C005909,Churned,130.33,-0.6995,0,0
C005910,Churned,38.33,-0.5192,0,0
C005911,Active,311.0,0.0,0,0
C005912,Active,138.0,-0.516,1,0
C005913,Active,193.67,0.3922,1,0
C005914,Active,48.67,-0.2037,0,0
C005915,Active,26.33,-0.0714,0,0
C005916,Active,71.0,0.1212,3,0
C005917,Active,36.5,0.0278,0,0
C005918,Active,155.33,-0.0769,0,0
C005919,Active,165.0,0.0,0,0
C005920,Active,23.0,-0.0769,0,0
C005921,Churned,21.67,-0.1923,1,0
C005922,Active,17.33,0.2667,1,0
C005923,Active,103.0,-0.1296,1,0
C005924,Active,27.67,0.0,0,0
C005925,Active,81.0,-0.2159,0,0
C005926,Active,58.33,0.3,1,0
C005927,Active,71.33,0.1333,0,0
C005928,Active,116.0,-0.4323,1,0
C005929,Churned,47.67,-0.5616,2,0
C005930,Active,14.0,0.0,0,0
C005931,Active,529.0,0.0688,0,0
C005932,Active,19.0,0.0,1,0
C005933,Churned,15.33,-0.5238,0,0
C005934,Churned,35.33,-0.325,4,0
C005935,Churned,21.33,0.3158,1,1
C005936,Active,193.67,0.1695,3,0
C005937,Active,57.33,-0.0847,1,0
C005938,Active,28.0,-0.1379,1,0
C005939,Active,91.0,0.0814,1,0
C005940,Active,64.67,-0.1045,2,0
C005941,Active,166.67,-0.4493,1,0
C005942,Churned,17.0,0.0,0,0
C005943,Churned,38.67,-0.5283,0,1
C005944,Churned,79.33,-0.592,1,0
C005945,Active,36.0,0.0,0,0
C005946,Active,26.0,-0.0769,1,0
C005947,Active,76.67,0.4375,0,0
C005948,Active,47.33,-0.1154,0,0
C005949,Active,22.0,-0.0417,0,0
C005950,Active,59.5,-0.1111,0,0
C005951,Churned,10.0,-0.1818,0,0
C005952,Churned,12.67,-0.5789,2,0
C005953,Active,19.5,0.1667,0,0
C005954,Churned,87.67,-0.4,1,0
C005955,Active,18.67,-0.3636,0,0
C005956,Active,29.33,0.2308,0,0
C005957,Active,27.67,-0.0357,1,0
C005958,Active,49.0,0.1591,3,0
C005959,Active,81.33,-0.05,1,0
C005960,Churned,14.33,-0.55,1,0
C005961,Churned,5.67,-0.625,1,0
C005962,Active,67.67,-0.0725,0,0
C005963,Churned,51.0,-0.4603,0,0
C005964,Active,18.67,-0.15,1,0
C005965,Churned,21.67,-0.4074,3,0
C005966,Active,21.0,0.0,0,0
C005967,Active,104.33,0.4937,0,1
C005968,Churned,42.0,-0.4038,0,0
C005969,Churned,10.33,-0.5714,1,0
C005970,Churned,69.67,0.0563,0,0
C005971,Active,21.0,0.0,0,0
C005972,Churned,13.0,-0.5,0,0
C005973,Churned,56.67,0.2391,1,0
C005974,Active,332.0,-0.2267,0,0
C005975,Active,80.33,-0.129,0,0
C005976,Active,115.0,0.0,0,0
C005977,Active,58.33,0.0172,0,1
C005978,Active,40.67,0.0,0,1
C005979,Churned,10.0,-0.5385,2,1
C005980,Churned,56.33,0.0175,1,0
C005981,Churned,60.0,0.1455,1,0
C005982,Active,10.33,0.0,1,0
C005983,Active,152.0,0.2385,0,0
C005984,Active,78.67,-0.122,0,0
C005985,Churned,56.67,0.1837,3,0
C005986,Active,32.67,-0.2703,0,0
C005987,Active,20.0,-0.5667,0,0
C005988,Active,16.33,0.1429,0,0
C005989,Churned,73.33,-0.4138,3,0
C005990,Active,14.33,0.0769,0,0
C005991,Active,21.0,0.4706,1,0
C005992,Active,87.67,0.0824,0,0
C005993,Active,402.33,0.5684,1,0
C005994,Active,112.0,0.1273,0,0
C005995,Churned,10.67,0.3333,0,0
C005996,Churned,49.33,-0.5303,3,0
C005997,Churned,18.67,-0.6,1,0
C005998,Churned,308.67,0.4542,1,0
C005999,Active,164.0,0.1062,0,0
C006000,Active,223.0,0.0,0,0
C006001,Churned,56.67,0.1224,0,0
C006002,Active,19.0,0.0,0,0
C006003,Churned,36.0,-0.3077,5,0
C006004,Active,14.0,0.0,0,0
C006005,Churned,12.67,-0.5294,1,0
C006006,Active,22.67,-0.12,0,0
C006007,Active,195.33,0.2,0,0
C006008,Active,41.0,0.0,0,0
C006009,Churned,60.33,-0.5663,0,0
C006010,Active,54.0,-0.625,3,0
C006011,Active,126.0,0.2261,2,0
C006012,Active,352.0,-0.2972,0,0
C006013,Active,21.0,0.05,0,0
C006014,Churned,6.67,-0.1429,0,0
C006015,Active,70.0,0.0725,0,0
C006016,Active,155.0,0.4031,0,0
C006017,Active,43.67,0.3514,0,0
C006018,Active,99.0,0.0312,1,0
C006019,Active,347.0,-0.0117,0,0
C006020,Active,344.0,-0.0419,0,0
C006021,Churned,297.67,-0.1724,0,0
C006022,Active,127.0,-0.1203,2,0
C006023,Active,70.0,-0.0735,0,0
C006024,Churned,69.33,0.4576,0,0
C006025,Active,178.67,0.4286,0,0
C006026,Active,58.0,0.0833,1,0
C006027,Active,21.5,0.2632,0,0
C006028,Active,144.33,0.2188,0,0
C006029,Active,188.33,-0.1232,0,0
C006030,Active,19.0,0.1111,0,0
C006031,Active,31.0,0.0,0,0
C006032,Active,26.33,-0.1111,1,0
C006033,Active,15.33,0.2,0,0
C006034,Active,28.0,0.1481,1,0
C006035,Active,300.33,-0.108,0,0
C006036,Active,110.33,-0.0714,0,0
C006037,Active,73.0,0.2419,2,0
C006038,Active,49.67,0.2128,0,0
C006039,Churned,12.67,-0.6111,1,0
C006040,Active,14.67,-0.0714,0,0
C006041,Active,20.33,0.0952,1,0
C006042,Active,68.33,-0.1594,0,0
C006043,Active,60.33,0.1667,0,0
C006044,Active,101.0,0.0,0,0
C006045,Churned,8.33,-0.3333,0,0
C006046,Churned,10.67,-0.4167,1,0
C006047,Active,15.67,-0.0588,1,0
C006048,Active,57.0,-0.0667,1,0
C006049,Churned,39.67,0.5806,0,0
C006050,Churned,48.67,-0.5,0,1
C006051,Active,26.0,-0.1154,1,0
C006052,Active,16.0,0.0,0,0
C006053,Active,133.0,0.0362,0,1
C006054,Active,50.0,0.0,0,0
C006055,Active,42.33,-0.2128,1,0
C006056,Active,26.67,-0.037,0,0
C006057,Active,54.0,-0.037,1,0
C006058,Active,19.33,0.0,0,0
C006059,Active,110.33,0.1122,1,0
C006060,Active,136.67,0.2185,3,0
C006061,Active,20.0,0.2632,1,0
C006062,Active,20.0,-0.1818,0,1
C006063,Active,33.0,-0.0278,0,1
C006064,Active,25.33,0.0417,0,0
C006065,Active,29.0,0.1538,0,0
C006066,Active,59.67,0.0678,1,0
C006067,Active,74.33,0.1039,0,0
C006068,Active,20.33,-0.3043,0,0
C006069,Active,29.0,0.0,0,0
C006070,Churned,12.33,-0.5,1,0
C006071,Active,53.0,-0.0877,0,0
C006072,Active,28.0,-0.0357,1,0
C006073,Active,88.33,0.0,0,0
C006074,Active,16.0,0.2857,0,0
C006075,Active,41.0,0.1842,2,0
C006076,Churned,31.67,-0.64,1,1
C006077,Active,23.33,0.1905,1,0
C006078,Churned,15.67,-0.1176,0,2
C006079,Active,15.0,0.0,0,0
C006080,Churned,18.5,-0.0526,1,0
C006081,Active,88.33,0.1905,2,1
C006082,Active,48.67,0.0217,2,0
C006083,Churned,15.33,-0.5238,4,0
C006084,Churned,22.0,0.0,0,0
C006085,Active,28.0,-0.1875,0,0
C006086,Active,166.67,-0.1734,1,0
C006087,Active,145.33,-0.1104,0,0
C006088,Active,29.33,-0.1724,3,0
C006089,Active,25.0,0.5,1,0
C006090,Churned,23.0,-0.4,1,0
C006091,Churned,12.33,-0.5,1,1
C006092,Active,19.0,0.0,1,1
C006093,Active,76.33,0.0128,0,0
C006094,Active,27.0,0.2727,0,0
C006095,Active,260.0,0.0,0,0
C006096,Churned,17.0,-0.4286,0,0
C006097,Active,17.0,-0.4545,0,0
C006098,Active,34.0,0.5,2,0
C006099,Active,29.67,0.3333,0,0
C006100,Active,71.33,0.058,1,0
C006101,Churned,13.0,-0.5,0,0
C006102,Active,53.33,-0.0943,0,0
C006103,Churned,119.0,-0.5197,1,1
C006104,Active,166.33,0.2847,0,0
C006105,Active,16.0,0.1333,0,0
C006106,Active,241.33,0.2269,0,0
C006107,Active,435.33,-0.3955,0,0
C006108,Churned,11.0,-0.625,0,0
C006109,Active,74.67,-0.0556,1,0
C006110,Active,32.0,-0.0323,0,0
C006111,Active,25.33,0.3478,1,1
C006112,Active,20.67,0.0526,0,0
C006113,Churned,34.33,-0.5435,1,0
C006114,Active,460.33,0.2025,0,0
C006115,Churned,23.0,0.2,1,0
C006116,Active,496.33,-0.1245,1,0
C006117,Active,17.67,0.1875,0,0
C006118,Active,13.0,-0.1429,0,0
C006119,Active,488.33,0.1528,0,0
C006120,Active,30.0,0.3214,1,0
C006121,Active,44.33,0.175,1,0
C006122,Active,12.33,0.0833,1,0
C006123,Active,198.67,-0.0936,1,0
C006124,Active,41.67,-0.0698,0,0
C006125,Churned,9.0,-0.3636,1,0
C006126,Active,42.5,0.4286,0,0
C006127,Active,48.0,0.0,0,0
C006128,Active,90.67,-0.1275,0,0
C006129,Churned,49.67,-0.1897,1,0
C006130,Active,53.0,0.1633,0,0
C006131,Active,16.0,0.1333,0,0
C006132,Churned,22.67,-0.5,0,1
C006133,Active,106.33,0.1959,0,0
C006134,Active,81.0,0.0723,3,0
C006135,Churned,25.0,-0.4545,2,0
C006136,Active,13.67,-0.4444,0,0
C006137,Active,205.0,-0.0278,0,0
C006138,Active,15.0,0.0,0,0
C006139,Churned,35.0,-0.4091,2,0
C006140,Active,33.0,-0.0571,1,0
C006141,Active,31.0,0.129,2,0
C006142,Active,33.33,0.1,0,0
C006143,Active,28.33,-0.2424,0,0
C006144,Churned,22.67,-0.5333,0,0
C006145,Active,59.33,0.0,0,0
C006146,Active,165.33,0.2078,2,1
C006147,Active,199.0,0.1313,0,0
C006148,Active,63.33,0.1111,1,0
C006149,Churned,36.33,0.4815,1,0
C006150,Active,131.0,0.3008,1,0
C006151,Active,54.33,-0.1803,0,0
C006152,Active,170.67,0.1646,1,0
C006153,Active,41.67,0.1622,0,0
C006154,Active,48.67,0.359,0,0
C006155,Active,41.0,-0.3617,2,0
C006156,Active,65.33,0.1613,0,0
C006157,Active,12.33,-0.25,0,0
C006158,Churned,50.0,-0.6133,1,1
C006159,Churned,13.67,0.3636,1,0
C006160,Active,153.0,-0.2667,0,0
C006161,Active,55.0,-0.4219,0,0
C006162,Active,55.5,0.1346,0,0
C006163,Churned,18.33,-0.52,1,0
C006164,Active,26.67,0.3043,2,0
C006165,Active,177.67,-0.1283,0,0
C006166,Active,49.0,-0.0816,1,0
C006167,Churned,20.0,0.0526,1,0
C006168,Active,14.67,-0.3889,0,0
C006169,Active,31.67,-0.1176,2,0
C006170,Churned,17.0,0.0,0,0
C006171,Active,288.0,-0.0689,0,0
C006172,Churned,7.0,0.0,0,1
C006173,Churned,19.33,0.1667,0,0
C006174,Active,27.67,-0.4737,0,0
C006175,Active,34.0,0.0294,0,0
C006176,Active,638.0,-0.0689,0,0
C006177,Active,62.67,-0.0161,1,0
C006178,Active,30.33,0.08,1,0
C006179,Active,78.0,-0.037,1,0
C006180,Active,22.33,-0.125,0,0
C006181,Active,25.33,-0.2069,1,0
C006182,Active,11.0,0.2,1,0
C006183,Active,59.33,-0.1406,2,0
C006184,Churned,36.67,-0.52,0,0
C006185,Active,22.33,0.3158,4,0
C006186,Active,53.33,0.3636,1,0
C006187,Active,69.33,0.6786,0,0
C006188,Churned,20.0,-0.6207,0,0
C006189,Active,25.67,-0.1071,1,0
C006190,Active,24.33,0.125,0,1
C006191,Active,468.0,-0.1839,0,0
C006192,Churned,13.67,-0.5263,1,0
C006193,Active,33.67,0.1176,0,0
C006194,Active,58.33,-0.069,0,0
C006195,Active,27.0,0.2609,0,0
C006196,Active,16.67,-0.0556,0,0
C006197,Active,165.0,0.0688,0,0
C006198,Active,22.33,0.0,0,0
C006199,Active,27.33,0.2,1,0
C006200,Active,266.67,0.355,0,0
C006201,Active,68.0,-0.1471,0,0
C006202,Active,41.0,0.6452,0,0
C006203,Churned,7.0,-0.4444,0,0
C006204,Active,14.67,0.1538,1,0
C006205,Active,13.67,0.0,1,0
C006206,Active,160.67,-0.0473,0,0
C006207,Churned,27.0,-0.3636,0,0
C006208,Churned,60.33,0.1887,0,0
C006209,Active,26.33,-0.0741,0,0
C006210,Active,348.67,0.0964,1,1
C006211,Churned,26.33,0.0,0,0
C006212,Active,518.0,0.1201,1,0
C006213,Churned,23.67,0.1818,0,0
C006214,Active,73.67,0.0857,0,0
C006215,Active,80.0,-0.375,1,0
C006216,Churned,22.33,-0.6667,0,1
C006217,Active,52.0,-0.0408,0,0
C006218,Active,134.67,0.1833,0,0
C006219,Active,61.33,0.05,0,0
C006220,Active,66.0,0.1695,1,0
C006221,Active,16.0,0.6667,1,0
C006222,Churned,10.0,-0.7059,0,0
C006223,Active,70.33,-0.0789,0,0
C006224,Active,22.33,0.0476,1,0
C006225,Active,14.33,0.0,2,0
C006226,Active,19.0,-0.1905,0,0
C006227,Active,21.0,0.2105,0,1
C006228,Active,70.67,-0.0299,2,0
C006229,Churned,28.0,0.6316,2,0
C006230,Churned,15.0,-0.5,1,1
C006231,Churned,121.0,0.1009,1,1
C006232,Active,14.0,-0.4444,0,0
C006233,Active,320.67,-0.0636,0,0
C006234,Active,68.0,0.1803,0,1
C006235,Churned,19.67,-0.4167,0,0
C006236,Active,20.0,0.2353,0,0
C006237,Active,33.0,0.0,1,0
C006238,Active,184.67,-0.224,3,0
C006239,Active,161.33,0.0844,0,0
C006240,Churned,46.33,-0.0612,3,0
C006241,Churned,10.33,-0.5,0,0
C006242,Active,64.33,0.129,1,0
C006243,Churned,37.67,-0.3922,1,0
C006244,Churned,43.33,-0.6333,0,1
C006245,Churned,26.33,-0.5897,3,0
C006246,Churned,44.0,-0.5556,1,0
C006247,Active,137.67,-0.1181,0,0
C006248,Active,466.33,0.2162,1,0
C006249,Churned,7.33,-0.3333,2,0
C006250,Active,28.67,0.1481,0,0
C006251,Active,370.33,0.3608,3,0
C006252,Active,55.67,-0.3333,1,0
C006253,Active,16.0,-0.1765,0,0
C006254,Churned,17.0,-0.56,3,1
C006255,Active,123.33,0.3784,0,0
C006256,Churned,175.0,-0.1866,0,0
C006257,Active,44.67,-0.0816,1,0
C006258,Churned,28.33,-0.575,0,0
C006259,Churned,87.0,-0.1553,0,0
C006260,Churned,71.0,0.2273,0,0
C006261,Active,153.0,0.1857,1,0
C006262,Active,134.67,0.0441,3,0
C006263,Active,16.0,-0.1111,0,0
C006264,Churned,52.0,-0.377,1,0
C006265,Active,14.33,0.0769,0,1
C006266,Active,476.67,-0.0066,0,0
C006267,Active,61.0,0.1017,2,0
C006268,Active,570.0,-0.0124,0,0
C006269,Active,12.33,0.1818,0,0
C006270,Active,60.67,0.2963,0,0
C006271,Active,15.33,0.0,0,0
C006272,Active,26.67,0.087,0,1
C006273,Active,76.67,0.1972,0,0
C006274,Active,44.33,0.4359,0,0
C006275,Active,50.0,0.439,1,0
C006276,Active,36.0,0.0,0,0
C006277,Active,27.67,-0.0345,0,0
C006278,Churned,29.0,0.0,1,0
C006279,Active,56.0,0.1961,1,0
C006280,Churned,40.0,-0.5536,2,2
C006281,Active,94.0,0.0899,0,0
C006282,Churned,23.0,0.35,1,0
C006283,Churned,11.67,0.1,1,0
C006284,Active,12.33,-0.375,1,0
C006285,Active,65.0,0.1034,0,0
C006286,Active,76.33,-0.0779,1,0
C006287,Active,35.67,-0.0541,0,0
C006288,Active,171.0,0.0667,0,0
C006289,Active,30.33,0.1429,0,0
C006290,Active,142.0,0.007,0,0
C006291,Active,81.33,0.3143,0,0
C006292,Churned,113.67,-0.5943,3,0
C006293,Active,318.0,0.0951,1,0
C006294,Active,358.67,-0.1667,1,0
C006295,Active,23.33,0.0417,1,0
C006296,Active,60.0,0.0,0,0
C006297,Active,133.67,-0.0352,0,0
C006298,Active,36.0,0.2333,0,0
C006299,Active,20.67,-0.3077,1,0
C006300,Churned,93.33,-0.6136,2,0
C006301,Churned,8.0,-0.5,1,1
C006302,Churned,16.67,-0.5455,0,0
C006303,Churned,20.67,0.1429,1,0
C006304,Churned,19.33,0.1875,1,0
C006305,Active,130.67,0.2389,0,0
C006306,Active,18.67,-0.0526,0,0
C006307,Active,135.33,-0.169,0,0
C006308,Active,77.67,-0.172,0,0
C006309,Churned,36.67,-0.6154,3,0
C006310,Active,176.67,-0.1822,1,0
C006311,Active,170.33,-0.2775,0,0
C006312,Active,68.67,0.254,0,1
C006313,Active,466.33,-0.1513,0,0
C006314,Active,25.67,-0.2593,0,0
C006315,Churned,96.33,-0.542,1,0
C006316,Active,17.67,0.1765,1,0
C006317,Active,75.33,-0.0435,0,0
C006318,Active,571.67,0.5,1,0
C006319,Churned,11.33,-0.4667,1,1
C006320,Active,15.67,-0.1176,0,0
C006321,Active,25.67,0.1304,1,0
C006322,Active,68.0,0.2542,2,0
C006323,Churned,90.33,-0.5339,1,1
C006324,Active,25.0,-0.04,0,0
C006325,Churned,13.33,-0.5,3,0
C006326,Churned,61.67,0.2182,2,0
C006327,Active,120.67,0.2353,1,0
C006328,Churned,23.0,-0.5312,0,0
C006329,Active,31.0,-0.0312,2,0
C006330,Active,29.67,0.0714,1,0
C006331,Active,16.0,0.1333,0,0
C006332,Active,520.0,-0.0076,1,0
C006333,Active,21.0,-0.1304,0,0
C006334,Active,32.33,0.1379,2,0
C006335,Active,46.0,0.0,0,0
C006336,Churned,15.0,0.0,0,0
C006337,Active,23.33,-0.04,3,0
C006338,Churned,36.33,-0.5532,5,1
C006339,Active,43.33,0.3824,0,0
C006340,Active,76.0,-0.0122,1,0
C006341,Active,297.67,-0.0833,1,0
C006342,Active,136.33,0.307,2,0
C006343,Active,148.33,0.1241,1,0
C006344,Active,22.67,-0.087,3,0
C006345,Active,25.0,0.0,0,0
C006346,Active,61.33,0.1132,2,0
C006347,Active,245.33,-0.0385,0,0
C006348,Active,154.67,0.1141,1,0
C006349,Churned,15.0,-0.55,2,0
C006350,Active,51.33,-0.0816,0,0
C006351,Active,117.33,-0.1556,1,0
C006352,Churned,70.33,0.5636,0,1
C006353,Active,44.33,-0.0816,0,0
C006354,Active,8.0,0.25,0,0
C006355,Active,90.33,0.2973,0,1
C006356,Active,25.33,-0.3103,0,0
C006357,Churned,35.0,-0.62,1,0
C006358,Active,87.5,0.2152,0,0
C006359,Churned,40.0,-0.4286,0,0
C006360,Churned,24.67,-0.5278,0,0
C006361,Churned,12.0,-0.3077,1,0
C006362,Active,20.0,0.2353,4,0
C006363,Churned,12.33,0.5,2,0
C006364,Active,23.33,0.0,0,0
C006365,Churned,118.0,-0.4744,0,0
C006366,Active,48.33,-0.3333,0,0
C006367,Active,16.33,0.125,0,0
C006368,Active,20.0,-0.1364,0,0
C006369,Active,28.67,-0.1613,0,0
C006370,Active,166.67,-0.1875,0,0
C006371,Active,152.33,0.0789,0,0
C006372,Active,18.33,0.0,1,0
C006373,Active,435.33,0.1041,0,0
C006374,Active,420.67,-0.119,2,1
C006375,Churned,26.0,0.0,0,0
C006376,Churned,10.33,-0.3077,2,0
C006377,Active,15.0,0.1429,1,0
C006378,Churned,179.67,-0.0562,1,0
C006379,Churned,46.67,-0.4667,2,0
C006380,Active,50.67,0.0816,0,0
C006381,Active,92.67,-0.1279,0,0
C006382,Active,28.0,0.0741,0,0
C006383,Active,196.0,0.0806,0,0
C006384,Active,190.67,0.3214,1,1
C006385,Active,66.33,0.2982,0,0
C006386,Churned,59.67,-0.3824,0,0
C006387,Active,30.33,-0.1562,0,0
C006388,Active,31.33,-0.3056,0,0
C006389,Active,525.33,0.0562,0,0
C006390,Active,36.67,0.1176,2,0
C006391,Active,19.67,0.6429,0,0
C006392,Active,78.33,-0.2614,1,0
C006393,Active,211.0,-0.1087,0,0
C006394,Active,20.67,0.05,1,0
C006395,Active,19.67,-0.1111,0,0
C006396,Active,194.33,-0.1282,0,0
C006397,Active,68.67,-0.0972,0,0
C006398,Active,58.33,-0.1385,0,0
C006399,Active,63.0,0.0645,1,0
C006400,Active,53.33,-0.0816,0,1
C006401,Active,54.67,0.0392,0,0
C006402,Churned,13.0,-0.5882,0,0
C006403,Churned,17.67,0.1765,3,0
C006404,Active,69.0,0.1029,0,0
C006405,Active,70.33,0.1127,0,0
C006406,Active,63.33,0.36,0,0
C006407,Active,547.33,0.158,0,0
C006408,Active,59.0,-0.0169,0,0
C006409,Active,57.0,0.5217,0,0
C006410,Active,34.67,0.5714,0,0
C006411,Active,41.33,0.1463,3,0
C006412,Active,42.33,-0.1957,1,0
C006413,Active,29.0,-0.0667,0,0
C006414,Active,509.33,0.1011,0,0
C006415,Active,20.33,0.0455,0,0
C006416,Active,72.33,-0.1558,1,1
C006417,Active,32.67,-0.3659,1,0
C006418,Active,22.33,0.1364,0,1
C006419,Churned,76.0,0.0278,0,0
C006420,Churned,28.67,-0.4737,0,0
C006421,Active,21.33,0.0952,1,0
C006422,Active,64.0,0.3077,0,0
C006423,Active,165.33,-0.0461,2,0
C006424,Active,151.0,0.4264,0,0
C006425,Churned,56.33,0.0536,3,1
C006426,Churned,18.0,0.0556,1,0
C006427,Active,16.0,0.2857,2,0
C006428,Churned,9.5,-0.4167,0,0
C006429,Active,24.67,-0.0435,0,0
C006430,Churned,34.67,-0.6981,0,0
C006431,Active,37.0,-0.0476,3,0
C006432,Active,23.0,0.0,1,0
C006433,Churned,15.33,-0.55,0,1
C006434,Active,42.0,-0.1739,0,0
C006435,Active,160.67,-0.1135,1,0
C006436,Active,34.33,-0.0811,4,0
C006437,Churned,33.33,-0.5217,1,1
C006438,Active,15.0,0.0,0,0
C006439,Active,136.67,0.5089,1,0
C006440,Active,71.33,-0.0267,0,0
C006441,Churned,11.0,-0.5333,1,0
C006442,Active,180.33,0.0054,0,0
C006443,Active,147.0,0.1885,1,0
C006444,Active,185.0,-0.0688,0,0
C006445,Active,24.33,-0.04,0,0
C006446,Active,20.67,0.2632,0,0
C006447,Active,205.33,0.0446,0,0
C006448,Active,18.0,0.0,0,0
C006449,Churned,29.33,-0.6667,0,0
C006450,Churned,45.0,-0.3333,0,0
C006451,Active,27.0,0.0417,1,0
C006452,Active,24.0,-0.0417,0,0
C006453,Active,66.0,0.0,0,0
C006454,Churned,5.0,0.0,1,0
C006455,Active,183.0,-0.0212,1,0
C006456,Active,79.33,-0.0247,0,0
C006457,Active,21.0,0.0,2,0
C006458,Active,135.67,-0.029,0,0
C006459,Churned,54.33,-0.0566,2,1
C006460,Active,398.33,-0.2197,0,0
C006461,Active,22.33,0.5882,0,0
C006462,Active,51.67,0.4082,2,0
C006463,Active,25.0,-0.0385,0,0
C006464,Active,50.0,0.0,0,0
C006465,Churned,30.0,-0.4324,1,0
C006466,Churned,115.0,-0.1301,0,0
C006467,Churned,17.33,-0.5,4,1
C006468,Active,52.0,0.3696,1,0
C006469,Active,374.0,-0.2691,2,0
C006470,Active,74.0,-0.0886,0,1
C006471,Active,40.0,-0.1628,2,0
C006472,Churned,31.0,0.1333,1,0
C006473,Churned,200.33,-0.5709,1,0
C006474,Active,63.0,-0.2941,1,0
C006475,Active,26.67,-0.1333,1,0
C006476,Active,19.33,-0.15,0,0
C006477,Active,141.67,0.3063,0,0
C006478,Active,41.67,0.0244,0,0
C006479,Active,42.0,0.0,0,0
C006480,Active,43.0,0.0,0,0
C006481,Active,119.33,-0.5731,0,0
C006482,Active,14.67,0.2143,0,0
C006483,Churned,129.0,-0.5031,1,0
C006484,Active,46.33,-0.102,0,0
C006485,Active,541.33,0.0087,0,0
C006486,Churned,25.33,-0.5641,2,0
C006487,Active,23.0,-0.4545,0,0
C006488,Active,134.33,0.0368,1,0
C006489,Active,11.0,0.0,0,1
C006490,Active,358.67,-0.1763,0,0
C006491,Churned,51.67,-0.5769,2,1
C006492,Active,143.67,0.0543,0,0
C006493,Active,187.67,0.0629,0,0
C006494,Active,14.67,0.1429,0,0
C006495,Active,36.0,-0.6275,0,0
C006496,Active,73.33,0.6792,0,0
C006497,Active,26.0,0.0,1,0
C006498,Active,14.33,-0.1333,0,0
C006499,Churned,26.67,-0.3939,0,0
C006500,Active,47.0,0.1905,1,0
C006501,Churned,39.0,-0.6935,0,0
C006502,Active,49.0,0.0,1,0
C006503,Active,42.0,0.0488,0,0
C006504,Active,480.33,0.0307,1,0
C006505,Churned,95.67,-0.4836,0,0
C006506,Active,19.67,-0.2727,0,0
C006507,Active,232.0,0.4127,0,0
C006508,Churned,80.67,-0.1354,1,1
C006509,Churned,19.67,-0.5484,0,1
C006510,Active,55.0,0.0,1,0
C006511,Active,115.0,0.0,0,0
C006512,Active,45.0,-0.0465,0,0
C006513,Churned,25.0,0.0909,2,0
C006514,Active,69.33,0.0896,0,0
C006515,Active,31.33,-0.1143,1,0
C006516,Active,7.67,-0.5455,1,0
C006517,Active,158.0,0.2276,1,0
C006518,Churned,43.0,-0.5588,2,0
C006519,Active,12.33,0.0,0,0
C006520,Active,28.0,0.3043,3,0
C006521,Churned,177.33,-0.3611,1,0
C006522,Active,24.0,0.1818,0,0
C006523,Active,16.33,0.1333,0,0
C006524,Churned,16.0,-0.619,1,0
C006525,Active,18.33,-0.3,0,0
C006526,Active,115.0,0.0,0,0
C006527,Active,86.0,0.1728,0,0
C006528,Active,31.0,0.0312,1,0
C006529,Churned,47.0,-0.5538,1,0
C006530,Churned,17.67,-0.6538,3,1
C006531,Active,22.0,0.1053,0,0
C006532,Churned,97.0,0.0,0,0
C006533,Active,124.33,-0.2721,0,0
C006534,Active,25.33,0.0,0,0
C006535,Active,15.67,0.1333,0,0
C006536,Active,42.0,-0.3333,0,0
C006537,Active,31.0,0.0,0,0
C006538,Active,27.0,0.1154,0,0
C006539,Active,85.0,0.1923,1,0
C006540,Active,130.33,0.2456,0,0
C006541,Active,150.33,0.2424,2,0
C006542,Active,22.33,0.0,0,0
C006543,Churned,77.67,-0.49,1,0
C006544,Active,46.67,-0.2807,0,0
C006545,Active,22.0,-0.2593,1,0
C006546,Active,138.0,-0.4056,0,0
C006547,Active,56.67,0.0847,2,0
C006548,Active,16.0,0.0,0,0
C006549,Active,219.33,-0.036,0,0
C006550,Active,29.33,-0.1818,0,0
C006551,Active,124.0,0.16,1,0
C006552,Active,66.67,0.1525,0,0
C006553,Active,113.67,-0.3088,0,0
C006554,Active,16.33,-0.1667,1,0
C006555,Active,20.0,0.3529,0,0
C006556,Active,11.33,-0.3077,2,0
C006557,Active,37.0,0.0,0,0
C006558,Active,19.67,0.1111,2,0
C006559,Churned,135.67,-0.6456,0,1
C006560,Active,22.0,-0.4667,2,0
C006561,Active,25.0,0.1667,1,1
C006562,Active,57.33,0.1837,0,0
C006563,Active,81.67,-0.1319,0,0
C006564,Active,289.67,-0.0198,1,0
C006565,Churned,11.33,0.0833,2,1
C006566,Active,148.33,-0.2375,0,0
C006567,Churned,21.67,0.4375,1,0
C006568,Active,30.67,0.4615,0,1
C006569,Active,78.67,0.0,0,2
C006570,Active,61.67,-0.1571,0,0
C006571,Active,49.0,0.0816,0,0
C006572,Active,15.0,0.0714,2,0
C006573,Active,66.67,0.1846,1,0
C006574,Active,16.33,-0.0625,0,0
C006575,Active,36.0,0.1389,1,0
C006576,Active,21.33,0.2,0,0
C006577,Churned,19.67,-0.5,0,0
C006578,Churned,120.0,-0.6047,0,0
C006579,Churned,368.33,0.3981,2,0
C006580,Active,354.67,0.0088,0,0
C006581,Active,47.0,0.0,0,0
C006582,Churned,39.0,-0.5185,3,0
C006583,Active,199.33,0.0732,0,0
C006584,Active,203.0,0.2759,1,0
C006585,Active,16.0,0.2,0,0
C006586,Active,30.67,-0.0645,1,0
C006587,Active,63.67,-0.0154,0,0
C006588,Active,120.67,0.4946,1,0
C006589,Active,103.67,-0.1111,0,0
C006590,Active,24.67,0.1739,1,0
C006591,Active,19.5,0.1667,0,0
C006592,Churned,37.0,-0.4667,0,0
C006593,Active,26.33,0.1538,0,0
C006594,Active,21.5,0.15,0,0
C006595,Churned,305.33,-0.6059,0,0
C006596,Churned,30.0,-0.2059,2,0
C006597,Churned,15.67,-0.5217,2,0
C006598,Active,23.0,-0.0417,1,0
C006599,Churned,64.67,0.082,1,0
C006600,Active,21.0,-0.2308,1,0
C006601,Active,78.67,-0.0385,2,0
C006602,Churned,8.33,-0.5833,0,0
C006603,Churned,30.67,0.5652,2,0
C006604,Churned,24.0,-0.4444,1,1
C006605,Active,49.0,0.4,0,0
C006606,Active,24.0,0.3333,2,0
C006607,Active,165.0,-0.0237,0,0
C006608,Churned,11.0,-0.5,1,0
C006609,Active,17.67,-0.2,0,0
C006610,Active,85.67,-0.1573,1,0
C006611,Active,150.67,0.0887,0,0
C006612,Active,16.0,0.0625,0,0
C006613,Churned,37.67,-0.3617,0,0
C006614,Churned,14.0,-0.3889,2,2
C006615,Active,133.0,0.0462,0,0
C006616,Active,23.67,0.0909,2,0
C006617,Active,17.0,0.2667,1,0
C006618,Churned,36.0,-0.4694,2,0
C006619,Active,16.0,-0.2222,0,0
C006620,Active,29.67,0.1429,1,0
C006621,Active,487.0,0.1096,1,0
C006622,Active,66.33,-0.1714,0,0
C006623,Churned,30.67,-0.475,0,1
C006624,Active,20.0,-0.0909,0,0
C006625,Active,74.0,-0.093,0,0
C006626,Active,27.67,0.3182,0,0
C006627,Active,21.0,0.1,0,0
C006628,Active,13.0,0.4545,0,0
C006629,Active,24.0,0.25,1,0
C006630,Churned,39.0,-0.4902,0,1
C006631,Active,262.67,-0.0112,1,0
C006632,Churned,45.33,-0.5938,1,0
C006633,Churned,82.33,-0.542,3,0
C006634,Active,58.0,-0.05,0,0
C006635,Active,75.0,0.2344,1,0
C006636,Churned,15.67,-0.5238,1,0
C006637,Active,20.67,0.1579,0,0
C006638,Active,52.33,0.3902,2,0
C006639,Active,61.0,0.3774,1,0
C006640,Active,33.67,0.0357,0,0
C006641,Active,20.33,-0.1364,1,0
C006642,Churned,83.0,-0.4486,1,0
C006643,Active,59.33,-0.0862,0,0
C006644,Active,78.33,0.3134,2,1
C006645,Churned,17.0,-0.625,2,0
C006646,Churned,16.0,-0.5217,0,0
C006647,Active,52.33,-0.0536,0,0
C006648,Active,57.0,0.0339,0,0
C006649,Churned,33.67,-0.5349,2,0
C006650,Active,39.5,-0.119,2,0
C006651,Active,332.33,0.0642,0,0
C006652,Active,237.67,0.1019,2,0
C006653,Churned,196.67,-0.6289,0,0
C006654,Active,13.0,0.0,0,0
C006655,Churned,11.67,0.3333,0,1
C006656,Churned,11.33,-0.5333,1,0
C006657,Active,35.0,0.0,0,0
C006658,Churned,83.0,-0.5826,2,0
C006659,Active,164.33,0.4783,0,0
C006660,Active,20.0,-0.1364,1,0
C006661,Churned,16.0,-0.625,4,1
C006662,Active,72.0,0.0822,2,0
C006663,Active,22.33,-0.0455,2,0
C006664,Active,173.0,0.0429,1,0
C006665,Active,119.0,0.0,3,0
C006666,Active,121.33,-0.0645,2,1
C006667,Active,417.67,-0.2149,2,0
C006668,Active,13.5,0.25,1,0
C006669,Active,28.33,0.16,0,0
C006670,Churned,147.33,0.12,1,0
C006671,Active,61.67,-0.0952,3,0
C006672,Active,12.0,0.0,0,0
C006673,Active,130.67,0.4649,0,0
C006674,Active,18.5,0.4667,2,0
C006675,Active,140.67,0.056,1,1
C006676,Active,27.33,-0.2414,1,0
C006677,Active,28.0,-0.129,0,0
C006678,Active,71.0,0.254,0,0
C006679,Churned,9.33,-0.3636,0,1
C006680,Churned,35.0,-0.5217,1,0
C006681,Active,250.33,-0.008,1,0
C006682,Active,215.33,0.1527,0,0
C006683,Active,43.0,0.119,0,0
C006684,Churned,142.0,-0.0385,1,0
C006685,Churned,8.0,0.0,0,0
C006686,Active,19.67,0.1765,0,0
C006687,Churned,135.33,-0.6278,0,0
C006688,Active,155.0,-0.0617,0,0
C006689,Active,49.0,0.0,2,0
C006690,Active,85.33,0.0116,1,0
C006691,Churned,9.67,-0.5,0,0
C006692,Active,20.0,0.1579,1,0
C006693,Active,126.0,0.0902,0,0
C006694,Active,52.33,-0.2,0,0
C006695,Active,13.0,0.1429,0,1
C006696,Churned,76.0,0.1884,1,0
C006697,Active,57.67,-0.082,2,0
C006698,Churned,36.67,-0.4894,1,0
C006699,Active,31.67,0.2857,1,0
C006700,Active,16.67,-0.0556,0,0
C006701,Churned,52.67,-0.3509,0,0
C006702,Active,18.33,0.0,0,0
C006703,Active,270.33,0.0482,0,0
C006704,Active,20.0,0.4375,0,0
C006705,Active,49.67,0.575,2,0
C006706,Active,31.0,-0.2778,0,0
C006707,Active,28.0,-0.2188,3,0
C006708,Active,38.33,-0.0526,0,0
C006709,Active,65.0,-0.0143,1,0
C006710,Active,24.0,0.087,2,0
C006711,Churned,162.67,-0.245,1,0
C006712,Active,91.0,0.0,0,0
C006713,Active,44.0,0.0465,0,0
C006714,Active,12.5,0.2727,0,0
C006715,Active,47.0,0.0,0,0
C006716,Active,142.0,-0.1333,0,0
C006717,Churned,123.0,-0.5829,1,0
C006718,Active,450.67,0.0876,0,0
C006719,Active,28.33,-0.1071,0,0
C006720,Active,25.67,-0.1111,0,0
C006721,Active,44.0,0.0,1,0
C006722,Active,12.67,-0.0769,0,0
C006723,Churned,43.33,0.0227,1,0
C006724,Active,61.33,-0.1343,0,0
C006725,Churned,7.0,-0.6364,1,0
C006726,Active,26.0,0.2174,0,0
C006727,Active,28.0,0.1111,1,0
C006728,Churned,9.67,-0.4167,4,1
C006729,Active,127.33,0.2661,0,0
C006730,Active,97.67,0.093,2,0
C006731,Active,142.33,0.15,0,0
C006732,Churned,18.67,0.8333,0,0
C006733,Active,137.67,0.1805,0,0
C006734,Active,144.67,-0.075,1,0
C006735,Active,50.0,0.1458,0,0
C006736,Active,397.67,0.5133,0,0
C006737,Active,83.33,0.0625,0,0
C006738,Churned,11.0,-0.5333,3,0
C006739,Active,504.67,-0.4213,1,0
C006740,Active,59.33,0.1481,0,0
C006741,Active,69.0,-0.1392,1,0
C006742,Active,64.67,0.0312,1,1
C006743,Active,16.0,0.0,0,0
C006744,Active,24.67,0.1818,0,0
C006745,Active,12.33,-0.0769,2,0
C006746,Churned,7.0,-0.5556,0,0
C006747,Active,26.33,0.1739,0,0
C006748,Churned,15.0,-0.4118,0,0
C006749,Active,20.0,-0.05,0,0
C006750,Active,138.67,-0.1866,1,0
C006751,Active,79.67,0.1053,2,0
C006752,Active,15.67,0.2667,1,0
C006753,Active,47.33,0.2821,0,0
C006754,Active,118.0,-0.1626,2,0
C006755,Active,28.0,-0.1034,1,0
C006756,Active,16.0,-0.0625,2,0
C006757,Active,172.33,-0.0838,0,0
C006758,Active,44.0,0.0,0,0
C006759,Active,28.0,0.0714,1,0
C006760,Churned,22.67,0.0909,0,1
C006761,Active,127.0,0.6364,0,0
C006762,Active,32.67,0.2,1,1
C006763,Churned,107.0,-0.6875,1,0
C006764,Active,133.33,-0.4576,0,0
C006765,Churned,41.67,-0.6,0,0
C006766,Active,27.67,0.0741,0,0
C006767,Active,108.67,0.1458,1,0
C006768,Active,70.33,0.2373,2,0
C006769,Active,111.67,0.0965,0,0
C006770,Churned,41.67,-0.6271,0,0
C006771,Active,31.67,-0.0645,0,0
C006772,Active,45.0,0.0,1,0
C006773,Active,50.33,-0.3036,0,0
C006774,Churned,206.67,-0.4252,2,0
C006775,Active,36.0,0.0571,0,0
C006776,Active,11.5,-0.0833,0,0
C006777,Active,25.0,-0.2143,3,0
C006778,Active,13.0,0.0,0,0
C006779,Active,37.0,0.0,0,0
C006780,Active,163.5,0.2867,0,1
C006781,Active,17.0,-0.1765,0,0
C006782,Active,14.67,-0.0667,1,0
C006783,Active,36.0,-0.0541,0,0
C006784,Active,33.67,-0.1667,1,0
C006785,Active,141.0,0.0929,1,0
C006786,Churned,123.0,-0.5376,2,0
C006787,Churned,10.33,-0.3846,1,0
C006788,Active,71.67,-0.0385,2,0
C006789,Active,166.0,0.0,0,0
C006790,Active,118.0,0.0268,1,0
C006791,Active,20.67,0.2941,1,0
C006792,Active,30.0,-0.1379,0,0
C006793,Active,169.67,-0.0168,0,0
C006794,Churned,15.0,0.0,0,0
C006795,Churned,6.5,-0.375,0,0
C006796,Active,58.67,0.3,2,0
C006797,Active,93.0,0.011,1,0
C006798,Active,26.0,0.3636,1,0
C006799,Active,35.67,0.0,0,0
C006800,Active,28.67,-0.129,0,0
C006801,Active,46.33,0.1707,0,0
C006802,Active,53.33,0.2045,0,0
C006803,Active,41.67,0.1026,1,0
C006804,Active,13.33,0.4,1,0
C006805,Churned,73.0,-0.5385,1,0
C006806,Active,49.33,-0.1633,0,0
C006807,Churned,11.33,-0.6471,0,0
C006808,Active,223.0,0.0,0,0
C006809,Churned,23.67,0.087,0,0
C006810,Active,55.0,0.0,1,0
C006811,Active,28.67,-0.1875,0,0
C006812,Active,70.33,0.4643,2,0
C006813,Active,34.0,0.1515,0,0
C006814,Active,163.33,0.3643,2,0
C006815,Active,49.5,0.1064,0,0
C006816,Active,59.0,0.1852,1,0
C006817,Churned,7.0,-0.4444,0,0
C006818,Active,22.67,0.2,1,0
C006819,Active,52.0,0.0,1,0
C006820,Active,586.0,-0.0105,0,0
C006821,Active,167.67,-0.1878,0,0
C006822,Active,410.33,-0.1171,0,1
C006823,Active,40.0,0.4,0,1
C006824,Active,27.0,0.0385,0,0
C006825,Active,30.0,-0.2121,0,0
C006826,Active,25.0,0.1304,0,0
C006827,Active,23.33,-0.1852,1,0
C006828,Churned,85.33,0.0682,0,0
C006829,Active,19.5,0.1667,0,0
C006830,Active,60.33,0.1071,1,0
C006831,Active,20.0,0.2222,0,0
C006832,Active,31.33,-0.2286,1,0
C006833,Active,20.0,0.5,1,0
C006834,Active,190.67,-0.1636,0,0
C006835,Active,21.0,0.0,0,0
C006836,Churned,15.67,-0.5909,1,0
C006837,Active,28.0,0.5,0,0
C006838,Active,73.67,-0.0769,0,1
C006839,Active,387.67,-0.3287,0,0
C006840,Active,110.67,0.5679,1,0
C006841,Active,473.33,-0.0292,1,0
C006842,Active,420.0,0.076,0,0
C006843,Active,209.33,-0.0777,0,0
C006844,Active,27.67,-0.069,0,0
C006845,Active,15.5,0.2143,0,1
C006846,Active,29.67,0.5,0,0
C006847,Active,10.5,0.3333,0,0
C006848,Active,33.67,-0.1471,1,0
C006849,Active,57.33,0.2245,1,1
C006850,Active,161.33,0.1214,1,0
C006851,Active,280.0,0.1477,1,0
C006852,Active,27.33,-0.1333,1,0
C006853,Active,84.33,0.5,1,0
C006854,Active,25.0,0.087,0,0
C006855,Active,22.33,0.0,0,0
C006856,Active,19.33,-0.3182,1,0
C006857,Active,33.33,0.1379,1,0
C006858,Active,50.33,0.1277,0,0
C006859,Churned,23.0,-0.5,1,0
C006860,Active,18.33,0.2353,2,0
C006861,Active,17.0,0.2143,1,0
C006862,Active,190.67,-0.1321,0,0
C006863,Active,11.67,-0.1538,1,0
C006864,Active,45.0,-0.1522,0,0
C006865,Active,15.67,-0.1765,0,0
C006866,Active,16.33,-0.1176,0,0
C006867,Churned,10.0,-0.5385,0,0
C006868,Churned,10.33,-0.3333,0,1
C006869,Active,36.33,-0.0769,1,0
C006870,Churned,33.67,-0.5686,2,0
C006871,Active,124.0,0.0163,0,0
C006872,Active,72.0,-0.1447,0,0
C006873,Active,36.67,0.1351,0,0
C006874,Active,50.0,0.234,0,0
C006875,Active,54.33,0.0385,1,0
C006876,Churned,20.67,-0.625,1,0
C006877,Active,29.0,0.0,1,0
C006878,Active,105.0,0.23,1,0
C006879,Active,217.33,-0.0864,1,0
C006880,Churned,32.0,-0.2,0,0
C006881,Active,30.0,-0.1875,0,0
C006882,Active,77.5,0.5833,0,0
C006883,Churned,46.67,-0.5938,0,0
C006884,Churned,43.33,-0.5273,2,0
C006885,Active,175.5,0.2792,0,0
C006886,Active,248.67,0.3544,1,0
C006887,Active,69.67,0.0923,0,0
C006888,Churned,8.33,-0.4,0,0
C006889,Active,53.0,-0.2576,0,0
C006890,Churned,44.0,-0.4259,0,0
C006891,Churned,10.33,-0.3333,4,0
C006892,Churned,9.67,-0.5385,0,0
C006893,Active,11.33,0.4,1,0
C006894,Active,63.33,0.2241,0,0
C006895,Active,92.67,-0.3762,1,0
C006896,Active,97.67,0.321,1,0
C006897,Active,178.0,0.0424,0,0
C006898,Active,25.0,0.0,1,0
C006899,Churned,18.0,-0.6154,0,1
C006900,Active,523.67,0.3981,1,0
C006901,Churned,7.5,-0.3333,2,0
C006902,Active,73.0,-0.0676,2,0
C006903,Churned,479.0,-0.245,2,0
C006904,Active,28.0,-0.1034,0,0
C006905,Active,14.0,0.1429,0,0
C006906,Active,153.33,0.0397,0,0
C006907,Churned,49.33,-0.5672,2,0
C006908,Churned,28.0,-0.5641,1,0
C006909,Active,411.33,-0.3476,3,0
C006910,Active,11.0,0.4444,1,0
C006911,Active,172.0,-0.3269,1,0
C006912,Active,175.67,0.1529,2,0
C006913,Churned,122.33,0.2762,0,0
C006914,Active,39.0,-0.0541,0,0
C006915,Active,153.67,0.1611,0,0
C006916,Active,60.0,0.069,1,0
C006917,Active,15.33,-0.5455,1,0
C006918,Active,406.67,-0.3103,0,0
C006919,Active,61.67,-0.4375,0,0
C006920,Active,13.67,0.0769,1,0
C006921,Churned,102.67,-0.6327,0,0
C006922,Active,164.0,-0.2934,0,0
C006923,Active,46.0,-0.1961,0,0
C006924,Active,51.67,0.0204,1,0
C006925,Active,22.67,-0.4483,1,0
C006926,Active,24.33,-0.04,1,0
C006927,Active,14.0,-0.1765,1,0
C006928,Active,65.67,0.1207,0,0
C006929,Active,81.67,-0.0864,1,0
C006930,Active,417.0,-0.3992,1,0
C006931,Active,28.67,-0.1765,0,0
C006932,Active,50.33,-0.0577,0,0
C006933,Active,30.0,-0.3333,0,0
C006934,Churned,33.67,-0.6383,3,1
C006935,Active,50.0,-0.1321,0,0
C006936,Active,118.0,0.0,0,0
C006937,Churned,159.0,-0.0063,1,0
C006938,Churned,22.33,-0.6061,1,0
C006939,Active,74.0,0.3167,0,0
C006940,Active,16.5,0.3571,1,0
C006941,Active,108.5,0.4943,0,0
C006942,Churned,8.67,-0.5,1,0
C006943,Active,22.0,-0.2222,1,0
C006944,Active,20.0,-0.3182,0,0
C006945,Churned,9.33,-0.5385,2,1
C006946,Active,169.33,-0.038,0,0
C006947,Active,93.33,-0.219,1,0
C006948,Active,186.0,-0.0535,0,0
C006949,Churned,128.33,-0.5257,0,0
C006950,Active,57.67,0.1702,0,0
C006951,Churned,17.33,-0.64,0,0
C006952,Active,432.0,-0.4382,0,0
C006953,Active,25.0,-0.2414,0,0
C006954,Active,19.5,0.0526,1,0
C006955,Churned,74.33,-0.026,1,0
C006956,Active,24.0,-0.08,0,0
C006957,Active,87.33,0.1429,4,0
C006958,Active,69.67,0.2388,0,0
C006959,Active,24.0,0.4211,0,0
C006960,Active,142.33,-0.2788,0,0
C006961,Active,71.33,-0.1519,0,0
C006962,Churned,14.33,-0.55,1,0
C006963,Active,69.67,-0.1,4,0
C006964,Active,40.33,-0.175,0,0
C006965,Active,24.67,0.0833,1,0
C006966,Active,16.0,-0.4762,1,0
C006967,Active,52.0,0.0588,0,0
C006968,Active,30.0,0.1852,1,0
C006969,Churned,8.33,-0.6923,1,0
C006970,Churned,13.67,-0.5789,0,0
C006971,Active,32.0,0.0625,0,0
C006972,Active,17.0,0.0,0,0
C006973,Active,22.33,-0.04,1,0
C006974,Active,478.67,-0.0474,0,0
C006975,Active,26.67,0.2308,2,0
C006976,Active,52.33,0.186,1,0
C006977,Active,321.67,0.0129,0,0
C006978,Active,18.67,-0.1053,0,0
C006979,Active,459.0,0.1869,0,0
C006980,Active,96.67,0.3488,0,0
C006981,Active,70.67,0.1364,0,0
C006982,Active,146.67,-0.3051,0,0
C006983,Active,18.67,0.0,0,0
C006984,Active,193.0,0.0,0,0
C006985,Churned,16.0,-0.5,1,0
C006986,Active,79.67,0.2027,0,0
C006987,Active,50.5,0.5897,0,0
C006988,Active,138.0,0.0,0,0
C006989,Active,77.67,-0.0385,0,0
C006990,Active,18.0,-0.1579,1,0
C006991,Active,19.0,0.1111,1,0
C006992,Active,20.0,0.0952,0,0
C006993,Active,203.33,-0.0046,0,0
C006994,Active,61.33,0.1379,0,0
C006995,Active,216.0,-0.1838,0,0
C006996,Active,410.0,-0.0231,0,0
C006997,Active,89.33,0.1928,1,0
C006998,Active,29.67,0.0714,0,0
C006999,Churned,164.67,-0.0058,1,0
C007000,Active,186.67,0.0258,1,0
C007001,Active,158.67,0.1288,1,0
C007002,Active,166.0,0.092,0,0
C007003,Churned,28.0,-0.4595,0,0
C007004,Active,43.67,-0.2885,1,0
C007005,Churned,34.67,-0.4048,1,0
C007006,Churned,17.33,-0.4,1,0
C007007,Active,75.0,-0.0526,0,0
C007008,Active,11.67,0.0833,2,0
C007009,Active,27.0,-0.037,1,0
C007010,Churned,16.0,-0.1667,3,0
C007011,Active,63.0,-0.1111,2,0
C007012,Active,444.67,0.0395,0,0
C007013,Churned,12.0,-0.3571,1,0
C007014,Active,157.67,0.0301,0,0
C007015,Churned,15.0,-0.5238,0,0
C007016,Active,122.0,0.2941,1,0
C007017,Churned,9.67,-0.6154,2,0
C007018,Churned,5.0,0.0,0,0
C007019,Active,145.67,0.1832,0,0
C007020,Active,20.33,-0.05,0,0
C007021,Active,328.0,0.8,0,0
C007022,Active,473.67,-0.2547,0,0
C007023,Active,20.0,-0.0526,0,0
C007024,Active,12.0,0.0,0,0
C007025,Active,21.67,0.3889,0,0
C007026,Churned,9.67,-0.5,0,0
C007027,Active,20.67,0.0,0,0
C007028,Active,48.33,0.0444,0,0
C007029,Active,11.0,0.0,1,0
C007030,Active,31.5,0.1,0,1
C007031,Churned,13.67,0.0,0,1
C007032,Active,77.0,0.3529,0,0
C007033,Active,54.67,-0.0526,1,0
C007034,Active,189.33,-0.0316,1,0
C007035,Active,34.5,-0.1351,0,0
C007036,Churned,17.67,0.1875,0,1
C007037,Churned,19.67,0.2222,0,0
C007038,Active,105.67,-0.1058,1,0
C007039,Active,197.33,0.1852,0,0
C007040,Active,110.67,0.0,0,0
C007041,Active,187.0,-0.0421,0,0
C007042,Active,27.33,0.0385,0,1
C007043,Active,158.33,0.0805,5,0
C007044,Active,24.33,-0.0769,0,0
C007045,Active,463.0,0.0043,0,0
C007046,Active,609.67,0.0266,1,0
C007047,Active,26.33,0.1304,0,0
C007048,Active,181.67,-0.0947,1,1
C007049,Active,19.5,0.2941,2,0
C007050,Active,27.0,-0.1481,0,0
C007051,Active,536.67,-0.1693,1,0
C007052,Active,78.0,-0.1481,0,0
C007053,Active,50.67,-0.0196,1,0
C007054,Active,19.33,-0.0952,0,0
C007055,Active,37.67,-0.2979,0,0
C007056,Active,78.0,0.0152,0,0
C007057,Active,53.33,-0.1053,2,0
C007058,Active,29.33,-0.1562,0,2
C007059,Churned,24.0,0.6667,0,0
C007060,Churned,16.0,-0.6087,0,0
C007061,Active,25.0,-0.037,0,0
C007062,Active,73.33,-0.2133,0,0
C007063,Active,25.67,-0.0741,0,0
C007064,Active,13.0,0.0,1,0
C007065,Active,33.0,-0.1143,0,0
C007066,Active,65.67,0.0492,2,0
C007067,Churned,46.0,0.3333,1,1
C007068,Active,255.33,-0.3607,1,0
C007069,Churned,48.67,0.0667,0,0
C007070,Churned,26.0,-0.6111,0,0
C007071,Churned,35.0,-0.6727,1,0
C007072,Active,23.0,0.1905,0,1
C007073,Active,52.67,-0.2373,0,0
C007074,Active,17.33,-0.5,0,0
C007075,Active,49.67,0.0426,0,0
C007076,Active,40.0,0.0541,0,0
C007077,Active,30.0,0.037,2,0
C007078,Active,248.67,0.1449,0,0
C007079,Active,37.0,0.2059,0,0
C007080,Churned,307.33,-0.0484,1,0
C007081,Churned,114.0,-0.6264,0,0
C007082,Churned,36.67,-0.4894,0,0
C007083,Active,32.67,-0.1429,0,0
C007084,Active,11.67,0.5556,0,0
C007085,Churned,39.67,-0.4375,1,0
C007086,Active,140.67,0.1653,0,0
C007087,Active,57.33,0.1875,0,0
C007088,Active,23.0,0.0,1,0
C007089,Active,53.0,0.2041,1,0
C007090,Active,20.67,0.2105,0,0
C007091,Active,74.0,-0.0875,0,0
C007092,Active,40.0,-0.1739,0,0
C007093,Churned,87.33,-0.5299,3,0
C007094,Active,55.0,0.1111,0,0
C007095,Active,207.67,-0.0248,0,0
C007096,Churned,24.67,-0.375,1,0
C007097,Churned,40.0,-0.7121,0,1
C007098,Active,22.0,0.0476,2,0
C007099,Active,69.0,0.0,0,0
C007100,Active,46.33,-0.1489,0,0
C007101,Active,27.33,0.36,0,0
C007102,Active,14.5,0.2308,0,0
C007103,Active,29.0,0.3043,0,0
C007104,Active,57.33,0.1538,0,0
C007105,Active,15.33,-0.0714,0,0
C007106,Active,29.33,-0.0938,1,0
C007107,Active,28.0,-0.2581,1,0
C007108,Churned,15.33,-0.6364,2,0
C007109,Active,54.0,-0.1455,0,0
C007110,Active,19.0,-0.2083,0,0
C007111,Active,551.33,0.0086,3,0
C007112,Active,25.67,0.1071,0,0
C007113,Active,198.67,0.1307,1,0
C007114,Active,72.67,-0.0769,1,0
C007115,Active,193.67,-0.1918,1,1
C007116,Active,73.67,0.0417,0,0
C007117,Active,24.0,0.0435,3,0
C007118,Churned,20.33,-0.48,0,0
C007119,Active,14.67,0.0667,2,0
C007120,Churned,75.0,-0.4091,0,0
C007121,Active,68.67,-0.1096,0,1
C007122,Active,18.67,0.1667,0,0
C007123,Active,338.33,0.1458,0,0
C007124,Active,545.0,-0.0377,2,0
C007125,Churned,52.67,0.0714,3,0
C007126,Active,502.0,-0.127,1,0
C007127,Churned,49.33,-0.5616,0,1
C007128,Churned,30.67,0.1071,3,0
C007129,Active,103.0,0.1089,0,0
C007130,Active,26.0,0.1667,2,0
C007131,Active,20.33,0.05,0,0
C007132,Active,131.0,-0.0276,0,0
C007133,Churned,103.67,-0.0901,2,1
C007134,Active,57.33,-0.1207,2,0
C007135,Active,11.33,-0.3077,0,0
C007136,Churned,255.67,-0.4956,1,0
C007137,Active,20.0,0.0556,0,0
C007138,Active,20.67,0.1579,0,0
C007139,Active,41.0,0.0,0,0
C007140,Active,66.33,-0.2609,0,0
C007141,Churned,9.5,-0.1,1,0
C007142,Active,543.0,0.0792,0,0
C007143,Active,97.0,0.0899,3,0
C007144,Active,10.0,0.0,0,0
C007145,Churned,97.33,-0.1905,1,1
C007146,Active,71.67,0.3438,2,0
C007147,Churned,18.0,0.2353,3,0
C007148,Active,366.67,0.0213,1,0
C007149,Active,492.33,-0.1257,1,0
C007150,Active,57.0,0.2766,1,0
C007151,Churned,7.0,-0.4444,2,0
C007152,Active,172.33,-0.0455,1,0
C007153,Active,300.67,-0.4785,2,0
C007154,Active,17.5,0.0588,1,0
C007155,Active,103.33,0.0,0,1
C007156,Active,226.67,0.1226,1,0
C007157,Churned,103.67,-0.3934,1,0
C007158,Active,425.33,0.0907,0,0
C007159,Active,21.67,0.0476,0,0
C007160,Active,66.0,0.3448,1,0
C007161,Active,64.67,-0.0333,0,0
C007162,Active,25.67,-0.2333,1,0
C007163,Active,45.0,0.0,1,0
C007164,Active,127.0,0.3962,0,0
C007165,Active,439.33,0.0189,0,0
C007166,Active,73.0,0.5741,0,0
C007167,Churned,24.0,0.0,0,0
C007168,Active,73.0,0.0533,1,1
C007169,Active,31.0,0.0714,1,1
C007170,Active,110.0,-0.0196,1,0
C007171,Active,31.33,0.32,0,0
C007172,Active,73.0,0.197,1,0
C007173,Churned,138.0,-0.5561,2,0
C007174,Churned,10.33,-0.5333,1,0
C007175,Active,24.0,0.1364,0,0
C007176,Active,25.67,-0.2143,0,0
C007177,Active,29.67,-0.2667,0,0
C007178,Active,314.0,0.1429,0,0
C007179,Churned,218.0,-0.4891,4,0
C007180,Active,66.33,-0.3288,2,0
C007181,Active,29.0,0.1379,1,0
C007182,Active,55.33,0.0962,2,0
C007183,Churned,84.67,-0.4414,1,0
C007184,Churned,29.33,-0.5385,1,1
C007185,Active,46.33,0.1304,1,0
C007186,Active,32.67,-0.5556,0,0
C007187,Active,31.0,0.2857,0,0
C007188,Active,65.0,-0.0735,1,0
C007189,Churned,37.67,-0.4583,2,0
C007190,Active,48.0,0.4651,0,0
C007191,Active,19.33,0.1875,1,0
C007192,Active,51.5,-0.0192,2,0
C007193,Active,183.67,-0.0798,1,0
C007194,Churned,38.0,-0.5091,1,1
C007195,Active,52.0,0.35,0,0
C007196,Active,395.0,-0.3272,0,0
C007197,Churned,8.0,-0.2222,0,0
C007198,Active,128.67,-0.0942,0,0
C007199,Active,51.0,0.0,0,0
C007200,Active,171.0,-0.3168,2,0
C007201,Churned,43.67,-0.5254,4,1
C007202,Active,50.67,0.0408,0,0
C007203,Active,51.33,-0.2,1,0
C007204,Active,569.33,0.093,0,0
C007205,Active,27.33,0.0769,0,0
C007206,Active,17.33,-0.381,0,0
C007207,Churned,27.33,-0.5385,1,0
C007208,Churned,7.33,-0.3333,1,0
C007209,Active,33.67,0.0312,1,0
C007210,Active,13.0,0.4,1,0
C007211,Active,28.0,0.0714,1,0
C007212,Active,73.33,0.8125,0,0
C007213,Active,314.0,0.327,2,0
C007214,Active,33.0,0.0,0,0
C007215,Active,83.0,0.044,3,0
C007216,Active,18.67,-0.3043,1,0
C007217,Churned,42.5,0.0732,0,0
C007218,Active,155.33,-0.2514,0,0
C007219,Active,38.67,0.4828,0,0
C007220,Active,32.33,-0.1875,2,0
C007221,Active,19.5,0.2941,0,0
C007222,Active,51.0,0.3182,1,0
C007223,Active,74.33,-0.0725,0,0
C007224,Active,27.33,-0.1034,0,0
C007225,Churned,38.33,-0.4889,0,0
C007226,Active,25.0,-0.2222,2,1
C007227,Active,62.67,-0.1549,0,0
C007228,Active,46.67,0.0612,0,0
C007229,Active,18.33,0.5,0,0
C007230,Active,497.0,0.0505,0,0
C007231,Active,16.5,0.0625,0,0
C007232,Active,21.0,0.4706,0,0
C007233,Active,62.0,0.1452,1,0
C007234,Churned,14.67,-0.4762,1,0
C007235,Churned,32.67,-0.5532,3,0
C007236,Active,58.0,0.0364,0,0
C007237,Active,60.33,-0.3235,0,0
C007238,Active,41.67,0.0,1,0
C007239,Churned,11.0,-0.6,2,0
C007240,Active,91.0,0.0,0,0
C007241,Active,32.67,0.1471,1,0
C007242,Active,54.0,-0.2344,1,0
C007243,Active,111.33,0.0278,0,0
C007244,Churned,43.0,-0.6393,1,0
C007245,Active,21.0,-0.24,0,0
C007246,Active,372.33,-0.1736,1,0
C007247,Churned,292.67,-0.3802,0,0
C007248,Active,58.0,0.1132,0,0
C007249,Active,154.0,0.0,0,0
C007250,Active,157.67,0.2366,0,0
C007251,Active,20.67,-0.0476,0,0
C007252,Active,56.0,0.2143,0,0
C007253,Active,399.67,-0.0812,0,0
C007254,Active,11.0,0.2,0,0
C007255,Churned,13.67,-0.4706,1,0
C007256,Active,27.67,0.0357,0,0
C007257,Active,70.0,0.1746,1,0
C007258,Active,295.0,0.0,1,0
C007259,Active,354.33,-0.0465,1,0
C007260,Active,11.0,0.0,0,0
C007261,Active,77.0,0.0519,0,0
C007262,Active,53.0,-0.2453,0,0
C007263,Active,100.5,0.1613,0,0
C007264,Active,55.0,0.2653,0,0
C007265,Active,67.33,0.2333,3,0
C007266,Active,18.67,0.0,0,0
C007267,Churned,39.33,-0.1591,0,0
C007268,Active,34.0,0.1212,0,0
C007269,Active,333.0,0.0888,2,1
C007270,Active,18.0,0.0588,1,0
C007271,Active,111.0,0.129,0,0
C007272,Churned,103.0,-0.6136,1,0
C007273,Churned,5.0,0.0,0,0
C007274,Churned,30.33,-0.5909,0,0
C007275,Active,47.67,-0.08,0,0
C007276,Active,155.67,-0.1083,1,0
C007277,Churned,32.67,-0.5135,0,0
C007278,Active,97.67,-0.4962,0,0
C007279,Active,23.33,-0.2308,0,0
C007280,Active,125.33,0.0,0,0
C007281,Active,132.0,-0.3314,0,0
C007282,Active,10.0,-0.1,0,0
C007283,Active,66.67,-0.0685,1,0
C007284,Active,25.67,0.8333,0,0
C007285,Active,450.33,0.2624,0,0
C007286,Active,421.67,-0.0306,0,0
C007287,Active,54.0,0.2174,1,0
C007288,Active,21.0,0.0,0,0
C007289,Active,7.0,0.0,1,0
C007290,Active,30.0,-0.45,0,0
C007291,Active,20.67,0.3158,0,1
C007292,Churned,19.33,0.1765,3,0
C007293,Active,166.67,-0.16,0,0
C007294,Churned,14.67,0.3077,0,0
C007295,Churned,21.33,-0.625,2,1
C007296,Active,366.33,0.0161,0,0
C007297,Active,182.67,0.0809,0,0
C007298,Active,52.0,0.0,2,0
C007299,Active,115.0,0.0,1,0
C007300,Churned,11.67,0.2,1,0
C007301,Active,13.5,-0.0714,0,0
C007302,Active,138.67,0.0231,2,0
C007303,Active,102.0,0.0192,0,0
C007304,Active,50.33,0.0,1,0
C007305,Active,19.67,-0.1,0,0
C007306,Active,68.67,0.0133,0,0
C007307,Active,25.33,0.2609,0,1
C007308,Churned,97.33,-0.3701,2,0
C007309,Churned,13.67,-0.5789,1,0
C007310,Active,15.33,-0.45,0,0
C007311,Churned,5.5,-0.1667,2,0
C007312,Active,13.0,0.0833,0,0
C007313,Active,25.33,0.6,0,0
C007314,Churned,19.33,0.3125,0,0
C007315,Churned,46.33,-0.3208,0,0
C007316,Churned,32.0,0.0,0,0
C007317,Active,422.0,-0.2809,1,0
C007318,Active,105.0,-0.1111,0,0
C007319,Active,26.33,-0.3333,0,0
C007320,Active,19.0,0.3125,0,1
C007321,Active,54.67,-0.1091,0,0
C007322,Active,97.33,0.5974,2,0
C007323,Churned,11.67,-0.6667,0,0
C007324,Active,246.0,0.0,0,1
C007325,Active,78.67,-0.1,0,0
C007326,Churned,51.67,0.2264,1,1
C007327,Active,434.0,0.3658,0,1
C007328,Churned,38.0,-0.383,2,1
C007329,Active,73.67,-0.0649,0,0
C007330,Active,14.0,0.0,0,0
C007331,Churned,8.67,-0.5455,1,0
C007332,Active,129.0,-0.0972,1,0
C007333,Active,59.33,0.3,1,0
C007334,Active,128.5,0.4019,0,0
C007335,Churned,24.0,-0.1923,0,0
C007336,Churned,129.0,-0.6222,1,0
C007337,Active,15.67,0.1333,2,0
C007338,Active,19.0,-0.0455,0,0
C007339,Active,30.0,0.069,0,0
C007340,Active,98.0,0.0,0,0
C007341,Active,23.33,0.2381,0,0
C007342,Active,79.33,-0.0488,0,0
C007343,Active,177.67,0.4324,0,0
C007344,Active,10.0,0.1,0,0
C007345,Active,59.33,-0.1833,0,0
C007346,Churned,14.67,-0.55,3,0
C007347,Active,38.67,-0.4375,2,0
C007348,Active,46.33,0.2143,1,0
C007349,Active,18.0,-0.05,0,0
C007350,Active,73.33,-0.1579,1,0
C007351,Active,23.33,-0.3077,1,0
C007352,Active,28.33,0.0714,0,0
C007353,Churned,120.67,-0.5112,0,0
C007354,Active,26.0,-0.2333,0,0
C007355,Active,65.0,0.3636,0,0
C007356,Active,14.0,-0.375,0,0
C007357,Churned,88.0,-0.3551,0,0
C007358,Active,22.0,0.0,0,0
C007359,Churned,14.0,-0.4211,0,0
C007360,Active,313.0,0.0,0,0
C007361,Active,88.67,0.046,0,0
C007362,Active,153.0,-0.0976,0,0
C007363,Active,120.33,0.3423,0,0
C007364,Active,202.33,0.1445,0,0
C007365,Active,21.33,0.4444,1,0
C007366,Active,12.33,-0.2143,1,1
C007367,Churned,11.67,-0.5294,0,0
C007368,Active,213.67,0.0957,1,0
C007369,Active,72.67,0.029,1,0
C007370,Active,178.67,-0.027,0,0
C007371,Active,18.0,-0.3636,3,0
C007372,Churned,68.67,-0.5161,4,1
C007373,Active,35.0,-0.0571,1,0
C007374,Active,77.0,-0.038,0,0
C007375,Churned,23.33,-0.0909,0,0
C007376,Active,17.67,-0.1053,0,0
C007377,Churned,26.67,-0.04,0,0
C007378,Active,327.33,0.2143,0,0
C007379,Churned,8.0,-0.5455,0,0
C007380,Active,23.0,-0.0435,2,0
C007381,Active,17.67,-0.0556,0,0
C007382,Active,27.67,0.32,1,0
C007383,Active,328.0,0.0351,1,0
C007384,Active,17.67,0.1176,0,0
C007385,Churned,8.0,-0.5455,1,0
C007386,Active,143.33,0.3871,0,0
C007387,Active,28.67,0.0,3,0
C007388,Churned,9.67,-0.4167,3,0
C007389,Active,51.0,-0.1071,1,0
C007390,Churned,7.0,-0.4444,0,0
C007391,Active,12.0,0.3,1,0
C007392,Active,187.0,-0.105,0,0
C007393,Churned,14.33,-0.4,0,0
C007394,Churned,143.33,0.1831,0,0
C007395,Active,146.33,-0.1534,4,0
C007396,Active,148.0,0.0993,0,0
C007397,Active,28.67,0.069,1,0
C007398,Active,14.0,0.2308,0,0
C007399,Active,63.5,0.1897,0,0
C007400,Active,137.67,-0.225,1,0
C007401,Active,132.67,0.6226,1,0
C007402,Active,14.0,0.0,0,0
C007403,Active,81.33,-0.0353,1,0
C007404,Active,21.0,0.1053,0,2
C007405,Churned,47.33,-0.5385,2,0
C007406,Active,24.67,0.2273,0,0
C007407,Active,554.0,0.0871,1,0
C007408,Churned,10.0,-0.5714,1,1
C007409,Active,26.0,0.3182,0,0
C007410,Active,71.0,0.3065,0,0
C007411,Active,483.0,0.0591,2,0
C007412,Active,80.67,-0.2473,1,0
C007413,Active,27.33,0.069,1,0
C007414,Active,32.0,0.0,1,0
C007415,Active,25.67,0.3333,0,0
C007416,Active,113.0,0.3333,0,0
C007417,Active,20.0,-0.2727,1,0
C007418,Active,50.67,0.02,0,0
C007419,Active,22.0,0.0476,0,0
C007420,Active,23.0,0.1,0,0
C007421,Active,33.67,0.0606,1,0
C007422,Active,27.33,0.1071,2,0
C007423,Active,44.0,0.4857,0,0
C007424,Active,18.33,0.2353,1,0
C007425,Active,179.0,0.3681,0,0
C007426,Active,40.33,0.0488,2,0
C007427,Active,241.33,-0.1667,0,0
C007428,Active,72.33,0.0132,0,0
C007429,Active,22.67,0.2632,1,0
C007430,Churned,60.67,-0.6264,1,0
C007431,Active,163.33,-0.1404,2,0
C007432,Active,21.33,0.1,1,0
C007433,Churned,59.67,-0.1111,0,0
C007434,Active,22.33,0.0417,1,0
C007435,Active,50.67,-0.125,0,0
C007436,Active,74.0,0.3433,0,0
C007437,Churned,47.0,-0.5972,0,2
C007438,Churned,11.0,0.0,1,0
C007439,Active,45.0,0.0222,2,0
C007440,Active,442.33,-0.071,0,0
C007441,Active,182.0,-0.338,0,0
C007442,Active,516.67,-0.042,1,0
C007443,Active,175.0,-0.0229,2,0
C007444,Active,47.0,-0.5469,0,0
C007445,Active,21.33,-0.0435,1,0
C007446,Active,58.0,-0.3281,0,0
C007447,Active,28.33,-0.04,0,0
C007448,Active,40.33,-0.0513,0,0
C007449,Active,71.33,0.0139,1,0
C007450,Active,25.67,0.2,1,0
C007451,Active,124.0,0.0174,0,0
C007452,Active,48.67,-0.14,1,0
C007453,Active,36.33,0.5862,2,0
C007454,Active,19.33,0.0526,1,0
C007455,Churned,258.0,-0.4899,2,0
C007456,Active,51.0,-0.1091,1,0
C007457,Active,51.0,-0.3167,1,0
C007458,Active,55.67,-0.6,0,0
C007459,Active,22.67,0.5294,1,0
C007460,Active,138.33,0.0,1,0
C007461,Churned,17.67,-0.2857,0,1
C007462,Active,63.33,0.75,1,0
C007463,Active,66.67,0.0159,1,0
C007464,Active,228.0,0.0,0,0
C007465,Churned,229.67,-0.3227,0,0
C007466,Active,19.0,0.0,1,0
C007467,Churned,44.33,-0.6154,1,0
C007468,Churned,135.67,-0.4941,0,1
C007469,Active,158.33,0.0062,0,0
C007470,Churned,8.67,-0.4545,0,0
C007471,Churned,50.0,0.0377,2,0
C007472,Active,156.67,0.2891,2,0
C007473,Churned,12.0,-0.625,2,1
C007474,Active,28.0,0.4545,0,0
C007475,Active,21.33,0.0,1,1
C007476,Active,20.0,-0.1429,0,0
C007477,Churned,8.33,-0.4,0,0
C007478,Active,33.0,0.0,0,0
C007479,Active,30.67,0.0667,0,0
C007480,Churned,33.0,-0.5909,1,0
C007481,Active,24.0,0.0,0,0
C007482,Active,49.0,0.0,0,0
C007483,Active,47.33,-0.0385,0,0
C007484,Active,192.0,0.0149,1,0
C007485,Active,44.33,0.2632,0,0
C007486,Active,58.33,-0.2537,1,0
C007487,Churned,11.0,-0.5,0,0
C007488,Active,60.33,-0.1912,0,0
C007489,Active,25.67,0.55,1,0
C007490,Active,18.33,-0.35,0,0
C007491,Churned,302.33,-0.5046,3,1
C007492,Active,177.0,0.0843,0,0
C007493,Active,154.0,-0.1184,1,0
C007494,Active,19.33,-0.05,1,0
C007495,Active,59.33,0.0,1,0
C007496,Active,72.33,0.1831,2,0
C007497,Churned,21.67,-0.5938,0,0
C007498,Churned,20.33,-0.36,1,0
C007499,Churned,36.0,-0.5849,0,0
C007500,Active,21.0,-0.1364,0,0
C007501,Churned,46.5,0.5135,0,0
C007502,Active,117.67,-0.2101,0,0
C007503,Active,22.33,0.0,1,0
C007504,Churned,43.0,-0.2292,1,0
C007505,Active,65.67,0.1935,0,0
C007506,Active,217.33,0.1034,0,0
C007507,Active,461.0,-0.1275,0,0
C007508,Active,118.0,-0.0175,0,1
C007509,Active,15.67,0.0,1,1
C007510,Active,31.67,0.1034,1,0
C007511,Active,15.0,0.0,0,0
C007512,Active,18.67,0.4667,2,0
C007513,Active,49.33,0.0769,2,0
C007514,Active,202.0,0.1089,0,0
C007515,Active,141.0,0.0977,1,0
C007516,Active,50.67,0.2558,0,0
C007517,Churned,69.33,0.0137,0,1
C007518,Active,49.67,0.1111,1,0
C007519,Churned,22.0,-0.1923,0,0
C007520,Active,58.0,-0.0339,0,0
C007521,Active,52.33,-0.102,1,0
C007522,Active,26.67,0.2174,0,0
C007523,Active,57.67,-0.0172,0,0
C007524,Active,12.33,0.1667,1,0
C007525,Active,28.0,0.2,0,0
C007526,Churned,11.67,-0.4286,1,0
C007527,Churned,217.33,-0.6129,0,0
C007528,Active,124.67,0.2381,1,0
C007529,Active,30.67,-0.0882,0,0
C007530,Churned,119.33,-0.1756,2,0
C007531,Active,10.67,-0.0909,1,0
C007532,Churned,12.0,0.2,2,0
C007533,Active,19.67,0.6923,0,0
C007534,Active,14.0,0.0,0,0
C007535,Active,53.0,0.2083,0,0
C007536,Active,475.0,0.137,1,0
C007537,Active,26.0,-0.1071,0,0
C007538,Active,240.0,0.4525,1,0
C007539,Active,30.33,-0.0968,0,0
C007540,Active,48.0,-0.1455,0,0
C007541,Active,304.0,-0.2565,0,0
C007542,Churned,16.33,-0.1579,1,0
C007543,Active,13.0,0.6,0,0
C007544,Active,379.0,0.1335,0,0
C007545,Active,25.0,0.1739,1,0
C007546,Churned,13.67,-0.6,0,0
C007547,Active,12.67,0.7778,0,0
C007548,Active,87.67,-0.1979,0,1
C007549,Active,24.33,-0.0769,1,0
C007550,Active,53.0,-0.1148,0,0
C007551,Churned,26.0,-0.2667,2,0
C007552,Churned,51.0,-0.5352,2,1
C007553,Active,18.67,-0.3333,0,0
C007554,Active,21.67,0.2,1,0
C007555,Active,107.33,-0.1429,0,0
C007556,Active,104.33,0.0636,1,0
C007557,Active,25.67,-0.1111,1,0
C007558,Active,25.67,-0.0769,0,0
C007559,Active,170.33,0.017,0,0
C007560,Active,145.0,0.352,0,0
C007561,Churned,73.67,-0.5149,3,0
C007562,Churned,44.0,-0.4815,0,0
C007563,Active,88.33,-0.0538,2,0
C007564,Active,67.67,0.0455,0,0
C007565,Churned,17.67,-0.5,0,0
C007566,Active,160.33,0.0818,0,0
C007567,Active,25.67,-0.0741,0,0
C007568,Active,20.0,0.2941,1,0
C007569,Active,130.67,-0.093,1,0
C007570,Active,422.0,0.0788,1,0
C007571,Active,46.67,-0.0625,1,0
C007572,Active,343.0,0.371,0,0
C007573,Churned,7.33,-0.6,1,1
C007574,Active,26.33,-0.1034,1,0
C007575,Active,29.67,-0.0625,0,0
C007576,Active,150.33,0.0461,0,0
C007577,Churned,125.0,-0.6364,1,0
C007578,Active,20.0,-0.2857,1,0
C007579,Active,39.0,-0.0488,0,0
C007580,Active,18.0,0.2353,0,0
C007581,Active,22.0,-0.05,0,0
C007582,Active,78.0,0.0,0,0
C007583,Active,28.33,-0.1379,0,0
C007584,Active,53.0,-0.557,0,1
C007585,Churned,14.67,-0.45,0,0
C007586,Active,18.67,-0.1,2,0
C007587,Active,40.33,-0.025,1,0
C007588,Active,323.67,-0.0501,0,0
C007589,Active,12.33,0.0833,0,0
C007590,Active,15.67,0.3846,2,0
C007591,Active,25.0,0.1818,1,1
C007592,Active,122.0,-0.578,1,0
C007593,Active,141.67,-0.2264,2,0
C007594,Active,51.33,0.1875,0,0
C007595,Active,80.0,-0.1013,0,0
C007596,Churned,73.67,-0.6168,1,0
C007597,Active,8.0,0.0,0,0
C007598,Active,116.0,0.0,1,0
C007599,Active,14.0,0.0,3,0
C007600,Churned,15.33,-0.5263,1,0
C007601,Active,379.33,0.2761,0,0
C007602,Active,389.33,-0.0182,0,0
C007603,Active,9.0,0.0,0,0
C007604,Active,21.33,-0.4,1,0
C007605,Active,42.33,-0.24,0,0
C007606,Active,290.33,0.1732,0,0
C007607,Active,107.0,-0.1885,0,0
C007608,Active,48.0,0.0,0,0
C007609,Active,91.67,-0.1313,0,0
C007610,Active,162.67,-0.3972,2,0
C007611,Active,72.0,-0.0274,0,0
C007612,Active,74.67,-0.0658,0,0
C007613,Active,85.0,0.0465,1,0
C007614,Churned,22.33,-0.2,3,1
C007615,Active,56.33,-0.0364,0,0
C007616,Active,392.33,-0.0917,0,0
C007617,Active,19.33,-0.1429,2,1
C007618,Active,35.0,0.0,0,0
C007619,Active,75.0,-0.1341,1,1
C007620,Active,193.67,0.095,1,0
C007621,Active,64.0,-0.1765,0,0
C007622,Active,112.0,0.0,0,0
C007623,Active,35.67,-0.4783,0,0
C007624,Active,17.0,0.0,0,0
C007625,Active,16.33,0.2,2,0
C007626,Active,17.33,-0.2,1,0
C007627,Active,563.33,-0.1836,2,0
C007628,Active,105.0,0.11,0,0
C007629,Active,15.33,-0.2,0,0
C007630,Active,166.0,0.1548,2,0
C007631,Churned,18.0,-0.5217,0,0
C007632,Active,378.33,0.0244,1,0
C007633,Active,155.0,0.28,3,0
C007634,Active,23.67,-0.4286,0,0
C007635,Active,17.0,0.0588,1,0
C007636,Active,23.67,0.1667,0,0
C007637,Active,21.67,-0.087,0,0
C007638,Active,255.33,0.0327,0,0
C007639,Churned,21.0,-0.5517,0,0
C007640,Churned,19.0,-0.4167,3,0
C007641,Active,25.67,0.087,0,0
C007642,Churned,68.67,-0.5556,2,0
C007643,Churned,12.5,0.0833,1,0
C007644,Active,119.0,-0.0083,0,0
C007645,Active,171.67,-0.1012,0,0
C007646,Active,9.0,0.0,0,0
C007647,Active,152.0,0.1,0,0
C007648,Active,140.0,0.2764,1,0
C007649,Active,68.0,0.1406,1,0
C007650,Active,166.0,0.0,0,0
C007651,Churned,92.67,-0.5115,1,0
C007652,Active,19.33,-0.25,0,0
C007653,Active,19.0,0.1765,0,0
C007654,Active,27.67,0.037,1,0
C007655,Churned,22.33,0.5,1,0
C007656,Churned,158.0,-0.5522,0,0
C007657,Active,287.0,0.4664,0,0
C007658,Active,174.0,-0.302,0,0
C007659,Active,37.33,0.0,0,0
C007660,Active,70.33,-0.2564,1,0
C007661,Active,37.0,0.0,0,0
C007662,Active,104.67,0.0532,0,0
C007663,Active,389.33,-0.139,0,0
C007664,Active,309.67,0.2755,1,1
C007665,Active,23.67,0.2727,1,0
C007666,Churned,13.0,-0.4706,0,0
C007667,Active,147.0,-0.1103,0,0
C007668,Active,16.67,0.0667,0,0
C007669,Churned,33.67,-0.4146,1,0
C007670,Churned,39.0,0.0,0,0
C007671,Churned,67.67,-0.5275,0,0
C007672,Active,10.0,0.2222,0,0
C007673,Active,349.33,0.2517,1,0
C007674,Active,27.67,0.0,1,0
C007675,Active,34.33,0.3704,0,0
C007676,Active,187.0,-0.2327,1,0
C007677,Active,44.67,0.2955,0,0
C007678,Active,205.5,0.0448,1,0
C007679,Churned,42.0,-0.463,3,0
C007680,Active,200.33,-0.202,0,0
C007681,Active,332.5,0.1044,0,0
C007682,Active,49.67,0.2558,2,0
C007683,Active,16.67,0.2,0,0
C007684,Active,112.33,-0.2126,0,0
C007685,Active,22.0,0.0,0,0
C007686,Active,131.33,-0.0791,2,0
C007687,Active,38.33,-0.1667,2,0
C007688,Active,578.0,-0.1678,0,0
C007689,Active,12.67,0.0833,1,0
C007690,Active,54.33,-0.1864,0,0
C007691,Active,17.0,0.0,1,0
C007692,Active,60.67,0.3191,0,1
C007693,Churned,10.67,-0.4286,1,0
C007694,Active,13.0,0.0,0,0
C007695,Active,55.33,-0.069,0,0
C007696,Churned,26.0,-0.5405,1,0
C007697,Churned,43.0,-0.1429,1,0
C007698,Active,62.5,-0.1061,2,0
C007699,Active,19.0,0.0,0,0
C007700,Active,27.33,0.0,0,0
C007701,Active,44.33,-0.0227,0,0
C007702,Churned,21.33,-0.6552,1,0
C007703,Active,26.33,-0.4375,0,0
C007704,Churned,14.67,-0.4444,0,1
C007705,Churned,9.0,-0.5,0,0
C007706,Active,24.67,0.1364,0,0
C007707,Churned,14.33,-0.3684,1,0
C007708,Active,78.67,0.1233,0,0
C007709,Active,31.0,-0.0938,0,0
C007710,Active,24.0,0.0,0,0
C007711,Active,46.33,0.1064,1,0
C007712,Active,512.0,0.3032,0,0
C007713,Active,72.33,0.1304,1,0
C007714,Active,21.67,0.3333,0,0
C007715,Active,18.67,0.0,0,0
C007716,Active,26.0,0.0,0,0
C007717,Churned,17.33,0.0556,0,0
C007718,Active,134.33,-0.2895,1,1
C007719,Active,144.67,0.0602,1,0
C007720,Active,32.33,0.0938,0,0
C007721,Active,71.33,-0.1053,0,0
C007722,Active,165.33,0.3037,0,1
C007723,Active,25.33,-0.1154,0,0
C007724,Active,25.33,0.125,0,0
C007725,Active,328.67,0.1,0,0
C007726,Active,19.33,0.1579,0,0
C007727,Churned,9.0,-0.5,0,0
C007728,Active,19.67,-0.05,0,1
C007729,Active,28.0,0.6667,0,0
C007730,Active,61.33,-0.0508,1,0
C007731,Active,54.67,0.2157,0,0
C007732,Active,28.67,0.5,0,0
C007733,Active,51.0,0.2195,1,0
C007734,Active,50.0,0.0,0,0
C007735,Active,527.0,0.167,1,0
C007736,Churned,25.67,0.6111,1,0
C007737,Active,128.67,-0.1176,2,0
C007738,Active,34.33,0.1429,0,1
C007739,Active,22.0,0.5294,0,0
C007740,Active,39.33,-0.1905,1,1
C007741,Active,22.33,-0.0455,0,0
C007742,Active,23.33,0.35,0,0
C007743,Active,152.0,0.25,0,0
C007744,Active,101.0,-0.2712,0,0
C007745,Churned,70.33,-0.5481,0,0
C007746,Active,24.67,-0.1333,0,0
C007747,Active,58.67,-0.1212,0,0
C007748,Active,23.67,0.0,0,0
C007749,Active,10.0,-0.1818,0,0
C007750,Active,117.0,-0.1129,1,0
C007751,Active,32.0,0.0,0,0
C007752,Churned,11.67,-0.6471,1,0
C007753,Active,138.0,-0.0432,2,0
C007754,Active,94.33,0.1364,0,0
C007755,Active,23.67,-0.12,0,0
C007756,Active,50.0,0.0,0,0
C007757,Churned,11.0,-0.5625,1,0
C007758,Active,24.0,0.125,0,0
C007759,Active,85.0,0.0112,0,0
C007760,Active,21.33,-0.4615,1,0
C007761,Active,21.0,0.2632,0,0
C007762,Churned,186.0,0.3373,1,0
C007763,Churned,16.0,-0.4,0,0
C007764,Active,21.0,0.0,0,0
C007765,Churned,100.67,-0.5493,0,1
C007766,Churned,4.0,0.0,0,0
C007767,Active,417.67,0.094,0,0
C007768,Active,54.0,-0.193,2,0
C007769,Active,218.0,0.2283,0,0
C007770,Active,208.33,0.0092,1,0
C007771,Churned,101.67,0.5067,1,0
C007772,Active,29.33,-0.2703,0,0
C007773,Churned,7.5,-0.125,0,1
C007774,Active,413.67,0.0376,1,0
C007775,Active,67.0,0.0,0,0
C007776,Active,55.0,-0.3333,0,0
C007777,Active,18.33,1.0,0,0
C007778,Active,56.0,0.24,0,1
C007779,Active,81.33,-0.013,0,0
C007780,Active,112.67,-0.5806,2,0
C007781,Active,136.0,0.0072,1,0
C007782,Active,19.67,0.3125,1,0
C007783,Active,17.33,0.5714,2,0
C007784,Churned,34.33,-0.5652,1,0
C007785,Active,40.0,-0.0488,0,0
C007786,Active,437.0,0.18,0,0
C007787,Active,422.0,0.012,0,0
C007788,Active,47.67,0.0435,0,0
C007789,Active,92.33,0.2432,1,0
C007790,Churned,17.67,-0.6667,1,1
C007791,Active,176.33,0.0872,3,0
C007792,Active,43.67,-0.0233,0,0
C007793,Active,43.33,-0.2857,1,0
C007794,Churned,16.0,-0.5455,3,0
C007795,Active,50.67,0.2667,2,0
C007796,Active,109.33,0.2323,2,0
C007797,Active,61.67,-0.1385,0,0
C007798,Churned,56.0,-0.5696,0,0
C007799,Active,62.67,0.3396,0,0
C007800,Active,34.67,0.1818,0,0
C007801,Churned,24.0,-0.2,2,0
C007802,Active,31.0,0.3846,2,0
C007803,Churned,26.67,-0.625,0,1
C007804,Churned,34.33,-0.5833,2,0
C007805,Active,11.67,0.0,0,0
C007806,Active,361.33,0.0889,0,0
C007807,Churned,53.0,-0.6456,0,0
C007808,Active,15.0,-0.0667,2,0
C007809,Active,389.0,0.2638,0,0
C007810,Active,20.0,0.0,0,0
C007811,Churned,46.67,0.2619,0,0
C007812,Active,71.67,-0.2644,0,0
C007813,Active,97.33,-0.0222,1,0
C007814,Churned,34.67,-0.4773,2,0
C007815,Churned,51.33,-0.6296,2,1
C007816,Churned,8.67,-0.5833,0,0
C007817,Churned,25.0,-0.125,0,0
C007818,Active,160.33,-0.1911,0,1
C007819,Active,609.0,0.4491,0,0
C007820,Active,53.33,-0.2769,1,0
C007821,Active,18.67,0.0556,0,0
C007822,Active,24.33,-0.1538,0,0
C007823,Active,14.67,0.2308,0,0
C007824,Active,26.0,0.25,0,0
C007825,Active,178.33,-0.347,0,0
C007826,Active,29.67,0.0938,0,0
C007827,Active,44.0,-0.1591,0,0
C007828,Active,31.0,-0.1562,0,0
C007829,Active,136.33,0.058,1,0
C007830,Active,15.33,0.4615,0,0
C007831,Active,548.33,-0.0452,0,0
C007832,Churned,156.67,-0.3333,1,0
C007833,Active,73.67,-0.2025,0,0
C007834,Active,161.33,-0.4977,0,0
C007835,Active,21.5,0.0476,0,0
C007836,Active,18.0,0.0,1,0
C007837,Churned,49.0,-0.6667,0,0
C007838,Active,127.67,-0.6615,1,0
C007839,Active,122.67,-0.1736,0,0
C007840,Active,68.33,0.254,0,0
C007841,Active,142.67,-0.1364,0,0
C007842,Active,29.33,-0.2571,0,0
C007843,Active,17.0,-0.2353,0,0
C007844,Active,23.0,0.1905,1,0
C007845,Churned,11.33,-0.5333,0,1
C007846,Churned,33.33,-0.4524,0,0
C007847,Active,11.0,0.0,1,0
C007848,Churned,9.33,-0.5714,0,0
C007849,Churned,29.0,-0.4571,0,0
C007850,Churned,194.67,0.0144,0,0
C007851,Active,54.67,-0.0185,1,0
C007852,Active,277.0,0.1306,0,0
C007853,Churned,12.0,-0.4,0,0
C007854,Active,23.67,-0.16,0,0
C007855,Churned,10.0,0.0,0,0
C007856,Churned,44.0,0.0,1,0
C007857,Active,65.0,0.0702,1,0
C007858,Active,23.0,0.0,2,0
C007859,Active,53.33,0.0943,0,0
C007860,Active,87.0,0.0,0,0
C007861,Active,46.33,0.0227,0,0
C007862,Churned,19.0,0.0,0,0
C007863,Churned,16.67,-0.45,0,0
C007864,Churned,27.0,-0.3793,0,0
C007865,Churned,86.0,-0.433,1,1
C007866,Active,59.67,0.0476,0,0
C007867,Active,51.33,0.0588,0,0
C007868,Active,76.0,-0.0411,1,0
C007869,Active,42.33,0.0976,1,0
C007870,Active,107.67,-0.0286,0,0
C007871,Active,52.67,0.4286,0,0
C007872,Churned,7.67,-0.5,1,1
C007873,Active,52.33,-0.5616,0,0
C007874,Active,110.67,-0.371,0,0
C007875,Active,77.33,-0.4421,0,0
C007876,Active,25.33,-0.1111,0,0
C007877,Active,24.33,0.5,1,0
C007878,Active,136.67,-0.0667,0,0
C007879,Active,145.5,0.328,0,0
C007880,Churned,163.67,-0.43,2,0
C007881,Active,25.33,0.3913,0,0
C007882,Active,27.33,-0.0714,0,0
C007883,Active,27.67,0.0,3,0
C007884,Active,135.33,-0.1087,0,0
C007885,Active,194.0,-0.0204,2,0
C007886,Active,28.67,0.0,0,0
C007887,Active,23.33,0.2857,0,0
C007888,Churned,15.67,0.0714,0,0
C007889,Active,154.67,0.3939,0,0
C007890,Churned,237.67,-0.466,0,1
C007891,Active,77.0,-0.1412,0,0
C007892,Active,146.33,0.0135,1,0
C007893,Active,32.33,0.1212,0,0
C007894,Active,12.0,0.0,0,0
C007895,Active,49.0,0.8182,2,0
C007896,Active,71.0,-0.0435,0,0
C007897,Active,27.67,0.16,0,0
C007898,Active,25.33,0.2857,0,0
C007899,Active,585.0,0.2333,0,0
C007900,Active,22.67,-0.087,3,0
C007901,Active,62.67,0.1311,0,0
C007902,Active,70.33,0.6038,0,0
C007903,Active,489.0,0.0952,1,0
C007904,Active,61.67,0.3333,0,0
C007905,Active,411.0,0.1016,0,0
C007906,Churned,6.0,-0.5,2,0
C007907,Active,26.0,0.5,0,0
C007908,Active,121.33,0.3727,0,0
C007909,Active,16.67,0.2857,2,0
C007910,Active,24.33,0.125,0,0
C007911,Churned,189.67,0.0326,0,0
C007912,Active,20.67,0.0952,2,1
C007913,Churned,60.33,-0.4578,0,0
C007914,Active,102.0,0.0816,0,0
C007915,Churned,67.67,-0.5556,1,1
C007916,Active,222.67,0.1643,0,0
C007917,Active,48.0,0.0,1,0
C007918,Active,46.0,0.1429,1,0
C007919,Active,165.33,0.0235,0,0
C007920,Active,58.67,0.1731,0,0
C007921,Active,186.33,0.375,0,0
C007922,Active,23.5,-0.1923,0,0
C007923,Active,205.0,0.2778,0,0
C007924,Active,62.0,-0.1194,2,1
C007925,Active,526.33,0.6233,0,0
C007926,Active,72.33,0.1184,1,0
C007927,Active,38.0,-0.1429,0,0
C007928,Active,96.67,-0.0103,2,0
C007929,Churned,18.67,-0.05,1,0
C007930,Active,378.33,0.1142,0,0
C007931,Active,21.67,0.0476,0,0
C007932,Churned,64.67,0.05,2,0
C007933,Churned,17.67,-0.0556,3,0
C007934,Active,28.0,0.037,0,0
C007935,Active,25.0,0.1304,2,0
C007936,Churned,36.0,-0.4286,1,1
C007937,Active,26.0,-0.037,4,0
C007938,Active,50.0,0.0,0,0
C007939,Active,22.0,0.0,1,0
C007940,Active,57.67,0.0185,1,0
C007941,Active,25.0,-0.12,1,1
C007942,Active,15.67,0.0714,0,0
C007943,Churned,21.0,-0.4839,1,0
C007944,Active,20.33,0.1667,0,0
C007945,Churned,38.0,-0.25,1,1
C007946,Churned,12.33,-0.3077,1,0
C007947,Active,249.0,0.1525,0,0
C007948,Active,56.33,-0.0526,1,0
C007949,Active,28.33,0.28,1,0
C007950,Churned,319.0,0.003,0,0
C007951,Active,160.0,-0.1176,3,0
C007952,Active,26.0,0.0,0,0
C007953,Active,131.67,-0.1295,0,0
C007954,Active,10.0,-0.1,2,0
C007955,Active,111.0,0.0,1,0
C007956,Active,122.67,0.084,1,0
C007957,Churned,18.0,0.0588,0,0
C007958,Active,29.0,0.1379,1,0
C007959,Active,21.33,-0.12,0,0
C007960,Active,501.0,-0.1622,0,1
C007961,Churned,35.0,-0.4792,2,0
C007962,Churned,13.0,0.0,0,0
C007963,Churned,37.67,-0.5385,4,0
C007964,Churned,102.0,0.3827,1,0
C007965,Active,25.67,-0.3438,0,0
C007966,Active,190.67,0.1722,0,0
C007967,Active,42.33,0.1667,1,0
C007968,Churned,157.0,0.2,0,0
C007969,Active,29.0,0.0,0,0
C007970,Churned,11.67,-0.6471,1,1
C007971,Active,18.67,0.0625,0,0
C007972,Active,55.0,0.1569,0,0
C007973,Churned,34.67,-0.2973,3,0
C007974,Active,69.33,0.0769,0,0
C007975,Active,142.67,0.378,0,0
C007976,Active,136.0,0.0444,0,0
C007977,Active,522.0,0.1698,1,0
C007978,Churned,152.0,-0.4455,0,0
C007979,Active,175.0,0.1592,0,0
C007980,Active,53.33,0.0182,2,0
C007981,Active,28.33,0.0385,1,0
C007982,Active,341.0,-0.1294,1,0
C007983,Active,285.33,-0.1639,0,0
C007984,Active,447.0,0.3391,1,0
C007985,Active,157.67,-0.006,2,0
C007986,Active,20.5,0.4118,1,0
C007987,Active,644.33,-0.1245,0,0
C007988,Active,374.67,0.0265,2,0
C007989,Churned,66.0,-0.3425,0,1
C007990,Active,85.67,-0.4649,0,0
C007991,Active,14.67,0.1538,2,0
C007992,Active,493.67,0.2478,0,0
C007993,Churned,50.33,-0.4355,1,0
C007994,Active,104.0,0.0,1,0
C007995,Active,49.33,0.2727,0,0
C007996,Active,51.67,0.0,0,0
C007997,Active,15.0,0.0,0,0
C007998,Active,22.67,0.3529,2,0
C007999,Active,24.67,0.2083,0,0
C008000,Active,269.0,-0.2977,1,0
