customer_id,company_name,country,industry,segment,acquisition_channel,signup_date
C000001,Northstar Account 0001,Canada,Manufacturing,Mid-Market,Partner,2024-07-11
C000002,Northstar Account 0002,United States,Healthcare,SMB,Content,2025-06-09
C000003,Northstar Account 0003,United States,Technology,Mid-Market,Organic,2025-02-01
C000004,Northstar Account 0004,United States,Technology,Mid-Market,Paid Search,2026-07-04
C000005,Northstar Account 0005,United States,Professional Services,SMB,Content,2025-11-06
C000006,Northstar Account 0006,Netherlands,Professional Services,Enterprise,Referral,2024-09-04
C000007,Northstar Account 0007,Germany,Technology,Mid-Market,Partner,2026-08-27
C000008,Northstar Account 0008,United States,Financial Services,Mid-Market,Content,2026-01-01
C000009,Northstar Account 0009,United Kingdom,Professional Services,SMB,Content,2024-07-11
C000010,Northstar Account 0010,Canada,Manufacturing,SMB,Partner,2026-04-28
C000011,Northstar Account 0011,United States,Other,SMB,Outbound,2025-09-04
C000012,Northstar Account 0012,United States,Professional Services,Mid-Market,Referral,2025-04-19
C000013,Northstar Account 0013,Canada,Other,SMB,Referral,2024-09-08
C000014,Northstar Account 0014,United States,Technology,Mid-Market,Organic,2024-12-09
C000015,Northstar Account 0015,United Kingdom,Education,SMB,Paid Search,2024-08-13
C000016,Northstar Account 0016,United States,Other,SMB,Organic,2026-04-17
C000017,Northstar Account 0017,United States,Manufacturing,SMB,Content,2024-12-22
C000018,Northstar Account 0018,Canada,Professional Services,SMB,Referral,2025-06-18
C000019,Northstar Account 0019,Canada,Professional Services,Mid-Market,Organic,2026-08-01
C000020,Northstar Account 0020,Ireland,Professional Services,SMB,Referral,2026-08-06
C000021,Northstar Account 0021,United States,Other,Mid-Market,Paid Search,2026-03-18
C000022,Northstar Account 0022,Canada,Professional Services,SMB,Organic,2026-04-09
C000023,Northstar Account 0023,Netherlands,Retail,Enterprise,Outbound,2026-07-02
C000024,Northstar Account 0024,United Kingdom,Professional Services,Mid-Market,Organic,2026-04-16
C000025,Northstar Account 0025,Netherlands,Professional Services,Mid-Market,Organic,2025-06-09
C000026,Northstar Account 0026,Ireland,Retail,SMB,Partner,2024-03-24
C000027,Northstar Account 0027,Germany,Professional Services,SMB,Organic,2024-10-25
C000028,Northstar Account 0028,Ireland,Healthcare,SMB,Referral,2025-06-04
C000029,Northstar Account 0029,United Kingdom,Retail,SMB,Outbound,2024-12-22
C000030,Northstar Account 0030,United States,Retail,Mid-Market,Referral,2025-02-25
C000031,Northstar Account 0031,France,Retail,Mid-Market,Referral,2024-03-18
C000032,Northstar Account 0032,Australia,Professional Services,Enterprise,Organic,2025-09-18
C000033,Northstar Account 0033,United States,Manufacturing,SMB,Partner,2025-03-13
C000034,Northstar Account 0034,United States,Retail,SMB,Organic,2024-11-14
C000035,Northstar Account 0035,United States,Retail,SMB,Paid Search,2025-11-03
C000036,Northstar Account 0036,Australia,Technology,SMB,Content,2024-12-05
C000037,Northstar Account 0037,United States,Technology,SMB,Organic,2025-07-20
C000038,Northstar Account 0038,United States,Manufacturing,SMB,Partner,2024-11-16
C000039,Northstar Account 0039,United Kingdom,Financial Services,SMB,Paid Search,2026-01-05
C000040,Northstar Account 0040,United States,Professional Services,Mid-Market,Content,2026-05-10
C000041,Northstar Account 0041,Netherlands,Professional Services,SMB,Paid Search,2024-04-19
C000042,Northstar Account 0042,United States,Professional Services,Mid-Market,Organic,2026-04-06
C000043,Northstar Account 0043,United States,Education,Mid-Market,Content,2026-05-06
C000044,Northstar Account 0044,United States,Technology,SMB,Organic,2026-08-25
C000045,Northstar Account 0045,Germany,Other,Mid-Market,Outbound,2026-04-13
C000046,Northstar Account 0046,United Kingdom,Technology,Mid-Market,Paid Search,2025-09-13
C000047,Northstar Account 0047,United States,Other,SMB,Referral,2024-04-03
C000048,Northstar Account 0048,United States,Technology,SMB,Outbound,2024-04-03
C000049,Northstar Account 0049,France,Professional Services,Mid-Market,Partner,2024-09-19
C000050,Northstar Account 0050,Germany,Professional Services,SMB,Referral,2025-06-09
C000051,Northstar Account 0051,Canada,Professional Services,SMB,Organic,2026-07-08
C000052,Northstar Account 0052,United States,Other,SMB,Content,2024-08-06
C000053,Northstar Account 0053,Ireland,Retail,Mid-Market,Outbound,2025-09-22
C000054,Northstar Account 0054,Canada,Technology,Mid-Market,Referral,2026-08-27
C000055,Northstar Account 0055,United States,Other,Mid-Market,Outbound,2024-01-08
C000056,Northstar Account 0056,Netherlands,Professional Services,Mid-Market,Partner,2024-03-07
C000057,Northstar Account 0057,France,Technology,SMB,Partner,2024-12-22
C000058,Northstar Account 0058,Canada,Technology,SMB,Organic,2024-10-15
C000059,Northstar Account 0059,Germany,Retail,SMB,Referral,2025-07-23
C000060,Northstar Account 0060,United States,Other,SMB,Content,2025-05-21
C000061,Northstar Account 0061,United Kingdom,Technology,Mid-Market,Referral,2025-10-23
C000062,Northstar Account 0062,United States,Education,SMB,Paid Search,2024-07-05
C000063,Northstar Account 0063,United Kingdom,Professional Services,SMB,Partner,2026-01-15
C000064,Northstar Account 0064,United States,Technology,Mid-Market,Content,2024-10-13
C000065,Northstar Account 0065,United States,Education,SMB,Outbound,2025-06-25
C000066,Northstar Account 0066,Netherlands,Manufacturing,SMB,Paid Search,2024-02-19
C000067,Northstar Account 0067,United States,Healthcare,SMB,Paid Search,2026-04-21
C000068,Northstar Account 0068,Australia,Technology,SMB,Organic,2025-11-25
C000069,Northstar Account 0069,United States,Technology,SMB,Paid Search,2024-10-20
C000070,Northstar Account 0070,United States,Manufacturing,SMB,Outbound,2025-10-19
C000071,Northstar Account 0071,United States,Healthcare,SMB,Organic,2025-05-15
C000072,Northstar Account 0072,United States,Retail,SMB,Partner,2026-04-03
C000073,Northstar Account 0073,United States,Technology,Mid-Market,Paid Search,2026-08-21
C000074,Northstar Account 0074,United States,Manufacturing,SMB,Organic,2024-06-10
C000075,Northstar Account 0075,Canada,Technology,SMB,Outbound,2025-07-04
C000076,Northstar Account 0076,United States,Education,SMB,Partner,2024-11-10
C000077,Northstar Account 0077,United States,Education,SMB,Paid Search,2026-02-10
C000078,Northstar Account 0078,United States,Professional Services,Mid-Market,Organic,2024-02-11
C000079,Northstar Account 0079,United States,Retail,SMB,Outbound,2025-09-08
C000080,Northstar Account 0080,United States,Retail,Mid-Market,Outbound,2026-05-27
C000081,Northstar Account 0081,United States,Healthcare,Mid-Market,Paid Search,2025-04-25
C000082,Northstar Account 0082,Canada,Other,SMB,Referral,2026-05-01
C000083,Northstar Account 0083,Canada,Healthcare,Mid-Market,Paid Search,2024-07-14
C000084,Northstar Account 0084,Australia,Technology,SMB,Partner,2026-07-09
C000085,Northstar Account 0085,Germany,Professional Services,SMB,Paid Search,2026-03-24
C000086,Northstar Account 0086,United Kingdom,Healthcare,SMB,Content,2025-04-14
C000087,Northstar Account 0087,United States,Professional Services,Mid-Market,Outbound,2024-07-18
C000088,Northstar Account 0088,United States,Manufacturing,SMB,Paid Search,2025-08-03
C000089,Northstar Account 0089,United Kingdom,Technology,SMB,Organic,2025-12-20
C000090,Northstar Account 0090,United States,Technology,SMB,Paid Search,2024-06-14
C000091,Northstar Account 0091,United States,Professional Services,SMB,Organic,2026-07-25
C000092,Northstar Account 0092,Ireland,Financial Services,Mid-Market,Paid Search,2026-03-03
C000093,Northstar Account 0093,United States,Education,SMB,Organic,2026-07-09
C000094,Northstar Account 0094,United States,Retail,SMB,Outbound,2025-01-24
C000095,Northstar Account 0095,Netherlands,Professional Services,SMB,Paid Search,2025-05-07
C000096,Northstar Account 0096,United States,Other,SMB,Content,2024-11-08
C000097,Northstar Account 0097,United States,Financial Services,SMB,Paid Search,2024-12-09
C000098,Northstar Account 0098,United States,Retail,SMB,Partner,2024-07-15
C000099,Northstar Account 0099,United States,Manufacturing,SMB,Organic,2024-06-02
C000100,Northstar Account 0100,Ireland,Other,Enterprise,Outbound,2025-12-18
C000101,Northstar Account 0101,Canada,Professional Services,Mid-Market,Paid Search,2024-08-23
C000102,Northstar Account 0102,United States,Professional Services,Mid-Market,Paid Search,2024-07-09
C000103,Northstar Account 0103,United States,Healthcare,SMB,Content,2025-08-05
C000104,Northstar Account 0104,United States,Retail,Enterprise,Referral,2026-01-10
C000105,Northstar Account 0105,United Kingdom,Manufacturing,Mid-Market,Referral,2026-03-19
C000106,Northstar Account 0106,United States,Healthcare,Mid-Market,Paid Search,2025-10-15
C000107,Northstar Account 0107,United States,Technology,SMB,Organic,2024-09-17
C000108,Northstar Account 0108,Canada,Professional Services,SMB,Content,2025-10-23
C000109,Northstar Account 0109,Australia,Education,SMB,Referral,2025-11-27
C000110,Northstar Account 0110,France,Technology,Mid-Market,Referral,2024-11-13
C000111,Northstar Account 0111,Australia,Professional Services,SMB,Organic,2024-07-22
C000112,Northstar Account 0112,United Kingdom,Technology,SMB,Organic,2026-07-14
C000113,Northstar Account 0113,Germany,Financial Services,SMB,Outbound,2024-05-04
C000114,Northstar Account 0114,France,Technology,SMB,Referral,2024-12-17
C000115,Northstar Account 0115,United States,Technology,SMB,Paid Search,2024-10-27
C000116,Northstar Account 0116,United States,Manufacturing,Mid-Market,Outbound,2026-06-12
C000117,Northstar Account 0117,United States,Technology,Mid-Market,Partner,2025-07-16
C000118,Northstar Account 0118,Ireland,Education,Mid-Market,Organic,2026-07-21
C000119,Northstar Account 0119,France,Professional Services,SMB,Organic,2026-04-24
C000120,Northstar Account 0120,Germany,Financial Services,SMB,Referral,2026-02-01
C000121,Northstar Account 0121,United States,Technology,SMB,Organic,2024-08-02
C000122,Northstar Account 0122,Netherlands,Technology,SMB,Partner,2025-02-14
C000123,Northstar Account 0123,United States,Professional Services,SMB,Referral,2026-04-04
C000124,Northstar Account 0124,United States,Other,SMB,Paid Search,2026-08-26
C000125,Northstar Account 0125,United Kingdom,Financial Services,SMB,Outbound,2026-06-20
C000126,Northstar Account 0126,Germany,Professional Services,SMB,Organic,2026-07-18
C000127,Northstar Account 0127,France,Technology,SMB,Organic,2025-11-17
C000128,Northstar Account 0128,United States,Technology,SMB,Referral,2025-07-14
C000129,Northstar Account 0129,United States,Professional Services,SMB,Referral,2025-08-02
C000130,Northstar Account 0130,United States,Technology,SMB,Organic,2025-06-22
C000131,Northstar Account 0131,United States,Financial Services,SMB,Referral,2024-08-14
C000132,Northstar Account 0132,Australia,Technology,Mid-Market,Outbound,2025-01-12
C000133,Northstar Account 0133,United States,Financial Services,SMB,Content,2024-05-13
C000134,Northstar Account 0134,United States,Technology,SMB,Content,2024-05-14
C000135,Northstar Account 0135,United States,Financial Services,SMB,Organic,2025-01-27
C000136,Northstar Account 0136,Canada,Retail,SMB,Organic,2025-12-06
C000137,Northstar Account 0137,Australia,Technology,Enterprise,Partner,2025-11-05
C000138,Northstar Account 0138,United States,Manufacturing,SMB,Paid Search,2025-09-04
C000139,Northstar Account 0139,United States,Professional Services,Mid-Market,Content,2026-02-18
C000140,Northstar Account 0140,Netherlands,Financial Services,SMB,Organic,2025-05-01
C000141,Northstar Account 0141,United Kingdom,Manufacturing,SMB,Organic,2025-06-23
C000142,Northstar Account 0142,United States,Other,SMB,Organic,2025-08-21
C000143,Northstar Account 0143,United States,Financial Services,Enterprise,Organic,2024-04-20
C000144,Northstar Account 0144,Ireland,Professional Services,SMB,Organic,2025-10-14
C000145,Northstar Account 0145,Canada,Retail,SMB,Referral,2026-02-12
C000146,Northstar Account 0146,United States,Education,SMB,Partner,2024-12-27
C000147,Northstar Account 0147,United States,Professional Services,SMB,Organic,2026-05-24
C000148,Northstar Account 0148,United States,Healthcare,SMB,Paid Search,2024-12-05
C000149,Northstar Account 0149,United States,Professional Services,SMB,Content,2025-08-08
C000150,Northstar Account 0150,United States,Education,SMB,Paid Search,2026-06-07
C000151,Northstar Account 0151,United States,Professional Services,Mid-Market,Partner,2026-02-14
C000152,Northstar Account 0152,United States,Technology,Mid-Market,Partner,2025-10-18
C000153,Northstar Account 0153,United States,Other,SMB,Partner,2025-11-07
C000154,Northstar Account 0154,United States,Financial Services,SMB,Content,2024-06-02
C000155,Northstar Account 0155,United States,Professional Services,SMB,Referral,2026-01-11
C000156,Northstar Account 0156,Australia,Technology,Mid-Market,Outbound,2025-11-15
C000157,Northstar Account 0157,United States,Manufacturing,SMB,Content,2024-05-19
C000158,Northstar Account 0158,France,Professional Services,Mid-Market,Paid Search,2024-06-04
C000159,Northstar Account 0159,France,Healthcare,Mid-Market,Organic,2026-08-20
C000160,Northstar Account 0160,Netherlands,Manufacturing,Mid-Market,Organic,2024-08-05
C000161,Northstar Account 0161,United States,Professional Services,SMB,Organic,2026-06-09
C000162,Northstar Account 0162,United States,Professional Services,Mid-Market,Partner,2024-12-15
C000163,Northstar Account 0163,United Kingdom,Technology,SMB,Paid Search,2025-04-03
C000164,Northstar Account 0164,United States,Professional Services,SMB,Paid Search,2025-09-16
C000165,Northstar Account 0165,United States,Healthcare,SMB,Organic,2025-11-02
C000166,Northstar Account 0166,United States,Technology,SMB,Referral,2025-07-06
C000167,Northstar Account 0167,United Kingdom,Other,Mid-Market,Referral,2025-03-16
C000168,Northstar Account 0168,Germany,Education,Mid-Market,Outbound,2025-07-08
C000169,Northstar Account 0169,United States,Technology,SMB,Paid Search,2026-01-13
C000170,Northstar Account 0170,Netherlands,Healthcare,Enterprise,Organic,2025-04-08
C000171,Northstar Account 0171,Germany,Retail,SMB,Outbound,2025-09-15
C000172,Northstar Account 0172,United States,Professional Services,SMB,Referral,2025-04-04
C000173,Northstar Account 0173,United States,Healthcare,SMB,Referral,2025-02-05
C000174,Northstar Account 0174,United States,Technology,Enterprise,Partner,2025-01-28
C000175,Northstar Account 0175,France,Technology,SMB,Paid Search,2024-10-10
C000176,Northstar Account 0176,Canada,Technology,SMB,Content,2026-03-20
C000177,Northstar Account 0177,Canada,Technology,SMB,Referral,2026-08-01
C000178,Northstar Account 0178,Canada,Education,Enterprise,Partner,2024-02-04
C000179,Northstar Account 0179,United States,Other,Mid-Market,Partner,2024-09-23
C000180,Northstar Account 0180,Netherlands,Education,Mid-Market,Organic,2026-08-11
C000181,Northstar Account 0181,France,Other,Mid-Market,Organic,2025-02-09
C000182,Northstar Account 0182,Canada,Healthcare,Mid-Market,Content,2025-04-05
C000183,Northstar Account 0183,United States,Professional Services,SMB,Partner,2025-12-08
C000184,Northstar Account 0184,United States,Financial Services,SMB,Paid Search,2025-03-07
C000185,Northstar Account 0185,United States,Technology,Mid-Market,Organic,2025-07-23
C000186,Northstar Account 0186,United States,Technology,Mid-Market,Outbound,2026-06-27
C000187,Northstar Account 0187,United Kingdom,Other,SMB,Organic,2025-09-01
C000188,Northstar Account 0188,Germany,Education,SMB,Organic,2025-12-04
C000189,Northstar Account 0189,Netherlands,Other,Mid-Market,Referral,2024-10-18
C000190,Northstar Account 0190,United States,Technology,SMB,Content,2024-12-25
C000191,Northstar Account 0191,United States,Manufacturing,Enterprise,Referral,2026-06-09
C000192,Northstar Account 0192,United States,Professional Services,SMB,Content,2026-07-24
C000193,Northstar Account 0193,Ireland,Professional Services,SMB,Paid Search,2026-04-01
C000194,Northstar Account 0194,Germany,Financial Services,Mid-Market,Outbound,2024-06-21
C000195,Northstar Account 0195,United States,Retail,SMB,Outbound,2026-04-27
C000196,Northstar Account 0196,United Kingdom,Education,SMB,Partner,2024-01-14
C000197,Northstar Account 0197,United Kingdom,Financial Services,SMB,Referral,2025-10-17
C000198,Northstar Account 0198,United States,Financial Services,Mid-Market,Paid Search,2025-12-08
C000199,Northstar Account 0199,United States,Technology,SMB,Organic,2025-05-22
C000200,Northstar Account 0200,United States,Technology,SMB,Paid Search,2025-07-24
C000201,Northstar Account 0201,United States,Other,Mid-Market,Paid Search,2026-02-24
C000202,Northstar Account 0202,United Kingdom,Healthcare,Enterprise,Outbound,2026-06-24
C000203,Northstar Account 0203,United States,Retail,SMB,Organic,2024-09-03
C000204,Northstar Account 0204,Canada,Technology,SMB,Referral,2024-07-15
C000205,Northstar Account 0205,United Kingdom,Technology,SMB,Organic,2025-11-15
C000206,Northstar Account 0206,United Kingdom,Other,SMB,Organic,2024-10-02
C000207,Northstar Account 0207,Netherlands,Retail,SMB,Organic,2024-09-23
C000208,Northstar Account 0208,United States,Manufacturing,Mid-Market,Organic,2024-09-06
C000209,Northstar Account 0209,United Kingdom,Professional Services,SMB,Referral,2024-09-12
C000210,Northstar Account 0210,United States,Professional Services,SMB,Outbound,2025-07-02
C000211,Northstar Account 0211,Canada,Healthcare,Mid-Market,Organic,2026-08-23
C000212,Northstar Account 0212,United Kingdom,Financial Services,SMB,Outbound,2026-04-06
C000213,Northstar Account 0213,United States,Professional Services,SMB,Referral,2025-09-15
C000214,Northstar Account 0214,United States,Professional Services,Mid-Market,Referral,2024-04-15
C000215,Northstar Account 0215,Canada,Healthcare,Mid-Market,Paid Search,2025-12-03
C000216,Northstar Account 0216,Canada,Technology,Mid-Market,Paid Search,2025-06-24
C000217,Northstar Account 0217,Canada,Professional Services,SMB,Content,2026-03-01
C000218,Northstar Account 0218,United States,Healthcare,SMB,Partner,2025-07-19
C000219,Northstar Account 0219,United Kingdom,Technology,Mid-Market,Organic,2025-12-05
C000220,Northstar Account 0220,United Kingdom,Education,SMB,Content,2024-09-17
C000221,Northstar Account 0221,United States,Technology,SMB,Organic,2026-04-07
C000222,Northstar Account 0222,United Kingdom,Education,SMB,Content,2026-03-21
C000223,Northstar Account 0223,United Kingdom,Manufacturing,Mid-Market,Organic,2025-03-16
C000224,Northstar Account 0224,Australia,Financial Services,Enterprise,Outbound,2026-08-18
C000225,Northstar Account 0225,United States,Education,SMB,Organic,2024-08-28
C000226,Northstar Account 0226,United States,Healthcare,Mid-Market,Paid Search,2024-02-13
C000227,Northstar Account 0227,Ireland,Professional Services,SMB,Referral,2026-03-22
C000228,Northstar Account 0228,France,Retail,SMB,Paid Search,2025-10-23
C000229,Northstar Account 0229,United States,Technology,SMB,Outbound,2024-06-10
C000230,Northstar Account 0230,France,Education,SMB,Referral,2024-08-09
C000231,Northstar Account 0231,United States,Technology,SMB,Paid Search,2024-07-20
C000232,Northstar Account 0232,Australia,Retail,SMB,Paid Search,2024-08-26
C000233,Northstar Account 0233,United States,Retail,Enterprise,Outbound,2025-06-01
C000234,Northstar Account 0234,United States,Education,SMB,Referral,2024-03-04
C000235,Northstar Account 0235,Ireland,Professional Services,Enterprise,Content,2025-08-05
C000236,Northstar Account 0236,United States,Retail,Mid-Market,Paid Search,2025-10-18
C000237,Northstar Account 0237,Australia,Healthcare,SMB,Outbound,2026-02-12
C000238,Northstar Account 0238,United States,Other,Mid-Market,Partner,2026-07-15
C000239,Northstar Account 0239,United States,Education,SMB,Referral,2024-04-09
C000240,Northstar Account 0240,Netherlands,Professional Services,SMB,Organic,2024-02-12
C000241,Northstar Account 0241,United Kingdom,Financial Services,Mid-Market,Paid Search,2024-07-22
C000242,Northstar Account 0242,France,Technology,Mid-Market,Outbound,2025-02-13
C000243,Northstar Account 0243,Australia,Professional Services,SMB,Outbound,2025-08-11
C000244,Northstar Account 0244,United States,Technology,SMB,Organic,2024-01-02
C000245,Northstar Account 0245,United States,Retail,SMB,Outbound,2026-01-11
C000246,Northstar Account 0246,United States,Education,Mid-Market,Paid Search,2026-07-22
C000247,Northstar Account 0247,United Kingdom,Healthcare,SMB,Paid Search,2024-11-04
C000248,Northstar Account 0248,United States,Manufacturing,SMB,Paid Search,2024-01-10
C000249,Northstar Account 0249,United States,Healthcare,SMB,Organic,2026-02-08
C000250,Northstar Account 0250,Germany,Professional Services,SMB,Paid Search,2026-03-14
C000251,Northstar Account 0251,United States,Healthcare,Mid-Market,Organic,2024-03-23
C000252,Northstar Account 0252,Canada,Manufacturing,Mid-Market,Paid Search,2025-11-24
C000253,Northstar Account 0253,United States,Retail,SMB,Referral,2024-11-11
C000254,Northstar Account 0254,United States,Retail,SMB,Content,2025-11-17
C000255,Northstar Account 0255,United States,Retail,SMB,Referral,2026-02-23
C000256,Northstar Account 0256,United States,Healthcare,Mid-Market,Paid Search,2024-10-24
C000257,Northstar Account 0257,United Kingdom,Professional Services,Mid-Market,Content,2024-12-17
C000258,Northstar Account 0258,United States,Financial Services,SMB,Organic,2025-11-04
C000259,Northstar Account 0259,Australia,Technology,SMB,Content,2025-10-11
C000260,Northstar Account 0260,Germany,Technology,SMB,Partner,2026-06-08
C000261,Northstar Account 0261,United States,Manufacturing,SMB,Organic,2025-08-20
C000262,Northstar Account 0262,France,Financial Services,Mid-Market,Paid Search,2026-04-07
C000263,Northstar Account 0263,Netherlands,Education,SMB,Content,2026-02-01
C000264,Northstar Account 0264,United States,Retail,SMB,Outbound,2025-12-25
C000265,Northstar Account 0265,Netherlands,Other,Mid-Market,Referral,2024-09-04
C000266,Northstar Account 0266,United States,Professional Services,SMB,Outbound,2024-12-22
C000267,Northstar Account 0267,Canada,Retail,SMB,Outbound,2025-09-27
C000268,Northstar Account 0268,United States,Healthcare,SMB,Paid Search,2024-04-24
C000269,Northstar Account 0269,Germany,Retail,SMB,Referral,2024-03-14
C000270,Northstar Account 0270,Australia,Healthcare,SMB,Organic,2024-03-16
C000271,Northstar Account 0271,Ireland,Other,SMB,Partner,2026-07-21
C000272,Northstar Account 0272,Ireland,Professional Services,SMB,Paid Search,2026-01-07
C000273,Northstar Account 0273,United States,Technology,SMB,Outbound,2026-05-12
C000274,Northstar Account 0274,Canada,Retail,SMB,Referral,2026-08-11
C000275,Northstar Account 0275,United States,Retail,Mid-Market,Organic,2026-01-08
C000276,Northstar Account 0276,United States,Education,SMB,Organic,2025-08-16
C000277,Northstar Account 0277,United States,Other,SMB,Organic,2025-07-12
C000278,Northstar Account 0278,Netherlands,Education,SMB,Content,2026-02-01
C000279,Northstar Account 0279,Canada,Other,Mid-Market,Outbound,2026-05-03
C000280,Northstar Account 0280,United States,Professional Services,Mid-Market,Organic,2026-04-18
C000281,Northstar Account 0281,Ireland,Technology,SMB,Partner,2025-07-16
C000282,Northstar Account 0282,Germany,Professional Services,SMB,Referral,2026-03-24
C000283,Northstar Account 0283,United States,Manufacturing,SMB,Organic,2025-07-03
C000284,Northstar Account 0284,United States,Technology,SMB,Partner,2025-04-10
C000285,Northstar Account 0285,Canada,Technology,SMB,Paid Search,2025-01-11
C000286,Northstar Account 0286,Canada,Retail,SMB,Paid Search,2024-03-20
C000287,Northstar Account 0287,United States,Professional Services,SMB,Organic,2024-09-13
C000288,Northstar Account 0288,United Kingdom,Education,SMB,Outbound,2026-02-14
C000289,Northstar Account 0289,United States,Financial Services,SMB,Organic,2024-08-26
C000290,Northstar Account 0290,United Kingdom,Technology,SMB,Organic,2026-06-01
C000291,Northstar Account 0291,United States,Healthcare,Mid-Market,Content,2024-04-26
C000292,Northstar Account 0292,United States,Technology,SMB,Outbound,2024-03-08
C000293,Northstar Account 0293,United States,Professional Services,Mid-Market,Organic,2025-07-02
C000294,Northstar Account 0294,United Kingdom,Professional Services,SMB,Paid Search,2024-10-15
C000295,Northstar Account 0295,United States,Healthcare,Mid-Market,Referral,2024-05-06
C000296,Northstar Account 0296,United States,Healthcare,Mid-Market,Organic,2024-03-21
C000297,Northstar Account 0297,United States,Education,Enterprise,Referral,2025-08-22
C000298,Northstar Account 0298,Netherlands,Manufacturing,Mid-Market,Organic,2024-12-12
C000299,Northstar Account 0299,United States,Technology,Mid-Market,Paid Search,2025-09-22
C000300,Northstar Account 0300,United States,Manufacturing,SMB,Organic,2024-07-06
C000301,Northstar Account 0301,United States,Education,Mid-Market,Referral,2024-02-10
C000302,Northstar Account 0302,Canada,Technology,SMB,Organic,2024-02-02
C000303,Northstar Account 0303,United States,Professional Services,SMB,Paid Search,2024-06-18
C000304,Northstar Account 0304,United States,Technology,SMB,Organic,2026-04-21
C000305,Northstar Account 0305,Australia,Technology,Mid-Market,Content,2025-06-22
C000306,Northstar Account 0306,Germany,Professional Services,SMB,Paid Search,2025-11-11
C000307,Northstar Account 0307,United Kingdom,Professional Services,SMB,Referral,2026-06-24
C000308,Northstar Account 0308,United States,Other,SMB,Referral,2024-10-19
C000309,Northstar Account 0309,Netherlands,Financial Services,SMB,Organic,2026-05-17
C000310,Northstar Account 0310,Netherlands,Healthcare,SMB,Outbound,2026-02-07
C000311,Northstar Account 0311,Canada,Manufacturing,SMB,Content,2026-02-24
C000312,Northstar Account 0312,Germany,Other,SMB,Organic,2026-05-22
C000313,Northstar Account 0313,France,Retail,SMB,Paid Search,2024-06-25
C000314,Northstar Account 0314,Netherlands,Retail,SMB,Organic,2025-09-10
C000315,Northstar Account 0315,United States,Education,SMB,Paid Search,2025-07-16
C000316,Northstar Account 0316,Ireland,Other,SMB,Partner,2025-12-02
C000317,Northstar Account 0317,Canada,Manufacturing,SMB,Outbound,2024-11-17
C000318,Northstar Account 0318,United Kingdom,Technology,Mid-Market,Content,2024-06-15
C000319,Northstar Account 0319,United States,Education,SMB,Organic,2026-08-23
C000320,Northstar Account 0320,United States,Professional Services,Enterprise,Organic,2025-06-21
C000321,Northstar Account 0321,Germany,Professional Services,Mid-Market,Paid Search,2024-11-28
C000322,Northstar Account 0322,Canada,Healthcare,SMB,Partner,2024-06-27
C000323,Northstar Account 0323,United States,Education,SMB,Paid Search,2025-10-05
C000324,Northstar Account 0324,United Kingdom,Technology,SMB,Outbound,2024-07-28
C000325,Northstar Account 0325,United States,Professional Services,Mid-Market,Content,2024-09-01
C000326,Northstar Account 0326,United States,Education,Mid-Market,Paid Search,2026-07-13
C000327,Northstar Account 0327,United Kingdom,Technology,Mid-Market,Referral,2024-02-27
C000328,Northstar Account 0328,United Kingdom,Financial Services,SMB,Partner,2024-09-18
C000329,Northstar Account 0329,United States,Retail,SMB,Content,2025-12-28
C000330,Northstar Account 0330,United States,Healthcare,SMB,Partner,2024-10-16
C000331,Northstar Account 0331,United States,Technology,Mid-Market,Paid Search,2024-09-20
C000332,Northstar Account 0332,United Kingdom,Other,SMB,Referral,2025-09-15
C000333,Northstar Account 0333,Netherlands,Other,Mid-Market,Paid Search,2026-01-26
C000334,Northstar Account 0334,Germany,Technology,Mid-Market,Partner,2025-05-04
C000335,Northstar Account 0335,Canada,Education,SMB,Paid Search,2026-03-11
C000336,Northstar Account 0336,United States,Manufacturing,SMB,Referral,2026-04-19
C000337,Northstar Account 0337,United States,Technology,SMB,Content,2025-11-14
C000338,Northstar Account 0338,France,Healthcare,Mid-Market,Paid Search,2025-10-28
C000339,Northstar Account 0339,United Kingdom,Financial Services,SMB,Organic,2026-04-17
C000340,Northstar Account 0340,United States,Retail,Enterprise,Referral,2024-01-04
C000341,Northstar Account 0341,United Kingdom,Other,SMB,Paid Search,2025-08-18
C000342,Northstar Account 0342,Canada,Technology,Enterprise,Partner,2024-06-09
C000343,Northstar Account 0343,United States,Other,Mid-Market,Referral,2024-10-14
C000344,Northstar Account 0344,United States,Other,SMB,Organic,2026-07-03
C000345,Northstar Account 0345,United Kingdom,Technology,Mid-Market,Content,2024-01-25
C000346,Northstar Account 0346,United States,Retail,Mid-Market,Partner,2025-01-12
C000347,Northstar Account 0347,United States,Healthcare,Enterprise,Referral,2024-07-23
C000348,Northstar Account 0348,Australia,Financial Services,SMB,Paid Search,2025-09-14
C000349,Northstar Account 0349,Ireland,Technology,SMB,Paid Search,2026-05-27
C000350,Northstar Account 0350,United States,Professional Services,SMB,Paid Search,2025-04-11
C000351,Northstar Account 0351,United States,Manufacturing,SMB,Outbound,2026-05-03
C000352,Northstar Account 0352,United States,Retail,SMB,Content,2025-06-14
C000353,Northstar Account 0353,United States,Healthcare,SMB,Content,2026-06-01
C000354,Northstar Account 0354,France,Healthcare,SMB,Paid Search,2026-05-23
C000355,Northstar Account 0355,Canada,Other,SMB,Partner,2024-08-26
C000356,Northstar Account 0356,United States,Technology,SMB,Content,2026-06-06
C000357,Northstar Account 0357,Germany,Other,Mid-Market,Referral,2024-09-02
C000358,Northstar Account 0358,United States,Healthcare,Mid-Market,Paid Search,2025-07-22
C000359,Northstar Account 0359,United Kingdom,Other,SMB,Content,2024-09-20
C000360,Northstar Account 0360,France,Technology,SMB,Paid Search,2025-04-23
C000361,Northstar Account 0361,United States,Education,Enterprise,Paid Search,2026-08-16
C000362,Northstar Account 0362,United States,Financial Services,SMB,Outbound,2026-03-17
C000363,Northstar Account 0363,France,Manufacturing,SMB,Partner,2025-09-08
C000364,Northstar Account 0364,United States,Technology,SMB,Organic,2026-07-09
C000365,Northstar Account 0365,United States,Retail,Mid-Market,Partner,2025-03-18
C000366,Northstar Account 0366,United States,Technology,SMB,Outbound,2024-08-27
C000367,Northstar Account 0367,United States,Technology,Mid-Market,Paid Search,2026-04-09
C000368,Northstar Account 0368,United Kingdom,Education,Mid-Market,Content,2024-01-11
C000369,Northstar Account 0369,United States,Other,SMB,Organic,2026-04-17
C000370,Northstar Account 0370,United States,Education,Mid-Market,Paid Search,2024-02-02
C000371,Northstar Account 0371,United States,Technology,Mid-Market,Organic,2024-12-19
C000372,Northstar Account 0372,United Kingdom,Professional Services,SMB,Partner,2025-03-04
C000373,Northstar Account 0373,France,Professional Services,SMB,Paid Search,2025-02-20
C000374,Northstar Account 0374,United Kingdom,Technology,SMB,Organic,2024-11-25
C000375,Northstar Account 0375,United Kingdom,Financial Services,SMB,Referral,2024-06-26
C000376,Northstar Account 0376,Germany,Technology,SMB,Partner,2024-01-05
C000377,Northstar Account 0377,United States,Technology,Enterprise,Referral,2026-03-17
C000378,Northstar Account 0378,United States,Education,SMB,Content,2025-06-13
C000379,Northstar Account 0379,United States,Technology,SMB,Organic,2024-08-14
C000380,Northstar Account 0380,United States,Retail,Mid-Market,Organic,2024-04-20
C000381,Northstar Account 0381,Ireland,Retail,SMB,Partner,2024-12-28
C000382,Northstar Account 0382,United States,Technology,Enterprise,Partner,2025-03-17
C000383,Northstar Account 0383,Australia,Healthcare,Mid-Market,Paid Search,2025-06-16
C000384,Northstar Account 0384,United States,Retail,SMB,Organic,2024-05-19
C000385,Northstar Account 0385,United States,Education,SMB,Paid Search,2026-08-15
C000386,Northstar Account 0386,United States,Technology,Enterprise,Organic,2024-12-10
C000387,Northstar Account 0387,United States,Professional Services,Mid-Market,Outbound,2025-06-24
C000388,Northstar Account 0388,United States,Education,Enterprise,Partner,2026-01-19
C000389,Northstar Account 0389,Canada,Technology,SMB,Organic,2025-01-16
C000390,Northstar Account 0390,United States,Technology,Mid-Market,Partner,2024-04-01
C000391,Northstar Account 0391,Australia,Professional Services,SMB,Referral,2025-04-08
C000392,Northstar Account 0392,France,Technology,SMB,Organic,2025-09-08
C000393,Northstar Account 0393,United States,Technology,SMB,Organic,2026-05-19
C000394,Northstar Account 0394,Ireland,Other,Mid-Market,Referral,2025-03-04
C000395,Northstar Account 0395,United States,Retail,SMB,Paid Search,2026-06-11
C000396,Northstar Account 0396,United States,Healthcare,SMB,Partner,2025-09-13
C000397,Northstar Account 0397,United States,Professional Services,Mid-Market,Partner,2026-02-21
C000398,Northstar Account 0398,United Kingdom,Technology,SMB,Content,2024-02-05
C000399,Northstar Account 0399,United Kingdom,Manufacturing,SMB,Outbound,2026-06-17
C000400,Northstar Account 0400,United Kingdom,Education,SMB,Content,2024-10-16
C000401,Northstar Account 0401,France,Other,SMB,Partner,2025-02-21
C000402,Northstar Account 0402,United States,Technology,Mid-Market,Paid Search,2025-08-06
C000403,Northstar Account 0403,Germany,Technology,Mid-Market,Partner,2026-08-17
C000404,Northstar Account 0404,United Kingdom,Education,SMB,Content,2025-03-12
C000405,Northstar Account 0405,United States,Professional Services,Enterprise,Outbound,2024-10-08
C000406,Northstar Account 0406,United States,Technology,Mid-Market,Content,2026-08-03
C000407,Northstar Account 0407,United States,Professional Services,SMB,Paid Search,2026-04-11
C000408,Northstar Account 0408,United States,Technology,Mid-Market,Referral,2025-12-13
C000409,Northstar Account 0409,Germany,Financial Services,SMB,Content,2025-05-02
C000410,Northstar Account 0410,United States,Financial Services,Enterprise,Referral,2025-05-23
C000411,Northstar Account 0411,United States,Education,Mid-Market,Referral,2026-07-20
C000412,Northstar Account 0412,Germany,Professional Services,Mid-Market,Partner,2024-04-09
C000413,Northstar Account 0413,Canada,Manufacturing,SMB,Referral,2026-03-02
C000414,Northstar Account 0414,Netherlands,Education,Mid-Market,Organic,2025-10-20
C000415,Northstar Account 0415,United Kingdom,Manufacturing,SMB,Paid Search,2026-08-01
C000416,Northstar Account 0416,Canada,Retail,SMB,Content,2025-09-12
C000417,Northstar Account 0417,United States,Other,SMB,Outbound,2024-12-06
C000418,Northstar Account 0418,Canada,Professional Services,Mid-Market,Content,2026-03-07
C000419,Northstar Account 0419,United States,Healthcare,SMB,Organic,2026-08-22
C000420,Northstar Account 0420,United States,Manufacturing,Mid-Market,Paid Search,2026-06-09
C000421,Northstar Account 0421,Ireland,Financial Services,Mid-Market,Organic,2025-01-07
C000422,Northstar Account 0422,Canada,Other,SMB,Content,2025-03-09
C000423,Northstar Account 0423,United Kingdom,Retail,SMB,Referral,2026-02-05
C000424,Northstar Account 0424,United States,Education,SMB,Outbound,2025-10-21
C000425,Northstar Account 0425,Canada,Professional Services,SMB,Organic,2024-01-14
C000426,Northstar Account 0426,United States,Education,Mid-Market,Partner,2024-07-06
C000427,Northstar Account 0427,United States,Technology,SMB,Content,2024-05-09
C000428,Northstar Account 0428,United States,Retail,Mid-Market,Paid Search,2024-08-28
C000429,Northstar Account 0429,United States,Other,SMB,Outbound,2025-01-17
C000430,Northstar Account 0430,United States,Manufacturing,Mid-Market,Referral,2026-08-20
C000431,Northstar Account 0431,Germany,Retail,Mid-Market,Paid Search,2025-12-24
C000432,Northstar Account 0432,United States,Technology,Mid-Market,Paid Search,2024-03-12
C000433,Northstar Account 0433,Australia,Retail,Mid-Market,Content,2025-11-10
C000434,Northstar Account 0434,France,Technology,Mid-Market,Referral,2025-05-28
C000435,Northstar Account 0435,United States,Technology,SMB,Content,2026-02-16
C000436,Northstar Account 0436,Canada,Other,SMB,Content,2026-06-07
C000437,Northstar Account 0437,United States,Retail,SMB,Organic,2024-04-25
C000438,Northstar Account 0438,France,Technology,SMB,Content,2026-08-22
C000439,Northstar Account 0439,United States,Education,Mid-Market,Outbound,2024-03-12
C000440,Northstar Account 0440,United States,Technology,SMB,Paid Search,2026-02-08
C000441,Northstar Account 0441,United States,Retail,Mid-Market,Content,2026-06-19
C000442,Northstar Account 0442,France,Professional Services,SMB,Organic,2026-02-16
C000443,Northstar Account 0443,United States,Technology,Mid-Market,Organic,2024-07-07
C000444,Northstar Account 0444,Australia,Healthcare,SMB,Organic,2024-10-02
C000445,Northstar Account 0445,United States,Education,SMB,Content,2024-03-23
C000446,Northstar Account 0446,United Kingdom,Retail,Mid-Market,Paid Search,2024-07-24
C000447,Northstar Account 0447,United States,Financial Services,Enterprise,Organic,2024-03-26
C000448,Northstar Account 0448,United States,Other,SMB,Referral,2024-03-11
C000449,Northstar Account 0449,United States,Manufacturing,SMB,Paid Search,2025-09-20
C000450,Northstar Account 0450,United States,Other,SMB,Content,2024-04-17
C000451,Northstar Account 0451,Germany,Other,SMB,Outbound,2025-05-08
C000452,Northstar Account 0452,Canada,Financial Services,Mid-Market,Paid Search,2026-01-26
C000453,Northstar Account 0453,United States,Professional Services,Mid-Market,Paid Search,2024-01-10
C000454,Northstar Account 0454,United States,Technology,SMB,Outbound,2025-11-01
C000455,Northstar Account 0455,United States,Education,SMB,Paid Search,2026-03-05
C000456,Northstar Account 0456,Canada,Financial Services,SMB,Paid Search,2025-08-28
C000457,Northstar Account 0457,Germany,Financial Services,Enterprise,Outbound,2025-07-02
C000458,Northstar Account 0458,France,Education,SMB,Content,2026-02-15
C000459,Northstar Account 0459,France,Financial Services,Mid-Market,Referral,2025-08-14
C000460,Northstar Account 0460,United States,Education,SMB,Partner,2025-08-22
C000461,Northstar Account 0461,United States,Education,SMB,Outbound,2026-04-23
C000462,Northstar Account 0462,France,Technology,SMB,Referral,2026-05-14
C000463,Northstar Account 0463,United States,Retail,Enterprise,Referral,2025-03-18
C000464,Northstar Account 0464,United States,Technology,SMB,Content,2025-05-23
C000465,Northstar Account 0465,United States,Technology,SMB,Referral,2026-04-23
C000466,Northstar Account 0466,Germany,Healthcare,Mid-Market,Partner,2025-09-25
C000467,Northstar Account 0467,Canada,Technology,SMB,Organic,2026-01-20
C000468,Northstar Account 0468,Ireland,Other,Enterprise,Partner,2024-04-11
C000469,Northstar Account 0469,United States,Retail,SMB,Partner,2024-05-16
C000470,Northstar Account 0470,United States,Education,SMB,Organic,2025-08-21
C000471,Northstar Account 0471,United States,Technology,SMB,Organic,2026-04-09
C000472,Northstar Account 0472,Germany,Financial Services,SMB,Content,2025-02-28
C000473,Northstar Account 0473,United States,Retail,SMB,Organic,2026-08-13
C000474,Northstar Account 0474,Netherlands,Healthcare,SMB,Paid Search,2026-03-22
C000475,Northstar Account 0475,United Kingdom,Education,SMB,Organic,2026-03-15
C000476,Northstar Account 0476,Germany,Healthcare,SMB,Paid Search,2026-05-27
C000477,Northstar Account 0477,Australia,Healthcare,SMB,Content,2024-11-19
C000478,Northstar Account 0478,United States,Manufacturing,SMB,Organic,2025-02-21
C000479,Northstar Account 0479,Canada,Manufacturing,SMB,Organic,2024-06-22
C000480,Northstar Account 0480,United States,Professional Services,SMB,Content,2025-04-10
C000481,Northstar Account 0481,Germany,Other,SMB,Paid Search,2024-02-10
C000482,Northstar Account 0482,Australia,Professional Services,SMB,Paid Search,2026-02-24
C000483,Northstar Account 0483,United Kingdom,Professional Services,SMB,Content,2026-04-13
C000484,Northstar Account 0484,United States,Professional Services,SMB,Partner,2024-10-19
C000485,Northstar Account 0485,Ireland,Professional Services,SMB,Content,2025-07-15
C000486,Northstar Account 0486,Netherlands,Professional Services,SMB,Content,2025-12-01
C000487,Northstar Account 0487,United Kingdom,Financial Services,SMB,Outbound,2026-02-14
C000488,Northstar Account 0488,Ireland,Healthcare,SMB,Paid Search,2026-08-05
C000489,Northstar Account 0489,United Kingdom,Other,SMB,Content,2024-09-03
C000490,Northstar Account 0490,United States,Technology,SMB,Referral,2024-11-08
C000491,Northstar Account 0491,United States,Healthcare,Mid-Market,Paid Search,2026-05-09
C000492,Northstar Account 0492,United States,Technology,SMB,Outbound,2024-05-21
C000493,Northstar Account 0493,United Kingdom,Retail,Mid-Market,Organic,2026-03-08
C000494,Northstar Account 0494,Canada,Professional Services,SMB,Content,2024-07-23
C000495,Northstar Account 0495,United States,Education,Mid-Market,Referral,2025-06-06
C000496,Northstar Account 0496,United States,Manufacturing,SMB,Partner,2025-10-24
C000497,Northstar Account 0497,Canada,Professional Services,SMB,Paid Search,2026-03-15
C000498,Northstar Account 0498,Germany,Technology,SMB,Outbound,2024-06-02
C000499,Northstar Account 0499,Ireland,Retail,SMB,Partner,2026-04-04
C000500,Northstar Account 0500,United States,Professional Services,SMB,Paid Search,2026-05-03
C000501,Northstar Account 0501,Australia,Education,Mid-Market,Paid Search,2026-03-12
C000502,Northstar Account 0502,United States,Retail,Mid-Market,Content,2026-07-09
C000503,Northstar Account 0503,United States,Financial Services,Mid-Market,Paid Search,2026-05-02
C000504,Northstar Account 0504,Canada,Other,SMB,Referral,2026-03-20
C000505,Northstar Account 0505,United States,Professional Services,SMB,Referral,2025-10-24
C000506,Northstar Account 0506,Germany,Other,Mid-Market,Organic,2026-04-24
C000507,Northstar Account 0507,United States,Manufacturing,SMB,Partner,2026-08-05
C000508,Northstar Account 0508,United States,Technology,Mid-Market,Organic,2025-11-25
C000509,Northstar Account 0509,United Kingdom,Financial Services,SMB,Outbound,2024-11-12
C000510,Northstar Account 0510,United States,Retail,SMB,Content,2024-11-06
C000511,Northstar Account 0511,United States,Education,SMB,Organic,2026-04-04
C000512,Northstar Account 0512,United States,Education,Mid-Market,Partner,2026-08-22
C000513,Northstar Account 0513,United States,Financial Services,SMB,Partner,2024-10-08
C000514,Northstar Account 0514,Germany,Manufacturing,SMB,Outbound,2026-08-18
C000515,Northstar Account 0515,United States,Financial Services,SMB,Organic,2024-12-16
C000516,Northstar Account 0516,United Kingdom,Professional Services,SMB,Partner,2025-05-26
C000517,Northstar Account 0517,United Kingdom,Other,SMB,Outbound,2026-06-21
C000518,Northstar Account 0518,United Kingdom,Education,Mid-Market,Paid Search,2026-08-22
C000519,Northstar Account 0519,United States,Manufacturing,SMB,Partner,2025-09-14
C000520,Northstar Account 0520,Canada,Financial Services,Mid-Market,Paid Search,2026-07-15
C000521,Northstar Account 0521,Australia,Technology,Mid-Market,Referral,2026-05-05
C000522,Northstar Account 0522,United States,Professional Services,SMB,Organic,2026-05-22
C000523,Northstar Account 0523,Germany,Financial Services,SMB,Outbound,2026-05-22
C000524,Northstar Account 0524,United States,Other,SMB,Organic,2025-04-09
C000525,Northstar Account 0525,United States,Manufacturing,SMB,Paid Search,2024-02-04
C000526,Northstar Account 0526,United Kingdom,Retail,SMB,Content,2024-08-23
C000527,Northstar Account 0527,United States,Professional Services,Enterprise,Content,2024-04-22
C000528,Northstar Account 0528,United States,Retail,Enterprise,Referral,2024-11-22
C000529,Northstar Account 0529,United States,Retail,Mid-Market,Content,2024-03-01
C000530,Northstar Account 0530,United States,Financial Services,SMB,Organic,2024-12-24
C000531,Northstar Account 0531,United Kingdom,Healthcare,Mid-Market,Referral,2025-10-11
C000532,Northstar Account 0532,United States,Retail,Mid-Market,Paid Search,2024-07-07
C000533,Northstar Account 0533,Germany,Retail,SMB,Paid Search,2025-02-15
C000534,Northstar Account 0534,France,Other,SMB,Outbound,2024-10-24
C000535,Northstar Account 0535,United States,Healthcare,SMB,Referral,2024-05-23
C000536,Northstar Account 0536,United States,Professional Services,SMB,Paid Search,2025-12-05
C000537,Northstar Account 0537,United States,Retail,SMB,Paid Search,2026-06-28
C000538,Northstar Account 0538,France,Retail,SMB,Outbound,2026-01-22
C000539,Northstar Account 0539,United States,Professional Services,SMB,Paid Search,2026-01-27
C000540,Northstar Account 0540,United States,Manufacturing,Mid-Market,Organic,2026-08-27
C000541,Northstar Account 0541,Ireland,Professional Services,Enterprise,Paid Search,2026-02-15
C000542,Northstar Account 0542,United States,Retail,SMB,Paid Search,2024-03-02
C000543,Northstar Account 0543,United States,Retail,Mid-Market,Organic,2024-10-03
C000544,Northstar Account 0544,France,Retail,Enterprise,Outbound,2025-11-18
C000545,Northstar Account 0545,France,Healthcare,SMB,Organic,2025-11-03
C000546,Northstar Account 0546,United States,Education,SMB,Partner,2026-04-19
C000547,Northstar Account 0547,United States,Technology,SMB,Content,2024-08-03
C000548,Northstar Account 0548,United States,Professional Services,SMB,Partner,2026-08-23
C000549,Northstar Account 0549,United States,Manufacturing,Mid-Market,Content,2025-08-08
C000550,Northstar Account 0550,United States,Other,SMB,Referral,2026-07-03
C000551,Northstar Account 0551,United States,Technology,SMB,Referral,2025-08-10
C000552,Northstar Account 0552,United Kingdom,Technology,SMB,Referral,2024-09-26
C000553,Northstar Account 0553,Germany,Other,SMB,Content,2025-03-16
C000554,Northstar Account 0554,Netherlands,Technology,Mid-Market,Referral,2024-10-28
C000555,Northstar Account 0555,Australia,Other,SMB,Content,2024-12-08
C000556,Northstar Account 0556,United States,Financial Services,SMB,Paid Search,2026-06-19
C000557,Northstar Account 0557,United States,Technology,SMB,Referral,2025-04-06
C000558,Northstar Account 0558,United Kingdom,Technology,SMB,Referral,2024-09-13
C000559,Northstar Account 0559,United States,Other,SMB,Organic,2025-03-11
C000560,Northstar Account 0560,United States,Professional Services,SMB,Content,2025-11-18
C000561,Northstar Account 0561,Germany,Healthcare,SMB,Organic,2024-09-19
C000562,Northstar Account 0562,United States,Professional Services,SMB,Organic,2024-03-02
C000563,Northstar Account 0563,United States,Healthcare,Mid-Market,Content,2026-05-20
C000564,Northstar Account 0564,United Kingdom,Financial Services,SMB,Organic,2024-11-22
C000565,Northstar Account 0565,Ireland,Education,SMB,Organic,2026-07-11
C000566,Northstar Account 0566,Canada,Technology,Mid-Market,Organic,2024-03-02
C000567,Northstar Account 0567,United States,Healthcare,Mid-Market,Content,2025-12-12
C000568,Northstar Account 0568,United Kingdom,Education,SMB,Organic,2025-12-10
C000569,Northstar Account 0569,France,Technology,SMB,Referral,2024-08-23
C000570,Northstar Account 0570,United States,Manufacturing,SMB,Content,2025-12-04
C000571,Northstar Account 0571,United Kingdom,Healthcare,SMB,Referral,2025-04-09
C000572,Northstar Account 0572,Canada,Technology,Mid-Market,Outbound,2025-04-21
C000573,Northstar Account 0573,Canada,Other,SMB,Content,2026-06-27
C000574,Northstar Account 0574,United States,Retail,Mid-Market,Organic,2026-07-17
C000575,Northstar Account 0575,France,Professional Services,Mid-Market,Outbound,2024-08-01
C000576,Northstar Account 0576,United States,Technology,SMB,Partner,2026-01-20
C000577,Northstar Account 0577,United States,Professional Services,Mid-Market,Paid Search,2024-08-01
C000578,Northstar Account 0578,United States,Professional Services,SMB,Organic,2024-02-02
C000579,Northstar Account 0579,United States,Professional Services,Mid-Market,Referral,2024-07-19
C000580,Northstar Account 0580,United States,Manufacturing,SMB,Paid Search,2025-11-11
C000581,Northstar Account 0581,Germany,Education,SMB,Partner,2026-02-01
C000582,Northstar Account 0582,Australia,Technology,SMB,Organic,2025-08-12
C000583,Northstar Account 0583,United States,Education,SMB,Partner,2026-07-11
C000584,Northstar Account 0584,Germany,Education,SMB,Paid Search,2026-03-17
C000585,Northstar Account 0585,Ireland,Retail,Mid-Market,Content,2024-08-27
C000586,Northstar Account 0586,United States,Other,SMB,Organic,2024-10-03
C000587,Northstar Account 0587,Canada,Professional Services,SMB,Paid Search,2025-10-19
C000588,Northstar Account 0588,Ireland,Technology,SMB,Organic,2025-02-19
C000589,Northstar Account 0589,Germany,Technology,SMB,Partner,2024-01-28
C000590,Northstar Account 0590,United Kingdom,Professional Services,SMB,Referral,2024-02-12
C000591,Northstar Account 0591,France,Retail,Mid-Market,Partner,2025-05-05
C000592,Northstar Account 0592,Canada,Technology,SMB,Paid Search,2025-08-26
C000593,Northstar Account 0593,United States,Healthcare,SMB,Content,2025-12-02
C000594,Northstar Account 0594,United States,Other,SMB,Organic,2026-03-13
C000595,Northstar Account 0595,United Kingdom,Manufacturing,SMB,Paid Search,2026-08-19
C000596,Northstar Account 0596,United States,Education,SMB,Content,2026-05-03
C000597,Northstar Account 0597,United States,Education,Mid-Market,Referral,2025-03-09
C000598,Northstar Account 0598,United States,Manufacturing,SMB,Referral,2025-08-03
C000599,Northstar Account 0599,Australia,Retail,Enterprise,Organic,2024-10-24
C000600,Northstar Account 0600,Canada,Retail,SMB,Organic,2026-08-08
C000601,Northstar Account 0601,United States,Professional Services,SMB,Partner,2025-08-17
C000602,Northstar Account 0602,United States,Technology,Mid-Market,Paid Search,2024-11-07
C000603,Northstar Account 0603,United States,Healthcare,Mid-Market,Organic,2026-02-20
C000604,Northstar Account 0604,United States,Retail,Mid-Market,Outbound,2025-07-23
C000605,Northstar Account 0605,United Kingdom,Technology,Enterprise,Referral,2026-08-02
C000606,Northstar Account 0606,United States,Professional Services,Mid-Market,Organic,2024-04-21
C000607,Northstar Account 0607,Netherlands,Manufacturing,Mid-Market,Paid Search,2025-02-19
C000608,Northstar Account 0608,United States,Professional Services,SMB,Content,2026-07-03
C000609,Northstar Account 0609,United States,Retail,Mid-Market,Organic,2025-06-08
C000610,Northstar Account 0610,Australia,Technology,SMB,Paid Search,2025-01-24
C000611,Northstar Account 0611,United States,Technology,SMB,Paid Search,2025-10-13
C000612,Northstar Account 0612,United States,Manufacturing,Mid-Market,Referral,2025-12-03
C000613,Northstar Account 0613,United States,Technology,Enterprise,Referral,2024-05-18
C000614,Northstar Account 0614,Canada,Professional Services,Enterprise,Paid Search,2024-12-22
C000615,Northstar Account 0615,United States,Other,SMB,Paid Search,2025-01-13
C000616,Northstar Account 0616,Australia,Retail,Mid-Market,Referral,2024-11-04
C000617,Northstar Account 0617,United Kingdom,Healthcare,Mid-Market,Partner,2025-04-04
C000618,Northstar Account 0618,Australia,Education,SMB,Referral,2025-02-11
C000619,Northstar Account 0619,United Kingdom,Technology,SMB,Paid Search,2026-02-14
C000620,Northstar Account 0620,Germany,Professional Services,SMB,Referral,2025-10-22
C000621,Northstar Account 0621,Canada,Retail,Mid-Market,Outbound,2025-05-20
C000622,Northstar Account 0622,United States,Professional Services,SMB,Referral,2024-09-08
C000623,Northstar Account 0623,Canada,Professional Services,Enterprise,Paid Search,2025-05-20
C000624,Northstar Account 0624,Canada,Healthcare,SMB,Referral,2024-09-04
C000625,Northstar Account 0625,United States,Technology,Enterprise,Organic,2026-07-06
C000626,Northstar Account 0626,Canada,Technology,SMB,Paid Search,2024-08-23
C000627,Northstar Account 0627,United States,Healthcare,Mid-Market,Organic,2026-05-26
C000628,Northstar Account 0628,United Kingdom,Retail,SMB,Outbound,2025-11-20
C000629,Northstar Account 0629,United States,Healthcare,SMB,Organic,2026-04-13
C000630,Northstar Account 0630,United States,Technology,Mid-Market,Content,2026-06-25
C000631,Northstar Account 0631,United States,Education,Mid-Market,Partner,2026-04-10
C000632,Northstar Account 0632,United States,Financial Services,Mid-Market,Partner,2025-10-18
C000633,Northstar Account 0633,United States,Retail,SMB,Paid Search,2024-12-20
C000634,Northstar Account 0634,United States,Financial Services,SMB,Referral,2025-12-03
C000635,Northstar Account 0635,United Kingdom,Retail,SMB,Paid Search,2024-01-27
C000636,Northstar Account 0636,United States,Technology,SMB,Partner,2025-04-18
C000637,Northstar Account 0637,Ireland,Professional Services,Mid-Market,Organic,2026-05-07
C000638,Northstar Account 0638,Germany,Retail,Mid-Market,Organic,2025-10-24
C000639,Northstar Account 0639,United States,Financial Services,Mid-Market,Partner,2024-12-11
C000640,Northstar Account 0640,United States,Professional Services,Mid-Market,Paid Search,2026-06-03
C000641,Northstar Account 0641,United States,Professional Services,Mid-Market,Organic,2024-01-19
C000642,Northstar Account 0642,United States,Financial Services,Mid-Market,Outbound,2026-06-04
C000643,Northstar Account 0643,United States,Professional Services,SMB,Paid Search,2026-03-17
C000644,Northstar Account 0644,Canada,Education,SMB,Organic,2024-07-19
C000645,Northstar Account 0645,United Kingdom,Professional Services,SMB,Organic,2024-04-05
C000646,Northstar Account 0646,United States,Other,Mid-Market,Organic,2026-07-23
C000647,Northstar Account 0647,Canada,Technology,SMB,Referral,2024-04-13
C000648,Northstar Account 0648,United States,Education,SMB,Organic,2026-08-10
C000649,Northstar Account 0649,Australia,Healthcare,Mid-Market,Organic,2025-05-03
C000650,Northstar Account 0650,Netherlands,Other,SMB,Referral,2025-03-21
C000651,Northstar Account 0651,United States,Other,SMB,Organic,2025-12-05
C000652,Northstar Account 0652,Germany,Manufacturing,Mid-Market,Outbound,2025-07-05
C000653,Northstar Account 0653,Germany,Technology,Mid-Market,Outbound,2025-04-08
C000654,Northstar Account 0654,United States,Retail,SMB,Paid Search,2025-11-13
C000655,Northstar Account 0655,United States,Financial Services,Mid-Market,Organic,2025-03-25
C000656,Northstar Account 0656,Germany,Education,SMB,Paid Search,2024-02-21
C000657,Northstar Account 0657,United States,Financial Services,Mid-Market,Paid Search,2026-04-21
C000658,Northstar Account 0658,United States,Manufacturing,SMB,Partner,2025-08-06
C000659,Northstar Account 0659,United Kingdom,Professional Services,SMB,Partner,2026-01-19
C000660,Northstar Account 0660,United States,Technology,SMB,Organic,2025-10-10
C000661,Northstar Account 0661,United States,Professional Services,SMB,Organic,2025-11-14
C000662,Northstar Account 0662,Ireland,Education,Mid-Market,Organic,2024-10-18
C000663,Northstar Account 0663,United States,Retail,SMB,Outbound,2026-07-05
C000664,Northstar Account 0664,United Kingdom,Technology,SMB,Outbound,2025-06-10
C000665,Northstar Account 0665,Canada,Manufacturing,SMB,Paid Search,2026-07-12
C000666,Northstar Account 0666,United States,Technology,Mid-Market,Referral,2026-04-25
C000667,Northstar Account 0667,Canada,Retail,Mid-Market,Organic,2026-02-28
C000668,Northstar Account 0668,United Kingdom,Retail,Enterprise,Referral,2025-06-27
C000669,Northstar Account 0669,United States,Retail,SMB,Referral,2024-02-15
C000670,Northstar Account 0670,United Kingdom,Technology,SMB,Content,2025-01-18
C000671,Northstar Account 0671,Netherlands,Manufacturing,SMB,Paid Search,2025-12-21
C000672,Northstar Account 0672,France,Financial Services,SMB,Organic,2025-02-22
C000673,Northstar Account 0673,United States,Education,Enterprise,Outbound,2024-05-19
C000674,Northstar Account 0674,United States,Other,Mid-Market,Paid Search,2025-08-26
C000675,Northstar Account 0675,United Kingdom,Professional Services,SMB,Paid Search,2024-07-11
C000676,Northstar Account 0676,France,Technology,SMB,Referral,2025-01-20
C000677,Northstar Account 0677,Germany,Technology,Mid-Market,Content,2025-07-18
C000678,Northstar Account 0678,United States,Education,SMB,Referral,2024-06-22
C000679,Northstar Account 0679,France,Technology,SMB,Content,2024-06-27
C000680,Northstar Account 0680,United States,Other,SMB,Referral,2024-10-03
C000681,Northstar Account 0681,United States,Healthcare,SMB,Paid Search,2025-10-24
C000682,Northstar Account 0682,United Kingdom,Manufacturing,SMB,Referral,2026-07-24
C000683,Northstar Account 0683,United States,Retail,SMB,Content,2024-11-25
C000684,Northstar Account 0684,United Kingdom,Manufacturing,SMB,Content,2026-02-08
C000685,Northstar Account 0685,United States,Retail,SMB,Organic,2024-09-17
C000686,Northstar Account 0686,Germany,Healthcare,SMB,Paid Search,2025-11-02
C000687,Northstar Account 0687,Netherlands,Manufacturing,SMB,Content,2024-07-02
C000688,Northstar Account 0688,United States,Professional Services,Enterprise,Organic,2026-05-17
C000689,Northstar Account 0689,United Kingdom,Financial Services,Mid-Market,Paid Search,2026-02-28
C000690,Northstar Account 0690,Canada,Education,SMB,Content,2026-01-07
C000691,Northstar Account 0691,United States,Manufacturing,SMB,Partner,2024-01-23
C000692,Northstar Account 0692,Germany,Professional Services,Mid-Market,Organic,2026-05-03
C000693,Northstar Account 0693,United Kingdom,Technology,SMB,Paid Search,2024-07-02
C000694,Northstar Account 0694,United States,Technology,SMB,Paid Search,2025-08-18
C000695,Northstar Account 0695,Australia,Education,Mid-Market,Content,2026-03-08
C000696,Northstar Account 0696,United States,Technology,SMB,Partner,2025-11-03
C000697,Northstar Account 0697,United States,Other,Mid-Market,Paid Search,2026-04-26
C000698,Northstar Account 0698,United States,Other,SMB,Organic,2026-01-25
C000699,Northstar Account 0699,Germany,Technology,Mid-Market,Paid Search,2026-03-01
C000700,Northstar Account 0700,Netherlands,Education,SMB,Paid Search,2025-01-28
C000701,Northstar Account 0701,United States,Professional Services,SMB,Organic,2025-04-01
C000702,Northstar Account 0702,United States,Professional Services,SMB,Partner,2025-07-21
C000703,Northstar Account 0703,United States,Professional Services,SMB,Paid Search,2025-10-22
C000704,Northstar Account 0704,Canada,Financial Services,Mid-Market,Organic,2026-01-09
C000705,Northstar Account 0705,United States,Financial Services,SMB,Partner,2025-09-04
C000706,Northstar Account 0706,United States,Technology,SMB,Organic,2026-01-16
C000707,Northstar Account 0707,United States,Professional Services,Mid-Market,Paid Search,2024-07-25
C000708,Northstar Account 0708,United States,Retail,Mid-Market,Paid Search,2025-04-01
C000709,Northstar Account 0709,United Kingdom,Retail,SMB,Paid Search,2026-06-24
C000710,Northstar Account 0710,United Kingdom,Technology,SMB,Organic,2024-10-18
C000711,Northstar Account 0711,United States,Financial Services,Enterprise,Referral,2024-07-28
C000712,Northstar Account 0712,United States,Other,Mid-Market,Paid Search,2026-02-08
C000713,Northstar Account 0713,United States,Retail,Mid-Market,Content,2024-09-19
C000714,Northstar Account 0714,United Kingdom,Financial Services,Mid-Market,Referral,2025-06-13
C000715,Northstar Account 0715,United States,Education,Mid-Market,Paid Search,2026-01-18
C000716,Northstar Account 0716,United States,Healthcare,SMB,Paid Search,2025-07-06
C000717,Northstar Account 0717,United Kingdom,Manufacturing,SMB,Paid Search,2026-06-14
C000718,Northstar Account 0718,United States,Retail,SMB,Paid Search,2026-06-28
C000719,Northstar Account 0719,United Kingdom,Healthcare,Mid-Market,Partner,2025-07-24
C000720,Northstar Account 0720,United States,Professional Services,Enterprise,Paid Search,2026-08-06
C000721,Northstar Account 0721,United States,Education,SMB,Content,2025-01-02
C000722,Northstar Account 0722,Canada,Technology,SMB,Partner,2024-11-12
C000723,Northstar Account 0723,United States,Professional Services,SMB,Referral,2025-12-07
C000724,Northstar Account 0724,United States,Retail,Enterprise,Content,2025-10-08
C000725,Northstar Account 0725,Germany,Professional Services,SMB,Partner,2024-11-06
C000726,Northstar Account 0726,United States,Professional Services,SMB,Outbound,2025-03-16
C000727,Northstar Account 0727,France,Technology,SMB,Outbound,2024-11-03
C000728,Northstar Account 0728,United States,Financial Services,SMB,Organic,2024-11-26
C000729,Northstar Account 0729,Australia,Healthcare,SMB,Paid Search,2025-03-01
C000730,Northstar Account 0730,Germany,Professional Services,SMB,Organic,2026-07-05
C000731,Northstar Account 0731,United States,Financial Services,SMB,Paid Search,2026-05-16
C000732,Northstar Account 0732,United Kingdom,Financial Services,SMB,Partner,2025-08-04
C000733,Northstar Account 0733,Canada,Technology,SMB,Organic,2025-07-15
C000734,Northstar Account 0734,United States,Healthcare,SMB,Partner,2024-02-03
C000735,Northstar Account 0735,United States,Professional Services,SMB,Content,2025-06-25
C000736,Northstar Account 0736,Netherlands,Healthcare,Mid-Market,Organic,2025-11-17
C000737,Northstar Account 0737,Canada,Education,SMB,Partner,2026-03-09
C000738,Northstar Account 0738,Netherlands,Technology,SMB,Organic,2025-03-17
C000739,Northstar Account 0739,Australia,Retail,SMB,Content,2026-07-16
C000740,Northstar Account 0740,Germany,Professional Services,SMB,Referral,2026-05-23
C000741,Northstar Account 0741,Canada,Healthcare,SMB,Paid Search,2024-04-21
C000742,Northstar Account 0742,United Kingdom,Technology,SMB,Referral,2026-06-24
C000743,Northstar Account 0743,France,Manufacturing,Mid-Market,Paid Search,2024-10-25
C000744,Northstar Account 0744,United Kingdom,Healthcare,SMB,Referral,2026-07-03
C000745,Northstar Account 0745,United States,Technology,SMB,Partner,2025-11-22
C000746,Northstar Account 0746,United Kingdom,Manufacturing,SMB,Organic,2025-05-26
C000747,Northstar Account 0747,United States,Technology,SMB,Referral,2025-05-06
C000748,Northstar Account 0748,Netherlands,Healthcare,SMB,Content,2025-09-24
C000749,Northstar Account 0749,United Kingdom,Retail,Mid-Market,Content,2026-05-18
C000750,Northstar Account 0750,United Kingdom,Technology,Mid-Market,Partner,2026-05-19
C000751,Northstar Account 0751,United States,Professional Services,SMB,Referral,2025-05-20
C000752,Northstar Account 0752,United Kingdom,Technology,SMB,Organic,2026-05-10
C000753,Northstar Account 0753,United States,Manufacturing,SMB,Content,2025-07-26
C000754,Northstar Account 0754,Canada,Education,SMB,Content,2025-05-21
C000755,Northstar Account 0755,United Kingdom,Technology,Mid-Market,Paid Search,2024-11-13
C000756,Northstar Account 0756,United States,Technology,SMB,Paid Search,2026-04-18
C000757,Northstar Account 0757,United States,Financial Services,SMB,Organic,2025-11-27
C000758,Northstar Account 0758,United Kingdom,Technology,Enterprise,Paid Search,2025-05-10
C000759,Northstar Account 0759,United States,Professional Services,SMB,Organic,2025-12-26
C000760,Northstar Account 0760,Australia,Education,SMB,Paid Search,2026-05-01
C000761,Northstar Account 0761,France,Technology,Mid-Market,Referral,2024-09-23
C000762,Northstar Account 0762,Germany,Other,SMB,Paid Search,2025-04-17
C000763,Northstar Account 0763,United States,Technology,SMB,Organic,2025-04-20
C000764,Northstar Account 0764,United States,Financial Services,SMB,Referral,2024-04-17
C000765,Northstar Account 0765,France,Professional Services,Mid-Market,Organic,2025-02-14
C000766,Northstar Account 0766,Ireland,Technology,SMB,Organic,2026-03-05
C000767,Northstar Account 0767,United States,Professional Services,SMB,Content,2024-11-07
C000768,Northstar Account 0768,Canada,Other,SMB,Outbound,2026-04-26
C000769,Northstar Account 0769,United States,Retail,SMB,Partner,2026-07-12
C000770,Northstar Account 0770,United States,Technology,SMB,Paid Search,2024-10-05
C000771,Northstar Account 0771,Ireland,Other,SMB,Paid Search,2025-05-04
C000772,Northstar Account 0772,Netherlands,Technology,SMB,Outbound,2024-07-09
C000773,Northstar Account 0773,Ireland,Technology,SMB,Referral,2026-01-21
C000774,Northstar Account 0774,United States,Technology,Mid-Market,Content,2025-07-11
C000775,Northstar Account 0775,United States,Financial Services,SMB,Referral,2025-10-13
C000776,Northstar Account 0776,France,Technology,Mid-Market,Paid Search,2026-03-20
C000777,Northstar Account 0777,Canada,Technology,SMB,Organic,2026-03-17
C000778,Northstar Account 0778,United States,Other,SMB,Content,2025-08-03
C000779,Northstar Account 0779,United Kingdom,Healthcare,Mid-Market,Content,2026-06-11
C000780,Northstar Account 0780,United States,Professional Services,Mid-Market,Paid Search,2026-07-20
C000781,Northstar Account 0781,United Kingdom,Healthcare,SMB,Referral,2025-11-20
C000782,Northstar Account 0782,Australia,Professional Services,Mid-Market,Paid Search,2024-02-12
C000783,Northstar Account 0783,United States,Retail,SMB,Outbound,2026-03-07
C000784,Northstar Account 0784,United States,Professional Services,SMB,Organic,2026-06-06
C000785,Northstar Account 0785,United Kingdom,Healthcare,Enterprise,Referral,2025-09-03
C000786,Northstar Account 0786,United Kingdom,Manufacturing,SMB,Paid Search,2026-01-04
C000787,Northstar Account 0787,United States,Professional Services,Mid-Market,Referral,2025-03-28
C000788,Northstar Account 0788,United States,Technology,SMB,Referral,2025-07-12
C000789,Northstar Account 0789,Canada,Professional Services,Mid-Market,Organic,2026-04-09
C000790,Northstar Account 0790,United States,Manufacturing,SMB,Content,2026-06-13
C000791,Northstar Account 0791,United Kingdom,Manufacturing,SMB,Content,2024-06-15
C000792,Northstar Account 0792,United Kingdom,Manufacturing,SMB,Content,2024-01-04
C000793,Northstar Account 0793,United States,Other,SMB,Organic,2025-03-26
C000794,Northstar Account 0794,United Kingdom,Financial Services,SMB,Content,2025-04-14
C000795,Northstar Account 0795,Canada,Other,SMB,Partner,2026-03-16
C000796,Northstar Account 0796,United Kingdom,Healthcare,SMB,Referral,2024-01-15
C000797,Northstar Account 0797,United Kingdom,Professional Services,SMB,Partner,2026-03-27
C000798,Northstar Account 0798,United States,Healthcare,SMB,Referral,2025-08-28
C000799,Northstar Account 0799,United States,Technology,Mid-Market,Paid Search,2026-01-04
C000800,Northstar Account 0800,United States,Technology,Mid-Market,Organic,2025-08-20
C000801,Northstar Account 0801,United States,Professional Services,Mid-Market,Paid Search,2026-03-05
C000802,Northstar Account 0802,United States,Professional Services,SMB,Organic,2025-05-01
C000803,Northstar Account 0803,United States,Education,Mid-Market,Paid Search,2025-03-16
C000804,Northstar Account 0804,Canada,Professional Services,SMB,Paid Search,2025-11-14
C000805,Northstar Account 0805,United States,Technology,SMB,Content,2025-06-14
C000806,Northstar Account 0806,France,Other,SMB,Partner,2025-01-01
C000807,Northstar Account 0807,United Kingdom,Healthcare,Mid-Market,Paid Search,2026-06-19
C000808,Northstar Account 0808,United States,Technology,SMB,Content,2026-02-15
C000809,Northstar Account 0809,Canada,Professional Services,SMB,Outbound,2024-09-02
C000810,Northstar Account 0810,United States,Technology,Enterprise,Content,2026-02-10
C000811,Northstar Account 0811,France,Other,SMB,Content,2024-11-04
C000812,Northstar Account 0812,Netherlands,Professional Services,SMB,Outbound,2025-05-26
C000813,Northstar Account 0813,Australia,Other,Enterprise,Partner,2024-10-21
C000814,Northstar Account 0814,United Kingdom,Professional Services,SMB,Outbound,2024-06-14
C000815,Northstar Account 0815,France,Manufacturing,SMB,Outbound,2025-04-03
C000816,Northstar Account 0816,United Kingdom,Technology,Mid-Market,Organic,2025-09-24
C000817,Northstar Account 0817,Australia,Retail,Mid-Market,Content,2025-01-10
C000818,Northstar Account 0818,United States,Professional Services,SMB,Content,2024-04-17
C000819,Northstar Account 0819,France,Professional Services,SMB,Content,2024-11-21
C000820,Northstar Account 0820,Canada,Other,SMB,Content,2024-11-12
C000821,Northstar Account 0821,United States,Education,SMB,Organic,2025-10-28
C000822,Northstar Account 0822,Ireland,Professional Services,SMB,Organic,2024-12-07
C000823,Northstar Account 0823,Canada,Manufacturing,SMB,Referral,2025-08-10
C000824,Northstar Account 0824,France,Technology,Mid-Market,Referral,2025-07-06
C000825,Northstar Account 0825,United States,Other,Mid-Market,Content,2024-12-10
C000826,Northstar Account 0826,United Kingdom,Retail,SMB,Content,2026-02-23
C000827,Northstar Account 0827,Canada,Technology,SMB,Referral,2025-12-14
C000828,Northstar Account 0828,United States,Professional Services,SMB,Outbound,2026-01-25
C000829,Northstar Account 0829,Germany,Technology,Mid-Market,Paid Search,2025-05-25
C000830,Northstar Account 0830,Canada,Other,SMB,Outbound,2025-02-10
C000831,Northstar Account 0831,United States,Professional Services,SMB,Paid Search,2025-10-23
C000832,Northstar Account 0832,Canada,Technology,SMB,Partner,2026-08-14
C000833,Northstar Account 0833,United States,Manufacturing,SMB,Paid Search,2025-05-12
C000834,Northstar Account 0834,Australia,Technology,Mid-Market,Partner,2025-12-09
C000835,Northstar Account 0835,Australia,Technology,Mid-Market,Organic,2025-06-02
C000836,Northstar Account 0836,United States,Education,SMB,Paid Search,2026-07-13
C000837,Northstar Account 0837,United Kingdom,Technology,Mid-Market,Referral,2024-12-19
C000838,Northstar Account 0838,United States,Financial Services,Enterprise,Referral,2025-06-25
C000839,Northstar Account 0839,United States,Healthcare,SMB,Paid Search,2025-07-12
C000840,Northstar Account 0840,Australia,Professional Services,SMB,Referral,2026-02-04
C000841,Northstar Account 0841,United States,Retail,SMB,Paid Search,2026-02-14
C000842,Northstar Account 0842,United States,Professional Services,Mid-Market,Paid Search,2026-02-09
C000843,Northstar Account 0843,United States,Healthcare,SMB,Paid Search,2026-02-26
C000844,Northstar Account 0844,Canada,Healthcare,SMB,Referral,2025-06-20
C000845,Northstar Account 0845,Germany,Manufacturing,SMB,Content,2024-08-26
C000846,Northstar Account 0846,United States,Retail,Mid-Market,Referral,2026-05-09
C000847,Northstar Account 0847,United States,Manufacturing,SMB,Content,2025-02-13
C000848,Northstar Account 0848,United States,Technology,Mid-Market,Referral,2024-06-03
C000849,Northstar Account 0849,United States,Other,SMB,Content,2024-06-04
C000850,Northstar Account 0850,United States,Technology,Enterprise,Outbound,2025-07-11
C000851,Northstar Account 0851,Germany,Financial Services,SMB,Organic,2025-05-12
C000852,Northstar Account 0852,United Kingdom,Retail,SMB,Paid Search,2025-12-19
C000853,Northstar Account 0853,United States,Technology,Mid-Market,Paid Search,2025-11-07
C000854,Northstar Account 0854,United Kingdom,Professional Services,Mid-Market,Referral,2024-06-28
C000855,Northstar Account 0855,Germany,Other,SMB,Partner,2025-01-22
C000856,Northstar Account 0856,United States,Financial Services,SMB,Paid Search,2026-06-25
C000857,Northstar Account 0857,United States,Education,Mid-Market,Content,2026-03-09
C000858,Northstar Account 0858,Germany,Professional Services,Mid-Market,Outbound,2026-05-16
C000859,Northstar Account 0859,United States,Healthcare,SMB,Organic,2024-02-15
C000860,Northstar Account 0860,Germany,Professional Services,SMB,Paid Search,2026-06-22
C000861,Northstar Account 0861,Germany,Education,Mid-Market,Paid Search,2026-05-24
C000862,Northstar Account 0862,France,Professional Services,Mid-Market,Organic,2025-06-16
C000863,Northstar Account 0863,United States,Financial Services,Mid-Market,Content,2025-12-28
C000864,Northstar Account 0864,United States,Education,SMB,Referral,2024-12-14
C000865,Northstar Account 0865,Australia,Professional Services,SMB,Paid Search,2025-12-08
C000866,Northstar Account 0866,United States,Education,Mid-Market,Partner,2026-04-05
C000867,Northstar Account 0867,United States,Professional Services,Mid-Market,Paid Search,2025-07-11
C000868,Northstar Account 0868,United Kingdom,Technology,Mid-Market,Organic,2024-02-09
C000869,Northstar Account 0869,United States,Professional Services,SMB,Organic,2025-05-06
C000870,Northstar Account 0870,United Kingdom,Professional Services,SMB,Referral,2026-02-13
C000871,Northstar Account 0871,Netherlands,Professional Services,Mid-Market,Partner,2026-01-08
C000872,Northstar Account 0872,Canada,Education,SMB,Content,2025-07-28
C000873,Northstar Account 0873,United States,Manufacturing,Enterprise,Paid Search,2026-08-09
C000874,Northstar Account 0874,Netherlands,Retail,SMB,Content,2024-06-18
C000875,Northstar Account 0875,Canada,Other,Mid-Market,Paid Search,2024-08-22
C000876,Northstar Account 0876,United States,Financial Services,Mid-Market,Organic,2024-11-27
C000877,Northstar Account 0877,Canada,Technology,SMB,Content,2026-04-20
C000878,Northstar Account 0878,United States,Retail,SMB,Referral,2026-03-08
C000879,Northstar Account 0879,United States,Other,SMB,Paid Search,2026-03-16
C000880,Northstar Account 0880,United Kingdom,Professional Services,SMB,Partner,2026-06-02
C000881,Northstar Account 0881,United States,Professional Services,SMB,Referral,2025-06-08
C000882,Northstar Account 0882,United States,Other,SMB,Outbound,2025-02-28
C000883,Northstar Account 0883,United Kingdom,Manufacturing,Enterprise,Referral,2025-10-01
C000884,Northstar Account 0884,United States,Financial Services,SMB,Paid Search,2025-05-10
C000885,Northstar Account 0885,United Kingdom,Financial Services,SMB,Partner,2025-08-02
C000886,Northstar Account 0886,United States,Technology,SMB,Paid Search,2024-07-15
C000887,Northstar Account 0887,Canada,Education,SMB,Paid Search,2025-04-22
C000888,Northstar Account 0888,France,Manufacturing,SMB,Referral,2025-07-02
C000889,Northstar Account 0889,United States,Professional Services,SMB,Content,2024-05-04
C000890,Northstar Account 0890,Germany,Technology,Mid-Market,Paid Search,2026-08-25
C000891,Northstar Account 0891,United States,Technology,SMB,Content,2024-02-08
C000892,Northstar Account 0892,United States,Manufacturing,Enterprise,Referral,2026-07-01
C000893,Northstar Account 0893,United States,Education,SMB,Content,2024-04-03
C000894,Northstar Account 0894,United States,Financial Services,SMB,Organic,2026-05-26
C000895,Northstar Account 0895,United States,Professional Services,Mid-Market,Organic,2025-09-26
C000896,Northstar Account 0896,Germany,Healthcare,Mid-Market,Paid Search,2024-09-05
C000897,Northstar Account 0897,Germany,Technology,SMB,Paid Search,2024-10-08
C000898,Northstar Account 0898,Ireland,Other,SMB,Organic,2025-03-06
C000899,Northstar Account 0899,Netherlands,Healthcare,SMB,Organic,2026-03-14
C000900,Northstar Account 0900,United States,Manufacturing,SMB,Paid Search,2024-07-24
C000901,Northstar Account 0901,United States,Professional Services,SMB,Paid Search,2024-11-22
C000902,Northstar Account 0902,United States,Technology,SMB,Outbound,2026-01-11
C000903,Northstar Account 0903,United Kingdom,Technology,SMB,Content,2025-11-20
C000904,Northstar Account 0904,Australia,Manufacturing,SMB,Organic,2025-05-08
C000905,Northstar Account 0905,United States,Technology,Enterprise,Outbound,2024-03-26
C000906,Northstar Account 0906,United States,Financial Services,Mid-Market,Paid Search,2025-09-17
C000907,Northstar Account 0907,United States,Professional Services,SMB,Organic,2024-10-26
C000908,Northstar Account 0908,France,Healthcare,SMB,Content,2025-11-08
C000909,Northstar Account 0909,United States,Professional Services,SMB,Organic,2024-12-27
C000910,Northstar Account 0910,Canada,Technology,SMB,Paid Search,2026-08-09
C000911,Northstar Account 0911,United States,Healthcare,Mid-Market,Organic,2025-10-20
C000912,Northstar Account 0912,United States,Professional Services,Mid-Market,Partner,2025-09-02
C000913,Northstar Account 0913,United States,Retail,Mid-Market,Referral,2026-05-07
C000914,Northstar Account 0914,Germany,Healthcare,Enterprise,Organic,2026-08-16
C000915,Northstar Account 0915,Germany,Professional Services,Enterprise,Organic,2026-03-15
C000916,Northstar Account 0916,United States,Healthcare,Enterprise,Organic,2025-10-04
C000917,Northstar Account 0917,United States,Education,SMB,Partner,2026-05-01
C000918,Northstar Account 0918,United States,Technology,SMB,Paid Search,2024-09-24
C000919,Northstar Account 0919,United States,Professional Services,SMB,Content,2026-03-07
C000920,Northstar Account 0920,United States,Technology,SMB,Content,2026-01-22
C000921,Northstar Account 0921,United States,Technology,SMB,Organic,2025-09-05
C000922,Northstar Account 0922,Canada,Technology,Mid-Market,Content,2026-05-08
C000923,Northstar Account 0923,Germany,Healthcare,SMB,Paid Search,2026-01-01
C000924,Northstar Account 0924,Canada,Technology,SMB,Organic,2026-01-15
C000925,Northstar Account 0925,Canada,Financial Services,SMB,Organic,2026-06-15
C000926,Northstar Account 0926,Ireland,Manufacturing,SMB,Organic,2026-01-17
C000927,Northstar Account 0927,Netherlands,Technology,SMB,Content,2024-11-21
C000928,Northstar Account 0928,United States,Healthcare,Mid-Market,Outbound,2024-09-19
C000929,Northstar Account 0929,United States,Technology,SMB,Organic,2025-08-06
C000930,Northstar Account 0930,United States,Technology,Mid-Market,Organic,2024-11-12
C000931,Northstar Account 0931,France,Other,SMB,Referral,2026-01-03
C000932,Northstar Account 0932,United States,Retail,SMB,Organic,2026-05-19
C000933,Northstar Account 0933,United States,Technology,SMB,Paid Search,2025-01-12
C000934,Northstar Account 0934,United Kingdom,Financial Services,Mid-Market,Outbound,2026-06-05
C000935,Northstar Account 0935,United Kingdom,Other,Mid-Market,Content,2026-02-25
C000936,Northstar Account 0936,United Kingdom,Healthcare,SMB,Outbound,2026-08-14
C000937,Northstar Account 0937,Germany,Education,Enterprise,Paid Search,2024-09-02
C000938,Northstar Account 0938,United Kingdom,Manufacturing,SMB,Paid Search,2025-06-03
C000939,Northstar Account 0939,Australia,Manufacturing,Mid-Market,Organic,2025-11-09
C000940,Northstar Account 0940,United States,Retail,SMB,Outbound,2026-03-27
C000941,Northstar Account 0941,Australia,Financial Services,SMB,Paid Search,2026-06-03
C000942,Northstar Account 0942,United Kingdom,Retail,Mid-Market,Paid Search,2026-06-12
C000943,Northstar Account 0943,United States,Professional Services,SMB,Paid Search,2024-11-12
C000944,Northstar Account 0944,Ireland,Technology,SMB,Content,2025-05-18
C000945,Northstar Account 0945,Netherlands,Professional Services,SMB,Content,2026-02-17
C000946,Northstar Account 0946,Australia,Technology,SMB,Referral,2024-07-14
C000947,Northstar Account 0947,France,Technology,Mid-Market,Paid Search,2026-08-23
C000948,Northstar Account 0948,United States,Retail,Mid-Market,Referral,2026-02-01
C000949,Northstar Account 0949,United States,Other,Mid-Market,Organic,2026-04-12
C000950,Northstar Account 0950,United States,Technology,SMB,Paid Search,2026-06-02
C000951,Northstar Account 0951,Australia,Professional Services,SMB,Organic,2024-08-09
C000952,Northstar Account 0952,Australia,Financial Services,SMB,Partner,2025-05-08
C000953,Northstar Account 0953,Ireland,Retail,SMB,Organic,2025-12-25
C000954,Northstar Account 0954,Australia,Manufacturing,SMB,Outbound,2026-04-19
C000955,Northstar Account 0955,United Kingdom,Healthcare,Enterprise,Partner,2026-02-07
C000956,Northstar Account 0956,United States,Healthcare,Mid-Market,Organic,2024-06-18
C000957,Northstar Account 0957,United States,Technology,Mid-Market,Referral,2025-12-24
C000958,Northstar Account 0958,United States,Professional Services,SMB,Referral,2025-01-06
C000959,Northstar Account 0959,Germany,Healthcare,SMB,Paid Search,2025-05-16
C000960,Northstar Account 0960,United States,Technology,SMB,Referral,2026-08-14
C000961,Northstar Account 0961,France,Technology,SMB,Organic,2024-08-26
C000962,Northstar Account 0962,Canada,Professional Services,SMB,Organic,2024-05-11
C000963,Northstar Account 0963,United States,Education,SMB,Referral,2025-05-20
C000964,Northstar Account 0964,France,Retail,SMB,Partner,2026-05-16
C000965,Northstar Account 0965,United Kingdom,Education,Enterprise,Organic,2024-08-10
C000966,Northstar Account 0966,Canada,Education,SMB,Paid Search,2024-04-10
C000967,Northstar Account 0967,United States,Technology,Enterprise,Partner,2025-05-25
C000968,Northstar Account 0968,United States,Other,SMB,Organic,2025-11-26
C000969,Northstar Account 0969,United States,Financial Services,SMB,Outbound,2024-08-08
C000970,Northstar Account 0970,United Kingdom,Professional Services,SMB,Partner,2026-04-14
C000971,Northstar Account 0971,Germany,Retail,SMB,Content,2026-05-04
C000972,Northstar Account 0972,Netherlands,Professional Services,SMB,Organic,2025-08-12
C000973,Northstar Account 0973,France,Other,SMB,Content,2024-02-25
C000974,Northstar Account 0974,United States,Professional Services,Mid-Market,Paid Search,2025-08-20
C000975,Northstar Account 0975,Ireland,Retail,SMB,Organic,2024-10-14
C000976,Northstar Account 0976,United States,Other,SMB,Paid Search,2025-06-22
C000977,Northstar Account 0977,United States,Healthcare,SMB,Paid Search,2026-03-16
C000978,Northstar Account 0978,Canada,Technology,SMB,Outbound,2024-03-13
C000979,Northstar Account 0979,France,Healthcare,SMB,Referral,2024-01-01
C000980,Northstar Account 0980,Netherlands,Manufacturing,SMB,Referral,2024-07-04
C000981,Northstar Account 0981,Australia,Professional Services,Enterprise,Partner,2024-03-16
C000982,Northstar Account 0982,United States,Retail,Mid-Market,Partner,2024-12-03
C000983,Northstar Account 0983,United States,Healthcare,Mid-Market,Referral,2025-04-01
C000984,Northstar Account 0984,United States,Retail,SMB,Content,2026-03-10
C000985,Northstar Account 0985,United Kingdom,Other,SMB,Referral,2024-02-16
C000986,Northstar Account 0986,United States,Retail,Mid-Market,Content,2025-03-21
C000987,Northstar Account 0987,United States,Education,SMB,Organic,2026-07-28
C000988,Northstar Account 0988,United States,Manufacturing,SMB,Outbound,2025-10-19
C000989,Northstar Account 0989,United Kingdom,Technology,SMB,Paid Search,2026-04-28
C000990,Northstar Account 0990,Canada,Technology,Mid-Market,Organic,2025-07-09
C000991,Northstar Account 0991,United States,Other,SMB,Content,2024-05-19
C000992,Northstar Account 0992,United States,Manufacturing,Mid-Market,Paid Search,2024-09-01
C000993,Northstar Account 0993,Canada,Retail,Mid-Market,Paid Search,2026-03-04
C000994,Northstar Account 0994,Canada,Technology,SMB,Organic,2026-05-18
C000995,Northstar Account 0995,United States,Technology,Mid-Market,Organic,2025-06-09
C000996,Northstar Account 0996,United States,Technology,SMB,Outbound,2025-07-16
C000997,Northstar Account 0997,Netherlands,Retail,SMB,Content,2025-06-27
C000998,Northstar Account 0998,Germany,Healthcare,SMB,Organic,2024-01-22
C000999,Northstar Account 0999,United States,Technology,Enterprise,Outbound,2024-05-10
C001000,Northstar Account 1000,United Kingdom,Education,SMB,Referral,2026-08-20
C001001,Northstar Account 1001,United Kingdom,Other,SMB,Content,2024-03-26
C001002,Northstar Account 1002,United States,Other,SMB,Organic,2025-03-07
C001003,Northstar Account 1003,United States,Financial Services,SMB,Partner,2026-01-16
C001004,Northstar Account 1004,Netherlands,Retail,SMB,Paid Search,2025-05-21
C001005,Northstar Account 1005,United Kingdom,Healthcare,SMB,Paid Search,2026-08-19
C001006,Northstar Account 1006,United States,Retail,SMB,Referral,2024-02-14
C001007,Northstar Account 1007,Germany,Technology,Mid-Market,Paid Search,2026-06-13
C001008,Northstar Account 1008,United States,Financial Services,SMB,Partner,2024-07-17
C001009,Northstar Account 1009,United Kingdom,Education,Mid-Market,Referral,2024-09-14
C001010,Northstar Account 1010,United States,Education,SMB,Paid Search,2025-08-10
C001011,Northstar Account 1011,United States,Professional Services,Mid-Market,Organic,2026-05-25
C001012,Northstar Account 1012,United States,Technology,SMB,Referral,2025-05-23
C001013,Northstar Account 1013,Ireland,Financial Services,SMB,Content,2025-01-18
C001014,Northstar Account 1014,United Kingdom,Technology,Enterprise,Organic,2025-04-06
C001015,Northstar Account 1015,Australia,Technology,SMB,Outbound,2024-05-15
C001016,Northstar Account 1016,United States,Healthcare,SMB,Content,2026-05-06
C001017,Northstar Account 1017,Germany,Education,Mid-Market,Referral,2026-06-05
C001018,Northstar Account 1018,United States,Technology,Mid-Market,Organic,2025-12-07
C001019,Northstar Account 1019,Canada,Technology,SMB,Referral,2025-06-05
C001020,Northstar Account 1020,United States,Manufacturing,SMB,Content,2025-11-23
C001021,Northstar Account 1021,United Kingdom,Other,Mid-Market,Organic,2025-09-15
C001022,Northstar Account 1022,United States,Retail,Mid-Market,Outbound,2024-03-21
C001023,Northstar Account 1023,United States,Manufacturing,Enterprise,Outbound,2025-04-28
C001024,Northstar Account 1024,Germany,Professional Services,SMB,Partner,2025-12-08
C001025,Northstar Account 1025,United States,Education,Mid-Market,Referral,2026-05-06
C001026,Northstar Account 1026,United States,Healthcare,SMB,Partner,2025-03-05
C001027,Northstar Account 1027,France,Financial Services,Enterprise,Content,2026-04-01
C001028,Northstar Account 1028,United States,Manufacturing,SMB,Content,2026-03-01
C001029,Northstar Account 1029,United Kingdom,Professional Services,Mid-Market,Paid Search,2026-07-17
C001030,Northstar Account 1030,Australia,Technology,SMB,Paid Search,2026-08-20
C001031,Northstar Account 1031,Canada,Manufacturing,SMB,Organic,2024-03-09
C001032,Northstar Account 1032,United States,Technology,Mid-Market,Outbound,2025-05-16
C001033,Northstar Account 1033,United Kingdom,Education,SMB,Organic,2026-03-06
C001034,Northstar Account 1034,United Kingdom,Retail,Mid-Market,Content,2026-04-20
C001035,Northstar Account 1035,United States,Technology,SMB,Organic,2024-04-20
C001036,Northstar Account 1036,Germany,Education,SMB,Organic,2025-10-20
C001037,Northstar Account 1037,Netherlands,Retail,SMB,Outbound,2026-06-15
C001038,Northstar Account 1038,United States,Financial Services,SMB,Partner,2024-10-24
C001039,Northstar Account 1039,United States,Technology,SMB,Organic,2025-03-03
C001040,Northstar Account 1040,Canada,Technology,SMB,Paid Search,2025-04-12
C001041,Northstar Account 1041,United States,Technology,SMB,Paid Search,2025-04-02
C001042,Northstar Account 1042,Germany,Professional Services,Mid-Market,Paid Search,2025-09-24
C001043,Northstar Account 1043,United States,Education,Mid-Market,Organic,2024-03-03
C001044,Northstar Account 1044,United States,Professional Services,Mid-Market,Referral,2026-03-13
C001045,Northstar Account 1045,Canada,Technology,SMB,Organic,2024-06-06
C001046,Northstar Account 1046,Ireland,Other,SMB,Paid Search,2026-04-20
C001047,Northstar Account 1047,United States,Technology,SMB,Organic,2024-01-12
C001048,Northstar Account 1048,Australia,Professional Services,Mid-Market,Organic,2026-03-16
C001049,Northstar Account 1049,United States,Financial Services,Mid-Market,Outbound,2025-03-27
C001050,Northstar Account 1050,United States,Education,SMB,Organic,2025-12-26
C001051,Northstar Account 1051,United Kingdom,Professional Services,Mid-Market,Paid Search,2024-08-12
C001052,Northstar Account 1052,United States,Other,SMB,Partner,2025-08-11
C001053,Northstar Account 1053,Canada,Retail,SMB,Outbound,2025-01-09
C001054,Northstar Account 1054,United States,Technology,SMB,Content,2024-01-20
C001055,Northstar Account 1055,United States,Technology,SMB,Content,2026-02-28
C001056,Northstar Account 1056,United States,Other,Mid-Market,Outbound,2024-07-17
C001057,Northstar Account 1057,Australia,Professional Services,Mid-Market,Referral,2026-07-16
C001058,Northstar Account 1058,France,Manufacturing,SMB,Outbound,2025-09-28
C001059,Northstar Account 1059,United States,Technology,SMB,Paid Search,2024-01-06
C001060,Northstar Account 1060,United States,Technology,Mid-Market,Content,2026-07-03
C001061,Northstar Account 1061,Ireland,Financial Services,Enterprise,Content,2024-07-03
C001062,Northstar Account 1062,United States,Other,SMB,Outbound,2026-04-17
C001063,Northstar Account 1063,Germany,Technology,SMB,Partner,2025-02-26
C001064,Northstar Account 1064,United Kingdom,Technology,SMB,Content,2025-09-07
C001065,Northstar Account 1065,France,Education,SMB,Paid Search,2026-05-21
C001066,Northstar Account 1066,United States,Retail,Enterprise,Referral,2024-03-25
C001067,Northstar Account 1067,United States,Retail,SMB,Organic,2026-01-26
C001068,Northstar Account 1068,United States,Technology,Mid-Market,Referral,2024-07-23
C001069,Northstar Account 1069,United States,Other,SMB,Referral,2026-01-11
C001070,Northstar Account 1070,United States,Technology,SMB,Organic,2024-08-19
C001071,Northstar Account 1071,Ireland,Professional Services,Mid-Market,Paid Search,2024-02-16
C001072,Northstar Account 1072,United States,Professional Services,SMB,Organic,2024-08-14
C001073,Northstar Account 1073,United States,Technology,SMB,Referral,2025-11-20
C001074,Northstar Account 1074,United States,Healthcare,Enterprise,Referral,2026-08-20
C001075,Northstar Account 1075,United States,Professional Services,Mid-Market,Content,2026-08-23
C001076,Northstar Account 1076,United Kingdom,Healthcare,SMB,Paid Search,2026-02-16
C001077,Northstar Account 1077,United States,Professional Services,SMB,Content,2026-04-19
C001078,Northstar Account 1078,Germany,Technology,SMB,Referral,2026-05-09
C001079,Northstar Account 1079,Australia,Financial Services,SMB,Paid Search,2025-08-14
C001080,Northstar Account 1080,United States,Retail,SMB,Organic,2024-10-23
C001081,Northstar Account 1081,Germany,Professional Services,SMB,Organic,2025-12-22
C001082,Northstar Account 1082,United States,Technology,Mid-Market,Organic,2024-07-15
C001083,Northstar Account 1083,United States,Healthcare,Mid-Market,Paid Search,2026-04-16
C001084,Northstar Account 1084,Netherlands,Manufacturing,Mid-Market,Paid Search,2025-05-08
C001085,Northstar Account 1085,France,Education,Enterprise,Paid Search,2024-12-11
C001086,Northstar Account 1086,United States,Manufacturing,Mid-Market,Paid Search,2026-05-19
C001087,Northstar Account 1087,United States,Technology,Mid-Market,Organic,2024-06-04
C001088,Northstar Account 1088,United States,Other,Mid-Market,Content,2026-08-01
C001089,Northstar Account 1089,United Kingdom,Technology,SMB,Partner,2026-07-17
C001090,Northstar Account 1090,Canada,Professional Services,SMB,Organic,2025-11-21
C001091,Northstar Account 1091,United States,Retail,SMB,Referral,2026-01-28
C001092,Northstar Account 1092,France,Technology,SMB,Partner,2024-02-14
C001093,Northstar Account 1093,Canada,Retail,SMB,Paid Search,2025-05-04
C001094,Northstar Account 1094,United States,Technology,SMB,Paid Search,2026-06-18
C001095,Northstar Account 1095,Australia,Manufacturing,SMB,Paid Search,2024-01-09
C001096,Northstar Account 1096,Canada,Manufacturing,SMB,Referral,2025-01-05
C001097,Northstar Account 1097,United States,Healthcare,SMB,Organic,2025-03-18
C001098,Northstar Account 1098,United Kingdom,Retail,Mid-Market,Organic,2025-12-21
C001099,Northstar Account 1099,Australia,Professional Services,Mid-Market,Partner,2026-01-02
C001100,Northstar Account 1100,Netherlands,Financial Services,SMB,Outbound,2024-04-21
C001101,Northstar Account 1101,United States,Retail,SMB,Organic,2024-10-17
C001102,Northstar Account 1102,Canada,Retail,SMB,Partner,2026-04-21
C001103,Northstar Account 1103,Australia,Technology,Mid-Market,Partner,2024-09-18
C001104,Northstar Account 1104,Ireland,Technology,Mid-Market,Referral,2024-12-14
C001105,Northstar Account 1105,United States,Professional Services,SMB,Referral,2024-08-10
C001106,Northstar Account 1106,United Kingdom,Education,Mid-Market,Referral,2026-02-18
C001107,Northstar Account 1107,Australia,Financial Services,SMB,Paid Search,2024-02-06
C001108,Northstar Account 1108,United States,Other,SMB,Organic,2025-01-16
C001109,Northstar Account 1109,United States,Retail,Enterprise,Content,2025-08-22
C001110,Northstar Account 1110,United Kingdom,Retail,SMB,Organic,2024-01-07
C001111,Northstar Account 1111,United Kingdom,Manufacturing,SMB,Outbound,2026-07-03
C001112,Northstar Account 1112,Canada,Professional Services,SMB,Organic,2026-05-01
C001113,Northstar Account 1113,United States,Healthcare,SMB,Partner,2025-12-16
C001114,Northstar Account 1114,Germany,Education,Enterprise,Partner,2025-06-12
C001115,Northstar Account 1115,United States,Professional Services,Enterprise,Organic,2024-08-19
C001116,Northstar Account 1116,Australia,Professional Services,SMB,Content,2025-09-23
C001117,Northstar Account 1117,United States,Professional Services,SMB,Paid Search,2024-11-28
C001118,Northstar Account 1118,United States,Healthcare,Mid-Market,Partner,2025-11-10
C001119,Northstar Account 1119,Netherlands,Professional Services,SMB,Referral,2024-07-04
C001120,Northstar Account 1120,Germany,Technology,Mid-Market,Content,2026-02-21
C001121,Northstar Account 1121,United States,Technology,Mid-Market,Referral,2025-02-01
C001122,Northstar Account 1122,United States,Manufacturing,SMB,Outbound,2025-07-18
C001123,Northstar Account 1123,United Kingdom,Financial Services,Mid-Market,Content,2024-08-08
C001124,Northstar Account 1124,Ireland,Other,SMB,Organic,2024-11-10
C001125,Northstar Account 1125,United States,Financial Services,SMB,Content,2025-06-04
C001126,Northstar Account 1126,Netherlands,Technology,SMB,Outbound,2025-06-01
C001127,Northstar Account 1127,United States,Technology,SMB,Organic,2026-08-06
C001128,Northstar Account 1128,Canada,Retail,Mid-Market,Referral,2025-02-13
C001129,Northstar Account 1129,United States,Retail,Mid-Market,Organic,2024-05-09
C001130,Northstar Account 1130,United States,Manufacturing,Enterprise,Referral,2025-08-11
C001131,Northstar Account 1131,Netherlands,Professional Services,Enterprise,Paid Search,2025-02-04
C001132,Northstar Account 1132,United States,Other,SMB,Referral,2026-06-04
C001133,Northstar Account 1133,Netherlands,Professional Services,SMB,Organic,2024-10-21
C001134,Northstar Account 1134,United States,Healthcare,Mid-Market,Partner,2026-05-23
C001135,Northstar Account 1135,United States,Financial Services,Enterprise,Paid Search,2025-12-21
C001136,Northstar Account 1136,France,Retail,SMB,Referral,2024-09-27
C001137,Northstar Account 1137,Canada,Manufacturing,SMB,Partner,2025-04-21
C001138,Northstar Account 1138,United States,Manufacturing,SMB,Referral,2025-07-04
C001139,Northstar Account 1139,United Kingdom,Manufacturing,SMB,Organic,2025-08-21
C001140,Northstar Account 1140,United States,Manufacturing,Mid-Market,Paid Search,2025-04-07
C001141,Northstar Account 1141,Australia,Retail,SMB,Organic,2025-10-22
C001142,Northstar Account 1142,United States,Professional Services,Mid-Market,Outbound,2026-01-18
C001143,Northstar Account 1143,United Kingdom,Manufacturing,Mid-Market,Paid Search,2025-08-24
C001144,Northstar Account 1144,United States,Healthcare,Mid-Market,Referral,2025-10-27
C001145,Northstar Account 1145,Canada,Healthcare,SMB,Paid Search,2026-05-20
C001146,Northstar Account 1146,Netherlands,Retail,SMB,Referral,2025-07-27
C001147,Northstar Account 1147,Australia,Technology,Mid-Market,Paid Search,2025-05-16
C001148,Northstar Account 1148,United States,Retail,Mid-Market,Organic,2024-11-27
C001149,Northstar Account 1149,United States,Other,SMB,Organic,2024-07-03
C001150,Northstar Account 1150,United States,Professional Services,Mid-Market,Paid Search,2025-01-13
C001151,Northstar Account 1151,Australia,Professional Services,SMB,Organic,2025-05-22
C001152,Northstar Account 1152,United States,Technology,Mid-Market,Organic,2026-03-28
C001153,Northstar Account 1153,United Kingdom,Retail,SMB,Partner,2024-10-25
C001154,Northstar Account 1154,United States,Professional Services,SMB,Outbound,2026-01-11
C001155,Northstar Account 1155,Ireland,Education,SMB,Partner,2024-04-18
C001156,Northstar Account 1156,United Kingdom,Technology,SMB,Outbound,2024-08-03
C001157,Northstar Account 1157,United Kingdom,Professional Services,SMB,Organic,2025-02-04
C001158,Northstar Account 1158,France,Technology,SMB,Paid Search,2025-06-20
C001159,Northstar Account 1159,Netherlands,Technology,SMB,Paid Search,2024-09-09
C001160,Northstar Account 1160,United Kingdom,Manufacturing,Mid-Market,Organic,2024-06-16
C001161,Northstar Account 1161,Germany,Other,SMB,Organic,2025-09-06
C001162,Northstar Account 1162,United Kingdom,Manufacturing,Mid-Market,Content,2025-05-23
C001163,Northstar Account 1163,United States,Financial Services,Mid-Market,Referral,2025-05-03
C001164,Northstar Account 1164,United States,Technology,SMB,Partner,2025-01-18
C001165,Northstar Account 1165,Canada,Financial Services,SMB,Partner,2025-03-19
C001166,Northstar Account 1166,Canada,Retail,Mid-Market,Organic,2024-09-23
C001167,Northstar Account 1167,United States,Manufacturing,Mid-Market,Referral,2024-12-08
C001168,Northstar Account 1168,United States,Healthcare,SMB,Paid Search,2025-09-10
C001169,Northstar Account 1169,Canada,Professional Services,Mid-Market,Paid Search,2025-08-16
C001170,Northstar Account 1170,United States,Professional Services,SMB,Organic,2026-06-09
C001171,Northstar Account 1171,Canada,Technology,SMB,Paid Search,2026-04-21
C001172,Northstar Account 1172,Canada,Retail,Mid-Market,Referral,2024-01-22
C001173,Northstar Account 1173,United States,Retail,SMB,Paid Search,2024-10-22
C001174,Northstar Account 1174,United States,Other,Mid-Market,Paid Search,2026-06-14
C001175,Northstar Account 1175,United States,Technology,SMB,Outbound,2025-01-18
C001176,Northstar Account 1176,United States,Healthcare,Mid-Market,Outbound,2025-07-06
C001177,Northstar Account 1177,United Kingdom,Retail,SMB,Partner,2025-12-06
C001178,Northstar Account 1178,Canada,Technology,SMB,Partner,2025-09-11
C001179,Northstar Account 1179,Australia,Professional Services,SMB,Content,2024-01-06
C001180,Northstar Account 1180,United States,Retail,SMB,Paid Search,2024-10-23
C001181,Northstar Account 1181,Canada,Retail,Mid-Market,Organic,2024-05-08
C001182,Northstar Account 1182,United States,Professional Services,SMB,Paid Search,2024-08-26
C001183,Northstar Account 1183,Australia,Technology,SMB,Organic,2024-07-12
C001184,Northstar Account 1184,United States,Professional Services,SMB,Outbound,2025-11-22
C001185,Northstar Account 1185,United Kingdom,Financial Services,SMB,Content,2025-05-03
C001186,Northstar Account 1186,United Kingdom,Manufacturing,Mid-Market,Outbound,2024-04-21
C001187,Northstar Account 1187,United States,Technology,SMB,Content,2024-04-13
C001188,Northstar Account 1188,Ireland,Education,Enterprise,Referral,2026-07-23
C001189,Northstar Account 1189,United States,Other,SMB,Content,2024-08-06
C001190,Northstar Account 1190,United States,Technology,Mid-Market,Referral,2024-11-06
C001191,Northstar Account 1191,United Kingdom,Technology,SMB,Organic,2025-10-25
C001192,Northstar Account 1192,United Kingdom,Technology,SMB,Organic,2024-09-17
C001193,Northstar Account 1193,United States,Technology,Mid-Market,Partner,2024-09-16
C001194,Northstar Account 1194,United States,Manufacturing,Enterprise,Organic,2024-04-17
C001195,Northstar Account 1195,United States,Manufacturing,Mid-Market,Partner,2026-08-11
C001196,Northstar Account 1196,Australia,Healthcare,SMB,Paid Search,2025-10-27
C001197,Northstar Account 1197,United Kingdom,Professional Services,SMB,Partner,2025-08-16
C001198,Northstar Account 1198,United States,Manufacturing,Mid-Market,Organic,2026-06-01
C001199,Northstar Account 1199,United States,Technology,SMB,Organic,2025-10-09
C001200,Northstar Account 1200,France,Technology,Mid-Market,Partner,2024-12-28
C001201,Northstar Account 1201,France,Technology,SMB,Paid Search,2025-07-14
C001202,Northstar Account 1202,United States,Financial Services,SMB,Outbound,2025-07-21
C001203,Northstar Account 1203,Canada,Education,Mid-Market,Organic,2025-04-01
C001204,Northstar Account 1204,United States,Healthcare,Mid-Market,Organic,2026-02-01
C001205,Northstar Account 1205,United States,Education,SMB,Paid Search,2024-06-06
C001206,Northstar Account 1206,Australia,Technology,SMB,Content,2024-08-15
C001207,Northstar Account 1207,France,Professional Services,SMB,Referral,2025-03-18
C001208,Northstar Account 1208,United States,Manufacturing,SMB,Organic,2024-04-02
C001209,Northstar Account 1209,Australia,Other,SMB,Organic,2026-08-26
C001210,Northstar Account 1210,Canada,Retail,SMB,Content,2025-07-17
C001211,Northstar Account 1211,Germany,Technology,Mid-Market,Outbound,2024-03-10
C001212,Northstar Account 1212,Germany,Other,Mid-Market,Organic,2025-11-13
C001213,Northstar Account 1213,United Kingdom,Retail,SMB,Paid Search,2026-03-15
C001214,Northstar Account 1214,Netherlands,Professional Services,SMB,Paid Search,2025-05-22
C001215,Northstar Account 1215,United States,Technology,SMB,Paid Search,2025-07-03
C001216,Northstar Account 1216,United Kingdom,Technology,SMB,Content,2026-01-17
C001217,Northstar Account 1217,United States,Healthcare,SMB,Outbound,2024-11-15
C001218,Northstar Account 1218,Australia,Healthcare,SMB,Outbound,2025-10-23
C001219,Northstar Account 1219,United States,Professional Services,Mid-Market,Content,2025-11-11
C001220,Northstar Account 1220,United States,Technology,SMB,Paid Search,2026-04-11
C001221,Northstar Account 1221,Germany,Retail,SMB,Outbound,2026-06-23
C001222,Northstar Account 1222,United States,Retail,SMB,Organic,2026-07-24
C001223,Northstar Account 1223,United States,Professional Services,Mid-Market,Organic,2024-06-24
C001224,Northstar Account 1224,United States,Technology,SMB,Referral,2026-04-25
C001225,Northstar Account 1225,Canada,Financial Services,SMB,Paid Search,2025-12-03
C001226,Northstar Account 1226,United States,Other,Mid-Market,Content,2025-03-19
C001227,Northstar Account 1227,United States,Professional Services,SMB,Outbound,2026-07-20
C001228,Northstar Account 1228,United Kingdom,Education,SMB,Content,2026-05-08
C001229,Northstar Account 1229,Netherlands,Financial Services,Enterprise,Content,2026-03-13
C001230,Northstar Account 1230,Germany,Technology,SMB,Organic,2024-03-28
C001231,Northstar Account 1231,United States,Other,SMB,Paid Search,2024-08-04
C001232,Northstar Account 1232,France,Retail,SMB,Content,2026-07-23
C001233,Northstar Account 1233,Australia,Healthcare,SMB,Referral,2026-08-09
C001234,Northstar Account 1234,Canada,Healthcare,Mid-Market,Outbound,2024-12-24
C001235,Northstar Account 1235,United Kingdom,Professional Services,SMB,Paid Search,2024-12-15
C001236,Northstar Account 1236,United States,Manufacturing,SMB,Organic,2025-11-01
C001237,Northstar Account 1237,Canada,Manufacturing,SMB,Organic,2024-04-04
C001238,Northstar Account 1238,United Kingdom,Technology,SMB,Referral,2025-10-24
C001239,Northstar Account 1239,United States,Healthcare,SMB,Content,2026-08-23
C001240,Northstar Account 1240,United States,Other,SMB,Outbound,2025-01-07
C001241,Northstar Account 1241,United States,Financial Services,Mid-Market,Organic,2026-02-18
C001242,Northstar Account 1242,United Kingdom,Healthcare,SMB,Partner,2025-08-15
C001243,Northstar Account 1243,United States,Technology,SMB,Paid Search,2025-01-02
C001244,Northstar Account 1244,Canada,Professional Services,SMB,Organic,2025-05-20
C001245,Northstar Account 1245,Germany,Technology,SMB,Organic,2025-09-05
C001246,Northstar Account 1246,United States,Financial Services,SMB,Referral,2026-03-12
C001247,Northstar Account 1247,United States,Manufacturing,SMB,Partner,2025-09-01
C001248,Northstar Account 1248,United States,Other,SMB,Organic,2026-07-07
C001249,Northstar Account 1249,United States,Technology,Mid-Market,Referral,2024-06-27
C001250,Northstar Account 1250,Germany,Other,Mid-Market,Content,2026-08-15
C001251,Northstar Account 1251,United Kingdom,Other,SMB,Organic,2025-09-21
C001252,Northstar Account 1252,Australia,Education,SMB,Organic,2025-04-09
C001253,Northstar Account 1253,Ireland,Financial Services,SMB,Referral,2024-04-02
C001254,Northstar Account 1254,United States,Retail,SMB,Content,2025-01-18
C001255,Northstar Account 1255,Canada,Professional Services,SMB,Content,2025-06-07
C001256,Northstar Account 1256,United States,Technology,Mid-Market,Paid Search,2026-07-04
C001257,Northstar Account 1257,United States,Technology,Mid-Market,Partner,2026-03-14
C001258,Northstar Account 1258,United States,Technology,Mid-Market,Outbound,2024-03-12
C001259,Northstar Account 1259,United States,Education,SMB,Organic,2025-02-04
C001260,Northstar Account 1260,Canada,Professional Services,Enterprise,Organic,2025-07-17
C001261,Northstar Account 1261,United Kingdom,Technology,SMB,Outbound,2026-05-13
C001262,Northstar Account 1262,United States,Technology,SMB,Paid Search,2026-03-28
C001263,Northstar Account 1263,United States,Education,SMB,Referral,2024-10-03
C001264,Northstar Account 1264,United Kingdom,Other,Enterprise,Content,2024-03-14
C001265,Northstar Account 1265,Canada,Retail,SMB,Paid Search,2024-07-23
C001266,Northstar Account 1266,United Kingdom,Manufacturing,Mid-Market,Referral,2025-08-12
C001267,Northstar Account 1267,United States,Other,SMB,Organic,2024-05-06
C001268,Northstar Account 1268,United States,Education,Enterprise,Content,2024-11-28
C001269,Northstar Account 1269,Germany,Education,SMB,Outbound,2026-04-10
C001270,Northstar Account 1270,Canada,Healthcare,SMB,Content,2025-04-26
C001271,Northstar Account 1271,United States,Other,Enterprise,Paid Search,2026-08-24
C001272,Northstar Account 1272,United States,Professional Services,SMB,Content,2026-03-19
C001273,Northstar Account 1273,United States,Manufacturing,SMB,Outbound,2024-12-22
C001274,Northstar Account 1274,Canada,Retail,SMB,Referral,2024-01-16
C001275,Northstar Account 1275,United States,Technology,SMB,Referral,2025-08-19
C001276,Northstar Account 1276,United Kingdom,Manufacturing,SMB,Paid Search,2026-01-08
C001277,Northstar Account 1277,Netherlands,Financial Services,SMB,Content,2025-06-02
C001278,Northstar Account 1278,United States,Financial Services,SMB,Paid Search,2026-06-18
C001279,Northstar Account 1279,United States,Other,Mid-Market,Organic,2026-03-23
C001280,Northstar Account 1280,United States,Manufacturing,SMB,Outbound,2025-08-24
C001281,Northstar Account 1281,United States,Retail,SMB,Outbound,2024-01-22
C001282,Northstar Account 1282,Netherlands,Other,SMB,Outbound,2025-02-28
C001283,Northstar Account 1283,Ireland,Technology,SMB,Partner,2025-07-17
C001284,Northstar Account 1284,United States,Technology,SMB,Paid Search,2024-11-05
C001285,Northstar Account 1285,France,Retail,Mid-Market,Partner,2026-05-06
C001286,Northstar Account 1286,United States,Healthcare,Enterprise,Paid Search,2025-05-08
C001287,Northstar Account 1287,United Kingdom,Education,SMB,Content,2024-09-28
C001288,Northstar Account 1288,Canada,Manufacturing,SMB,Partner,2026-03-25
C001289,Northstar Account 1289,United States,Technology,SMB,Organic,2025-11-21
C001290,Northstar Account 1290,United Kingdom,Manufacturing,SMB,Paid Search,2024-09-25
C001291,Northstar Account 1291,United Kingdom,Healthcare,SMB,Organic,2025-08-10
C001292,Northstar Account 1292,United States,Other,Mid-Market,Content,2026-01-21
C001293,Northstar Account 1293,Ireland,Professional Services,SMB,Referral,2025-06-05
C001294,Northstar Account 1294,United States,Healthcare,SMB,Paid Search,2025-01-03
C001295,Northstar Account 1295,United States,Manufacturing,SMB,Paid Search,2026-01-18
C001296,Northstar Account 1296,Netherlands,Retail,SMB,Organic,2026-01-20
C001297,Northstar Account 1297,United States,Technology,SMB,Paid Search,2024-01-17
C001298,Northstar Account 1298,United States,Technology,SMB,Outbound,2024-11-14
C001299,Northstar Account 1299,United States,Technology,Mid-Market,Referral,2025-12-17
C001300,Northstar Account 1300,United States,Retail,SMB,Paid Search,2024-10-11
C001301,Northstar Account 1301,United States,Education,SMB,Content,2026-08-09
C001302,Northstar Account 1302,United States,Healthcare,SMB,Organic,2024-08-08
C001303,Northstar Account 1303,United Kingdom,Education,Mid-Market,Organic,2026-02-11
C001304,Northstar Account 1304,United States,Technology,SMB,Partner,2026-08-09
C001305,Northstar Account 1305,Australia,Technology,Mid-Market,Paid Search,2025-03-05
C001306,Northstar Account 1306,France,Manufacturing,Mid-Market,Organic,2025-10-16
C001307,Northstar Account 1307,United States,Manufacturing,SMB,Content,2024-05-12
C001308,Northstar Account 1308,Netherlands,Education,Mid-Market,Outbound,2025-11-05
C001309,Northstar Account 1309,Australia,Manufacturing,SMB,Organic,2026-08-26
C001310,Northstar Account 1310,France,Other,Enterprise,Referral,2026-08-15
C001311,Northstar Account 1311,Canada,Other,SMB,Paid Search,2025-05-04
C001312,Northstar Account 1312,United States,Education,Mid-Market,Partner,2026-04-02
C001313,Northstar Account 1313,United States,Professional Services,SMB,Organic,2026-04-03
C001314,Northstar Account 1314,France,Technology,SMB,Partner,2025-02-12
C001315,Northstar Account 1315,United Kingdom,Education,SMB,Paid Search,2026-04-07
C001316,Northstar Account 1316,France,Retail,Mid-Market,Outbound,2024-08-27
C001317,Northstar Account 1317,Canada,Technology,SMB,Content,2026-08-14
C001318,Northstar Account 1318,United States,Technology,SMB,Organic,2026-05-21
C001319,Northstar Account 1319,United States,Other,Mid-Market,Content,2025-08-07
C001320,Northstar Account 1320,Netherlands,Technology,Mid-Market,Paid Search,2025-04-02
C001321,Northstar Account 1321,United States,Manufacturing,SMB,Content,2026-07-10
C001322,Northstar Account 1322,Canada,Other,SMB,Organic,2024-04-20
C001323,Northstar Account 1323,Ireland,Education,SMB,Paid Search,2025-07-22
C001324,Northstar Account 1324,United States,Technology,Mid-Market,Referral,2025-07-06
C001325,Northstar Account 1325,United States,Financial Services,SMB,Organic,2025-04-09
C001326,Northstar Account 1326,United Kingdom,Education,Mid-Market,Partner,2024-06-14
C001327,Northstar Account 1327,Australia,Professional Services,SMB,Partner,2024-11-10
C001328,Northstar Account 1328,United Kingdom,Healthcare,SMB,Paid Search,2026-08-09
C001329,Northstar Account 1329,United States,Technology,SMB,Paid Search,2026-04-28
C001330,Northstar Account 1330,United States,Education,SMB,Referral,2026-05-27
C001331,Northstar Account 1331,United States,Other,Mid-Market,Referral,2025-08-10
C001332,Northstar Account 1332,United States,Retail,SMB,Paid Search,2025-12-02
C001333,Northstar Account 1333,United States,Other,SMB,Organic,2025-08-11
C001334,Northstar Account 1334,Australia,Retail,Enterprise,Referral,2025-12-25
C001335,Northstar Account 1335,United States,Financial Services,Enterprise,Referral,2026-05-26
C001336,Northstar Account 1336,Australia,Manufacturing,Mid-Market,Content,2024-11-20
C001337,Northstar Account 1337,France,Technology,SMB,Organic,2026-07-19
C001338,Northstar Account 1338,United Kingdom,Other,SMB,Partner,2026-06-11
C001339,Northstar Account 1339,United Kingdom,Other,Mid-Market,Partner,2025-05-13
C001340,Northstar Account 1340,United States,Professional Services,SMB,Organic,2026-08-25
C001341,Northstar Account 1341,United Kingdom,Manufacturing,SMB,Paid Search,2026-06-07
C001342,Northstar Account 1342,United States,Professional Services,Mid-Market,Paid Search,2024-02-12
C001343,Northstar Account 1343,United States,Technology,SMB,Content,2024-03-25
C001344,Northstar Account 1344,United Kingdom,Technology,SMB,Paid Search,2026-01-20
C001345,Northstar Account 1345,United States,Retail,Enterprise,Referral,2026-03-04
C001346,Northstar Account 1346,United States,Technology,SMB,Partner,2024-11-23
C001347,Northstar Account 1347,Canada,Technology,SMB,Organic,2025-07-02
C001348,Northstar Account 1348,United States,Other,SMB,Content,2025-09-09
C001349,Northstar Account 1349,United States,Retail,SMB,Referral,2025-06-26
C001350,Northstar Account 1350,United States,Financial Services,SMB,Paid Search,2024-04-03
C001351,Northstar Account 1351,United States,Technology,Mid-Market,Content,2024-10-06
C001352,Northstar Account 1352,United Kingdom,Technology,Mid-Market,Partner,2026-04-25
C001353,Northstar Account 1353,United Kingdom,Manufacturing,SMB,Organic,2024-04-19
C001354,Northstar Account 1354,United States,Professional Services,SMB,Referral,2025-11-07
C001355,Northstar Account 1355,United Kingdom,Retail,Mid-Market,Referral,2025-11-10
C001356,Northstar Account 1356,Ireland,Other,SMB,Organic,2026-07-27
C001357,Northstar Account 1357,United Kingdom,Professional Services,SMB,Outbound,2026-08-17
C001358,Northstar Account 1358,United Kingdom,Retail,SMB,Referral,2026-07-09
C001359,Northstar Account 1359,United Kingdom,Education,Mid-Market,Referral,2025-09-05
C001360,Northstar Account 1360,Australia,Technology,SMB,Paid Search,2024-03-12
C001361,Northstar Account 1361,Netherlands,Education,Mid-Market,Organic,2024-12-09
C001362,Northstar Account 1362,United States,Retail,SMB,Organic,2025-07-13
C001363,Northstar Account 1363,United States,Technology,SMB,Referral,2024-02-02
C001364,Northstar Account 1364,United States,Retail,SMB,Partner,2024-02-14
C001365,Northstar Account 1365,Germany,Retail,SMB,Content,2025-02-07
C001366,Northstar Account 1366,United States,Education,SMB,Organic,2025-04-27
C001367,Northstar Account 1367,France,Other,SMB,Referral,2025-10-08
C001368,Northstar Account 1368,United States,Manufacturing,SMB,Content,2026-07-07
C001369,Northstar Account 1369,United Kingdom,Professional Services,SMB,Content,2025-04-09
C001370,Northstar Account 1370,United States,Other,SMB,Content,2024-03-18
C001371,Northstar Account 1371,United States,Manufacturing,SMB,Content,2025-09-21
C001372,Northstar Account 1372,United States,Technology,Enterprise,Paid Search,2025-03-09
C001373,Northstar Account 1373,Canada,Technology,SMB,Referral,2026-06-20
C001374,Northstar Account 1374,United States,Technology,Mid-Market,Outbound,2025-05-04
C001375,Northstar Account 1375,United States,Technology,Enterprise,Partner,2025-02-06
C001376,Northstar Account 1376,Canada,Retail,SMB,Paid Search,2026-02-09
C001377,Northstar Account 1377,France,Professional Services,Mid-Market,Outbound,2025-07-20
C001378,Northstar Account 1378,Germany,Other,Mid-Market,Paid Search,2025-09-16
C001379,Northstar Account 1379,Canada,Retail,SMB,Organic,2024-07-13
C001380,Northstar Account 1380,United States,Technology,SMB,Paid Search,2025-03-17
C001381,Northstar Account 1381,France,Other,SMB,Organic,2024-03-06
C001382,Northstar Account 1382,United States,Retail,SMB,Organic,2026-02-08
C001383,Northstar Account 1383,Netherlands,Technology,SMB,Partner,2024-11-20
C001384,Northstar Account 1384,Germany,Technology,Enterprise,Outbound,2024-06-28
C001385,Northstar Account 1385,United States,Education,Enterprise,Partner,2025-10-01
C001386,Northstar Account 1386,United States,Retail,SMB,Partner,2025-10-11
C001387,Northstar Account 1387,Canada,Healthcare,Mid-Market,Content,2025-02-25
C001388,Northstar Account 1388,Canada,Financial Services,SMB,Content,2026-08-24
C001389,Northstar Account 1389,United Kingdom,Education,Mid-Market,Paid Search,2025-11-08
C001390,Northstar Account 1390,Ireland,Financial Services,SMB,Paid Search,2026-07-01
C001391,Northstar Account 1391,United Kingdom,Manufacturing,Enterprise,Referral,2025-01-16
C001392,Northstar Account 1392,United States,Education,Mid-Market,Content,2025-09-20
C001393,Northstar Account 1393,United Kingdom,Technology,SMB,Partner,2025-05-08
C001394,Northstar Account 1394,United States,Retail,SMB,Paid Search,2025-05-09
C001395,Northstar Account 1395,United Kingdom,Retail,Mid-Market,Content,2024-03-19
C001396,Northstar Account 1396,France,Healthcare,SMB,Referral,2024-10-16
C001397,Northstar Account 1397,United States,Retail,SMB,Partner,2026-05-08
C001398,Northstar Account 1398,Australia,Healthcare,Mid-Market,Content,2026-05-24
C001399,Northstar Account 1399,Germany,Retail,SMB,Content,2024-05-26
C001400,Northstar Account 1400,United States,Healthcare,SMB,Referral,2024-01-21
C001401,Northstar Account 1401,Australia,Retail,SMB,Referral,2024-05-27
C001402,Northstar Account 1402,Germany,Other,SMB,Referral,2025-11-11
C001403,Northstar Account 1403,United States,Professional Services,Enterprise,Partner,2024-11-04
C001404,Northstar Account 1404,United States,Manufacturing,SMB,Organic,2026-03-21
C001405,Northstar Account 1405,United States,Healthcare,SMB,Referral,2024-01-16
C001406,Northstar Account 1406,United Kingdom,Professional Services,SMB,Referral,2026-01-12
C001407,Northstar Account 1407,United States,Manufacturing,Enterprise,Partner,2026-06-08
C001408,Northstar Account 1408,United States,Other,SMB,Paid Search,2024-03-02
C001409,Northstar Account 1409,Netherlands,Manufacturing,Mid-Market,Referral,2026-05-05
C001410,Northstar Account 1410,Canada,Other,Mid-Market,Referral,2026-07-19
C001411,Northstar Account 1411,Canada,Retail,Mid-Market,Organic,2025-08-07
C001412,Northstar Account 1412,Netherlands,Other,Enterprise,Organic,2024-12-27
C001413,Northstar Account 1413,United States,Financial Services,Mid-Market,Organic,2025-09-14
C001414,Northstar Account 1414,United States,Manufacturing,Enterprise,Outbound,2025-01-03
C001415,Northstar Account 1415,Canada,Financial Services,SMB,Content,2026-07-19
C001416,Northstar Account 1416,United States,Manufacturing,Mid-Market,Partner,2025-09-20
C001417,Northstar Account 1417,United States,Retail,SMB,Organic,2026-04-06
C001418,Northstar Account 1418,Germany,Healthcare,SMB,Referral,2025-11-24
C001419,Northstar Account 1419,United States,Retail,Mid-Market,Partner,2025-01-21
C001420,Northstar Account 1420,United Kingdom,Education,Enterprise,Outbound,2025-07-17
C001421,Northstar Account 1421,United Kingdom,Professional Services,Mid-Market,Paid Search,2026-06-04
C001422,Northstar Account 1422,United Kingdom,Manufacturing,SMB,Paid Search,2025-04-14
C001423,Northstar Account 1423,United States,Retail,SMB,Partner,2025-02-28
C001424,Northstar Account 1424,United States,Professional Services,SMB,Paid Search,2026-07-07
C001425,Northstar Account 1425,France,Technology,SMB,Referral,2025-02-27
C001426,Northstar Account 1426,France,Professional Services,SMB,Content,2026-05-06
C001427,Northstar Account 1427,United States,Education,SMB,Paid Search,2024-08-17
C001428,Northstar Account 1428,United States,Professional Services,SMB,Organic,2026-03-12
C001429,Northstar Account 1429,United Kingdom,Technology,Mid-Market,Referral,2025-11-02
C001430,Northstar Account 1430,United States,Professional Services,SMB,Content,2024-06-18
C001431,Northstar Account 1431,United States,Professional Services,Enterprise,Partner,2024-04-14
C001432,Northstar Account 1432,United States,Professional Services,SMB,Paid Search,2025-01-09
C001433,Northstar Account 1433,United States,Professional Services,SMB,Partner,2025-12-07
C001434,Northstar Account 1434,United States,Education,SMB,Organic,2025-03-14
C001435,Northstar Account 1435,United States,Manufacturing,SMB,Content,2024-12-03
C001436,Northstar Account 1436,Australia,Other,Enterprise,Partner,2025-10-17
C001437,Northstar Account 1437,United States,Technology,SMB,Organic,2026-07-03
C001438,Northstar Account 1438,United States,Professional Services,SMB,Content,2024-06-06
C001439,Northstar Account 1439,United States,Technology,Enterprise,Partner,2025-12-15
C001440,Northstar Account 1440,Australia,Healthcare,Enterprise,Paid Search,2026-06-21
C001441,Northstar Account 1441,United States,Technology,SMB,Partner,2025-09-12
C001442,Northstar Account 1442,United States,Technology,SMB,Outbound,2026-08-18
C001443,Northstar Account 1443,United Kingdom,Healthcare,SMB,Referral,2025-10-27
C001444,Northstar Account 1444,Canada,Professional Services,SMB,Organic,2025-12-17
C001445,Northstar Account 1445,Germany,Healthcare,SMB,Referral,2026-03-22
C001446,Northstar Account 1446,United States,Education,SMB,Organic,2024-09-14
C001447,Northstar Account 1447,United States,Financial Services,Mid-Market,Partner,2025-09-08
C001448,Northstar Account 1448,United States,Retail,SMB,Partner,2025-11-11
C001449,Northstar Account 1449,United Kingdom,Professional Services,SMB,Organic,2024-06-10
C001450,Northstar Account 1450,United States,Healthcare,SMB,Organic,2025-06-16
C001451,Northstar Account 1451,United States,Technology,Mid-Market,Outbound,2026-03-05
C001452,Northstar Account 1452,United States,Technology,SMB,Organic,2024-03-22
C001453,Northstar Account 1453,Netherlands,Retail,Mid-Market,Content,2025-05-05
C001454,Northstar Account 1454,United States,Technology,Enterprise,Referral,2024-07-20
C001455,Northstar Account 1455,United States,Technology,SMB,Partner,2024-08-14
C001456,Northstar Account 1456,France,Education,SMB,Paid Search,2025-08-21
C001457,Northstar Account 1457,Canada,Manufacturing,SMB,Paid Search,2024-02-05
C001458,Northstar Account 1458,United Kingdom,Technology,SMB,Paid Search,2025-05-06
C001459,Northstar Account 1459,Canada,Healthcare,Enterprise,Partner,2024-02-08
C001460,Northstar Account 1460,United States,Other,SMB,Outbound,2026-07-22
C001461,Northstar Account 1461,Germany,Professional Services,Mid-Market,Content,2026-06-08
C001462,Northstar Account 1462,United States,Manufacturing,SMB,Paid Search,2024-10-10
C001463,Northstar Account 1463,Netherlands,Technology,SMB,Organic,2024-04-04
C001464,Northstar Account 1464,United States,Other,SMB,Paid Search,2024-11-07
C001465,Northstar Account 1465,United Kingdom,Technology,Mid-Market,Outbound,2024-02-24
C001466,Northstar Account 1466,United Kingdom,Professional Services,Mid-Market,Paid Search,2026-02-04
C001467,Northstar Account 1467,United States,Other,SMB,Paid Search,2025-10-26
C001468,Northstar Account 1468,United States,Education,SMB,Referral,2025-09-24
C001469,Northstar Account 1469,Germany,Technology,Mid-Market,Partner,2026-05-27
C001470,Northstar Account 1470,United States,Manufacturing,SMB,Paid Search,2026-04-18
C001471,Northstar Account 1471,Netherlands,Financial Services,Enterprise,Referral,2025-05-20
C001472,Northstar Account 1472,United States,Retail,SMB,Paid Search,2025-11-24
C001473,Northstar Account 1473,United Kingdom,Technology,SMB,Paid Search,2025-06-20
C001474,Northstar Account 1474,United Kingdom,Professional Services,SMB,Paid Search,2025-11-16
C001475,Northstar Account 1475,United States,Other,SMB,Organic,2024-07-12
C001476,Northstar Account 1476,Canada,Technology,SMB,Outbound,2025-01-25
C001477,Northstar Account 1477,Canada,Professional Services,SMB,Partner,2024-11-09
C001478,Northstar Account 1478,United Kingdom,Technology,Enterprise,Content,2024-08-16
C001479,Northstar Account 1479,United Kingdom,Technology,SMB,Organic,2025-05-02
C001480,Northstar Account 1480,United Kingdom,Retail,SMB,Referral,2026-02-19
C001481,Northstar Account 1481,United States,Retail,SMB,Outbound,2025-04-04
C001482,Northstar Account 1482,United States,Technology,SMB,Organic,2026-08-02
C001483,Northstar Account 1483,United States,Technology,SMB,Outbound,2025-01-09
C001484,Northstar Account 1484,United Kingdom,Technology,SMB,Referral,2026-07-19
C001485,Northstar Account 1485,France,Technology,SMB,Content,2024-09-24
C001486,Northstar Account 1486,United States,Technology,SMB,Organic,2025-02-17
C001487,Northstar Account 1487,United Kingdom,Manufacturing,Enterprise,Referral,2024-08-19
C001488,Northstar Account 1488,United States,Technology,SMB,Partner,2024-11-07
C001489,Northstar Account 1489,United Kingdom,Professional Services,Mid-Market,Outbound,2024-08-03
C001490,Northstar Account 1490,Canada,Healthcare,SMB,Outbound,2025-11-04
C001491,Northstar Account 1491,Canada,Manufacturing,SMB,Organic,2024-09-03
C001492,Northstar Account 1492,Canada,Education,Mid-Market,Outbound,2024-05-10
C001493,Northstar Account 1493,Germany,Other,SMB,Content,2024-12-21
C001494,Northstar Account 1494,United States,Professional Services,Mid-Market,Referral,2025-12-02
C001495,Northstar Account 1495,United Kingdom,Technology,SMB,Paid Search,2025-05-10
C001496,Northstar Account 1496,United States,Technology,SMB,Paid Search,2024-08-17
C001497,Northstar Account 1497,France,Technology,Mid-Market,Paid Search,2024-04-02
C001498,Northstar Account 1498,Germany,Other,SMB,Paid Search,2026-02-16
C001499,Northstar Account 1499,United States,Healthcare,SMB,Outbound,2026-01-12
C001500,Northstar Account 1500,United States,Manufacturing,Mid-Market,Paid Search,2025-06-26
C001501,Northstar Account 1501,United States,Other,Mid-Market,Referral,2025-08-14
C001502,Northstar Account 1502,Netherlands,Financial Services,Enterprise,Referral,2024-11-15
C001503,Northstar Account 1503,United States,Retail,SMB,Referral,2025-07-24
C001504,Northstar Account 1504,United Kingdom,Financial Services,SMB,Paid Search,2026-02-21
C001505,Northstar Account 1505,United States,Retail,Mid-Market,Partner,2026-03-16
C001506,Northstar Account 1506,United Kingdom,Technology,SMB,Referral,2025-02-19
C001507,Northstar Account 1507,United Kingdom,Healthcare,Mid-Market,Partner,2025-12-12
C001508,Northstar Account 1508,United States,Other,SMB,Paid Search,2025-07-20
C001509,Northstar Account 1509,Germany,Manufacturing,SMB,Referral,2026-02-09
C001510,Northstar Account 1510,United States,Retail,Mid-Market,Paid Search,2026-01-09
C001511,Northstar Account 1511,Germany,Financial Services,SMB,Referral,2026-02-24
C001512,Northstar Account 1512,United States,Retail,SMB,Organic,2024-08-12
C001513,Northstar Account 1513,United Kingdom,Education,SMB,Organic,2025-02-15
C001514,Northstar Account 1514,United States,Professional Services,Mid-Market,Content,2024-12-04
C001515,Northstar Account 1515,United Kingdom,Technology,Mid-Market,Paid Search,2025-06-10
C001516,Northstar Account 1516,United States,Professional Services,SMB,Outbound,2025-06-19
C001517,Northstar Account 1517,United Kingdom,Financial Services,SMB,Content,2025-12-15
C001518,Northstar Account 1518,United States,Other,Enterprise,Organic,2025-09-09
C001519,Northstar Account 1519,United States,Professional Services,SMB,Organic,2025-10-01
C001520,Northstar Account 1520,Australia,Technology,SMB,Paid Search,2025-11-16
C001521,Northstar Account 1521,United States,Technology,SMB,Outbound,2024-12-10
C001522,Northstar Account 1522,United States,Manufacturing,SMB,Referral,2024-10-26
C001523,Northstar Account 1523,United Kingdom,Retail,Mid-Market,Paid Search,2024-10-02
C001524,Northstar Account 1524,United States,Healthcare,Mid-Market,Partner,2026-03-20
C001525,Northstar Account 1525,Australia,Technology,Mid-Market,Paid Search,2024-05-11
C001526,Northstar Account 1526,United States,Technology,SMB,Partner,2025-02-08
C001527,Northstar Account 1527,Netherlands,Other,SMB,Partner,2024-12-20
C001528,Northstar Account 1528,Australia,Healthcare,SMB,Paid Search,2025-10-15
C001529,Northstar Account 1529,United States,Technology,SMB,Content,2026-07-03
C001530,Northstar Account 1530,United States,Technology,SMB,Organic,2026-06-17
C001531,Northstar Account 1531,Canada,Professional Services,SMB,Partner,2024-05-06
C001532,Northstar Account 1532,Germany,Technology,SMB,Referral,2025-09-24
C001533,Northstar Account 1533,United States,Technology,SMB,Outbound,2024-02-07
C001534,Northstar Account 1534,United States,Education,Mid-Market,Partner,2026-03-23
C001535,Northstar Account 1535,United States,Professional Services,SMB,Outbound,2025-03-10
C001536,Northstar Account 1536,Germany,Professional Services,SMB,Organic,2024-10-09
C001537,Northstar Account 1537,Canada,Healthcare,Mid-Market,Content,2025-07-01
C001538,Northstar Account 1538,United States,Professional Services,Mid-Market,Paid Search,2025-05-26
C001539,Northstar Account 1539,United Kingdom,Retail,Mid-Market,Referral,2026-07-16
C001540,Northstar Account 1540,Germany,Financial Services,SMB,Paid Search,2024-02-05
C001541,Northstar Account 1541,Netherlands,Professional Services,Mid-Market,Outbound,2026-07-01
C001542,Northstar Account 1542,United States,Manufacturing,SMB,Outbound,2024-11-08
C001543,Northstar Account 1543,United States,Professional Services,SMB,Organic,2024-07-14
C001544,Northstar Account 1544,United States,Technology,SMB,Partner,2026-02-01
C001545,Northstar Account 1545,United Kingdom,Technology,SMB,Referral,2025-08-11
C001546,Northstar Account 1546,United States,Education,SMB,Organic,2026-06-09
C001547,Northstar Account 1547,United States,Retail,SMB,Referral,2025-09-25
C001548,Northstar Account 1548,Germany,Manufacturing,Mid-Market,Referral,2025-08-12
C001549,Northstar Account 1549,United Kingdom,Technology,SMB,Partner,2024-10-03
C001550,Northstar Account 1550,United States,Healthcare,SMB,Paid Search,2026-07-07
C001551,Northstar Account 1551,United States,Technology,SMB,Outbound,2025-12-24
C001552,Northstar Account 1552,United States,Professional Services,SMB,Paid Search,2025-10-01
C001553,Northstar Account 1553,United States,Healthcare,SMB,Referral,2026-03-04
C001554,Northstar Account 1554,United States,Technology,SMB,Paid Search,2024-05-01
C001555,Northstar Account 1555,United States,Professional Services,SMB,Paid Search,2026-05-02
C001556,Northstar Account 1556,United States,Healthcare,Mid-Market,Paid Search,2025-07-26
C001557,Northstar Account 1557,France,Education,Enterprise,Organic,2026-04-28
C001558,Northstar Account 1558,France,Education,SMB,Referral,2026-01-21
C001559,Northstar Account 1559,United States,Technology,SMB,Partner,2025-06-03
C001560,Northstar Account 1560,United Kingdom,Technology,Mid-Market,Referral,2026-03-20
C001561,Northstar Account 1561,United States,Professional Services,Enterprise,Referral,2026-02-22
C001562,Northstar Account 1562,Germany,Professional Services,SMB,Paid Search,2024-01-23
C001563,Northstar Account 1563,Australia,Professional Services,Mid-Market,Paid Search,2026-01-21
C001564,Northstar Account 1564,United Kingdom,Professional Services,Mid-Market,Referral,2025-08-20
C001565,Northstar Account 1565,United Kingdom,Retail,Mid-Market,Referral,2026-05-13
C001566,Northstar Account 1566,United States,Retail,SMB,Partner,2026-04-02
C001567,Northstar Account 1567,United States,Technology,SMB,Organic,2024-08-24
C001568,Northstar Account 1568,United States,Professional Services,SMB,Content,2024-02-26
C001569,Northstar Account 1569,United States,Professional Services,SMB,Paid Search,2024-09-15
C001570,Northstar Account 1570,Canada,Professional Services,SMB,Referral,2026-02-13
C001571,Northstar Account 1571,United States,Manufacturing,SMB,Paid Search,2026-05-26
C001572,Northstar Account 1572,United States,Professional Services,SMB,Referral,2026-01-13
C001573,Northstar Account 1573,United Kingdom,Technology,SMB,Organic,2026-04-11
C001574,Northstar Account 1574,Germany,Financial Services,Mid-Market,Referral,2025-10-25
C001575,Northstar Account 1575,United Kingdom,Professional Services,SMB,Paid Search,2025-08-26
C001576,Northstar Account 1576,United Kingdom,Technology,SMB,Partner,2026-08-06
C001577,Northstar Account 1577,Australia,Manufacturing,Mid-Market,Paid Search,2024-04-08
C001578,Northstar Account 1578,United States,Education,Mid-Market,Referral,2025-05-09
C001579,Northstar Account 1579,United Kingdom,Other,Enterprise,Paid Search,2024-12-05
C001580,Northstar Account 1580,United States,Financial Services,Mid-Market,Paid Search,2024-06-24
C001581,Northstar Account 1581,United States,Education,Mid-Market,Referral,2025-10-28
C001582,Northstar Account 1582,Ireland,Technology,SMB,Paid Search,2024-12-15
C001583,Northstar Account 1583,United States,Retail,SMB,Paid Search,2025-06-20
C001584,Northstar Account 1584,United States,Technology,SMB,Content,2024-07-12
C001585,Northstar Account 1585,United States,Healthcare,SMB,Content,2025-04-28
C001586,Northstar Account 1586,Ireland,Other,Enterprise,Content,2024-09-27
C001587,Northstar Account 1587,Australia,Technology,SMB,Organic,2026-06-21
C001588,Northstar Account 1588,United States,Financial Services,SMB,Partner,2025-08-25
C001589,Northstar Account 1589,United Kingdom,Healthcare,SMB,Content,2026-04-04
C001590,Northstar Account 1590,United States,Technology,SMB,Paid Search,2025-07-25
C001591,Northstar Account 1591,Canada,Financial Services,SMB,Referral,2024-03-12
C001592,Northstar Account 1592,United States,Healthcare,SMB,Paid Search,2026-01-06
C001593,Northstar Account 1593,United States,Retail,Enterprise,Outbound,2024-03-27
C001594,Northstar Account 1594,United Kingdom,Retail,SMB,Referral,2025-04-24
C001595,Northstar Account 1595,France,Technology,Mid-Market,Partner,2025-09-04
C001596,Northstar Account 1596,United States,Technology,Mid-Market,Partner,2026-03-19
C001597,Northstar Account 1597,United States,Education,SMB,Paid Search,2026-06-25
C001598,Northstar Account 1598,Netherlands,Financial Services,SMB,Organic,2024-09-20
C001599,Northstar Account 1599,United States,Education,Mid-Market,Referral,2025-12-14
C001600,Northstar Account 1600,United States,Financial Services,SMB,Partner,2025-07-02
C001601,Northstar Account 1601,United Kingdom,Financial Services,Mid-Market,Partner,2026-03-14
C001602,Northstar Account 1602,United States,Technology,SMB,Paid Search,2026-07-16
C001603,Northstar Account 1603,United States,Manufacturing,Mid-Market,Referral,2025-08-24
C001604,Northstar Account 1604,United States,Manufacturing,Mid-Market,Organic,2024-12-07
C001605,Northstar Account 1605,United States,Professional Services,SMB,Paid Search,2026-04-06
C001606,Northstar Account 1606,United Kingdom,Retail,SMB,Outbound,2025-08-26
C001607,Northstar Account 1607,Australia,Manufacturing,Enterprise,Partner,2026-06-24
C001608,Northstar Account 1608,United States,Other,SMB,Partner,2025-09-16
C001609,Northstar Account 1609,Canada,Other,SMB,Outbound,2026-07-13
C001610,Northstar Account 1610,United States,Retail,SMB,Organic,2024-01-18
C001611,Northstar Account 1611,United States,Manufacturing,SMB,Outbound,2026-02-05
C001612,Northstar Account 1612,United Kingdom,Retail,Mid-Market,Referral,2025-03-07
C001613,Northstar Account 1613,United States,Financial Services,Mid-Market,Referral,2025-12-16
C001614,Northstar Account 1614,United Kingdom,Education,SMB,Paid Search,2026-07-12
C001615,Northstar Account 1615,United States,Other,Mid-Market,Paid Search,2025-12-05
C001616,Northstar Account 1616,Canada,Other,SMB,Organic,2026-02-15
C001617,Northstar Account 1617,France,Professional Services,SMB,Paid Search,2024-08-19
C001618,Northstar Account 1618,United States,Other,SMB,Paid Search,2024-08-23
C001619,Northstar Account 1619,Netherlands,Education,Enterprise,Referral,2025-10-18
C001620,Northstar Account 1620,United States,Professional Services,SMB,Referral,2025-05-18
C001621,Northstar Account 1621,United States,Technology,SMB,Paid Search,2024-06-16
C001622,Northstar Account 1622,United States,Education,SMB,Referral,2026-02-04
C001623,Northstar Account 1623,Germany,Professional Services,Mid-Market,Outbound,2026-01-11
C001624,Northstar Account 1624,Canada,Professional Services,SMB,Content,2024-05-13
C001625,Northstar Account 1625,Ireland,Healthcare,SMB,Content,2024-03-15
C001626,Northstar Account 1626,Canada,Technology,Mid-Market,Referral,2025-04-09
C001627,Northstar Account 1627,United States,Retail,SMB,Paid Search,2025-11-21
C001628,Northstar Account 1628,France,Manufacturing,SMB,Organic,2026-06-16
C001629,Northstar Account 1629,Netherlands,Technology,SMB,Outbound,2025-05-09
C001630,Northstar Account 1630,Germany,Healthcare,SMB,Referral,2024-05-14
C001631,Northstar Account 1631,United Kingdom,Technology,SMB,Content,2026-05-20
C001632,Northstar Account 1632,Australia,Financial Services,Mid-Market,Outbound,2024-06-01
C001633,Northstar Account 1633,United States,Retail,SMB,Paid Search,2025-11-10
C001634,Northstar Account 1634,France,Manufacturing,Mid-Market,Organic,2025-05-06
C001635,Northstar Account 1635,Ireland,Education,Enterprise,Referral,2026-06-10
C001636,Northstar Account 1636,Canada,Financial Services,SMB,Paid Search,2026-01-19
C001637,Northstar Account 1637,United States,Retail,SMB,Partner,2024-01-06
C001638,Northstar Account 1638,United States,Retail,Mid-Market,Content,2025-03-16
C001639,Northstar Account 1639,Netherlands,Technology,SMB,Referral,2024-09-11
C001640,Northstar Account 1640,Australia,Healthcare,Mid-Market,Organic,2024-12-02
C001641,Northstar Account 1641,Canada,Retail,Mid-Market,Referral,2025-04-25
C001642,Northstar Account 1642,Netherlands,Healthcare,SMB,Paid Search,2025-09-17
C001643,Northstar Account 1643,United Kingdom,Technology,SMB,Content,2026-04-09
C001644,Northstar Account 1644,France,Healthcare,SMB,Paid Search,2024-05-15
C001645,Northstar Account 1645,United States,Retail,SMB,Content,2025-06-28
C001646,Northstar Account 1646,United States,Healthcare,SMB,Partner,2026-05-05
C001647,Northstar Account 1647,United Kingdom,Education,SMB,Organic,2025-05-24
C001648,Northstar Account 1648,United States,Professional Services,Mid-Market,Partner,2025-08-01
C001649,Northstar Account 1649,United States,Retail,Mid-Market,Paid Search,2026-03-25
C001650,Northstar Account 1650,Germany,Retail,Mid-Market,Organic,2026-01-10
C001651,Northstar Account 1651,United States,Manufacturing,SMB,Content,2025-08-09
C001652,Northstar Account 1652,Canada,Manufacturing,SMB,Content,2026-08-22
C001653,Northstar Account 1653,United States,Professional Services,SMB,Paid Search,2024-02-05
C001654,Northstar Account 1654,Australia,Professional Services,SMB,Referral,2024-03-04
C001655,Northstar Account 1655,United States,Education,Enterprise,Content,2025-05-14
C001656,Northstar Account 1656,Canada,Manufacturing,SMB,Content,2024-08-27
C001657,Northstar Account 1657,United Kingdom,Technology,SMB,Organic,2024-10-10
C001658,Northstar Account 1658,United States,Retail,Mid-Market,Paid Search,2024-07-16
C001659,Northstar Account 1659,United States,Professional Services,SMB,Outbound,2026-01-12
C001660,Northstar Account 1660,United States,Manufacturing,SMB,Organic,2025-05-22
C001661,Northstar Account 1661,United States,Technology,SMB,Organic,2026-05-26
C001662,Northstar Account 1662,United States,Manufacturing,SMB,Content,2024-11-28
C001663,Northstar Account 1663,United States,Education,Mid-Market,Organic,2025-11-08
C001664,Northstar Account 1664,Canada,Financial Services,SMB,Content,2024-10-08
C001665,Northstar Account 1665,United States,Other,Mid-Market,Paid Search,2024-01-26
C001666,Northstar Account 1666,United States,Retail,Mid-Market,Content,2026-01-17
C001667,Northstar Account 1667,United States,Education,Mid-Market,Outbound,2024-07-10
C001668,Northstar Account 1668,United States,Education,SMB,Outbound,2026-01-10
C001669,Northstar Account 1669,United Kingdom,Financial Services,SMB,Outbound,2026-01-05
C001670,Northstar Account 1670,Canada,Retail,Mid-Market,Content,2025-12-03
C001671,Northstar Account 1671,United Kingdom,Technology,SMB,Organic,2025-10-10
C001672,Northstar Account 1672,United States,Other,SMB,Outbound,2026-06-23
C001673,Northstar Account 1673,United States,Technology,Mid-Market,Outbound,2024-04-19
C001674,Northstar Account 1674,United States,Other,SMB,Partner,2026-07-01
C001675,Northstar Account 1675,Canada,Professional Services,Mid-Market,Organic,2024-04-02
C001676,Northstar Account 1676,United States,Retail,Enterprise,Paid Search,2025-07-25
C001677,Northstar Account 1677,Australia,Other,Mid-Market,Referral,2026-07-23
C001678,Northstar Account 1678,United Kingdom,Education,SMB,Referral,2024-12-23
C001679,Northstar Account 1679,United Kingdom,Healthcare,Mid-Market,Organic,2026-05-25
C001680,Northstar Account 1680,United Kingdom,Professional Services,SMB,Organic,2025-10-18
C001681,Northstar Account 1681,France,Professional Services,Mid-Market,Partner,2026-05-10
C001682,Northstar Account 1682,United States,Technology,Mid-Market,Paid Search,2024-03-17
C001683,Northstar Account 1683,United States,Healthcare,Mid-Market,Outbound,2025-09-18
C001684,Northstar Account 1684,France,Retail,SMB,Organic,2024-09-24
C001685,Northstar Account 1685,United Kingdom,Professional Services,SMB,Paid Search,2024-01-15
C001686,Northstar Account 1686,United States,Professional Services,SMB,Paid Search,2026-01-02
C001687,Northstar Account 1687,United States,Other,SMB,Content,2026-02-18
C001688,Northstar Account 1688,United States,Financial Services,SMB,Content,2026-02-21
C001689,Northstar Account 1689,Germany,Retail,SMB,Paid Search,2026-02-27
C001690,Northstar Account 1690,United States,Other,SMB,Paid Search,2026-04-06
C001691,Northstar Account 1691,United States,Retail,Mid-Market,Organic,2025-06-25
C001692,Northstar Account 1692,United States,Professional Services,Mid-Market,Paid Search,2025-03-01
C001693,Northstar Account 1693,Ireland,Professional Services,SMB,Referral,2026-03-21
C001694,Northstar Account 1694,United Kingdom,Financial Services,Mid-Market,Paid Search,2025-12-09
C001695,Northstar Account 1695,United States,Professional Services,Mid-Market,Partner,2024-09-04
C001696,Northstar Account 1696,France,Professional Services,SMB,Organic,2025-05-10
C001697,Northstar Account 1697,United States,Other,SMB,Organic,2024-09-16
C001698,Northstar Account 1698,Germany,Manufacturing,Mid-Market,Organic,2026-03-06
C001699,Northstar Account 1699,Canada,Manufacturing,Enterprise,Paid Search,2024-11-16
C001700,Northstar Account 1700,United States,Manufacturing,Mid-Market,Paid Search,2025-11-20
C001701,Northstar Account 1701,Germany,Education,Mid-Market,Paid Search,2026-02-25
C001702,Northstar Account 1702,Netherlands,Technology,Enterprise,Paid Search,2026-08-16
C001703,Northstar Account 1703,United States,Manufacturing,SMB,Outbound,2025-05-17
C001704,Northstar Account 1704,United States,Professional Services,SMB,Organic,2026-05-26
C001705,Northstar Account 1705,Australia,Technology,SMB,Organic,2025-12-01
C001706,Northstar Account 1706,United States,Other,Enterprise,Paid Search,2024-01-22
C001707,Northstar Account 1707,United Kingdom,Technology,SMB,Content,2025-04-28
C001708,Northstar Account 1708,United States,Technology,SMB,Outbound,2025-04-24
C001709,Northstar Account 1709,Australia,Professional Services,Mid-Market,Content,2024-06-26
C001710,Northstar Account 1710,Canada,Financial Services,SMB,Referral,2025-05-26
C001711,Northstar Account 1711,Netherlands,Other,Mid-Market,Content,2024-06-17
C001712,Northstar Account 1712,United States,Technology,SMB,Organic,2026-05-23
C001713,Northstar Account 1713,Ireland,Retail,Enterprise,Content,2025-03-11
C001714,Northstar Account 1714,United Kingdom,Manufacturing,Mid-Market,Content,2024-09-04
C001715,Northstar Account 1715,United Kingdom,Education,SMB,Paid Search,2025-10-03
C001716,Northstar Account 1716,Canada,Professional Services,Mid-Market,Partner,2026-05-06
C001717,Northstar Account 1717,United States,Professional Services,SMB,Organic,2026-07-21
C001718,Northstar Account 1718,United Kingdom,Healthcare,SMB,Paid Search,2026-06-12
C001719,Northstar Account 1719,United States,Technology,Mid-Market,Content,2026-06-23
C001720,Northstar Account 1720,United States,Manufacturing,Mid-Market,Paid Search,2025-03-10
C001721,Northstar Account 1721,Canada,Professional Services,SMB,Referral,2025-08-23
C001722,Northstar Account 1722,United States,Financial Services,SMB,Outbound,2025-03-25
C001723,Northstar Account 1723,Canada,Education,Mid-Market,Partner,2026-07-10
C001724,Northstar Account 1724,United States,Education,SMB,Organic,2024-05-15
C001725,Northstar Account 1725,United States,Manufacturing,SMB,Referral,2025-09-16
C001726,Northstar Account 1726,Canada,Technology,SMB,Content,2024-11-25
C001727,Northstar Account 1727,United States,Professional Services,SMB,Organic,2026-05-11
C001728,Northstar Account 1728,Netherlands,Retail,Mid-Market,Organic,2025-02-11
C001729,Northstar Account 1729,Ireland,Manufacturing,SMB,Referral,2026-05-22
C001730,Northstar Account 1730,United States,Financial Services,SMB,Outbound,2026-07-26
C001731,Northstar Account 1731,United States,Professional Services,Enterprise,Organic,2024-08-01
C001732,Northstar Account 1732,United States,Manufacturing,SMB,Organic,2026-02-03
C001733,Northstar Account 1733,Germany,Professional Services,Mid-Market,Outbound,2025-03-27
C001734,Northstar Account 1734,United States,Technology,SMB,Paid Search,2025-04-13
C001735,Northstar Account 1735,Netherlands,Professional Services,Mid-Market,Paid Search,2024-12-16
C001736,Northstar Account 1736,Ireland,Other,Mid-Market,Partner,2025-11-26
C001737,Northstar Account 1737,United States,Healthcare,Mid-Market,Paid Search,2025-02-12
C001738,Northstar Account 1738,Canada,Retail,SMB,Paid Search,2026-02-13
C001739,Northstar Account 1739,United States,Manufacturing,SMB,Referral,2026-03-24
C001740,Northstar Account 1740,United Kingdom,Technology,Mid-Market,Referral,2025-04-21
C001741,Northstar Account 1741,United States,Technology,SMB,Partner,2024-01-20
C001742,Northstar Account 1742,Canada,Technology,SMB,Organic,2024-04-11
C001743,Northstar Account 1743,United States,Technology,SMB,Partner,2024-12-20
C001744,Northstar Account 1744,France,Retail,Enterprise,Referral,2026-07-24
C001745,Northstar Account 1745,United States,Professional Services,Mid-Market,Content,2025-04-26
C001746,Northstar Account 1746,United Kingdom,Manufacturing,SMB,Content,2026-02-18
C001747,Northstar Account 1747,France,Financial Services,Mid-Market,Referral,2026-07-25
C001748,Northstar Account 1748,Canada,Other,SMB,Content,2025-02-23
C001749,Northstar Account 1749,United Kingdom,Technology,SMB,Content,2025-09-21
C001750,Northstar Account 1750,United States,Retail,SMB,Paid Search,2026-05-16
C001751,Northstar Account 1751,United States,Technology,SMB,Outbound,2025-11-13
C001752,Northstar Account 1752,United States,Professional Services,SMB,Content,2024-06-18
C001753,Northstar Account 1753,Netherlands,Healthcare,Mid-Market,Organic,2026-03-25
C001754,Northstar Account 1754,United States,Retail,Mid-Market,Paid Search,2026-06-15
C001755,Northstar Account 1755,United States,Education,SMB,Referral,2026-03-20
C001756,Northstar Account 1756,Germany,Financial Services,SMB,Organic,2026-02-16
C001757,Northstar Account 1757,United States,Technology,SMB,Content,2026-03-19
C001758,Northstar Account 1758,France,Other,Enterprise,Partner,2025-11-20
C001759,Northstar Account 1759,United States,Technology,Mid-Market,Paid Search,2024-11-02
C001760,Northstar Account 1760,United States,Other,Mid-Market,Organic,2026-06-04
C001761,Northstar Account 1761,United Kingdom,Education,SMB,Content,2024-06-02
C001762,Northstar Account 1762,United Kingdom,Technology,SMB,Paid Search,2026-04-22
C001763,Northstar Account 1763,Netherlands,Retail,SMB,Referral,2025-03-26
C001764,Northstar Account 1764,United States,Professional Services,SMB,Organic,2025-12-10
C001765,Northstar Account 1765,United States,Manufacturing,SMB,Organic,2026-04-03
C001766,Northstar Account 1766,United States,Professional Services,SMB,Partner,2026-04-01
C001767,Northstar Account 1767,United States,Financial Services,Enterprise,Organic,2024-08-13
C001768,Northstar Account 1768,United Kingdom,Professional Services,SMB,Referral,2025-11-19
C001769,Northstar Account 1769,United States,Other,SMB,Referral,2024-10-10
C001770,Northstar Account 1770,United Kingdom,Professional Services,Mid-Market,Paid Search,2024-06-18
C001771,Northstar Account 1771,France,Education,SMB,Organic,2025-08-05
C001772,Northstar Account 1772,United States,Manufacturing,Mid-Market,Content,2026-08-21
C001773,Northstar Account 1773,Canada,Technology,SMB,Referral,2026-08-10
C001774,Northstar Account 1774,United States,Technology,Mid-Market,Partner,2025-10-28
C001775,Northstar Account 1775,Germany,Healthcare,SMB,Content,2026-03-22
C001776,Northstar Account 1776,United States,Education,SMB,Paid Search,2024-11-13
C001777,Northstar Account 1777,United Kingdom,Manufacturing,Mid-Market,Paid Search,2024-10-27
C001778,Northstar Account 1778,United States,Professional Services,SMB,Referral,2026-01-28
C001779,Northstar Account 1779,United States,Financial Services,SMB,Referral,2026-03-06
C001780,Northstar Account 1780,United States,Other,SMB,Content,2026-02-17
C001781,Northstar Account 1781,United States,Manufacturing,SMB,Paid Search,2024-05-19
C001782,Northstar Account 1782,France,Technology,Mid-Market,Partner,2025-03-11
C001783,Northstar Account 1783,United States,Technology,SMB,Referral,2024-03-28
C001784,Northstar Account 1784,Ireland,Other,SMB,Paid Search,2026-03-19
C001785,Northstar Account 1785,United States,Manufacturing,SMB,Partner,2025-01-22
C001786,Northstar Account 1786,United States,Healthcare,Mid-Market,Referral,2025-05-06
C001787,Northstar Account 1787,United States,Other,SMB,Paid Search,2025-10-26
C001788,Northstar Account 1788,United States,Technology,Mid-Market,Organic,2024-01-28
C001789,Northstar Account 1789,Australia,Manufacturing,Mid-Market,Paid Search,2025-03-26
C001790,Northstar Account 1790,United States,Education,SMB,Outbound,2026-02-13
C001791,Northstar Account 1791,Australia,Financial Services,Mid-Market,Paid Search,2024-12-27
C001792,Northstar Account 1792,United States,Manufacturing,SMB,Paid Search,2025-09-01
C001793,Northstar Account 1793,United States,Retail,SMB,Paid Search,2026-08-06
C001794,Northstar Account 1794,United States,Technology,Mid-Market,Paid Search,2024-06-19
C001795,Northstar Account 1795,Canada,Other,Mid-Market,Paid Search,2024-12-22
C001796,Northstar Account 1796,United Kingdom,Manufacturing,SMB,Referral,2026-01-04
C001797,Northstar Account 1797,Netherlands,Professional Services,SMB,Paid Search,2025-10-09
C001798,Northstar Account 1798,United States,Other,SMB,Organic,2026-08-03
C001799,Northstar Account 1799,United States,Professional Services,SMB,Paid Search,2024-02-03
C001800,Northstar Account 1800,Germany,Professional Services,SMB,Organic,2026-06-01
C001801,Northstar Account 1801,United Kingdom,Other,SMB,Paid Search,2025-07-28
C001802,Northstar Account 1802,Australia,Education,SMB,Referral,2024-10-25
C001803,Northstar Account 1803,United States,Financial Services,SMB,Referral,2025-08-18
C001804,Northstar Account 1804,Canada,Financial Services,Mid-Market,Referral,2025-05-01
C001805,Northstar Account 1805,United States,Healthcare,Mid-Market,Paid Search,2024-08-21
C001806,Northstar Account 1806,Ireland,Professional Services,Mid-Market,Content,2024-10-16
C001807,Northstar Account 1807,United States,Financial Services,SMB,Referral,2025-01-22
C001808,Northstar Account 1808,Australia,Retail,SMB,Paid Search,2025-09-14
C001809,Northstar Account 1809,United States,Healthcare,SMB,Organic,2024-04-01
C001810,Northstar Account 1810,Germany,Healthcare,SMB,Content,2024-05-26
C001811,Northstar Account 1811,Australia,Technology,SMB,Organic,2025-02-25
C001812,Northstar Account 1812,Australia,Technology,SMB,Organic,2026-01-26
C001813,Northstar Account 1813,United States,Healthcare,Mid-Market,Referral,2026-08-19
C001814,Northstar Account 1814,United States,Manufacturing,SMB,Paid Search,2024-01-26
C001815,Northstar Account 1815,Australia,Retail,Mid-Market,Outbound,2026-08-02
C001816,Northstar Account 1816,United Kingdom,Technology,SMB,Paid Search,2026-01-12
C001817,Northstar Account 1817,United Kingdom,Retail,Mid-Market,Paid Search,2026-06-09
C001818,Northstar Account 1818,United States,Manufacturing,SMB,Paid Search,2025-08-14
C001819,Northstar Account 1819,United States,Technology,SMB,Organic,2025-06-02
C001820,Northstar Account 1820,United States,Healthcare,SMB,Content,2026-03-24
C001821,Northstar Account 1821,Canada,Education,Mid-Market,Content,2025-09-09
C001822,Northstar Account 1822,United States,Retail,SMB,Outbound,2026-06-04
C001823,Northstar Account 1823,United States,Healthcare,SMB,Partner,2026-06-06
C001824,Northstar Account 1824,Australia,Financial Services,SMB,Organic,2025-08-04
C001825,Northstar Account 1825,United Kingdom,Technology,Mid-Market,Organic,2025-10-20
C001826,Northstar Account 1826,France,Technology,SMB,Paid Search,2025-06-26
C001827,Northstar Account 1827,United States,Technology,SMB,Outbound,2026-01-03
C001828,Northstar Account 1828,United States,Education,SMB,Partner,2026-01-01
C001829,Northstar Account 1829,United Kingdom,Other,Mid-Market,Organic,2025-12-25
C001830,Northstar Account 1830,United States,Education,SMB,Partner,2024-04-11
C001831,Northstar Account 1831,Canada,Other,SMB,Content,2026-08-04
C001832,Northstar Account 1832,United States,Education,Enterprise,Paid Search,2025-02-06
C001833,Northstar Account 1833,United Kingdom,Professional Services,SMB,Referral,2024-11-19
C001834,Northstar Account 1834,United States,Professional Services,SMB,Referral,2024-10-03
C001835,Northstar Account 1835,United Kingdom,Education,SMB,Content,2024-04-12
C001836,Northstar Account 1836,Australia,Education,SMB,Paid Search,2025-06-28
C001837,Northstar Account 1837,United States,Retail,SMB,Paid Search,2024-03-13
C001838,Northstar Account 1838,United States,Retail,SMB,Partner,2024-08-05
C001839,Northstar Account 1839,United States,Retail,Mid-Market,Content,2024-01-22
C001840,Northstar Account 1840,Canada,Professional Services,Mid-Market,Outbound,2024-08-13
C001841,Northstar Account 1841,United States,Education,SMB,Referral,2026-08-12
C001842,Northstar Account 1842,United States,Manufacturing,SMB,Paid Search,2025-09-08
C001843,Northstar Account 1843,Germany,Manufacturing,SMB,Paid Search,2024-04-22
C001844,Northstar Account 1844,United Kingdom,Professional Services,Enterprise,Referral,2025-09-14
C001845,Northstar Account 1845,Canada,Financial Services,SMB,Paid Search,2025-10-14
C001846,Northstar Account 1846,United States,Professional Services,SMB,Partner,2025-09-22
C001847,Northstar Account 1847,France,Professional Services,SMB,Content,2025-02-11
C001848,Northstar Account 1848,United States,Manufacturing,SMB,Organic,2025-12-19
C001849,Northstar Account 1849,United States,Other,SMB,Organic,2024-07-05
C001850,Northstar Account 1850,United Kingdom,Other,Mid-Market,Paid Search,2024-10-17
C001851,Northstar Account 1851,United States,Technology,SMB,Organic,2026-08-13
C001852,Northstar Account 1852,United Kingdom,Professional Services,Mid-Market,Referral,2025-05-15
C001853,Northstar Account 1853,United States,Manufacturing,SMB,Organic,2024-07-11
C001854,Northstar Account 1854,United States,Manufacturing,Mid-Market,Paid Search,2024-10-04
C001855,Northstar Account 1855,Canada,Retail,Mid-Market,Paid Search,2026-02-26
C001856,Northstar Account 1856,United States,Technology,Enterprise,Paid Search,2024-06-12
C001857,Northstar Account 1857,Canada,Retail,SMB,Referral,2025-03-21
C001858,Northstar Account 1858,United Kingdom,Technology,SMB,Referral,2025-02-26
C001859,Northstar Account 1859,United States,Professional Services,SMB,Partner,2024-10-13
C001860,Northstar Account 1860,Canada,Education,SMB,Partner,2025-07-23
C001861,Northstar Account 1861,Australia,Technology,SMB,Paid Search,2024-06-13
C001862,Northstar Account 1862,Germany,Education,Enterprise,Partner,2025-06-02
C001863,Northstar Account 1863,United States,Healthcare,Enterprise,Paid Search,2024-02-25
C001864,Northstar Account 1864,United Kingdom,Retail,SMB,Outbound,2026-08-24
C001865,Northstar Account 1865,France,Professional Services,SMB,Paid Search,2025-10-16
C001866,Northstar Account 1866,United Kingdom,Other,Mid-Market,Organic,2024-04-24
C001867,Northstar Account 1867,United States,Healthcare,Enterprise,Paid Search,2024-09-19
C001868,Northstar Account 1868,United States,Financial Services,SMB,Content,2026-02-23
C001869,Northstar Account 1869,Canada,Retail,SMB,Paid Search,2026-02-02
C001870,Northstar Account 1870,Germany,Healthcare,Mid-Market,Outbound,2025-03-23
C001871,Northstar Account 1871,France,Other,SMB,Paid Search,2024-07-07
C001872,Northstar Account 1872,France,Technology,SMB,Content,2025-08-28
C001873,Northstar Account 1873,United States,Professional Services,Enterprise,Referral,2024-12-28
C001874,Northstar Account 1874,United Kingdom,Other,Enterprise,Organic,2024-05-02
C001875,Northstar Account 1875,United States,Retail,Mid-Market,Paid Search,2025-03-19
C001876,Northstar Account 1876,United States,Professional Services,Mid-Market,Organic,2026-02-11
C001877,Northstar Account 1877,United States,Other,SMB,Content,2025-03-08
C001878,Northstar Account 1878,France,Technology,SMB,Content,2024-03-28
C001879,Northstar Account 1879,United States,Healthcare,SMB,Paid Search,2024-06-12
C001880,Northstar Account 1880,United States,Manufacturing,SMB,Organic,2025-10-16
C001881,Northstar Account 1881,United States,Manufacturing,SMB,Paid Search,2025-08-09
C001882,Northstar Account 1882,United States,Retail,SMB,Paid Search,2025-12-20
C001883,Northstar Account 1883,United Kingdom,Technology,SMB,Referral,2025-10-08
C001884,Northstar Account 1884,United States,Financial Services,Mid-Market,Organic,2025-07-11
C001885,Northstar Account 1885,United States,Manufacturing,SMB,Paid Search,2025-07-20
C001886,Northstar Account 1886,United States,Professional Services,SMB,Content,2026-08-06
C001887,Northstar Account 1887,Germany,Professional Services,SMB,Content,2026-05-22
C001888,Northstar Account 1888,Canada,Retail,SMB,Content,2025-04-28
C001889,Northstar Account 1889,Australia,Technology,Mid-Market,Paid Search,2025-12-20
C001890,Northstar Account 1890,United States,Financial Services,SMB,Outbound,2024-02-11
C001891,Northstar Account 1891,United States,Other,SMB,Partner,2024-02-06
C001892,Northstar Account 1892,United States,Professional Services,Mid-Market,Partner,2025-02-16
C001893,Northstar Account 1893,Netherlands,Other,SMB,Paid Search,2026-02-13
C001894,Northstar Account 1894,United States,Manufacturing,SMB,Content,2026-07-07
C001895,Northstar Account 1895,United States,Education,SMB,Partner,2026-01-11
C001896,Northstar Account 1896,Netherlands,Other,SMB,Content,2026-01-28
C001897,Northstar Account 1897,Netherlands,Professional Services,Mid-Market,Referral,2024-02-05
C001898,Northstar Account 1898,United States,Other,SMB,Content,2026-07-08
C001899,Northstar Account 1899,Germany,Technology,SMB,Referral,2024-05-10
C001900,Northstar Account 1900,United States,Retail,SMB,Outbound,2026-07-26
C001901,Northstar Account 1901,United States,Healthcare,SMB,Paid Search,2024-07-11
C001902,Northstar Account 1902,United States,Technology,SMB,Paid Search,2024-02-09
C001903,Northstar Account 1903,Netherlands,Manufacturing,Mid-Market,Referral,2025-09-09
C001904,Northstar Account 1904,United States,Retail,SMB,Partner,2024-06-27
C001905,Northstar Account 1905,Germany,Retail,SMB,Referral,2024-02-10
C001906,Northstar Account 1906,United States,Healthcare,SMB,Referral,2025-12-11
C001907,Northstar Account 1907,United Kingdom,Technology,SMB,Partner,2026-02-11
C001908,Northstar Account 1908,Canada,Technology,SMB,Content,2025-01-25
C001909,Northstar Account 1909,Germany,Technology,Mid-Market,Organic,2025-08-20
C001910,Northstar Account 1910,France,Other,Mid-Market,Content,2025-10-17
C001911,Northstar Account 1911,Germany,Manufacturing,SMB,Paid Search,2024-08-06
C001912,Northstar Account 1912,Canada,Retail,SMB,Referral,2025-06-04
C001913,Northstar Account 1913,United States,Education,Mid-Market,Content,2025-11-03
C001914,Northstar Account 1914,Ireland,Education,SMB,Organic,2026-06-09
C001915,Northstar Account 1915,United States,Professional Services,SMB,Organic,2025-05-23
C001916,Northstar Account 1916,United States,Technology,SMB,Organic,2026-01-22
C001917,Northstar Account 1917,United Kingdom,Healthcare,Mid-Market,Partner,2025-07-22
C001918,Northstar Account 1918,United States,Professional Services,Mid-Market,Organic,2026-01-19
C001919,Northstar Account 1919,United Kingdom,Financial Services,SMB,Paid Search,2026-03-15
C001920,Northstar Account 1920,United States,Professional Services,Enterprise,Content,2025-08-10
C001921,Northstar Account 1921,United States,Healthcare,SMB,Paid Search,2024-03-21
C001922,Northstar Account 1922,France,Retail,SMB,Partner,2026-06-06
C001923,Northstar Account 1923,France,Manufacturing,SMB,Referral,2025-10-02
C001924,Northstar Account 1924,United States,Other,SMB,Paid Search,2025-10-24
C001925,Northstar Account 1925,Netherlands,Retail,SMB,Paid Search,2025-08-14
C001926,Northstar Account 1926,United States,Technology,SMB,Outbound,2024-08-18
C001927,Northstar Account 1927,United States,Education,SMB,Referral,2025-07-27
C001928,Northstar Account 1928,France,Technology,Mid-Market,Paid Search,2025-08-20
C001929,Northstar Account 1929,United Kingdom,Technology,SMB,Content,2025-04-22
C001930,Northstar Account 1930,Germany,Education,SMB,Partner,2024-07-14
C001931,Northstar Account 1931,United States,Technology,SMB,Paid Search,2026-03-09
C001932,Northstar Account 1932,United States,Technology,SMB,Referral,2025-06-10
C001933,Northstar Account 1933,United States,Retail,Mid-Market,Partner,2026-01-26
C001934,Northstar Account 1934,Netherlands,Retail,Mid-Market,Paid Search,2024-03-11
C001935,Northstar Account 1935,United States,Other,Mid-Market,Content,2025-08-27
C001936,Northstar Account 1936,United States,Professional Services,SMB,Organic,2024-04-01
C001937,Northstar Account 1937,United States,Retail,SMB,Organic,2026-02-09
C001938,Northstar Account 1938,United Kingdom,Education,SMB,Organic,2025-10-27
C001939,Northstar Account 1939,United States,Financial Services,SMB,Content,2025-06-17
C001940,Northstar Account 1940,Germany,Professional Services,SMB,Referral,2026-08-11
C001941,Northstar Account 1941,United Kingdom,Education,SMB,Outbound,2025-02-05
C001942,Northstar Account 1942,United States,Healthcare,SMB,Paid Search,2025-05-14
C001943,Northstar Account 1943,United States,Professional Services,SMB,Content,2026-02-27
C001944,Northstar Account 1944,United States,Technology,SMB,Partner,2025-08-11
C001945,Northstar Account 1945,Canada,Education,Mid-Market,Organic,2025-12-14
C001946,Northstar Account 1946,Australia,Professional Services,Mid-Market,Paid Search,2026-08-10
C001947,Northstar Account 1947,United States,Professional Services,SMB,Content,2026-01-25
C001948,Northstar Account 1948,United Kingdom,Healthcare,Mid-Market,Organic,2024-07-20
C001949,Northstar Account 1949,United States,Technology,SMB,Referral,2024-10-18
C001950,Northstar Account 1950,France,Professional Services,Mid-Market,Partner,2026-05-19
C001951,Northstar Account 1951,Netherlands,Retail,Enterprise,Paid Search,2024-03-12
C001952,Northstar Account 1952,Germany,Financial Services,SMB,Outbound,2025-08-23
C001953,Northstar Account 1953,United States,Manufacturing,Mid-Market,Content,2026-06-18
C001954,Northstar Account 1954,United States,Professional Services,Enterprise,Partner,2026-03-03
C001955,Northstar Account 1955,Ireland,Professional Services,Mid-Market,Referral,2024-06-11
C001956,Northstar Account 1956,United States,Other,Enterprise,Partner,2026-02-25
C001957,Northstar Account 1957,Canada,Education,SMB,Content,2025-04-08
C001958,Northstar Account 1958,Netherlands,Education,SMB,Paid Search,2026-06-27
C001959,Northstar Account 1959,Germany,Technology,Mid-Market,Organic,2025-10-23
C001960,Northstar Account 1960,United Kingdom,Technology,SMB,Organic,2025-09-28
C001961,Northstar Account 1961,United Kingdom,Professional Services,SMB,Organic,2024-01-23
C001962,Northstar Account 1962,France,Financial Services,SMB,Organic,2024-11-04
C001963,Northstar Account 1963,United States,Other,SMB,Paid Search,2025-05-06
C001964,Northstar Account 1964,France,Technology,SMB,Outbound,2026-02-14
C001965,Northstar Account 1965,United States,Education,Mid-Market,Paid Search,2025-08-11
C001966,Northstar Account 1966,Germany,Financial Services,SMB,Paid Search,2026-05-27
C001967,Northstar Account 1967,France,Financial Services,Mid-Market,Organic,2024-02-24
C001968,Northstar Account 1968,United Kingdom,Retail,Mid-Market,Referral,2025-02-22
C001969,Northstar Account 1969,United States,Professional Services,SMB,Paid Search,2025-10-27
C001970,Northstar Account 1970,United States,Other,SMB,Partner,2025-12-02
C001971,Northstar Account 1971,Germany,Professional Services,SMB,Referral,2025-07-20
C001972,Northstar Account 1972,United Kingdom,Professional Services,Enterprise,Paid Search,2025-04-25
C001973,Northstar Account 1973,United States,Technology,Mid-Market,Outbound,2024-04-28
C001974,Northstar Account 1974,Australia,Healthcare,SMB,Organic,2026-01-24
C001975,Northstar Account 1975,France,Technology,SMB,Referral,2026-06-23
C001976,Northstar Account 1976,France,Healthcare,SMB,Paid Search,2026-04-22
C001977,Northstar Account 1977,United Kingdom,Other,SMB,Referral,2026-01-04
C001978,Northstar Account 1978,Ireland,Retail,Enterprise,Content,2025-11-12
C001979,Northstar Account 1979,Australia,Other,Mid-Market,Paid Search,2026-03-25
C001980,Northstar Account 1980,United States,Other,SMB,Paid Search,2026-03-18
C001981,Northstar Account 1981,Ireland,Manufacturing,Mid-Market,Organic,2024-01-08
C001982,Northstar Account 1982,United Kingdom,Healthcare,SMB,Paid Search,2025-03-21
C001983,Northstar Account 1983,France,Financial Services,Mid-Market,Outbound,2026-05-01
C001984,Northstar Account 1984,Germany,Healthcare,SMB,Referral,2026-05-12
C001985,Northstar Account 1985,United Kingdom,Technology,SMB,Referral,2026-01-22
C001986,Northstar Account 1986,United States,Other,Mid-Market,Outbound,2025-01-22
C001987,Northstar Account 1987,United States,Retail,SMB,Content,2026-04-15
C001988,Northstar Account 1988,United States,Other,Mid-Market,Content,2024-10-08
C001989,Northstar Account 1989,Canada,Retail,Enterprise,Organic,2024-10-14
C001990,Northstar Account 1990,Australia,Professional Services,SMB,Organic,2025-08-06
C001991,Northstar Account 1991,United States,Manufacturing,SMB,Organic,2025-09-27
C001992,Northstar Account 1992,United States,Education,Mid-Market,Organic,2025-03-25
C001993,Northstar Account 1993,Canada,Retail,SMB,Organic,2025-10-21
C001994,Northstar Account 1994,United States,Financial Services,SMB,Paid Search,2026-01-10
C001995,Northstar Account 1995,United States,Retail,SMB,Organic,2024-09-05
C001996,Northstar Account 1996,United States,Technology,Mid-Market,Organic,2025-01-02
C001997,Northstar Account 1997,United Kingdom,Education,SMB,Organic,2026-01-11
C001998,Northstar Account 1998,United Kingdom,Technology,SMB,Paid Search,2026-07-24
C001999,Northstar Account 1999,Australia,Retail,Mid-Market,Organic,2026-06-11
C002000,Northstar Account 2000,United States,Technology,SMB,Partner,2024-06-23
C002001,Northstar Account 2001,United States,Professional Services,Mid-Market,Referral,2025-09-05
C002002,Northstar Account 2002,Germany,Other,SMB,Referral,2026-04-23
C002003,Northstar Account 2003,Ireland,Technology,Enterprise,Paid Search,2024-11-03
C002004,Northstar Account 2004,United States,Manufacturing,Mid-Market,Paid Search,2025-12-10
C002005,Northstar Account 2005,Australia,Education,SMB,Organic,2025-05-05
C002006,Northstar Account 2006,Germany,Technology,Mid-Market,Paid Search,2025-12-17
C002007,Northstar Account 2007,France,Other,SMB,Organic,2024-02-06
C002008,Northstar Account 2008,United States,Technology,SMB,Outbound,2025-01-01
C002009,Northstar Account 2009,United States,Retail,SMB,Paid Search,2025-01-10
C002010,Northstar Account 2010,United States,Manufacturing,Mid-Market,Organic,2025-05-01
C002011,Northstar Account 2011,Germany,Manufacturing,SMB,Referral,2024-06-11
C002012,Northstar Account 2012,Australia,Professional Services,SMB,Partner,2025-05-08
C002013,Northstar Account 2013,United States,Financial Services,SMB,Paid Search,2025-09-27
C002014,Northstar Account 2014,United States,Other,SMB,Paid Search,2024-02-15
C002015,Northstar Account 2015,United States,Retail,SMB,Outbound,2025-01-13
C002016,Northstar Account 2016,United Kingdom,Education,SMB,Paid Search,2024-08-17
C002017,Northstar Account 2017,France,Professional Services,SMB,Referral,2026-08-04
C002018,Northstar Account 2018,United States,Professional Services,SMB,Content,2024-06-04
C002019,Northstar Account 2019,Canada,Retail,SMB,Organic,2025-11-05
C002020,Northstar Account 2020,United Kingdom,Technology,SMB,Referral,2025-04-25
C002021,Northstar Account 2021,France,Education,Mid-Market,Paid Search,2025-01-21
C002022,Northstar Account 2022,Australia,Technology,SMB,Organic,2026-05-27
C002023,Northstar Account 2023,United States,Technology,SMB,Organic,2025-12-23
C002024,Northstar Account 2024,Canada,Retail,SMB,Outbound,2025-11-04
C002025,Northstar Account 2025,Australia,Technology,SMB,Paid Search,2024-05-05
C002026,Northstar Account 2026,Netherlands,Healthcare,SMB,Paid Search,2024-11-24
C002027,Northstar Account 2027,United Kingdom,Retail,Mid-Market,Outbound,2024-12-16
C002028,Northstar Account 2028,United States,Technology,SMB,Paid Search,2025-05-18
C002029,Northstar Account 2029,United Kingdom,Professional Services,SMB,Content,2026-07-07
C002030,Northstar Account 2030,Canada,Technology,SMB,Referral,2025-04-15
C002031,Northstar Account 2031,United States,Healthcare,SMB,Partner,2025-02-26
C002032,Northstar Account 2032,Ireland,Professional Services,SMB,Content,2024-04-14
C002033,Northstar Account 2033,United States,Education,SMB,Referral,2025-04-20
C002034,Northstar Account 2034,France,Healthcare,SMB,Paid Search,2024-03-21
C002035,Northstar Account 2035,United States,Professional Services,SMB,Outbound,2025-03-26
C002036,Northstar Account 2036,United States,Technology,Mid-Market,Outbound,2026-08-06
C002037,Northstar Account 2037,United Kingdom,Professional Services,Enterprise,Content,2025-09-26
C002038,Northstar Account 2038,United Kingdom,Professional Services,SMB,Referral,2024-10-18
C002039,Northstar Account 2039,Australia,Professional Services,SMB,Partner,2025-01-24
C002040,Northstar Account 2040,United Kingdom,Other,Mid-Market,Partner,2025-09-08
C002041,Northstar Account 2041,United States,Technology,SMB,Paid Search,2024-01-04
C002042,Northstar Account 2042,France,Professional Services,Mid-Market,Partner,2026-06-03
C002043,Northstar Account 2043,United Kingdom,Financial Services,SMB,Referral,2025-10-11
C002044,Northstar Account 2044,United States,Other,Mid-Market,Referral,2025-07-16
C002045,Northstar Account 2045,France,Retail,Enterprise,Organic,2026-01-09
C002046,Northstar Account 2046,United States,Healthcare,SMB,Partner,2024-09-08
C002047,Northstar Account 2047,United States,Technology,SMB,Referral,2024-02-23
C002048,Northstar Account 2048,United Kingdom,Manufacturing,SMB,Organic,2025-11-21
C002049,Northstar Account 2049,United Kingdom,Healthcare,SMB,Outbound,2024-08-18
C002050,Northstar Account 2050,United Kingdom,Retail,SMB,Referral,2024-01-19
C002051,Northstar Account 2051,France,Professional Services,Enterprise,Paid Search,2026-07-24
C002052,Northstar Account 2052,United States,Retail,SMB,Paid Search,2026-03-07
C002053,Northstar Account 2053,Ireland,Manufacturing,SMB,Referral,2024-06-27
C002054,Northstar Account 2054,United States,Technology,Mid-Market,Organic,2026-06-25
C002055,Northstar Account 2055,United States,Retail,SMB,Content,2024-04-10
C002056,Northstar Account 2056,United States,Technology,SMB,Paid Search,2026-04-10
C002057,Northstar Account 2057,United States,Manufacturing,Enterprise,Paid Search,2025-05-06
C002058,Northstar Account 2058,United States,Technology,SMB,Organic,2025-08-20
C002059,Northstar Account 2059,Australia,Other,SMB,Referral,2025-12-09
C002060,Northstar Account 2060,Australia,Retail,SMB,Outbound,2024-05-08
C002061,Northstar Account 2061,Canada,Retail,Enterprise,Content,2026-06-19
C002062,Northstar Account 2062,United States,Professional Services,SMB,Partner,2024-07-06
C002063,Northstar Account 2063,Australia,Retail,SMB,Content,2026-07-04
C002064,Northstar Account 2064,United States,Professional Services,SMB,Paid Search,2024-05-25
C002065,Northstar Account 2065,Canada,Professional Services,SMB,Partner,2024-08-02
C002066,Northstar Account 2066,Canada,Technology,Enterprise,Outbound,2024-03-26
C002067,Northstar Account 2067,United States,Professional Services,SMB,Organic,2025-04-20
C002068,Northstar Account 2068,United Kingdom,Manufacturing,Enterprise,Outbound,2025-10-10
C002069,Northstar Account 2069,France,Professional Services,SMB,Paid Search,2025-11-16
C002070,Northstar Account 2070,United States,Financial Services,SMB,Paid Search,2026-04-09
C002071,Northstar Account 2071,Canada,Financial Services,Mid-Market,Partner,2025-08-12
C002072,Northstar Account 2072,Netherlands,Education,SMB,Outbound,2025-08-20
C002073,Northstar Account 2073,United States,Technology,SMB,Organic,2025-02-26
C002074,Northstar Account 2074,United States,Healthcare,Mid-Market,Content,2025-12-07
C002075,Northstar Account 2075,United States,Financial Services,SMB,Paid Search,2026-06-15
C002076,Northstar Account 2076,Germany,Professional Services,SMB,Content,2025-03-25
C002077,Northstar Account 2077,United States,Professional Services,Enterprise,Partner,2025-03-01
C002078,Northstar Account 2078,United States,Professional Services,SMB,Paid Search,2025-02-01
C002079,Northstar Account 2079,United States,Retail,SMB,Referral,2024-10-18
C002080,Northstar Account 2080,Ireland,Technology,SMB,Referral,2025-09-04
C002081,Northstar Account 2081,France,Professional Services,SMB,Partner,2024-05-28
C002082,Northstar Account 2082,United Kingdom,Education,SMB,Paid Search,2026-05-04
C002083,Northstar Account 2083,Netherlands,Retail,Mid-Market,Paid Search,2024-07-21
C002084,Northstar Account 2084,Canada,Professional Services,SMB,Outbound,2024-08-09
C002085,Northstar Account 2085,Netherlands,Other,Mid-Market,Referral,2024-04-26
C002086,Northstar Account 2086,United States,Professional Services,SMB,Content,2025-04-25
C002087,Northstar Account 2087,United States,Technology,SMB,Referral,2026-03-23
C002088,Northstar Account 2088,France,Technology,SMB,Content,2026-06-18
C002089,Northstar Account 2089,United States,Professional Services,Mid-Market,Paid Search,2025-05-07
C002090,Northstar Account 2090,United States,Retail,SMB,Partner,2024-11-04
C002091,Northstar Account 2091,Germany,Technology,SMB,Referral,2026-02-08
C002092,Northstar Account 2092,United Kingdom,Financial Services,Mid-Market,Paid Search,2026-01-03
C002093,Northstar Account 2093,United States,Financial Services,SMB,Paid Search,2026-01-22
C002094,Northstar Account 2094,United States,Professional Services,SMB,Referral,2025-06-09
C002095,Northstar Account 2095,United States,Manufacturing,Mid-Market,Content,2025-09-13
C002096,Northstar Account 2096,United States,Healthcare,SMB,Referral,2024-04-18
C002097,Northstar Account 2097,United States,Financial Services,SMB,Paid Search,2024-11-20
C002098,Northstar Account 2098,United Kingdom,Professional Services,SMB,Outbound,2026-07-17
C002099,Northstar Account 2099,Germany,Healthcare,SMB,Paid Search,2024-03-21
C002100,Northstar Account 2100,United States,Technology,SMB,Paid Search,2025-01-04
C002101,Northstar Account 2101,United States,Technology,Mid-Market,Outbound,2024-10-08
C002102,Northstar Account 2102,Canada,Financial Services,SMB,Content,2024-06-22
C002103,Northstar Account 2103,United States,Professional Services,Mid-Market,Outbound,2026-07-21
C002104,Northstar Account 2104,United States,Retail,Enterprise,Content,2024-06-18
C002105,Northstar Account 2105,United States,Professional Services,SMB,Referral,2025-07-27
C002106,Northstar Account 2106,Canada,Financial Services,Mid-Market,Organic,2026-05-28
C002107,Northstar Account 2107,United States,Professional Services,Mid-Market,Organic,2024-01-03
C002108,Northstar Account 2108,United States,Technology,Enterprise,Outbound,2024-06-16
C002109,Northstar Account 2109,United Kingdom,Healthcare,SMB,Content,2025-02-26
C002110,Northstar Account 2110,Australia,Technology,SMB,Organic,2024-07-10
C002111,Northstar Account 2111,Canada,Professional Services,SMB,Organic,2024-09-02
C002112,Northstar Account 2112,Netherlands,Education,SMB,Organic,2025-10-04
C002113,Northstar Account 2113,Canada,Other,SMB,Organic,2024-08-21
C002114,Northstar Account 2114,United States,Manufacturing,SMB,Content,2025-11-26
C002115,Northstar Account 2115,United States,Technology,SMB,Paid Search,2026-07-20
C002116,Northstar Account 2116,United States,Professional Services,Mid-Market,Organic,2024-10-02
C002117,Northstar Account 2117,United States,Manufacturing,SMB,Outbound,2024-10-12
C002118,Northstar Account 2118,United States,Professional Services,SMB,Partner,2024-01-10
C002119,Northstar Account 2119,United States,Manufacturing,SMB,Organic,2024-01-26
C002120,Northstar Account 2120,Canada,Retail,SMB,Organic,2025-04-15
C002121,Northstar Account 2121,Canada,Financial Services,SMB,Paid Search,2025-07-07
C002122,Northstar Account 2122,United States,Professional Services,SMB,Paid Search,2024-09-16
C002123,Northstar Account 2123,United Kingdom,Other,SMB,Paid Search,2025-02-21
C002124,Northstar Account 2124,United States,Retail,SMB,Paid Search,2024-07-17
C002125,Northstar Account 2125,United Kingdom,Education,SMB,Paid Search,2026-01-12
C002126,Northstar Account 2126,United Kingdom,Technology,SMB,Organic,2025-04-21
C002127,Northstar Account 2127,United States,Healthcare,SMB,Paid Search,2026-02-09
C002128,Northstar Account 2128,United States,Professional Services,SMB,Outbound,2025-09-04
C002129,Northstar Account 2129,Ireland,Technology,SMB,Paid Search,2025-04-25
C002130,Northstar Account 2130,United Kingdom,Retail,SMB,Organic,2025-11-21
C002131,Northstar Account 2131,United Kingdom,Technology,SMB,Content,2024-01-21
C002132,Northstar Account 2132,United States,Other,Mid-Market,Paid Search,2026-01-25
C002133,Northstar Account 2133,United States,Manufacturing,Enterprise,Partner,2025-03-20
C002134,Northstar Account 2134,United States,Manufacturing,Mid-Market,Content,2025-08-01
C002135,Northstar Account 2135,Netherlands,Retail,SMB,Partner,2025-08-24
C002136,Northstar Account 2136,United States,Professional Services,SMB,Paid Search,2025-09-02
C002137,Northstar Account 2137,United States,Professional Services,SMB,Referral,2026-01-20
C002138,Northstar Account 2138,Ireland,Technology,Mid-Market,Referral,2024-06-28
C002139,Northstar Account 2139,United States,Healthcare,Mid-Market,Organic,2025-07-12
C002140,Northstar Account 2140,United States,Manufacturing,Mid-Market,Paid Search,2024-04-09
C002141,Northstar Account 2141,United Kingdom,Technology,Mid-Market,Paid Search,2024-11-26
C002142,Northstar Account 2142,United States,Technology,SMB,Content,2024-09-13
C002143,Northstar Account 2143,Netherlands,Technology,Mid-Market,Organic,2025-10-26
C002144,Northstar Account 2144,United States,Retail,Mid-Market,Paid Search,2025-10-09
C002145,Northstar Account 2145,Germany,Technology,SMB,Partner,2026-04-06
C002146,Northstar Account 2146,United States,Retail,Mid-Market,Outbound,2025-08-16
C002147,Northstar Account 2147,Germany,Technology,SMB,Paid Search,2026-02-11
C002148,Northstar Account 2148,Australia,Technology,Enterprise,Paid Search,2026-06-20
C002149,Northstar Account 2149,Australia,Education,Mid-Market,Organic,2024-07-09
C002150,Northstar Account 2150,Australia,Other,SMB,Referral,2026-02-22
C002151,Northstar Account 2151,Canada,Technology,Mid-Market,Partner,2025-02-10
C002152,Northstar Account 2152,United States,Professional Services,SMB,Content,2024-12-10
C002153,Northstar Account 2153,United States,Professional Services,Mid-Market,Paid Search,2026-08-20
C002154,Northstar Account 2154,United States,Manufacturing,Mid-Market,Organic,2024-10-08
C002155,Northstar Account 2155,United States,Retail,SMB,Organic,2026-06-08
C002156,Northstar Account 2156,United States,Healthcare,Mid-Market,Organic,2026-04-16
C002157,Northstar Account 2157,Canada,Healthcare,SMB,Partner,2026-06-10
C002158,Northstar Account 2158,Canada,Other,SMB,Content,2025-10-11
C002159,Northstar Account 2159,Ireland,Technology,SMB,Organic,2025-10-10
C002160,Northstar Account 2160,United States,Technology,SMB,Content,2025-04-18
C002161,Northstar Account 2161,Germany,Professional Services,SMB,Paid Search,2025-04-10
C002162,Northstar Account 2162,Canada,Retail,SMB,Partner,2026-05-18
C002163,Northstar Account 2163,Ireland,Technology,SMB,Organic,2025-04-07
C002164,Northstar Account 2164,Germany,Financial Services,SMB,Partner,2025-07-26
C002165,Northstar Account 2165,United States,Education,Mid-Market,Paid Search,2026-08-27
C002166,Northstar Account 2166,United States,Other,SMB,Outbound,2025-03-01
C002167,Northstar Account 2167,Netherlands,Other,Mid-Market,Outbound,2026-04-03
C002168,Northstar Account 2168,Canada,Retail,SMB,Content,2024-12-03
C002169,Northstar Account 2169,Germany,Financial Services,SMB,Content,2024-02-06
C002170,Northstar Account 2170,Germany,Manufacturing,SMB,Paid Search,2025-10-23
C002171,Northstar Account 2171,Canada,Professional Services,SMB,Partner,2025-07-07
C002172,Northstar Account 2172,Germany,Education,SMB,Organic,2026-03-17
C002173,Northstar Account 2173,France,Other,SMB,Content,2024-01-08
C002174,Northstar Account 2174,France,Manufacturing,SMB,Paid Search,2024-04-02
C002175,Northstar Account 2175,United States,Education,SMB,Paid Search,2026-05-03
C002176,Northstar Account 2176,United States,Professional Services,SMB,Referral,2025-07-27
C002177,Northstar Account 2177,United States,Financial Services,SMB,Paid Search,2025-08-16
C002178,Northstar Account 2178,United States,Professional Services,Mid-Market,Referral,2024-10-19
C002179,Northstar Account 2179,Australia,Healthcare,SMB,Organic,2026-07-06
C002180,Northstar Account 2180,Australia,Education,Enterprise,Referral,2026-06-14
C002181,Northstar Account 2181,United States,Retail,Mid-Market,Content,2025-08-19
C002182,Northstar Account 2182,United States,Technology,Enterprise,Referral,2024-10-22
C002183,Northstar Account 2183,United Kingdom,Education,Mid-Market,Paid Search,2026-08-19
C002184,Northstar Account 2184,Australia,Professional Services,SMB,Paid Search,2026-06-17
C002185,Northstar Account 2185,United Kingdom,Professional Services,SMB,Paid Search,2025-08-18
C002186,Northstar Account 2186,United States,Technology,SMB,Paid Search,2025-11-11
C002187,Northstar Account 2187,United States,Healthcare,Mid-Market,Partner,2025-06-20
C002188,Northstar Account 2188,United Kingdom,Technology,SMB,Organic,2024-10-09
C002189,Northstar Account 2189,United Kingdom,Professional Services,SMB,Organic,2026-01-21
C002190,Northstar Account 2190,Australia,Financial Services,Mid-Market,Paid Search,2025-12-13
C002191,Northstar Account 2191,Netherlands,Retail,SMB,Outbound,2025-09-17
C002192,Northstar Account 2192,United States,Financial Services,SMB,Paid Search,2026-04-14
C002193,Northstar Account 2193,United States,Retail,Mid-Market,Organic,2025-06-16
C002194,Northstar Account 2194,United States,Technology,SMB,Partner,2026-05-20
C002195,Northstar Account 2195,United States,Manufacturing,SMB,Paid Search,2024-10-08
C002196,Northstar Account 2196,United States,Professional Services,Mid-Market,Outbound,2026-08-14
C002197,Northstar Account 2197,United States,Other,SMB,Paid Search,2024-09-12
C002198,Northstar Account 2198,United States,Professional Services,SMB,Referral,2024-08-01
C002199,Northstar Account 2199,Australia,Financial Services,SMB,Referral,2025-10-24
C002200,Northstar Account 2200,United States,Retail,Mid-Market,Content,2024-05-20
C002201,Northstar Account 2201,Australia,Financial Services,SMB,Referral,2024-08-02
C002202,Northstar Account 2202,United States,Technology,Enterprise,Content,2026-02-02
C002203,Northstar Account 2203,United States,Education,Mid-Market,Organic,2025-01-26
C002204,Northstar Account 2204,United States,Technology,SMB,Partner,2026-04-24
C002205,Northstar Account 2205,United States,Manufacturing,SMB,Referral,2024-08-21
C002206,Northstar Account 2206,United States,Professional Services,SMB,Partner,2025-04-20
C002207,Northstar Account 2207,Australia,Retail,Mid-Market,Partner,2025-04-24
C002208,Northstar Account 2208,France,Education,SMB,Paid Search,2025-07-17
C002209,Northstar Account 2209,United States,Retail,SMB,Organic,2025-05-01
C002210,Northstar Account 2210,United States,Manufacturing,SMB,Organic,2025-04-13
C002211,Northstar Account 2211,United States,Education,Enterprise,Paid Search,2025-02-10
C002212,Northstar Account 2212,Germany,Technology,SMB,Organic,2024-01-05
C002213,Northstar Account 2213,United States,Manufacturing,Mid-Market,Paid Search,2025-11-25
C002214,Northstar Account 2214,United States,Retail,SMB,Partner,2025-07-19
C002215,Northstar Account 2215,France,Healthcare,Mid-Market,Referral,2025-03-26
C002216,Northstar Account 2216,Australia,Technology,SMB,Partner,2024-10-04
C002217,Northstar Account 2217,Canada,Retail,SMB,Referral,2026-06-28
C002218,Northstar Account 2218,United States,Manufacturing,Mid-Market,Paid Search,2024-11-17
C002219,Northstar Account 2219,United States,Other,Enterprise,Paid Search,2026-07-16
C002220,Northstar Account 2220,United States,Other,SMB,Referral,2024-10-06
C002221,Northstar Account 2221,Canada,Education,SMB,Content,2026-08-18
C002222,Northstar Account 2222,Germany,Technology,SMB,Referral,2025-05-17
C002223,Northstar Account 2223,United States,Retail,SMB,Referral,2025-08-20
C002224,Northstar Account 2224,France,Technology,SMB,Referral,2025-01-05
C002225,Northstar Account 2225,United States,Education,Mid-Market,Referral,2026-07-18
C002226,Northstar Account 2226,Germany,Technology,SMB,Referral,2024-12-03
C002227,Northstar Account 2227,United States,Other,Mid-Market,Referral,2026-02-02
C002228,Northstar Account 2228,United States,Technology,SMB,Paid Search,2024-02-14
C002229,Northstar Account 2229,United States,Technology,SMB,Paid Search,2025-09-04
C002230,Northstar Account 2230,Canada,Financial Services,Mid-Market,Organic,2026-02-20
C002231,Northstar Account 2231,United States,Technology,SMB,Partner,2025-07-14
C002232,Northstar Account 2232,United States,Technology,Mid-Market,Content,2025-12-07
C002233,Northstar Account 2233,Germany,Healthcare,SMB,Organic,2026-03-08
C002234,Northstar Account 2234,Canada,Other,Enterprise,Organic,2025-07-14
C002235,Northstar Account 2235,United Kingdom,Professional Services,Mid-Market,Content,2024-10-17
C002236,Northstar Account 2236,Canada,Retail,Mid-Market,Organic,2025-04-23
C002237,Northstar Account 2237,Canada,Professional Services,SMB,Content,2026-02-17
C002238,Northstar Account 2238,United Kingdom,Healthcare,SMB,Paid Search,2024-12-16
C002239,Northstar Account 2239,United States,Professional Services,SMB,Organic,2025-11-17
C002240,Northstar Account 2240,United States,Healthcare,SMB,Organic,2024-07-17
C002241,Northstar Account 2241,United States,Retail,SMB,Organic,2026-07-10
C002242,Northstar Account 2242,United States,Other,SMB,Paid Search,2025-10-07
C002243,Northstar Account 2243,United States,Education,SMB,Paid Search,2025-06-15
C002244,Northstar Account 2244,United States,Education,SMB,Organic,2026-04-04
C002245,Northstar Account 2245,United States,Retail,SMB,Organic,2026-04-07
C002246,Northstar Account 2246,Germany,Professional Services,SMB,Content,2024-05-05
C002247,Northstar Account 2247,Canada,Professional Services,SMB,Paid Search,2025-01-14
C002248,Northstar Account 2248,United Kingdom,Retail,SMB,Organic,2025-06-28
C002249,Northstar Account 2249,France,Technology,SMB,Paid Search,2025-02-25
C002250,Northstar Account 2250,United States,Technology,SMB,Outbound,2025-02-03
C002251,Northstar Account 2251,United States,Professional Services,SMB,Content,2025-03-23
C002252,Northstar Account 2252,United States,Technology,Mid-Market,Outbound,2024-07-05
C002253,Northstar Account 2253,United Kingdom,Professional Services,SMB,Outbound,2024-06-26
C002254,Northstar Account 2254,United States,Healthcare,SMB,Organic,2024-12-06
C002255,Northstar Account 2255,Australia,Manufacturing,Enterprise,Referral,2024-04-04
C002256,Northstar Account 2256,United States,Professional Services,SMB,Organic,2025-08-23
C002257,Northstar Account 2257,United States,Manufacturing,Mid-Market,Content,2024-07-24
C002258,Northstar Account 2258,United Kingdom,Technology,Mid-Market,Organic,2024-04-12
C002259,Northstar Account 2259,United States,Other,SMB,Organic,2026-05-16
C002260,Northstar Account 2260,Canada,Retail,SMB,Outbound,2025-10-23
C002261,Northstar Account 2261,Canada,Retail,Mid-Market,Content,2026-06-24
C002262,Northstar Account 2262,Germany,Education,Enterprise,Outbound,2026-08-12
C002263,Northstar Account 2263,United Kingdom,Retail,SMB,Paid Search,2025-10-22
C002264,Northstar Account 2264,United States,Retail,SMB,Organic,2026-04-23
C002265,Northstar Account 2265,United States,Professional Services,SMB,Organic,2024-08-23
C002266,Northstar Account 2266,Canada,Other,SMB,Organic,2026-01-26
C002267,Northstar Account 2267,United States,Financial Services,Mid-Market,Partner,2025-09-24
C002268,Northstar Account 2268,United States,Retail,SMB,Organic,2025-12-13
C002269,Northstar Account 2269,United States,Financial Services,Mid-Market,Content,2024-05-09
C002270,Northstar Account 2270,Canada,Technology,Mid-Market,Paid Search,2026-07-28
C002271,Northstar Account 2271,United States,Retail,SMB,Referral,2025-05-13
C002272,Northstar Account 2272,Ireland,Retail,SMB,Content,2026-03-27
C002273,Northstar Account 2273,United States,Professional Services,Mid-Market,Referral,2026-08-28
C002274,Northstar Account 2274,United States,Other,Mid-Market,Organic,2026-05-01
C002275,Northstar Account 2275,United States,Financial Services,Mid-Market,Paid Search,2025-01-04
C002276,Northstar Account 2276,United States,Other,SMB,Paid Search,2025-04-16
C002277,Northstar Account 2277,United States,Education,SMB,Content,2025-12-03
C002278,Northstar Account 2278,Canada,Professional Services,SMB,Organic,2025-09-19
C002279,Northstar Account 2279,United States,Manufacturing,Mid-Market,Paid Search,2025-05-01
C002280,Northstar Account 2280,United States,Technology,SMB,Outbound,2025-12-24
C002281,Northstar Account 2281,United States,Financial Services,SMB,Referral,2026-06-12
C002282,Northstar Account 2282,United States,Technology,SMB,Content,2025-01-19
C002283,Northstar Account 2283,Netherlands,Manufacturing,SMB,Organic,2024-06-14
C002284,Northstar Account 2284,United States,Education,Mid-Market,Outbound,2025-12-20
C002285,Northstar Account 2285,Germany,Technology,SMB,Paid Search,2025-10-20
C002286,Northstar Account 2286,United States,Technology,SMB,Paid Search,2026-06-09
C002287,Northstar Account 2287,United States,Retail,Mid-Market,Content,2026-02-23
C002288,Northstar Account 2288,Australia,Professional Services,Mid-Market,Content,2025-04-23
C002289,Northstar Account 2289,United States,Financial Services,SMB,Partner,2025-11-09
C002290,Northstar Account 2290,Australia,Technology,SMB,Paid Search,2026-05-02
C002291,Northstar Account 2291,United States,Retail,Enterprise,Organic,2025-03-13
C002292,Northstar Account 2292,United States,Professional Services,Mid-Market,Content,2024-01-19
C002293,Northstar Account 2293,France,Technology,SMB,Content,2025-11-22
C002294,Northstar Account 2294,United States,Professional Services,SMB,Organic,2024-02-06
C002295,Northstar Account 2295,Ireland,Financial Services,SMB,Paid Search,2026-07-14
C002296,Northstar Account 2296,Netherlands,Education,SMB,Referral,2024-08-22
C002297,Northstar Account 2297,United States,Other,Mid-Market,Referral,2025-03-15
C002298,Northstar Account 2298,United States,Retail,SMB,Organic,2026-07-23
C002299,Northstar Account 2299,Germany,Professional Services,SMB,Partner,2024-04-19
C002300,Northstar Account 2300,United States,Technology,Mid-Market,Outbound,2024-01-05
C002301,Northstar Account 2301,Canada,Retail,Enterprise,Organic,2024-05-06
C002302,Northstar Account 2302,United States,Technology,Mid-Market,Partner,2026-08-23
C002303,Northstar Account 2303,United States,Technology,SMB,Referral,2026-08-20
C002304,Northstar Account 2304,United Kingdom,Healthcare,SMB,Partner,2025-04-24
C002305,Northstar Account 2305,Canada,Technology,SMB,Content,2026-02-09
C002306,Northstar Account 2306,Canada,Healthcare,SMB,Referral,2026-02-02
C002307,Northstar Account 2307,United Kingdom,Healthcare,SMB,Partner,2024-05-07
C002308,Northstar Account 2308,United States,Education,SMB,Paid Search,2024-11-13
C002309,Northstar Account 2309,United States,Professional Services,SMB,Referral,2026-06-04
C002310,Northstar Account 2310,United States,Education,Mid-Market,Paid Search,2024-08-06
C002311,Northstar Account 2311,United States,Professional Services,Enterprise,Paid Search,2025-08-05
C002312,Northstar Account 2312,United States,Technology,SMB,Partner,2024-11-04
C002313,Northstar Account 2313,United Kingdom,Professional Services,SMB,Partner,2025-09-11
C002314,Northstar Account 2314,United States,Technology,SMB,Outbound,2024-09-23
C002315,Northstar Account 2315,United States,Retail,SMB,Referral,2024-10-11
C002316,Northstar Account 2316,Canada,Manufacturing,SMB,Content,2024-03-09
C002317,Northstar Account 2317,United States,Manufacturing,SMB,Organic,2026-08-16
C002318,Northstar Account 2318,Ireland,Professional Services,Mid-Market,Partner,2024-06-19
C002319,Northstar Account 2319,United States,Technology,SMB,Outbound,2025-05-10
C002320,Northstar Account 2320,United States,Technology,Mid-Market,Organic,2025-05-01
C002321,Northstar Account 2321,France,Other,SMB,Content,2025-01-09
C002322,Northstar Account 2322,United Kingdom,Professional Services,SMB,Partner,2026-03-03
C002323,Northstar Account 2323,Germany,Retail,SMB,Paid Search,2025-02-05
C002324,Northstar Account 2324,United States,Technology,SMB,Partner,2025-11-18
C002325,Northstar Account 2325,United States,Manufacturing,SMB,Paid Search,2025-09-06
C002326,Northstar Account 2326,Canada,Retail,Enterprise,Paid Search,2026-05-11
C002327,Northstar Account 2327,United States,Technology,SMB,Paid Search,2026-04-11
C002328,Northstar Account 2328,United Kingdom,Retail,SMB,Paid Search,2024-10-25
C002329,Northstar Account 2329,United States,Education,SMB,Organic,2026-02-05
C002330,Northstar Account 2330,United States,Retail,SMB,Content,2026-03-03
C002331,Northstar Account 2331,United States,Other,SMB,Organic,2026-07-15
C002332,Northstar Account 2332,Germany,Financial Services,SMB,Content,2026-08-18
C002333,Northstar Account 2333,United States,Retail,Mid-Market,Partner,2026-02-15
C002334,Northstar Account 2334,Ireland,Other,SMB,Paid Search,2025-06-20
C002335,Northstar Account 2335,United States,Manufacturing,SMB,Paid Search,2025-01-25
C002336,Northstar Account 2336,United States,Professional Services,Mid-Market,Outbound,2026-05-18
C002337,Northstar Account 2337,United States,Manufacturing,Mid-Market,Referral,2026-07-16
C002338,Northstar Account 2338,Canada,Retail,SMB,Outbound,2024-05-20
C002339,Northstar Account 2339,Germany,Healthcare,SMB,Organic,2025-09-06
C002340,Northstar Account 2340,United States,Retail,SMB,Referral,2024-06-07
C002341,Northstar Account 2341,United States,Manufacturing,SMB,Content,2024-11-11
C002342,Northstar Account 2342,Canada,Other,SMB,Outbound,2025-04-22
C002343,Northstar Account 2343,United States,Professional Services,Mid-Market,Paid Search,2025-01-24
C002344,Northstar Account 2344,United Kingdom,Education,SMB,Outbound,2026-01-16
C002345,Northstar Account 2345,Canada,Healthcare,Mid-Market,Organic,2024-04-18
C002346,Northstar Account 2346,United States,Financial Services,SMB,Content,2025-11-23
C002347,Northstar Account 2347,Canada,Retail,Mid-Market,Partner,2025-10-07
C002348,Northstar Account 2348,Canada,Technology,Mid-Market,Partner,2026-03-04
C002349,Northstar Account 2349,United States,Technology,SMB,Organic,2024-05-21
C002350,Northstar Account 2350,United States,Technology,SMB,Content,2025-02-04
C002351,Northstar Account 2351,United States,Technology,SMB,Organic,2026-01-05
C002352,Northstar Account 2352,Germany,Professional Services,Mid-Market,Partner,2026-01-12
C002353,Northstar Account 2353,United Kingdom,Technology,SMB,Partner,2025-06-22
C002354,Northstar Account 2354,United States,Financial Services,SMB,Content,2025-06-11
C002355,Northstar Account 2355,United States,Professional Services,SMB,Partner,2026-08-04
C002356,Northstar Account 2356,United States,Professional Services,Mid-Market,Referral,2025-02-04
C002357,Northstar Account 2357,United States,Manufacturing,SMB,Partner,2024-07-08
C002358,Northstar Account 2358,United States,Professional Services,SMB,Referral,2026-07-03
C002359,Northstar Account 2359,United States,Education,Enterprise,Referral,2026-04-10
C002360,Northstar Account 2360,United States,Financial Services,SMB,Referral,2024-11-03
C002361,Northstar Account 2361,United Kingdom,Professional Services,Mid-Market,Content,2026-05-24
C002362,Northstar Account 2362,United Kingdom,Retail,SMB,Partner,2024-11-02
C002363,Northstar Account 2363,United States,Professional Services,SMB,Paid Search,2026-04-06
C002364,Northstar Account 2364,United Kingdom,Retail,Mid-Market,Referral,2025-11-01
C002365,Northstar Account 2365,United States,Healthcare,Mid-Market,Paid Search,2025-07-09
C002366,Northstar Account 2366,United States,Professional Services,Mid-Market,Paid Search,2026-07-23
C002367,Northstar Account 2367,Ireland,Retail,SMB,Content,2026-04-17
C002368,Northstar Account 2368,United Kingdom,Retail,SMB,Organic,2024-06-27
C002369,Northstar Account 2369,United States,Technology,SMB,Partner,2026-01-18
C002370,Northstar Account 2370,United States,Technology,SMB,Outbound,2026-03-12
C002371,Northstar Account 2371,Canada,Healthcare,SMB,Paid Search,2025-09-27
C002372,Northstar Account 2372,United States,Technology,SMB,Paid Search,2024-12-06
C002373,Northstar Account 2373,Netherlands,Education,SMB,Paid Search,2024-11-04
C002374,Northstar Account 2374,United States,Other,SMB,Organic,2026-08-10
C002375,Northstar Account 2375,United States,Manufacturing,SMB,Referral,2025-05-27
C002376,Northstar Account 2376,United Kingdom,Professional Services,SMB,Content,2025-08-23
C002377,Northstar Account 2377,Canada,Retail,Mid-Market,Partner,2025-10-16
C002378,Northstar Account 2378,United States,Education,SMB,Organic,2024-05-27
C002379,Northstar Account 2379,France,Education,SMB,Partner,2024-04-19
C002380,Northstar Account 2380,France,Other,Mid-Market,Paid Search,2024-09-07
C002381,Northstar Account 2381,United States,Retail,Mid-Market,Referral,2024-04-01
C002382,Northstar Account 2382,United States,Professional Services,SMB,Referral,2026-06-01
C002383,Northstar Account 2383,United States,Professional Services,SMB,Paid Search,2024-07-24
C002384,Northstar Account 2384,United Kingdom,Other,SMB,Content,2024-10-09
C002385,Northstar Account 2385,United Kingdom,Education,SMB,Content,2025-09-12
C002386,Northstar Account 2386,United States,Financial Services,Mid-Market,Organic,2026-06-11
C002387,Northstar Account 2387,Netherlands,Education,Enterprise,Referral,2024-03-03
C002388,Northstar Account 2388,United States,Other,SMB,Referral,2024-10-01
C002389,Northstar Account 2389,Germany,Retail,Mid-Market,Paid Search,2026-02-21
C002390,Northstar Account 2390,Australia,Other,SMB,Paid Search,2025-08-20
C002391,Northstar Account 2391,United States,Financial Services,SMB,Referral,2025-10-07
C002392,Northstar Account 2392,United States,Financial Services,Mid-Market,Outbound,2024-01-04
C002393,Northstar Account 2393,United States,Other,SMB,Partner,2026-05-15
C002394,Northstar Account 2394,France,Retail,SMB,Partner,2025-10-03
C002395,Northstar Account 2395,United States,Manufacturing,SMB,Referral,2026-05-09
C002396,Northstar Account 2396,Australia,Healthcare,Enterprise,Organic,2026-08-21
C002397,Northstar Account 2397,United States,Manufacturing,SMB,Paid Search,2026-02-05
C002398,Northstar Account 2398,United States,Manufacturing,SMB,Organic,2024-02-22
C002399,Northstar Account 2399,France,Manufacturing,SMB,Outbound,2026-01-25
C002400,Northstar Account 2400,United States,Retail,SMB,Content,2025-09-06
C002401,Northstar Account 2401,Canada,Manufacturing,SMB,Outbound,2024-05-19
C002402,Northstar Account 2402,United States,Financial Services,Mid-Market,Paid Search,2024-12-22
C002403,Northstar Account 2403,United States,Education,Mid-Market,Partner,2024-08-15
C002404,Northstar Account 2404,United States,Retail,Mid-Market,Partner,2026-07-09
C002405,Northstar Account 2405,United States,Financial Services,Mid-Market,Paid Search,2026-04-28
C002406,Northstar Account 2406,Canada,Manufacturing,SMB,Paid Search,2026-01-09
C002407,Northstar Account 2407,United States,Retail,SMB,Content,2026-03-07
C002408,Northstar Account 2408,United States,Healthcare,SMB,Referral,2025-10-04
C002409,Northstar Account 2409,United States,Education,SMB,Referral,2026-05-26
C002410,Northstar Account 2410,United Kingdom,Education,Enterprise,Organic,2024-10-07
C002411,Northstar Account 2411,Germany,Professional Services,Mid-Market,Partner,2024-11-04
C002412,Northstar Account 2412,United Kingdom,Professional Services,Enterprise,Paid Search,2025-10-02
C002413,Northstar Account 2413,Ireland,Financial Services,SMB,Paid Search,2026-04-09
C002414,Northstar Account 2414,United States,Other,SMB,Partner,2026-05-19
C002415,Northstar Account 2415,United States,Retail,SMB,Organic,2026-08-20
C002416,Northstar Account 2416,United Kingdom,Other,SMB,Outbound,2026-03-24
C002417,Northstar Account 2417,United States,Retail,SMB,Partner,2024-11-19
C002418,Northstar Account 2418,Canada,Technology,SMB,Paid Search,2024-10-02
C002419,Northstar Account 2419,Germany,Manufacturing,SMB,Paid Search,2025-06-24
C002420,Northstar Account 2420,United States,Technology,Enterprise,Referral,2025-12-08
C002421,Northstar Account 2421,France,Technology,SMB,Paid Search,2025-08-27
C002422,Northstar Account 2422,United States,Other,SMB,Paid Search,2024-04-10
C002423,Northstar Account 2423,Canada,Retail,Mid-Market,Organic,2025-07-01
C002424,Northstar Account 2424,United States,Professional Services,SMB,Organic,2026-04-11
C002425,Northstar Account 2425,Canada,Retail,Mid-Market,Referral,2024-11-13
C002426,Northstar Account 2426,United States,Healthcare,Mid-Market,Partner,2025-11-24
C002427,Northstar Account 2427,Netherlands,Education,SMB,Paid Search,2024-12-16
C002428,Northstar Account 2428,Netherlands,Professional Services,Mid-Market,Content,2025-09-02
C002429,Northstar Account 2429,United Kingdom,Professional Services,SMB,Organic,2026-01-02
C002430,Northstar Account 2430,United Kingdom,Healthcare,Mid-Market,Referral,2024-10-18
C002431,Northstar Account 2431,United Kingdom,Healthcare,Mid-Market,Paid Search,2026-02-03
C002432,Northstar Account 2432,United Kingdom,Other,Mid-Market,Referral,2025-12-15
C002433,Northstar Account 2433,United Kingdom,Retail,SMB,Organic,2025-01-26
C002434,Northstar Account 2434,United Kingdom,Financial Services,SMB,Partner,2026-06-24
C002435,Northstar Account 2435,Australia,Other,Mid-Market,Organic,2026-03-18
C002436,Northstar Account 2436,United Kingdom,Professional Services,Enterprise,Outbound,2025-08-09
C002437,Northstar Account 2437,United States,Technology,SMB,Paid Search,2024-04-15
C002438,Northstar Account 2438,France,Healthcare,Mid-Market,Outbound,2025-06-03
C002439,Northstar Account 2439,United States,Other,SMB,Outbound,2025-02-21
C002440,Northstar Account 2440,United States,Technology,Mid-Market,Organic,2024-12-04
C002441,Northstar Account 2441,Ireland,Technology,Enterprise,Organic,2025-12-02
C002442,Northstar Account 2442,United States,Education,SMB,Organic,2026-07-18
C002443,Northstar Account 2443,United States,Manufacturing,SMB,Outbound,2024-07-17
C002444,Northstar Account 2444,United Kingdom,Technology,SMB,Referral,2026-02-16
C002445,Northstar Account 2445,Australia,Professional Services,SMB,Partner,2025-11-14
C002446,Northstar Account 2446,United States,Professional Services,SMB,Paid Search,2025-12-17
C002447,Northstar Account 2447,United States,Other,SMB,Content,2026-05-13
C002448,Northstar Account 2448,United States,Education,SMB,Paid Search,2025-04-04
C002449,Northstar Account 2449,United States,Retail,SMB,Paid Search,2025-10-16
C002450,Northstar Account 2450,United States,Financial Services,SMB,Organic,2024-12-02
C002451,Northstar Account 2451,United States,Healthcare,Mid-Market,Partner,2024-12-02
C002452,Northstar Account 2452,Netherlands,Other,Mid-Market,Content,2025-08-16
C002453,Northstar Account 2453,United Kingdom,Professional Services,SMB,Content,2024-01-20
C002454,Northstar Account 2454,Australia,Technology,Mid-Market,Paid Search,2024-11-03
C002455,Northstar Account 2455,France,Retail,SMB,Organic,2024-07-11
C002456,Northstar Account 2456,Netherlands,Technology,SMB,Content,2024-06-27
C002457,Northstar Account 2457,Canada,Financial Services,SMB,Partner,2025-04-22
C002458,Northstar Account 2458,United States,Healthcare,SMB,Paid Search,2024-05-23
C002459,Northstar Account 2459,Australia,Professional Services,SMB,Organic,2024-07-19
C002460,Northstar Account 2460,United Kingdom,Manufacturing,SMB,Referral,2025-12-06
C002461,Northstar Account 2461,United States,Retail,Mid-Market,Outbound,2025-12-11
C002462,Northstar Account 2462,United States,Retail,Mid-Market,Referral,2026-07-17
C002463,Northstar Account 2463,United States,Technology,SMB,Paid Search,2026-07-19
C002464,Northstar Account 2464,United States,Other,SMB,Referral,2026-05-04
C002465,Northstar Account 2465,Germany,Education,SMB,Organic,2026-01-28
C002466,Northstar Account 2466,United States,Financial Services,Mid-Market,Content,2024-12-27
C002467,Northstar Account 2467,United States,Manufacturing,Mid-Market,Organic,2024-08-02
C002468,Northstar Account 2468,United States,Retail,SMB,Paid Search,2026-07-17
C002469,Northstar Account 2469,Australia,Technology,SMB,Organic,2026-08-05
C002470,Northstar Account 2470,United States,Education,SMB,Organic,2025-08-09
C002471,Northstar Account 2471,United States,Technology,SMB,Paid Search,2025-09-25
C002472,Northstar Account 2472,Germany,Other,Mid-Market,Partner,2024-01-20
C002473,Northstar Account 2473,Australia,Professional Services,Mid-Market,Content,2024-07-10
C002474,Northstar Account 2474,United Kingdom,Professional Services,SMB,Content,2025-09-01
C002475,Northstar Account 2475,United Kingdom,Healthcare,SMB,Organic,2024-09-24
C002476,Northstar Account 2476,United States,Retail,SMB,Paid Search,2025-07-09
C002477,Northstar Account 2477,Netherlands,Education,SMB,Partner,2026-04-17
C002478,Northstar Account 2478,United Kingdom,Manufacturing,SMB,Organic,2026-04-07
C002479,Northstar Account 2479,Canada,Manufacturing,SMB,Paid Search,2026-05-23
C002480,Northstar Account 2480,United States,Other,Enterprise,Content,2024-11-10
C002481,Northstar Account 2481,United Kingdom,Retail,SMB,Outbound,2025-05-21
C002482,Northstar Account 2482,United States,Healthcare,SMB,Paid Search,2025-11-03
C002483,Northstar Account 2483,United States,Financial Services,SMB,Content,2025-10-18
C002484,Northstar Account 2484,Canada,Professional Services,SMB,Referral,2026-08-28
C002485,Northstar Account 2485,Germany,Professional Services,Mid-Market,Organic,2024-12-14
C002486,Northstar Account 2486,United States,Technology,SMB,Referral,2024-04-14
C002487,Northstar Account 2487,Australia,Manufacturing,Mid-Market,Paid Search,2025-04-20
C002488,Northstar Account 2488,United States,Education,Mid-Market,Paid Search,2025-08-24
C002489,Northstar Account 2489,United Kingdom,Professional Services,SMB,Outbound,2025-04-23
C002490,Northstar Account 2490,United States,Technology,SMB,Referral,2025-02-02
C002491,Northstar Account 2491,United States,Technology,Enterprise,Organic,2024-11-09
C002492,Northstar Account 2492,France,Retail,SMB,Organic,2025-05-24
C002493,Northstar Account 2493,United States,Technology,SMB,Outbound,2026-01-28
C002494,Northstar Account 2494,France,Manufacturing,Mid-Market,Organic,2024-07-19
C002495,Northstar Account 2495,United States,Other,Mid-Market,Outbound,2026-05-01
C002496,Northstar Account 2496,Canada,Manufacturing,SMB,Content,2025-11-20
C002497,Northstar Account 2497,United States,Financial Services,SMB,Organic,2024-06-27
C002498,Northstar Account 2498,United Kingdom,Other,SMB,Referral,2024-02-23
C002499,Northstar Account 2499,France,Manufacturing,Mid-Market,Referral,2024-03-21
C002500,Northstar Account 2500,United Kingdom,Healthcare,SMB,Content,2024-05-15
C002501,Northstar Account 2501,United States,Manufacturing,SMB,Organic,2025-12-26
C002502,Northstar Account 2502,Germany,Healthcare,Mid-Market,Paid Search,2026-07-18
C002503,Northstar Account 2503,Canada,Retail,Enterprise,Paid Search,2024-07-15
C002504,Northstar Account 2504,United States,Technology,Mid-Market,Referral,2024-12-26
C002505,Northstar Account 2505,Canada,Education,SMB,Content,2026-05-01
C002506,Northstar Account 2506,Canada,Financial Services,SMB,Content,2025-08-04
C002507,Northstar Account 2507,Germany,Education,Enterprise,Partner,2025-05-24
C002508,Northstar Account 2508,United States,Retail,Enterprise,Paid Search,2025-07-02
C002509,Northstar Account 2509,United States,Healthcare,SMB,Paid Search,2024-05-26
C002510,Northstar Account 2510,Netherlands,Manufacturing,SMB,Content,2024-10-28
C002511,Northstar Account 2511,United Kingdom,Manufacturing,SMB,Partner,2026-08-08
C002512,Northstar Account 2512,United Kingdom,Retail,SMB,Content,2025-12-25
C002513,Northstar Account 2513,Ireland,Professional Services,SMB,Paid Search,2024-12-16
C002514,Northstar Account 2514,United States,Retail,SMB,Organic,2026-07-15
C002515,Northstar Account 2515,United States,Other,SMB,Outbound,2025-04-26
C002516,Northstar Account 2516,Germany,Technology,Mid-Market,Paid Search,2024-07-22
C002517,Northstar Account 2517,Canada,Financial Services,SMB,Paid Search,2026-08-25
C002518,Northstar Account 2518,Netherlands,Technology,SMB,Referral,2025-12-25
C002519,Northstar Account 2519,Canada,Other,SMB,Referral,2026-02-21
C002520,Northstar Account 2520,United States,Retail,SMB,Outbound,2024-02-14
C002521,Northstar Account 2521,United States,Manufacturing,SMB,Outbound,2024-12-06
C002522,Northstar Account 2522,United States,Education,SMB,Content,2026-07-03
C002523,Northstar Account 2523,France,Manufacturing,SMB,Paid Search,2024-08-08
C002524,Northstar Account 2524,United States,Manufacturing,SMB,Partner,2026-05-14
C002525,Northstar Account 2525,United Kingdom,Technology,Mid-Market,Content,2026-03-04
C002526,Northstar Account 2526,United States,Professional Services,SMB,Organic,2025-04-10
C002527,Northstar Account 2527,United States,Professional Services,Mid-Market,Outbound,2026-06-23
C002528,Northstar Account 2528,United States,Education,Mid-Market,Referral,2026-07-01
C002529,Northstar Account 2529,United Kingdom,Education,Mid-Market,Paid Search,2026-05-09
C002530,Northstar Account 2530,United States,Professional Services,SMB,Partner,2025-05-27
C002531,Northstar Account 2531,Netherlands,Manufacturing,SMB,Referral,2025-10-10
C002532,Northstar Account 2532,France,Professional Services,SMB,Paid Search,2025-01-21
C002533,Northstar Account 2533,United States,Professional Services,Mid-Market,Organic,2024-06-18
C002534,Northstar Account 2534,Australia,Retail,SMB,Referral,2026-06-23
C002535,Northstar Account 2535,United States,Manufacturing,Enterprise,Paid Search,2026-08-21
C002536,Northstar Account 2536,United States,Technology,SMB,Organic,2024-03-17
C002537,Northstar Account 2537,United States,Other,Mid-Market,Referral,2026-01-28
C002538,Northstar Account 2538,Germany,Education,SMB,Content,2026-07-08
C002539,Northstar Account 2539,Canada,Healthcare,SMB,Partner,2025-11-08
C002540,Northstar Account 2540,United States,Professional Services,SMB,Outbound,2024-03-17
C002541,Northstar Account 2541,Canada,Manufacturing,SMB,Outbound,2024-01-21
C002542,Northstar Account 2542,Canada,Financial Services,SMB,Partner,2025-08-20
C002543,Northstar Account 2543,Canada,Retail,SMB,Paid Search,2026-07-27
C002544,Northstar Account 2544,United Kingdom,Professional Services,SMB,Content,2024-12-17
C002545,Northstar Account 2545,Germany,Professional Services,SMB,Organic,2025-03-22
C002546,Northstar Account 2546,United Kingdom,Retail,SMB,Content,2026-04-04
C002547,Northstar Account 2547,United States,Professional Services,Enterprise,Partner,2026-04-02
C002548,Northstar Account 2548,Germany,Education,SMB,Organic,2026-07-23
C002549,Northstar Account 2549,United States,Professional Services,SMB,Partner,2026-05-13
C002550,Northstar Account 2550,Canada,Financial Services,SMB,Partner,2025-10-09
C002551,Northstar Account 2551,Canada,Retail,SMB,Outbound,2026-07-22
C002552,Northstar Account 2552,United States,Healthcare,SMB,Paid Search,2025-11-12
C002553,Northstar Account 2553,United States,Other,SMB,Outbound,2025-10-01
C002554,Northstar Account 2554,Canada,Retail,Enterprise,Paid Search,2024-01-16
C002555,Northstar Account 2555,Australia,Technology,SMB,Content,2025-06-04
C002556,Northstar Account 2556,Australia,Healthcare,Mid-Market,Outbound,2024-03-28
C002557,Northstar Account 2557,United Kingdom,Retail,SMB,Organic,2026-06-10
C002558,Northstar Account 2558,United States,Manufacturing,SMB,Paid Search,2024-01-09
C002559,Northstar Account 2559,United States,Financial Services,SMB,Content,2025-01-24
C002560,Northstar Account 2560,Germany,Education,SMB,Content,2026-08-02
C002561,Northstar Account 2561,United States,Other,SMB,Organic,2026-04-19
C002562,Northstar Account 2562,Canada,Professional Services,Mid-Market,Partner,2026-03-28
C002563,Northstar Account 2563,United States,Professional Services,Mid-Market,Content,2026-01-01
C002564,Northstar Account 2564,United States,Professional Services,SMB,Paid Search,2024-03-27
C002565,Northstar Account 2565,United Kingdom,Education,SMB,Referral,2025-01-18
C002566,Northstar Account 2566,United Kingdom,Professional Services,SMB,Organic,2026-04-06
C002567,Northstar Account 2567,United Kingdom,Technology,SMB,Paid Search,2026-06-24
C002568,Northstar Account 2568,United States,Other,SMB,Content,2025-03-24
C002569,Northstar Account 2569,Germany,Professional Services,Mid-Market,Organic,2024-12-28
C002570,Northstar Account 2570,United States,Professional Services,Enterprise,Outbound,2024-11-26
C002571,Northstar Account 2571,Germany,Professional Services,SMB,Partner,2025-09-18
C002572,Northstar Account 2572,United Kingdom,Technology,SMB,Partner,2025-01-01
C002573,Northstar Account 2573,United States,Technology,Mid-Market,Organic,2024-02-21
C002574,Northstar Account 2574,Canada,Professional Services,Mid-Market,Organic,2025-04-22
C002575,Northstar Account 2575,United Kingdom,Professional Services,SMB,Content,2025-09-22
C002576,Northstar Account 2576,United Kingdom,Manufacturing,SMB,Referral,2025-11-06
C002577,Northstar Account 2577,United Kingdom,Retail,Mid-Market,Content,2025-02-21
C002578,Northstar Account 2578,United States,Manufacturing,Mid-Market,Organic,2025-01-24
C002579,Northstar Account 2579,France,Manufacturing,SMB,Organic,2024-12-03
C002580,Northstar Account 2580,United States,Manufacturing,Mid-Market,Paid Search,2025-11-01
C002581,Northstar Account 2581,United States,Other,SMB,Content,2024-12-03
C002582,Northstar Account 2582,Germany,Retail,Mid-Market,Organic,2026-07-20
C002583,Northstar Account 2583,United States,Technology,SMB,Partner,2024-12-09
C002584,Northstar Account 2584,Ireland,Technology,SMB,Organic,2026-03-23
C002585,Northstar Account 2585,United States,Technology,SMB,Organic,2025-02-27
C002586,Northstar Account 2586,United States,Financial Services,SMB,Referral,2025-11-01
C002587,Northstar Account 2587,United States,Healthcare,SMB,Referral,2026-01-21
C002588,Northstar Account 2588,United States,Technology,SMB,Outbound,2024-08-22
C002589,Northstar Account 2589,United States,Technology,SMB,Paid Search,2025-04-03
C002590,Northstar Account 2590,United States,Financial Services,SMB,Partner,2024-06-04
C002591,Northstar Account 2591,United States,Retail,Mid-Market,Paid Search,2025-08-23
C002592,Northstar Account 2592,United States,Technology,Mid-Market,Content,2026-06-03
C002593,Northstar Account 2593,United States,Financial Services,Mid-Market,Referral,2025-10-06
C002594,Northstar Account 2594,United States,Education,SMB,Organic,2026-01-26
C002595,Northstar Account 2595,United States,Retail,SMB,Content,2024-12-21
C002596,Northstar Account 2596,United States,Retail,Mid-Market,Organic,2025-06-26
C002597,Northstar Account 2597,United States,Education,SMB,Paid Search,2026-02-08
C002598,Northstar Account 2598,United States,Professional Services,SMB,Partner,2024-07-21
C002599,Northstar Account 2599,United States,Other,Enterprise,Paid Search,2024-06-18
C002600,Northstar Account 2600,United States,Manufacturing,Enterprise,Content,2024-10-25
C002601,Northstar Account 2601,France,Education,SMB,Referral,2024-11-07
C002602,Northstar Account 2602,United States,Education,Mid-Market,Content,2026-08-01
C002603,Northstar Account 2603,United States,Other,SMB,Content,2024-08-12
C002604,Northstar Account 2604,Canada,Technology,Mid-Market,Content,2024-05-15
C002605,Northstar Account 2605,United States,Technology,SMB,Organic,2024-07-17
C002606,Northstar Account 2606,United States,Manufacturing,SMB,Paid Search,2024-09-25
C002607,Northstar Account 2607,Germany,Technology,SMB,Organic,2025-03-20
C002608,Northstar Account 2608,Canada,Education,SMB,Outbound,2024-09-25
C002609,Northstar Account 2609,Ireland,Retail,Mid-Market,Outbound,2024-05-21
C002610,Northstar Account 2610,Netherlands,Professional Services,SMB,Content,2024-07-11
C002611,Northstar Account 2611,United Kingdom,Professional Services,Mid-Market,Paid Search,2026-03-23
C002612,Northstar Account 2612,Canada,Manufacturing,Mid-Market,Paid Search,2025-08-10
C002613,Northstar Account 2613,United States,Technology,SMB,Content,2026-02-23
C002614,Northstar Account 2614,France,Technology,Mid-Market,Paid Search,2024-08-20
C002615,Northstar Account 2615,United Kingdom,Retail,SMB,Partner,2025-01-07
C002616,Northstar Account 2616,United States,Technology,SMB,Organic,2026-08-02
C002617,Northstar Account 2617,United States,Education,SMB,Organic,2024-05-25
C002618,Northstar Account 2618,United Kingdom,Other,Mid-Market,Referral,2025-06-22
C002619,Northstar Account 2619,United Kingdom,Manufacturing,Mid-Market,Outbound,2025-01-02
C002620,Northstar Account 2620,Germany,Healthcare,Mid-Market,Content,2024-01-07
C002621,Northstar Account 2621,United States,Retail,Mid-Market,Partner,2025-09-14
C002622,Northstar Account 2622,Germany,Other,Enterprise,Organic,2025-09-15
C002623,Northstar Account 2623,United States,Financial Services,SMB,Outbound,2025-02-11
C002624,Northstar Account 2624,United Kingdom,Financial Services,Enterprise,Partner,2025-07-06
C002625,Northstar Account 2625,United States,Professional Services,SMB,Partner,2025-04-19
C002626,Northstar Account 2626,United States,Technology,SMB,Referral,2025-06-21
C002627,Northstar Account 2627,United States,Technology,SMB,Paid Search,2026-05-18
C002628,Northstar Account 2628,United States,Professional Services,SMB,Paid Search,2026-01-27
C002629,Northstar Account 2629,United States,Technology,SMB,Content,2024-12-12
C002630,Northstar Account 2630,Germany,Financial Services,SMB,Referral,2024-11-16
C002631,Northstar Account 2631,United States,Technology,SMB,Paid Search,2026-02-09
C002632,Northstar Account 2632,Canada,Professional Services,SMB,Organic,2024-10-27
C002633,Northstar Account 2633,Canada,Financial Services,Mid-Market,Outbound,2026-06-12
C002634,Northstar Account 2634,United States,Other,SMB,Referral,2026-04-12
C002635,Northstar Account 2635,France,Professional Services,SMB,Referral,2024-11-21
C002636,Northstar Account 2636,Germany,Professional Services,SMB,Paid Search,2026-04-09
C002637,Northstar Account 2637,Germany,Manufacturing,SMB,Outbound,2024-09-11
C002638,Northstar Account 2638,Germany,Other,SMB,Content,2024-02-24
C002639,Northstar Account 2639,United Kingdom,Education,Mid-Market,Partner,2026-08-01
C002640,Northstar Account 2640,Ireland,Retail,SMB,Organic,2026-03-02
C002641,Northstar Account 2641,United States,Education,Mid-Market,Referral,2025-07-25
C002642,Northstar Account 2642,United States,Manufacturing,Mid-Market,Content,2026-05-08
C002643,Northstar Account 2643,Canada,Technology,SMB,Content,2024-04-22
C002644,Northstar Account 2644,United States,Retail,Mid-Market,Outbound,2026-02-20
C002645,Northstar Account 2645,United Kingdom,Financial Services,SMB,Referral,2026-07-06
C002646,Northstar Account 2646,United States,Education,Mid-Market,Organic,2026-04-06
C002647,Northstar Account 2647,United States,Technology,Mid-Market,Partner,2025-05-28
C002648,Northstar Account 2648,France,Manufacturing,Mid-Market,Content,2025-03-25
C002649,Northstar Account 2649,United States,Education,Mid-Market,Organic,2026-06-08
C002650,Northstar Account 2650,United States,Professional Services,Mid-Market,Paid Search,2025-01-14
C002651,Northstar Account 2651,Canada,Professional Services,Enterprise,Referral,2026-07-25
C002652,Northstar Account 2652,Germany,Professional Services,SMB,Organic,2025-02-07
C002653,Northstar Account 2653,Australia,Other,Mid-Market,Content,2024-06-19
C002654,Northstar Account 2654,United States,Technology,Mid-Market,Paid Search,2024-11-11
C002655,Northstar Account 2655,France,Financial Services,SMB,Organic,2025-08-25
C002656,Northstar Account 2656,United Kingdom,Healthcare,Mid-Market,Organic,2024-07-08
C002657,Northstar Account 2657,Australia,Financial Services,SMB,Referral,2025-04-13
C002658,Northstar Account 2658,United States,Other,SMB,Content,2026-06-20
C002659,Northstar Account 2659,United States,Other,SMB,Organic,2024-05-19
C002660,Northstar Account 2660,United Kingdom,Financial Services,SMB,Partner,2025-11-04
C002661,Northstar Account 2661,United Kingdom,Retail,Mid-Market,Paid Search,2025-04-03
C002662,Northstar Account 2662,United States,Professional Services,SMB,Referral,2025-12-24
C002663,Northstar Account 2663,United Kingdom,Professional Services,SMB,Outbound,2025-07-22
C002664,Northstar Account 2664,Canada,Education,SMB,Content,2026-06-05
C002665,Northstar Account 2665,United States,Professional Services,SMB,Paid Search,2025-04-19
C002666,Northstar Account 2666,United Kingdom,Retail,Mid-Market,Referral,2025-08-08
C002667,Northstar Account 2667,United States,Technology,Mid-Market,Organic,2024-06-12
C002668,Northstar Account 2668,Australia,Manufacturing,SMB,Paid Search,2025-07-18
C002669,Northstar Account 2669,United Kingdom,Technology,SMB,Paid Search,2024-06-18
C002670,Northstar Account 2670,United Kingdom,Professional Services,SMB,Paid Search,2025-10-10
C002671,Northstar Account 2671,Netherlands,Healthcare,SMB,Paid Search,2025-05-24
C002672,Northstar Account 2672,Canada,Healthcare,SMB,Content,2026-03-15
C002673,Northstar Account 2673,United States,Financial Services,SMB,Organic,2025-05-23
C002674,Northstar Account 2674,United Kingdom,Education,SMB,Content,2025-11-16
C002675,Northstar Account 2675,Netherlands,Manufacturing,SMB,Outbound,2024-03-10
C002676,Northstar Account 2676,United States,Professional Services,SMB,Partner,2026-01-08
C002677,Northstar Account 2677,United Kingdom,Technology,SMB,Partner,2026-08-01
C002678,Northstar Account 2678,United States,Manufacturing,Mid-Market,Content,2025-06-15
C002679,Northstar Account 2679,Germany,Technology,Mid-Market,Paid Search,2024-01-16
C002680,Northstar Account 2680,United Kingdom,Financial Services,SMB,Organic,2025-10-27
C002681,Northstar Account 2681,Netherlands,Other,Mid-Market,Partner,2024-07-08
C002682,Northstar Account 2682,Canada,Professional Services,Mid-Market,Content,2025-06-01
C002683,Northstar Account 2683,United States,Manufacturing,SMB,Content,2024-02-26
C002684,Northstar Account 2684,United Kingdom,Retail,SMB,Content,2025-06-17
C002685,Northstar Account 2685,France,Professional Services,SMB,Referral,2026-06-02
C002686,Northstar Account 2686,United States,Retail,Mid-Market,Partner,2024-07-09
C002687,Northstar Account 2687,United States,Education,SMB,Content,2025-07-28
C002688,Northstar Account 2688,Canada,Other,Mid-Market,Content,2024-11-25
C002689,Northstar Account 2689,United Kingdom,Professional Services,SMB,Partner,2024-12-16
C002690,Northstar Account 2690,United States,Education,SMB,Outbound,2025-12-03
C002691,Northstar Account 2691,United States,Professional Services,Enterprise,Content,2026-02-19
C002692,Northstar Account 2692,United States,Professional Services,SMB,Partner,2026-05-02
C002693,Northstar Account 2693,Canada,Education,Mid-Market,Paid Search,2024-12-11
C002694,Northstar Account 2694,United States,Manufacturing,Enterprise,Paid Search,2024-04-12
C002695,Northstar Account 2695,United States,Education,Mid-Market,Content,2025-06-22
C002696,Northstar Account 2696,Germany,Other,SMB,Paid Search,2025-10-19
C002697,Northstar Account 2697,United States,Technology,Mid-Market,Organic,2026-02-14
C002698,Northstar Account 2698,Canada,Healthcare,SMB,Referral,2026-03-01
C002699,Northstar Account 2699,United States,Professional Services,SMB,Content,2026-05-01
C002700,Northstar Account 2700,United States,Manufacturing,Mid-Market,Content,2024-02-23
C002701,Northstar Account 2701,United Kingdom,Technology,Mid-Market,Content,2026-08-19
C002702,Northstar Account 2702,Canada,Technology,SMB,Organic,2026-08-10
C002703,Northstar Account 2703,Netherlands,Manufacturing,SMB,Paid Search,2024-02-22
C002704,Northstar Account 2704,United States,Professional Services,Mid-Market,Referral,2025-01-26
C002705,Northstar Account 2705,United States,Education,Mid-Market,Paid Search,2026-03-01
C002706,Northstar Account 2706,United States,Other,SMB,Partner,2025-07-26
C002707,Northstar Account 2707,United Kingdom,Retail,Mid-Market,Outbound,2024-01-07
C002708,Northstar Account 2708,United States,Healthcare,SMB,Partner,2025-03-22
C002709,Northstar Account 2709,France,Other,SMB,Referral,2025-10-17
C002710,Northstar Account 2710,Germany,Manufacturing,SMB,Referral,2026-06-21
C002711,Northstar Account 2711,United States,Technology,Enterprise,Content,2026-04-04
C002712,Northstar Account 2712,United States,Manufacturing,SMB,Organic,2026-07-17
C002713,Northstar Account 2713,United States,Retail,SMB,Partner,2025-06-28
C002714,Northstar Account 2714,United Kingdom,Manufacturing,SMB,Paid Search,2026-04-23
C002715,Northstar Account 2715,United Kingdom,Healthcare,Mid-Market,Referral,2024-05-23
C002716,Northstar Account 2716,France,Professional Services,SMB,Organic,2025-08-05
C002717,Northstar Account 2717,United Kingdom,Manufacturing,SMB,Partner,2026-07-08
C002718,Northstar Account 2718,United States,Technology,Enterprise,Content,2026-05-23
C002719,Northstar Account 2719,United States,Financial Services,SMB,Paid Search,2025-12-12
C002720,Northstar Account 2720,United States,Manufacturing,SMB,Partner,2024-07-16
C002721,Northstar Account 2721,Netherlands,Other,SMB,Paid Search,2024-09-05
C002722,Northstar Account 2722,Germany,Technology,Mid-Market,Organic,2025-12-22
C002723,Northstar Account 2723,Australia,Retail,SMB,Paid Search,2025-02-13
C002724,Northstar Account 2724,Australia,Technology,SMB,Paid Search,2025-02-14
C002725,Northstar Account 2725,United States,Professional Services,SMB,Outbound,2026-05-27
C002726,Northstar Account 2726,Canada,Professional Services,Mid-Market,Outbound,2024-02-18
C002727,Northstar Account 2727,Canada,Healthcare,Mid-Market,Referral,2025-04-13
C002728,Northstar Account 2728,United States,Retail,SMB,Referral,2024-11-10
C002729,Northstar Account 2729,United States,Other,SMB,Content,2024-02-17
C002730,Northstar Account 2730,Canada,Professional Services,Mid-Market,Content,2024-10-12
C002731,Northstar Account 2731,France,Retail,SMB,Partner,2024-09-07
C002732,Northstar Account 2732,United States,Education,SMB,Paid Search,2025-08-11
C002733,Northstar Account 2733,France,Professional Services,SMB,Referral,2025-05-09
C002734,Northstar Account 2734,France,Education,SMB,Outbound,2025-07-21
C002735,Northstar Account 2735,France,Education,SMB,Organic,2026-06-15
C002736,Northstar Account 2736,United States,Education,SMB,Organic,2025-07-06
C002737,Northstar Account 2737,United States,Education,SMB,Organic,2025-11-05
C002738,Northstar Account 2738,Canada,Manufacturing,SMB,Organic,2025-12-27
C002739,Northstar Account 2739,United States,Other,Mid-Market,Referral,2025-08-25
C002740,Northstar Account 2740,United States,Technology,SMB,Organic,2025-01-24
C002741,Northstar Account 2741,Germany,Retail,SMB,Outbound,2026-06-21
C002742,Northstar Account 2742,United States,Manufacturing,Mid-Market,Content,2025-06-25
C002743,Northstar Account 2743,United States,Technology,SMB,Paid Search,2025-09-19
C002744,Northstar Account 2744,Netherlands,Healthcare,Mid-Market,Content,2025-09-26
C002745,Northstar Account 2745,United States,Education,SMB,Content,2026-04-26
C002746,Northstar Account 2746,France,Technology,Mid-Market,Partner,2025-08-13
C002747,Northstar Account 2747,United States,Retail,SMB,Partner,2025-06-07
C002748,Northstar Account 2748,United States,Manufacturing,SMB,Content,2025-06-25
C002749,Northstar Account 2749,United States,Technology,SMB,Organic,2026-03-24
C002750,Northstar Account 2750,United States,Technology,SMB,Paid Search,2025-02-13
C002751,Northstar Account 2751,United States,Manufacturing,SMB,Organic,2026-07-26
C002752,Northstar Account 2752,Australia,Manufacturing,Mid-Market,Organic,2026-05-03
C002753,Northstar Account 2753,France,Healthcare,Mid-Market,Referral,2024-07-24
C002754,Northstar Account 2754,United States,Retail,SMB,Paid Search,2025-02-02
C002755,Northstar Account 2755,United States,Technology,Mid-Market,Referral,2026-06-03
C002756,Northstar Account 2756,United Kingdom,Manufacturing,Mid-Market,Organic,2024-12-02
C002757,Northstar Account 2757,United States,Professional Services,Mid-Market,Content,2025-02-03
C002758,Northstar Account 2758,United States,Other,Mid-Market,Partner,2024-10-06
C002759,Northstar Account 2759,United States,Manufacturing,Mid-Market,Outbound,2024-03-11
C002760,Northstar Account 2760,United States,Technology,SMB,Outbound,2025-07-11
C002761,Northstar Account 2761,United Kingdom,Education,Mid-Market,Paid Search,2026-02-12
C002762,Northstar Account 2762,United States,Other,Mid-Market,Referral,2025-12-28
C002763,Northstar Account 2763,Canada,Financial Services,SMB,Paid Search,2024-02-15
C002764,Northstar Account 2764,United States,Healthcare,SMB,Content,2025-08-07
C002765,Northstar Account 2765,United States,Technology,SMB,Referral,2025-02-04
C002766,Northstar Account 2766,United Kingdom,Education,Enterprise,Organic,2025-11-26
C002767,Northstar Account 2767,United States,Education,SMB,Organic,2025-04-08
C002768,Northstar Account 2768,France,Healthcare,Mid-Market,Organic,2026-08-23
C002769,Northstar Account 2769,Canada,Professional Services,Mid-Market,Content,2026-04-23
C002770,Northstar Account 2770,Australia,Other,Enterprise,Content,2026-01-25
C002771,Northstar Account 2771,United States,Retail,SMB,Paid Search,2025-08-05
C002772,Northstar Account 2772,United States,Professional Services,Mid-Market,Organic,2025-10-22
C002773,Northstar Account 2773,United States,Professional Services,Mid-Market,Organic,2025-06-22
C002774,Northstar Account 2774,United Kingdom,Professional Services,SMB,Partner,2026-04-28
C002775,Northstar Account 2775,United Kingdom,Retail,Mid-Market,Paid Search,2026-06-20
C002776,Northstar Account 2776,United States,Professional Services,SMB,Organic,2026-08-04
C002777,Northstar Account 2777,United States,Retail,SMB,Content,2025-10-13
C002778,Northstar Account 2778,United States,Technology,SMB,Partner,2026-01-14
C002779,Northstar Account 2779,United States,Professional Services,SMB,Content,2025-04-14
C002780,Northstar Account 2780,United States,Technology,SMB,Partner,2024-01-10
C002781,Northstar Account 2781,United Kingdom,Professional Services,SMB,Organic,2026-01-23
C002782,Northstar Account 2782,Netherlands,Retail,SMB,Referral,2026-07-08
C002783,Northstar Account 2783,United States,Retail,SMB,Organic,2026-05-13
C002784,Northstar Account 2784,United States,Education,SMB,Organic,2026-06-13
C002785,Northstar Account 2785,United States,Retail,SMB,Outbound,2025-04-19
C002786,Northstar Account 2786,United States,Education,Mid-Market,Content,2026-01-14
C002787,Northstar Account 2787,Canada,Technology,Mid-Market,Referral,2025-11-28
C002788,Northstar Account 2788,United States,Retail,SMB,Paid Search,2025-09-28
C002789,Northstar Account 2789,Ireland,Technology,Enterprise,Paid Search,2024-07-14
C002790,Northstar Account 2790,Australia,Retail,SMB,Paid Search,2025-10-08
C002791,Northstar Account 2791,United States,Healthcare,Mid-Market,Outbound,2025-01-22
C002792,Northstar Account 2792,France,Manufacturing,SMB,Content,2026-01-26
C002793,Northstar Account 2793,United Kingdom,Healthcare,Mid-Market,Partner,2026-07-25
C002794,Northstar Account 2794,Ireland,Professional Services,Enterprise,Outbound,2026-02-05
C002795,Northstar Account 2795,United States,Professional Services,Mid-Market,Paid Search,2024-12-02
C002796,Northstar Account 2796,Ireland,Other,SMB,Partner,2025-06-19
C002797,Northstar Account 2797,United States,Technology,SMB,Paid Search,2025-09-09
C002798,Northstar Account 2798,United States,Technology,SMB,Organic,2026-02-09
C002799,Northstar Account 2799,Netherlands,Technology,Mid-Market,Outbound,2024-07-01
C002800,Northstar Account 2800,United States,Other,Mid-Market,Content,2025-08-27
C002801,Northstar Account 2801,United States,Other,Enterprise,Paid Search,2026-05-01
C002802,Northstar Account 2802,United States,Professional Services,SMB,Organic,2024-02-18
C002803,Northstar Account 2803,United States,Technology,SMB,Referral,2026-02-26
C002804,Northstar Account 2804,United States,Manufacturing,SMB,Paid Search,2026-06-02
C002805,Northstar Account 2805,United States,Professional Services,SMB,Partner,2026-04-18
C002806,Northstar Account 2806,United Kingdom,Technology,SMB,Partner,2026-07-26
C002807,Northstar Account 2807,Germany,Retail,SMB,Organic,2026-03-12
C002808,Northstar Account 2808,United States,Retail,Mid-Market,Organic,2025-08-09
C002809,Northstar Account 2809,Australia,Professional Services,SMB,Paid Search,2025-07-20
C002810,Northstar Account 2810,United Kingdom,Education,SMB,Outbound,2024-02-26
C002811,Northstar Account 2811,Germany,Education,SMB,Organic,2024-01-16
C002812,Northstar Account 2812,Germany,Healthcare,Mid-Market,Partner,2025-11-01
C002813,Northstar Account 2813,France,Technology,Mid-Market,Organic,2024-12-20
C002814,Northstar Account 2814,United States,Technology,SMB,Referral,2025-01-07
C002815,Northstar Account 2815,United Kingdom,Financial Services,SMB,Paid Search,2026-04-28
C002816,Northstar Account 2816,France,Technology,SMB,Paid Search,2024-06-08
C002817,Northstar Account 2817,Canada,Retail,SMB,Content,2024-12-18
C002818,Northstar Account 2818,United States,Technology,SMB,Referral,2026-01-20
C002819,Northstar Account 2819,United Kingdom,Professional Services,SMB,Organic,2024-02-13
C002820,Northstar Account 2820,Germany,Retail,Mid-Market,Organic,2025-08-23
C002821,Northstar Account 2821,United States,Professional Services,SMB,Outbound,2024-05-26
C002822,Northstar Account 2822,United Kingdom,Education,Mid-Market,Paid Search,2026-03-18
C002823,Northstar Account 2823,Australia,Professional Services,SMB,Paid Search,2025-11-22
C002824,Northstar Account 2824,United Kingdom,Manufacturing,Enterprise,Organic,2025-11-02
C002825,Northstar Account 2825,United States,Healthcare,Enterprise,Organic,2024-10-07
C002826,Northstar Account 2826,United Kingdom,Professional Services,Mid-Market,Referral,2026-02-13
C002827,Northstar Account 2827,United Kingdom,Manufacturing,SMB,Referral,2025-01-04
C002828,Northstar Account 2828,United States,Other,SMB,Partner,2025-09-14
C002829,Northstar Account 2829,Canada,Technology,Mid-Market,Referral,2024-05-03
C002830,Northstar Account 2830,United States,Education,Mid-Market,Organic,2024-05-11
C002831,Northstar Account 2831,Australia,Education,SMB,Content,2024-09-02
C002832,Northstar Account 2832,Germany,Education,SMB,Paid Search,2024-10-12
C002833,Northstar Account 2833,Germany,Technology,SMB,Organic,2024-06-12
C002834,Northstar Account 2834,United Kingdom,Technology,Mid-Market,Referral,2024-06-14
C002835,Northstar Account 2835,United States,Professional Services,Mid-Market,Organic,2026-06-28
C002836,Northstar Account 2836,Canada,Technology,SMB,Paid Search,2025-09-16
C002837,Northstar Account 2837,United States,Professional Services,SMB,Organic,2025-11-05
C002838,Northstar Account 2838,United Kingdom,Financial Services,SMB,Referral,2025-01-18
C002839,Northstar Account 2839,United States,Professional Services,SMB,Paid Search,2024-03-28
C002840,Northstar Account 2840,United Kingdom,Retail,SMB,Referral,2026-08-06
C002841,Northstar Account 2841,Canada,Professional Services,Mid-Market,Content,2024-03-03
C002842,Northstar Account 2842,United States,Retail,SMB,Referral,2026-04-26
C002843,Northstar Account 2843,United States,Manufacturing,SMB,Organic,2025-12-05
C002844,Northstar Account 2844,United States,Financial Services,SMB,Content,2025-05-24
C002845,Northstar Account 2845,United States,Retail,SMB,Paid Search,2026-02-12
C002846,Northstar Account 2846,United States,Retail,SMB,Outbound,2026-03-23
C002847,Northstar Account 2847,Australia,Technology,SMB,Referral,2026-06-20
C002848,Northstar Account 2848,France,Other,SMB,Paid Search,2025-09-23
C002849,Northstar Account 2849,Netherlands,Professional Services,Mid-Market,Content,2024-10-22
C002850,Northstar Account 2850,United States,Professional Services,SMB,Partner,2025-10-15
C002851,Northstar Account 2851,United States,Retail,SMB,Organic,2024-05-07
C002852,Northstar Account 2852,United States,Technology,SMB,Organic,2025-04-27
C002853,Northstar Account 2853,United Kingdom,Professional Services,Mid-Market,Referral,2025-11-06
C002854,Northstar Account 2854,Canada,Other,SMB,Referral,2024-11-11
C002855,Northstar Account 2855,Germany,Technology,Mid-Market,Content,2026-05-08
C002856,Northstar Account 2856,United States,Professional Services,Enterprise,Organic,2026-08-12
C002857,Northstar Account 2857,United Kingdom,Technology,Mid-Market,Referral,2024-04-07
C002858,Northstar Account 2858,Netherlands,Professional Services,SMB,Referral,2024-10-23
C002859,Northstar Account 2859,United States,Other,Mid-Market,Referral,2025-07-13
C002860,Northstar Account 2860,Germany,Education,SMB,Partner,2024-02-25
C002861,Northstar Account 2861,Canada,Other,SMB,Organic,2024-05-01
C002862,Northstar Account 2862,United States,Financial Services,SMB,Content,2026-06-13
C002863,Northstar Account 2863,France,Healthcare,SMB,Organic,2024-03-17
C002864,Northstar Account 2864,Australia,Healthcare,SMB,Paid Search,2024-11-24
C002865,Northstar Account 2865,Germany,Retail,SMB,Partner,2025-05-21
C002866,Northstar Account 2866,United States,Education,SMB,Organic,2024-02-18
C002867,Northstar Account 2867,United States,Education,SMB,Paid Search,2026-04-24
C002868,Northstar Account 2868,Canada,Healthcare,SMB,Paid Search,2026-04-11
C002869,Northstar Account 2869,United States,Retail,Enterprise,Referral,2025-04-27
C002870,Northstar Account 2870,United States,Education,SMB,Outbound,2024-09-26
C002871,Northstar Account 2871,United States,Technology,SMB,Organic,2026-06-26
C002872,Northstar Account 2872,United States,Healthcare,SMB,Paid Search,2025-12-15
C002873,Northstar Account 2873,Canada,Retail,SMB,Content,2025-08-03
C002874,Northstar Account 2874,United Kingdom,Healthcare,SMB,Organic,2025-04-24
C002875,Northstar Account 2875,United States,Retail,SMB,Outbound,2025-09-12
C002876,Northstar Account 2876,United Kingdom,Manufacturing,SMB,Partner,2024-11-23
C002877,Northstar Account 2877,United States,Manufacturing,SMB,Paid Search,2025-06-02
C002878,Northstar Account 2878,United States,Professional Services,SMB,Partner,2026-01-03
C002879,Northstar Account 2879,United States,Professional Services,SMB,Organic,2025-05-10
C002880,Northstar Account 2880,United States,Technology,SMB,Content,2026-01-25
C002881,Northstar Account 2881,United States,Technology,SMB,Paid Search,2026-02-01
C002882,Northstar Account 2882,United Kingdom,Professional Services,SMB,Content,2026-02-05
C002883,Northstar Account 2883,United States,Manufacturing,SMB,Content,2025-09-14
C002884,Northstar Account 2884,United Kingdom,Manufacturing,SMB,Content,2024-09-23
C002885,Northstar Account 2885,United States,Professional Services,SMB,Content,2026-01-05
C002886,Northstar Account 2886,Canada,Financial Services,SMB,Paid Search,2026-04-22
C002887,Northstar Account 2887,United Kingdom,Professional Services,SMB,Partner,2024-05-14
C002888,Northstar Account 2888,United States,Manufacturing,Enterprise,Content,2026-06-21
C002889,Northstar Account 2889,Canada,Retail,SMB,Organic,2026-07-21
C002890,Northstar Account 2890,Germany,Education,SMB,Paid Search,2025-12-26
C002891,Northstar Account 2891,United States,Professional Services,SMB,Organic,2024-06-02
C002892,Northstar Account 2892,United Kingdom,Technology,Enterprise,Organic,2025-12-17
C002893,Northstar Account 2893,Germany,Professional Services,SMB,Content,2025-03-13
C002894,Northstar Account 2894,United States,Education,SMB,Organic,2025-01-10
C002895,Northstar Account 2895,France,Other,Enterprise,Referral,2024-02-21
C002896,Northstar Account 2896,United States,Healthcare,SMB,Outbound,2026-02-17
C002897,Northstar Account 2897,Canada,Manufacturing,Enterprise,Organic,2025-09-13
C002898,Northstar Account 2898,France,Technology,SMB,Content,2025-06-20
C002899,Northstar Account 2899,Ireland,Manufacturing,SMB,Paid Search,2025-04-17
C002900,Northstar Account 2900,United Kingdom,Financial Services,SMB,Paid Search,2025-05-11
C002901,Northstar Account 2901,Canada,Retail,SMB,Paid Search,2025-06-10
C002902,Northstar Account 2902,United States,Retail,Enterprise,Organic,2025-07-08
C002903,Northstar Account 2903,United States,Technology,SMB,Organic,2024-05-09
C002904,Northstar Account 2904,Australia,Technology,Enterprise,Partner,2025-04-14
C002905,Northstar Account 2905,United States,Technology,SMB,Organic,2024-04-06
C002906,Northstar Account 2906,Australia,Manufacturing,SMB,Paid Search,2026-03-26
C002907,Northstar Account 2907,United States,Manufacturing,Enterprise,Referral,2025-08-17
C002908,Northstar Account 2908,United States,Technology,SMB,Paid Search,2026-04-18
C002909,Northstar Account 2909,United States,Other,Mid-Market,Content,2025-05-17
C002910,Northstar Account 2910,United Kingdom,Financial Services,SMB,Outbound,2024-07-26
C002911,Northstar Account 2911,United States,Healthcare,Mid-Market,Referral,2025-01-23
C002912,Northstar Account 2912,United States,Other,SMB,Referral,2024-11-14
C002913,Northstar Account 2913,Ireland,Financial Services,SMB,Referral,2025-06-10
C002914,Northstar Account 2914,Germany,Professional Services,Mid-Market,Referral,2026-03-27
C002915,Northstar Account 2915,Germany,Other,SMB,Outbound,2024-06-17
C002916,Northstar Account 2916,United States,Retail,SMB,Outbound,2025-04-23
C002917,Northstar Account 2917,United States,Technology,SMB,Organic,2024-05-04
C002918,Northstar Account 2918,Canada,Technology,Mid-Market,Referral,2025-04-10
C002919,Northstar Account 2919,United States,Education,SMB,Content,2025-10-08
C002920,Northstar Account 2920,United States,Other,Mid-Market,Paid Search,2024-04-13
C002921,Northstar Account 2921,France,Retail,Enterprise,Partner,2024-04-15
C002922,Northstar Account 2922,United States,Healthcare,SMB,Referral,2026-02-28
C002923,Northstar Account 2923,France,Professional Services,SMB,Referral,2025-05-03
C002924,Northstar Account 2924,United States,Financial Services,Mid-Market,Organic,2025-03-27
C002925,Northstar Account 2925,United States,Technology,SMB,Organic,2026-01-23
C002926,Northstar Account 2926,United States,Healthcare,SMB,Paid Search,2024-05-12
C002927,Northstar Account 2927,Netherlands,Healthcare,Mid-Market,Partner,2026-05-08
C002928,Northstar Account 2928,United Kingdom,Technology,SMB,Outbound,2026-03-24
C002929,Northstar Account 2929,Germany,Other,SMB,Content,2025-04-04
C002930,Northstar Account 2930,United States,Other,Mid-Market,Organic,2025-06-26
C002931,Northstar Account 2931,Australia,Retail,SMB,Organic,2025-04-27
C002932,Northstar Account 2932,United Kingdom,Education,SMB,Content,2026-03-08
C002933,Northstar Account 2933,United Kingdom,Financial Services,SMB,Referral,2024-02-16
C002934,Northstar Account 2934,Germany,Technology,Mid-Market,Partner,2025-12-15
C002935,Northstar Account 2935,Germany,Technology,Mid-Market,Organic,2025-01-22
C002936,Northstar Account 2936,Canada,Education,SMB,Paid Search,2026-03-22
C002937,Northstar Account 2937,United States,Healthcare,SMB,Content,2026-08-28
C002938,Northstar Account 2938,Australia,Education,SMB,Referral,2024-12-03
C002939,Northstar Account 2939,United States,Healthcare,SMB,Organic,2025-06-23
C002940,Northstar Account 2940,Ireland,Education,SMB,Outbound,2025-09-23
C002941,Northstar Account 2941,United States,Technology,Enterprise,Referral,2025-09-21
C002942,Northstar Account 2942,United States,Technology,SMB,Outbound,2024-08-06
C002943,Northstar Account 2943,United States,Professional Services,Mid-Market,Partner,2025-10-21
C002944,Northstar Account 2944,United Kingdom,Retail,SMB,Organic,2026-02-14
C002945,Northstar Account 2945,United States,Manufacturing,SMB,Outbound,2026-07-08
C002946,Northstar Account 2946,Australia,Financial Services,SMB,Outbound,2026-02-11
C002947,Northstar Account 2947,Canada,Retail,SMB,Outbound,2025-10-12
C002948,Northstar Account 2948,United States,Healthcare,Mid-Market,Content,2024-11-21
C002949,Northstar Account 2949,United Kingdom,Professional Services,Enterprise,Organic,2024-05-06
C002950,Northstar Account 2950,Germany,Retail,Mid-Market,Paid Search,2025-11-07
C002951,Northstar Account 2951,France,Other,SMB,Organic,2025-11-11
C002952,Northstar Account 2952,United States,Professional Services,Mid-Market,Outbound,2026-05-14
C002953,Northstar Account 2953,France,Manufacturing,SMB,Organic,2025-06-27
C002954,Northstar Account 2954,United States,Technology,Mid-Market,Content,2024-08-08
C002955,Northstar Account 2955,Canada,Professional Services,SMB,Outbound,2024-10-26
C002956,Northstar Account 2956,Germany,Education,SMB,Outbound,2025-07-02
C002957,Northstar Account 2957,United States,Manufacturing,SMB,Outbound,2025-01-15
C002958,Northstar Account 2958,United States,Healthcare,SMB,Partner,2024-09-24
C002959,Northstar Account 2959,Canada,Financial Services,SMB,Partner,2024-06-09
C002960,Northstar Account 2960,United States,Financial Services,Mid-Market,Outbound,2025-05-07
C002961,Northstar Account 2961,United States,Healthcare,Mid-Market,Paid Search,2025-02-17
C002962,Northstar Account 2962,United States,Professional Services,Enterprise,Paid Search,2026-08-07
C002963,Northstar Account 2963,Germany,Professional Services,SMB,Outbound,2026-05-01
C002964,Northstar Account 2964,United States,Healthcare,SMB,Referral,2024-09-02
C002965,Northstar Account 2965,United States,Education,SMB,Partner,2026-02-14
C002966,Northstar Account 2966,Ireland,Retail,SMB,Paid Search,2025-07-15
C002967,Northstar Account 2967,Germany,Retail,SMB,Partner,2026-07-01
C002968,Northstar Account 2968,United Kingdom,Technology,SMB,Outbound,2025-11-08
C002969,Northstar Account 2969,United Kingdom,Technology,SMB,Referral,2024-09-22
C002970,Northstar Account 2970,United States,Retail,SMB,Organic,2024-09-16
C002971,Northstar Account 2971,United States,Financial Services,SMB,Partner,2026-08-18
C002972,Northstar Account 2972,United States,Manufacturing,Mid-Market,Content,2026-07-21
C002973,Northstar Account 2973,United States,Other,SMB,Outbound,2025-07-26
C002974,Northstar Account 2974,United States,Education,Enterprise,Organic,2025-09-02
C002975,Northstar Account 2975,United Kingdom,Professional Services,SMB,Referral,2025-09-14
C002976,Northstar Account 2976,United States,Education,Mid-Market,Organic,2026-03-06
C002977,Northstar Account 2977,United States,Financial Services,Mid-Market,Organic,2025-07-19
C002978,Northstar Account 2978,Australia,Education,Mid-Market,Paid Search,2024-06-11
C002979,Northstar Account 2979,United States,Retail,Mid-Market,Partner,2025-02-05
C002980,Northstar Account 2980,Canada,Healthcare,Mid-Market,Partner,2025-09-25
C002981,Northstar Account 2981,United States,Technology,SMB,Organic,2025-03-15
C002982,Northstar Account 2982,United Kingdom,Professional Services,SMB,Organic,2026-04-04
C002983,Northstar Account 2983,United States,Technology,SMB,Paid Search,2026-07-07
C002984,Northstar Account 2984,United States,Retail,SMB,Paid Search,2024-11-21
C002985,Northstar Account 2985,Germany,Financial Services,SMB,Referral,2026-06-14
C002986,Northstar Account 2986,United States,Technology,SMB,Paid Search,2026-01-27
C002987,Northstar Account 2987,United States,Technology,SMB,Paid Search,2025-10-02
C002988,Northstar Account 2988,United States,Manufacturing,SMB,Outbound,2024-07-03
C002989,Northstar Account 2989,United Kingdom,Financial Services,SMB,Organic,2025-05-20
C002990,Northstar Account 2990,United States,Healthcare,SMB,Content,2026-08-10
C002991,Northstar Account 2991,United Kingdom,Professional Services,Mid-Market,Referral,2025-12-25
C002992,Northstar Account 2992,United Kingdom,Retail,Mid-Market,Referral,2025-10-22
C002993,Northstar Account 2993,United Kingdom,Education,SMB,Partner,2024-02-01
C002994,Northstar Account 2994,Germany,Financial Services,SMB,Paid Search,2025-02-27
C002995,Northstar Account 2995,United States,Technology,SMB,Content,2025-07-27
C002996,Northstar Account 2996,France,Other,SMB,Content,2025-11-07
C002997,Northstar Account 2997,United States,Education,Mid-Market,Organic,2026-05-18
C002998,Northstar Account 2998,United States,Manufacturing,SMB,Content,2025-06-18
C002999,Northstar Account 2999,Canada,Technology,Enterprise,Partner,2024-12-02
C003000,Northstar Account 3000,United Kingdom,Other,SMB,Outbound,2024-12-21
C003001,Northstar Account 3001,United States,Retail,Mid-Market,Content,2024-07-28
C003002,Northstar Account 3002,Ireland,Professional Services,SMB,Paid Search,2024-07-12
C003003,Northstar Account 3003,Netherlands,Retail,SMB,Content,2025-01-28
C003004,Northstar Account 3004,United States,Professional Services,Mid-Market,Outbound,2026-03-19
C003005,Northstar Account 3005,United Kingdom,Technology,SMB,Content,2025-05-21
C003006,Northstar Account 3006,Germany,Technology,Mid-Market,Paid Search,2026-05-16
C003007,Northstar Account 3007,France,Professional Services,SMB,Content,2026-07-20
C003008,Northstar Account 3008,United Kingdom,Retail,SMB,Referral,2024-04-27
C003009,Northstar Account 3009,United States,Education,SMB,Organic,2026-01-17
C003010,Northstar Account 3010,Canada,Manufacturing,Mid-Market,Content,2024-05-16
C003011,Northstar Account 3011,United States,Healthcare,SMB,Partner,2024-04-05
C003012,Northstar Account 3012,Canada,Technology,Mid-Market,Content,2024-12-15
C003013,Northstar Account 3013,United Kingdom,Retail,Mid-Market,Referral,2024-05-25
C003014,Northstar Account 3014,United Kingdom,Education,Mid-Market,Organic,2025-12-19
C003015,Northstar Account 3015,United States,Manufacturing,SMB,Outbound,2026-01-21
C003016,Northstar Account 3016,United States,Professional Services,Mid-Market,Partner,2025-11-05
C003017,Northstar Account 3017,United Kingdom,Other,Enterprise,Partner,2025-10-24
C003018,Northstar Account 3018,United States,Manufacturing,SMB,Organic,2026-03-15
C003019,Northstar Account 3019,United States,Financial Services,SMB,Paid Search,2026-03-13
C003020,Northstar Account 3020,United States,Education,SMB,Referral,2026-05-02
C003021,Northstar Account 3021,Australia,Retail,SMB,Organic,2026-01-26
C003022,Northstar Account 3022,United States,Other,Mid-Market,Outbound,2025-03-18
C003023,Northstar Account 3023,Canada,Other,SMB,Outbound,2025-08-09
C003024,Northstar Account 3024,United Kingdom,Financial Services,SMB,Content,2025-07-15
C003025,Northstar Account 3025,Australia,Financial Services,SMB,Organic,2024-06-26
C003026,Northstar Account 3026,United Kingdom,Other,SMB,Referral,2026-04-24
C003027,Northstar Account 3027,United States,Manufacturing,SMB,Paid Search,2026-06-09
C003028,Northstar Account 3028,United States,Technology,Mid-Market,Content,2026-08-23
C003029,Northstar Account 3029,United States,Healthcare,SMB,Partner,2024-11-01
C003030,Northstar Account 3030,Australia,Healthcare,SMB,Outbound,2024-05-13
C003031,Northstar Account 3031,Canada,Manufacturing,Mid-Market,Organic,2024-06-16
C003032,Northstar Account 3032,Germany,Retail,SMB,Organic,2026-04-19
C003033,Northstar Account 3033,Canada,Retail,SMB,Outbound,2025-11-01
C003034,Northstar Account 3034,Australia,Other,SMB,Partner,2026-03-09
C003035,Northstar Account 3035,Ireland,Retail,Enterprise,Content,2026-06-08
C003036,Northstar Account 3036,Canada,Technology,Mid-Market,Outbound,2024-10-11
C003037,Northstar Account 3037,United States,Education,SMB,Partner,2025-03-20
C003038,Northstar Account 3038,United States,Professional Services,SMB,Organic,2026-03-03
C003039,Northstar Account 3039,United Kingdom,Professional Services,SMB,Partner,2024-12-21
C003040,Northstar Account 3040,Germany,Healthcare,SMB,Content,2025-08-03
C003041,Northstar Account 3041,United Kingdom,Other,SMB,Outbound,2025-06-15
C003042,Northstar Account 3042,United States,Professional Services,Mid-Market,Organic,2025-10-23
C003043,Northstar Account 3043,Canada,Professional Services,Mid-Market,Referral,2026-08-25
C003044,Northstar Account 3044,United States,Retail,SMB,Organic,2024-05-28
C003045,Northstar Account 3045,United States,Education,Mid-Market,Referral,2025-07-13
C003046,Northstar Account 3046,Australia,Retail,Enterprise,Content,2026-08-14
C003047,Northstar Account 3047,United Kingdom,Retail,SMB,Content,2025-03-26
C003048,Northstar Account 3048,United States,Education,SMB,Organic,2026-02-04
C003049,Northstar Account 3049,United States,Other,Mid-Market,Organic,2026-07-26
C003050,Northstar Account 3050,United Kingdom,Professional Services,SMB,Organic,2024-11-03
C003051,Northstar Account 3051,United States,Healthcare,Mid-Market,Paid Search,2024-04-03
C003052,Northstar Account 3052,United States,Manufacturing,SMB,Organic,2024-04-02
C003053,Northstar Account 3053,United Kingdom,Technology,SMB,Content,2024-04-07
C003054,Northstar Account 3054,Canada,Manufacturing,Mid-Market,Organic,2025-03-25
C003055,Northstar Account 3055,United States,Professional Services,SMB,Organic,2024-06-06
C003056,Northstar Account 3056,United Kingdom,Technology,SMB,Referral,2025-04-13
C003057,Northstar Account 3057,United Kingdom,Technology,SMB,Paid Search,2026-02-23
C003058,Northstar Account 3058,United States,Technology,SMB,Organic,2025-01-25
C003059,Northstar Account 3059,United States,Manufacturing,SMB,Outbound,2025-07-13
C003060,Northstar Account 3060,United States,Education,SMB,Paid Search,2024-06-11
C003061,Northstar Account 3061,United States,Manufacturing,SMB,Organic,2026-01-14
C003062,Northstar Account 3062,Germany,Manufacturing,SMB,Partner,2025-02-17
C003063,Northstar Account 3063,United States,Professional Services,SMB,Paid Search,2024-07-10
C003064,Northstar Account 3064,Ireland,Other,Mid-Market,Organic,2026-07-19
C003065,Northstar Account 3065,United States,Financial Services,SMB,Paid Search,2026-03-23
C003066,Northstar Account 3066,Canada,Professional Services,SMB,Organic,2025-12-02
C003067,Northstar Account 3067,United Kingdom,Manufacturing,SMB,Content,2026-02-24
C003068,Northstar Account 3068,Germany,Manufacturing,SMB,Organic,2025-05-20
C003069,Northstar Account 3069,France,Retail,Mid-Market,Organic,2025-01-02
C003070,Northstar Account 3070,United Kingdom,Technology,SMB,Organic,2025-07-23
C003071,Northstar Account 3071,United States,Professional Services,SMB,Outbound,2026-04-14
C003072,Northstar Account 3072,Netherlands,Other,Enterprise,Paid Search,2026-08-01
C003073,Northstar Account 3073,Netherlands,Education,Mid-Market,Content,2025-10-03
C003074,Northstar Account 3074,Ireland,Manufacturing,Mid-Market,Organic,2025-04-02
C003075,Northstar Account 3075,United States,Other,Mid-Market,Outbound,2026-02-12
C003076,Northstar Account 3076,United States,Technology,Mid-Market,Organic,2026-01-15
C003077,Northstar Account 3077,United States,Other,SMB,Paid Search,2024-11-07
C003078,Northstar Account 3078,Canada,Retail,SMB,Partner,2025-05-28
C003079,Northstar Account 3079,United States,Manufacturing,SMB,Paid Search,2024-07-01
C003080,Northstar Account 3080,United States,Professional Services,SMB,Content,2025-04-28
C003081,Northstar Account 3081,United Kingdom,Professional Services,SMB,Referral,2026-03-05
C003082,Northstar Account 3082,United States,Professional Services,SMB,Referral,2025-01-04
C003083,Northstar Account 3083,Canada,Professional Services,Mid-Market,Paid Search,2025-11-14
C003084,Northstar Account 3084,United States,Technology,Mid-Market,Referral,2025-02-22
C003085,Northstar Account 3085,Australia,Professional Services,Mid-Market,Organic,2024-07-19
C003086,Northstar Account 3086,United States,Education,SMB,Outbound,2026-02-23
C003087,Northstar Account 3087,United Kingdom,Other,SMB,Referral,2025-10-13
C003088,Northstar Account 3088,United Kingdom,Technology,SMB,Referral,2026-04-25
C003089,Northstar Account 3089,United States,Technology,SMB,Content,2025-12-22
C003090,Northstar Account 3090,United States,Healthcare,Mid-Market,Partner,2026-04-02
C003091,Northstar Account 3091,Australia,Education,Mid-Market,Partner,2024-08-15
C003092,Northstar Account 3092,United Kingdom,Healthcare,Mid-Market,Paid Search,2025-11-28
C003093,Northstar Account 3093,United States,Other,Mid-Market,Referral,2025-03-21
C003094,Northstar Account 3094,Canada,Professional Services,Enterprise,Organic,2026-02-24
C003095,Northstar Account 3095,United States,Retail,SMB,Paid Search,2025-10-21
C003096,Northstar Account 3096,United States,Other,SMB,Content,2024-03-18
C003097,Northstar Account 3097,United States,Healthcare,SMB,Paid Search,2025-08-10
C003098,Northstar Account 3098,United States,Healthcare,SMB,Referral,2026-02-02
C003099,Northstar Account 3099,United States,Other,SMB,Paid Search,2024-12-09
C003100,Northstar Account 3100,United States,Professional Services,SMB,Organic,2025-12-07
C003101,Northstar Account 3101,United States,Technology,Enterprise,Content,2026-05-21
C003102,Northstar Account 3102,United States,Technology,SMB,Paid Search,2024-04-10
C003103,Northstar Account 3103,United Kingdom,Financial Services,Enterprise,Referral,2025-10-10
C003104,Northstar Account 3104,Canada,Financial Services,Mid-Market,Referral,2026-06-25
C003105,Northstar Account 3105,United States,Professional Services,SMB,Content,2024-06-06
C003106,Northstar Account 3106,United States,Retail,Mid-Market,Paid Search,2024-12-22
C003107,Northstar Account 3107,Canada,Healthcare,SMB,Content,2025-11-10
C003108,Northstar Account 3108,United Kingdom,Technology,SMB,Organic,2025-10-27
C003109,Northstar Account 3109,Australia,Financial Services,SMB,Organic,2026-03-27
C003110,Northstar Account 3110,United States,Retail,Enterprise,Organic,2025-11-12
C003111,Northstar Account 3111,United States,Financial Services,SMB,Organic,2025-10-22
C003112,Northstar Account 3112,United States,Manufacturing,SMB,Partner,2025-06-26
C003113,Northstar Account 3113,United Kingdom,Professional Services,Mid-Market,Paid Search,2024-04-17
C003114,Northstar Account 3114,United States,Education,Mid-Market,Organic,2025-10-26
C003115,Northstar Account 3115,United States,Manufacturing,SMB,Referral,2024-08-20
C003116,Northstar Account 3116,United States,Professional Services,SMB,Partner,2026-08-01
C003117,Northstar Account 3117,Canada,Professional Services,SMB,Paid Search,2024-04-18
C003118,Northstar Account 3118,United States,Financial Services,Mid-Market,Organic,2024-04-07
C003119,Northstar Account 3119,Canada,Education,SMB,Organic,2026-03-17
C003120,Northstar Account 3120,United States,Manufacturing,SMB,Referral,2024-05-23
C003121,Northstar Account 3121,United States,Professional Services,SMB,Outbound,2025-04-06
C003122,Northstar Account 3122,United States,Education,SMB,Partner,2026-07-19
C003123,Northstar Account 3123,Ireland,Education,SMB,Referral,2026-03-16
C003124,Northstar Account 3124,United States,Professional Services,SMB,Paid Search,2024-11-07
C003125,Northstar Account 3125,United States,Professional Services,SMB,Outbound,2024-11-22
C003126,Northstar Account 3126,Australia,Retail,SMB,Organic,2025-10-22
C003127,Northstar Account 3127,United States,Manufacturing,SMB,Organic,2025-07-01
C003128,Northstar Account 3128,United States,Technology,SMB,Paid Search,2024-06-09
C003129,Northstar Account 3129,United States,Financial Services,Mid-Market,Paid Search,2024-08-03
C003130,Northstar Account 3130,Canada,Professional Services,Enterprise,Content,2026-04-17
C003131,Northstar Account 3131,United States,Financial Services,SMB,Organic,2025-02-25
C003132,Northstar Account 3132,Australia,Technology,Mid-Market,Organic,2026-04-27
C003133,Northstar Account 3133,Canada,Manufacturing,SMB,Paid Search,2024-09-12
C003134,Northstar Account 3134,United Kingdom,Healthcare,SMB,Outbound,2025-10-07
C003135,Northstar Account 3135,United States,Education,Mid-Market,Content,2025-08-09
C003136,Northstar Account 3136,Germany,Other,Mid-Market,Outbound,2025-02-02
C003137,Northstar Account 3137,Australia,Technology,Mid-Market,Content,2025-11-10
C003138,Northstar Account 3138,Australia,Technology,SMB,Outbound,2024-06-19
C003139,Northstar Account 3139,United States,Technology,Mid-Market,Partner,2026-05-01
C003140,Northstar Account 3140,Canada,Retail,SMB,Paid Search,2026-02-21
C003141,Northstar Account 3141,Canada,Manufacturing,SMB,Organic,2024-12-24
C003142,Northstar Account 3142,Netherlands,Technology,SMB,Organic,2025-10-09
C003143,Northstar Account 3143,United States,Manufacturing,Enterprise,Referral,2026-06-22
C003144,Northstar Account 3144,Germany,Retail,SMB,Paid Search,2025-05-14
C003145,Northstar Account 3145,Canada,Other,Mid-Market,Paid Search,2025-03-28
C003146,Northstar Account 3146,Australia,Professional Services,SMB,Referral,2026-04-15
C003147,Northstar Account 3147,Canada,Other,Mid-Market,Paid Search,2024-01-17
C003148,Northstar Account 3148,Australia,Healthcare,Mid-Market,Paid Search,2026-01-23
C003149,Northstar Account 3149,United States,Other,Mid-Market,Paid Search,2024-10-08
C003150,Northstar Account 3150,United States,Education,SMB,Referral,2026-01-20
C003151,Northstar Account 3151,United States,Professional Services,SMB,Paid Search,2025-06-24
C003152,Northstar Account 3152,Germany,Manufacturing,SMB,Paid Search,2024-02-08
C003153,Northstar Account 3153,United States,Retail,SMB,Paid Search,2026-05-23
C003154,Northstar Account 3154,United Kingdom,Professional Services,SMB,Content,2025-09-08
C003155,Northstar Account 3155,Ireland,Retail,SMB,Paid Search,2025-01-18
C003156,Northstar Account 3156,France,Financial Services,SMB,Paid Search,2026-01-10
C003157,Northstar Account 3157,Canada,Manufacturing,SMB,Outbound,2025-07-18
C003158,Northstar Account 3158,Germany,Technology,SMB,Content,2024-02-05
C003159,Northstar Account 3159,United States,Financial Services,Mid-Market,Paid Search,2025-12-23
C003160,Northstar Account 3160,United States,Retail,SMB,Organic,2026-08-04
C003161,Northstar Account 3161,United Kingdom,Technology,Enterprise,Paid Search,2024-10-10
C003162,Northstar Account 3162,Germany,Technology,Enterprise,Referral,2026-05-23
C003163,Northstar Account 3163,United States,Technology,SMB,Organic,2025-11-03
C003164,Northstar Account 3164,United States,Education,Mid-Market,Outbound,2024-04-24
C003165,Northstar Account 3165,Canada,Professional Services,SMB,Content,2026-02-12
C003166,Northstar Account 3166,United States,Technology,Mid-Market,Partner,2025-06-08
C003167,Northstar Account 3167,Australia,Professional Services,SMB,Paid Search,2026-03-24
C003168,Northstar Account 3168,United States,Financial Services,SMB,Content,2025-11-24
C003169,Northstar Account 3169,Australia,Healthcare,SMB,Referral,2024-01-25
C003170,Northstar Account 3170,United Kingdom,Retail,SMB,Content,2024-06-16
C003171,Northstar Account 3171,Germany,Manufacturing,Enterprise,Paid Search,2025-03-06
C003172,Northstar Account 3172,Canada,Technology,Mid-Market,Referral,2025-07-20
C003173,Northstar Account 3173,United States,Financial Services,Mid-Market,Content,2026-07-20
C003174,Northstar Account 3174,United States,Technology,Enterprise,Outbound,2026-04-25
C003175,Northstar Account 3175,France,Technology,Mid-Market,Partner,2026-04-21
C003176,Northstar Account 3176,United States,Professional Services,SMB,Partner,2025-09-09
C003177,Northstar Account 3177,Canada,Technology,Mid-Market,Organic,2024-05-13
C003178,Northstar Account 3178,United States,Technology,SMB,Referral,2026-02-19
C003179,Northstar Account 3179,Germany,Manufacturing,SMB,Outbound,2024-05-22
C003180,Northstar Account 3180,United States,Retail,SMB,Referral,2024-05-09
C003181,Northstar Account 3181,United Kingdom,Technology,Enterprise,Paid Search,2024-11-08
C003182,Northstar Account 3182,United Kingdom,Education,SMB,Paid Search,2026-07-26
C003183,Northstar Account 3183,United States,Education,SMB,Referral,2026-02-28
C003184,Northstar Account 3184,United States,Other,SMB,Content,2024-04-09
C003185,Northstar Account 3185,Australia,Technology,SMB,Paid Search,2026-07-02
C003186,Northstar Account 3186,Canada,Financial Services,SMB,Organic,2026-03-18
C003187,Northstar Account 3187,Ireland,Education,Mid-Market,Outbound,2025-10-01
C003188,Northstar Account 3188,Germany,Healthcare,Mid-Market,Partner,2024-06-06
C003189,Northstar Account 3189,United Kingdom,Professional Services,SMB,Paid Search,2025-02-15
C003190,Northstar Account 3190,United Kingdom,Retail,SMB,Organic,2025-01-11
C003191,Northstar Account 3191,Netherlands,Technology,SMB,Organic,2025-11-02
C003192,Northstar Account 3192,United Kingdom,Education,SMB,Paid Search,2025-10-10
C003193,Northstar Account 3193,United States,Education,SMB,Referral,2024-12-19
C003194,Northstar Account 3194,Australia,Technology,Mid-Market,Referral,2025-01-22
C003195,Northstar Account 3195,Netherlands,Professional Services,SMB,Referral,2025-08-22
C003196,Northstar Account 3196,United States,Other,SMB,Referral,2026-05-09
C003197,Northstar Account 3197,United States,Retail,SMB,Paid Search,2024-06-19
C003198,Northstar Account 3198,United Kingdom,Healthcare,SMB,Paid Search,2026-02-10
C003199,Northstar Account 3199,Canada,Other,SMB,Paid Search,2026-08-19
C003200,Northstar Account 3200,United States,Technology,Enterprise,Paid Search,2026-02-01
C003201,Northstar Account 3201,Canada,Healthcare,Mid-Market,Referral,2025-06-12
C003202,Northstar Account 3202,United Kingdom,Manufacturing,Mid-Market,Paid Search,2026-02-09
C003203,Northstar Account 3203,United States,Professional Services,Mid-Market,Referral,2026-05-19
C003204,Northstar Account 3204,United Kingdom,Professional Services,SMB,Paid Search,2026-03-08
C003205,Northstar Account 3205,United States,Financial Services,Mid-Market,Paid Search,2024-01-09
C003206,Northstar Account 3206,Germany,Technology,SMB,Paid Search,2024-07-16
C003207,Northstar Account 3207,United States,Technology,SMB,Partner,2024-06-19
C003208,Northstar Account 3208,Germany,Retail,SMB,Referral,2024-02-12
C003209,Northstar Account 3209,United States,Manufacturing,SMB,Content,2026-01-25
C003210,Northstar Account 3210,Netherlands,Retail,SMB,Paid Search,2024-12-28
C003211,Northstar Account 3211,Germany,Professional Services,SMB,Referral,2026-02-17
C003212,Northstar Account 3212,United States,Retail,Mid-Market,Content,2025-12-16
C003213,Northstar Account 3213,Ireland,Retail,Mid-Market,Organic,2025-08-15
C003214,Northstar Account 3214,United States,Education,SMB,Paid Search,2024-03-03
C003215,Northstar Account 3215,United Kingdom,Financial Services,SMB,Paid Search,2025-01-12
C003216,Northstar Account 3216,France,Professional Services,Mid-Market,Paid Search,2024-02-23
C003217,Northstar Account 3217,France,Education,SMB,Content,2026-06-20
C003218,Northstar Account 3218,Canada,Education,SMB,Organic,2025-01-02
C003219,Northstar Account 3219,Ireland,Manufacturing,SMB,Partner,2024-05-04
C003220,Northstar Account 3220,United States,Healthcare,SMB,Content,2024-01-24
C003221,Northstar Account 3221,United States,Technology,SMB,Organic,2025-11-21
C003222,Northstar Account 3222,United States,Education,Mid-Market,Referral,2025-11-12
C003223,Northstar Account 3223,United States,Healthcare,Mid-Market,Paid Search,2026-08-27
C003224,Northstar Account 3224,United Kingdom,Healthcare,Mid-Market,Partner,2025-01-02
C003225,Northstar Account 3225,United States,Professional Services,SMB,Paid Search,2024-03-22
C003226,Northstar Account 3226,United Kingdom,Technology,Mid-Market,Organic,2026-03-28
C003227,Northstar Account 3227,United States,Technology,Mid-Market,Organic,2025-01-13
C003228,Northstar Account 3228,United States,Technology,SMB,Referral,2025-02-14
C003229,Northstar Account 3229,Canada,Technology,SMB,Referral,2026-06-06
C003230,Northstar Account 3230,United States,Professional Services,SMB,Content,2025-10-24
C003231,Northstar Account 3231,Canada,Technology,SMB,Paid Search,2025-04-21
C003232,Northstar Account 3232,Germany,Professional Services,SMB,Outbound,2026-07-12
C003233,Northstar Account 3233,United Kingdom,Other,SMB,Paid Search,2024-12-07
C003234,Northstar Account 3234,France,Retail,SMB,Content,2024-02-13
C003235,Northstar Account 3235,Netherlands,Professional Services,SMB,Content,2024-10-13
C003236,Northstar Account 3236,United States,Education,SMB,Referral,2024-03-11
C003237,Northstar Account 3237,Canada,Retail,Enterprise,Organic,2025-05-24
C003238,Northstar Account 3238,United States,Technology,SMB,Content,2026-04-11
C003239,Northstar Account 3239,United States,Healthcare,SMB,Referral,2026-08-04
C003240,Northstar Account 3240,United Kingdom,Professional Services,SMB,Paid Search,2026-01-23
C003241,Northstar Account 3241,Canada,Healthcare,Mid-Market,Content,2026-07-21
C003242,Northstar Account 3242,Australia,Technology,SMB,Paid Search,2025-05-01
C003243,Northstar Account 3243,Canada,Retail,Mid-Market,Partner,2025-01-20
C003244,Northstar Account 3244,Germany,Technology,SMB,Referral,2024-07-14
C003245,Northstar Account 3245,United Kingdom,Professional Services,SMB,Content,2025-07-19
C003246,Northstar Account 3246,United States,Education,SMB,Organic,2025-02-08
C003247,Northstar Account 3247,United States,Professional Services,SMB,Paid Search,2024-06-05
C003248,Northstar Account 3248,United Kingdom,Retail,Mid-Market,Partner,2026-07-16
C003249,Northstar Account 3249,Canada,Technology,Mid-Market,Organic,2024-06-02
C003250,Northstar Account 3250,United States,Education,SMB,Partner,2026-02-07
C003251,Northstar Account 3251,United States,Healthcare,Enterprise,Organic,2024-04-02
C003252,Northstar Account 3252,United States,Manufacturing,SMB,Content,2025-08-10
C003253,Northstar Account 3253,United Kingdom,Healthcare,SMB,Organic,2025-12-26
C003254,Northstar Account 3254,United States,Other,SMB,Paid Search,2024-11-15
C003255,Northstar Account 3255,United States,Professional Services,SMB,Partner,2024-04-21
C003256,Northstar Account 3256,United States,Manufacturing,Mid-Market,Paid Search,2025-10-21
C003257,Northstar Account 3257,United States,Retail,SMB,Paid Search,2025-10-04
C003258,Northstar Account 3258,United Kingdom,Professional Services,SMB,Organic,2025-01-27
C003259,Northstar Account 3259,France,Manufacturing,SMB,Partner,2025-04-05
C003260,Northstar Account 3260,United States,Other,SMB,Organic,2024-03-07
C003261,Northstar Account 3261,United Kingdom,Manufacturing,SMB,Partner,2025-01-19
C003262,Northstar Account 3262,United Kingdom,Professional Services,Mid-Market,Content,2026-06-14
C003263,Northstar Account 3263,United Kingdom,Retail,SMB,Partner,2024-08-07
C003264,Northstar Account 3264,United States,Technology,SMB,Organic,2025-06-10
C003265,Northstar Account 3265,United States,Healthcare,SMB,Paid Search,2025-12-12
C003266,Northstar Account 3266,France,Retail,SMB,Paid Search,2026-04-17
C003267,Northstar Account 3267,Netherlands,Professional Services,SMB,Partner,2024-04-23
C003268,Northstar Account 3268,United States,Technology,Mid-Market,Referral,2025-10-11
C003269,Northstar Account 3269,United Kingdom,Other,Enterprise,Paid Search,2025-11-11
C003270,Northstar Account 3270,United States,Technology,SMB,Paid Search,2024-09-03
C003271,Northstar Account 3271,United States,Professional Services,Enterprise,Organic,2024-02-27
C003272,Northstar Account 3272,United States,Technology,SMB,Organic,2026-05-18
C003273,Northstar Account 3273,Canada,Retail,SMB,Outbound,2025-06-08
C003274,Northstar Account 3274,United States,Technology,Mid-Market,Paid Search,2024-03-01
C003275,Northstar Account 3275,United States,Manufacturing,Mid-Market,Paid Search,2025-10-27
C003276,Northstar Account 3276,United States,Professional Services,Mid-Market,Organic,2025-04-02
C003277,Northstar Account 3277,United States,Technology,SMB,Paid Search,2024-04-06
C003278,Northstar Account 3278,United States,Technology,SMB,Paid Search,2025-01-25
C003279,Northstar Account 3279,United Kingdom,Professional Services,SMB,Organic,2025-02-10
C003280,Northstar Account 3280,United Kingdom,Education,SMB,Organic,2025-10-25
C003281,Northstar Account 3281,United States,Technology,Mid-Market,Paid Search,2025-04-16
C003282,Northstar Account 3282,United States,Education,SMB,Referral,2024-06-16
C003283,Northstar Account 3283,Germany,Retail,SMB,Partner,2025-11-27
C003284,Northstar Account 3284,United States,Technology,SMB,Paid Search,2026-02-01
C003285,Northstar Account 3285,United States,Professional Services,SMB,Content,2025-08-10
C003286,Northstar Account 3286,Australia,Retail,SMB,Organic,2024-04-10
C003287,Northstar Account 3287,Canada,Professional Services,SMB,Outbound,2024-05-21
C003288,Northstar Account 3288,United States,Retail,SMB,Outbound,2026-07-10
C003289,Northstar Account 3289,United States,Manufacturing,SMB,Organic,2024-09-25
C003290,Northstar Account 3290,United States,Technology,SMB,Paid Search,2025-01-21
C003291,Northstar Account 3291,United States,Retail,SMB,Content,2026-01-26
C003292,Northstar Account 3292,Australia,Retail,Mid-Market,Organic,2026-03-23
C003293,Northstar Account 3293,United Kingdom,Professional Services,SMB,Paid Search,2026-06-21
C003294,Northstar Account 3294,United States,Retail,SMB,Partner,2025-04-10
C003295,Northstar Account 3295,United States,Healthcare,SMB,Partner,2026-08-21
C003296,Northstar Account 3296,United States,Healthcare,Enterprise,Content,2024-05-12
C003297,Northstar Account 3297,United States,Education,Mid-Market,Referral,2026-04-10
C003298,Northstar Account 3298,United Kingdom,Technology,SMB,Content,2024-12-07
C003299,Northstar Account 3299,United States,Retail,SMB,Referral,2026-07-26
C003300,Northstar Account 3300,France,Manufacturing,SMB,Referral,2026-05-21
C003301,Northstar Account 3301,Canada,Retail,Enterprise,Partner,2026-03-02
C003302,Northstar Account 3302,France,Education,SMB,Outbound,2025-10-10
C003303,Northstar Account 3303,Australia,Healthcare,SMB,Outbound,2024-10-17
C003304,Northstar Account 3304,France,Retail,Enterprise,Content,2025-06-20
C003305,Northstar Account 3305,Ireland,Technology,Mid-Market,Content,2024-02-09
C003306,Northstar Account 3306,United States,Education,SMB,Partner,2026-01-20
C003307,Northstar Account 3307,United States,Healthcare,SMB,Organic,2024-06-08
C003308,Northstar Account 3308,United States,Technology,SMB,Content,2024-11-05
C003309,Northstar Account 3309,United Kingdom,Technology,SMB,Paid Search,2024-11-03
C003310,Northstar Account 3310,Canada,Technology,SMB,Paid Search,2026-03-25
C003311,Northstar Account 3311,United States,Healthcare,Enterprise,Organic,2025-04-19
C003312,Northstar Account 3312,Australia,Technology,Enterprise,Partner,2025-08-24
C003313,Northstar Account 3313,Germany,Financial Services,SMB,Partner,2024-10-16
C003314,Northstar Account 3314,United Kingdom,Other,SMB,Paid Search,2025-02-17
C003315,Northstar Account 3315,United States,Other,SMB,Paid Search,2025-08-09
C003316,Northstar Account 3316,United States,Professional Services,SMB,Paid Search,2024-09-03
C003317,Northstar Account 3317,United Kingdom,Retail,Mid-Market,Organic,2026-01-21
C003318,Northstar Account 3318,United States,Financial Services,SMB,Paid Search,2025-06-05
C003319,Northstar Account 3319,United Kingdom,Education,SMB,Referral,2026-08-25
C003320,Northstar Account 3320,United States,Professional Services,SMB,Organic,2024-11-03
C003321,Northstar Account 3321,United States,Financial Services,SMB,Organic,2025-04-28
C003322,Northstar Account 3322,United States,Healthcare,SMB,Organic,2026-07-13
C003323,Northstar Account 3323,United Kingdom,Education,Mid-Market,Partner,2026-06-08
C003324,Northstar Account 3324,United States,Other,Mid-Market,Content,2025-07-08
C003325,Northstar Account 3325,Netherlands,Other,SMB,Paid Search,2024-06-19
C003326,Northstar Account 3326,United States,Retail,Mid-Market,Organic,2025-05-24
C003327,Northstar Account 3327,France,Technology,SMB,Referral,2025-10-14
C003328,Northstar Account 3328,United States,Healthcare,Mid-Market,Paid Search,2024-11-13
C003329,Northstar Account 3329,United States,Education,SMB,Content,2024-09-25
C003330,Northstar Account 3330,Ireland,Healthcare,SMB,Outbound,2025-08-13
C003331,Northstar Account 3331,Canada,Retail,Enterprise,Referral,2024-08-10
C003332,Northstar Account 3332,United Kingdom,Healthcare,SMB,Outbound,2026-06-26
C003333,Northstar Account 3333,Canada,Healthcare,SMB,Organic,2024-04-23
C003334,Northstar Account 3334,United States,Other,SMB,Organic,2026-08-17
C003335,Northstar Account 3335,Germany,Financial Services,SMB,Paid Search,2025-09-01
C003336,Northstar Account 3336,United States,Retail,SMB,Paid Search,2026-08-11
C003337,Northstar Account 3337,Germany,Healthcare,SMB,Organic,2026-02-28
C003338,Northstar Account 3338,Netherlands,Healthcare,Mid-Market,Partner,2024-07-28
C003339,Northstar Account 3339,Australia,Retail,SMB,Partner,2024-10-19
C003340,Northstar Account 3340,Canada,Technology,SMB,Paid Search,2024-06-13
C003341,Northstar Account 3341,Canada,Education,SMB,Referral,2026-02-25
C003342,Northstar Account 3342,United Kingdom,Manufacturing,Mid-Market,Paid Search,2024-08-17
C003343,Northstar Account 3343,United States,Retail,SMB,Organic,2026-01-02
C003344,Northstar Account 3344,Australia,Other,SMB,Paid Search,2026-05-11
C003345,Northstar Account 3345,United Kingdom,Other,SMB,Referral,2025-05-10
C003346,Northstar Account 3346,United States,Manufacturing,Mid-Market,Partner,2025-12-19
C003347,Northstar Account 3347,Germany,Other,Mid-Market,Referral,2026-06-07
C003348,Northstar Account 3348,United States,Retail,SMB,Paid Search,2026-02-22
C003349,Northstar Account 3349,Germany,Other,Mid-Market,Organic,2024-07-07
C003350,Northstar Account 3350,Germany,Other,SMB,Outbound,2025-01-18
C003351,Northstar Account 3351,United States,Healthcare,SMB,Paid Search,2025-08-09
C003352,Northstar Account 3352,United States,Technology,SMB,Organic,2024-12-07
C003353,Northstar Account 3353,Canada,Technology,SMB,Paid Search,2025-08-20
C003354,Northstar Account 3354,United States,Retail,SMB,Paid Search,2026-07-27
C003355,Northstar Account 3355,Ireland,Manufacturing,SMB,Organic,2025-06-23
C003356,Northstar Account 3356,United States,Retail,SMB,Paid Search,2024-12-15
C003357,Northstar Account 3357,United States,Manufacturing,SMB,Partner,2024-07-26
C003358,Northstar Account 3358,United States,Manufacturing,SMB,Outbound,2026-06-24
C003359,Northstar Account 3359,Germany,Technology,Mid-Market,Paid Search,2024-10-26
C003360,Northstar Account 3360,United Kingdom,Technology,Mid-Market,Paid Search,2024-09-01
C003361,Northstar Account 3361,Australia,Education,SMB,Content,2025-09-23
C003362,Northstar Account 3362,Netherlands,Professional Services,SMB,Organic,2025-06-15
C003363,Northstar Account 3363,United Kingdom,Other,SMB,Content,2025-04-20
C003364,Northstar Account 3364,United States,Financial Services,SMB,Organic,2025-10-27
C003365,Northstar Account 3365,United States,Retail,SMB,Referral,2025-09-15
C003366,Northstar Account 3366,Australia,Healthcare,SMB,Outbound,2024-04-20
C003367,Northstar Account 3367,United States,Financial Services,Mid-Market,Paid Search,2025-05-28
C003368,Northstar Account 3368,France,Financial Services,SMB,Content,2026-02-04
C003369,Northstar Account 3369,Australia,Healthcare,SMB,Referral,2025-04-21
C003370,Northstar Account 3370,United Kingdom,Other,SMB,Content,2026-08-20
C003371,Northstar Account 3371,United Kingdom,Retail,Mid-Market,Paid Search,2024-11-06
C003372,Northstar Account 3372,Netherlands,Technology,SMB,Organic,2025-07-01
C003373,Northstar Account 3373,Germany,Healthcare,Mid-Market,Paid Search,2025-12-18
C003374,Northstar Account 3374,Canada,Manufacturing,SMB,Outbound,2025-09-11
C003375,Northstar Account 3375,United States,Other,SMB,Paid Search,2024-02-09
C003376,Northstar Account 3376,United States,Technology,SMB,Paid Search,2025-08-07
C003377,Northstar Account 3377,United States,Retail,SMB,Content,2026-08-16
C003378,Northstar Account 3378,Netherlands,Healthcare,Mid-Market,Organic,2025-05-08
C003379,Northstar Account 3379,United Kingdom,Financial Services,SMB,Referral,2024-06-03
C003380,Northstar Account 3380,Germany,Education,Enterprise,Organic,2024-02-02
C003381,Northstar Account 3381,United States,Professional Services,SMB,Referral,2025-05-08
C003382,Northstar Account 3382,Australia,Financial Services,Mid-Market,Paid Search,2024-09-18
C003383,Northstar Account 3383,United States,Education,Mid-Market,Organic,2026-05-15
C003384,Northstar Account 3384,Canada,Financial Services,SMB,Partner,2026-07-21
C003385,Northstar Account 3385,United States,Financial Services,SMB,Organic,2026-07-17
C003386,Northstar Account 3386,France,Technology,Mid-Market,Organic,2025-03-09
C003387,Northstar Account 3387,Canada,Other,SMB,Paid Search,2025-06-26
C003388,Northstar Account 3388,United States,Retail,Enterprise,Referral,2025-01-17
C003389,Northstar Account 3389,United States,Other,SMB,Paid Search,2024-06-18
C003390,Northstar Account 3390,United States,Technology,SMB,Organic,2025-09-14
C003391,Northstar Account 3391,United States,Manufacturing,SMB,Organic,2024-09-12
C003392,Northstar Account 3392,United States,Professional Services,Mid-Market,Organic,2024-03-28
C003393,Northstar Account 3393,United States,Technology,Enterprise,Referral,2026-05-11
C003394,Northstar Account 3394,United States,Other,SMB,Organic,2026-04-23
C003395,Northstar Account 3395,United States,Professional Services,Mid-Market,Content,2026-07-03
C003396,Northstar Account 3396,Canada,Technology,Mid-Market,Referral,2025-02-27
C003397,Northstar Account 3397,United States,Financial Services,SMB,Content,2026-05-22
C003398,Northstar Account 3398,United States,Retail,SMB,Referral,2025-04-24
C003399,Northstar Account 3399,Australia,Healthcare,Mid-Market,Paid Search,2024-04-09
C003400,Northstar Account 3400,United States,Other,SMB,Outbound,2025-06-19
C003401,Northstar Account 3401,Canada,Retail,SMB,Content,2025-09-22
C003402,Northstar Account 3402,France,Technology,Mid-Market,Partner,2025-05-02
C003403,Northstar Account 3403,Germany,Education,SMB,Paid Search,2026-03-19
C003404,Northstar Account 3404,United Kingdom,Education,Mid-Market,Paid Search,2025-03-25
C003405,Northstar Account 3405,United Kingdom,Technology,Mid-Market,Referral,2026-07-24
C003406,Northstar Account 3406,Australia,Healthcare,Mid-Market,Organic,2024-04-22
C003407,Northstar Account 3407,Australia,Professional Services,SMB,Referral,2026-02-26
C003408,Northstar Account 3408,United States,Technology,SMB,Organic,2026-07-08
C003409,Northstar Account 3409,United Kingdom,Professional Services,SMB,Partner,2025-09-20
C003410,Northstar Account 3410,Australia,Other,SMB,Paid Search,2026-06-08
C003411,Northstar Account 3411,Germany,Professional Services,Mid-Market,Paid Search,2026-01-25
C003412,Northstar Account 3412,United States,Professional Services,SMB,Paid Search,2024-01-15
C003413,Northstar Account 3413,United States,Other,SMB,Content,2025-12-24
C003414,Northstar Account 3414,United Kingdom,Professional Services,SMB,Partner,2025-12-08
C003415,Northstar Account 3415,United States,Other,SMB,Outbound,2024-01-09
C003416,Northstar Account 3416,Canada,Financial Services,SMB,Content,2025-05-28
C003417,Northstar Account 3417,United States,Retail,SMB,Content,2024-02-26
C003418,Northstar Account 3418,United States,Professional Services,Mid-Market,Partner,2025-01-06
C003419,Northstar Account 3419,United States,Technology,SMB,Content,2026-08-11
C003420,Northstar Account 3420,Australia,Technology,Mid-Market,Outbound,2026-07-05
C003421,Northstar Account 3421,Australia,Professional Services,Mid-Market,Referral,2026-01-18
C003422,Northstar Account 3422,Germany,Retail,SMB,Paid Search,2025-03-02
C003423,Northstar Account 3423,France,Professional Services,Mid-Market,Referral,2025-04-01
C003424,Northstar Account 3424,Netherlands,Manufacturing,SMB,Paid Search,2024-02-16
C003425,Northstar Account 3425,United States,Professional Services,SMB,Paid Search,2025-02-26
C003426,Northstar Account 3426,United States,Retail,SMB,Referral,2026-03-21
C003427,Northstar Account 3427,Germany,Technology,SMB,Content,2025-08-20
C003428,Northstar Account 3428,United Kingdom,Professional Services,Mid-Market,Paid Search,2025-07-17
C003429,Northstar Account 3429,United States,Manufacturing,Mid-Market,Paid Search,2024-05-06
C003430,Northstar Account 3430,Ireland,Education,Mid-Market,Content,2026-07-06
C003431,Northstar Account 3431,United States,Retail,SMB,Paid Search,2024-12-18
C003432,Northstar Account 3432,France,Healthcare,SMB,Paid Search,2025-04-26
C003433,Northstar Account 3433,United Kingdom,Retail,Enterprise,Referral,2025-02-02
C003434,Northstar Account 3434,United States,Financial Services,SMB,Content,2025-02-11
C003435,Northstar Account 3435,Australia,Retail,SMB,Partner,2025-10-06
C003436,Northstar Account 3436,Germany,Education,SMB,Partner,2025-11-04
C003437,Northstar Account 3437,United Kingdom,Technology,SMB,Organic,2025-10-10
C003438,Northstar Account 3438,United Kingdom,Retail,SMB,Paid Search,2024-04-06
C003439,Northstar Account 3439,United States,Retail,SMB,Content,2026-08-07
C003440,Northstar Account 3440,United States,Technology,SMB,Content,2026-01-13
C003441,Northstar Account 3441,United States,Healthcare,SMB,Organic,2026-06-21
C003442,Northstar Account 3442,United States,Healthcare,SMB,Organic,2024-08-16
C003443,Northstar Account 3443,United States,Technology,SMB,Organic,2026-07-16
C003444,Northstar Account 3444,United Kingdom,Other,SMB,Paid Search,2026-02-17
C003445,Northstar Account 3445,United States,Technology,Mid-Market,Organic,2025-07-07
C003446,Northstar Account 3446,United Kingdom,Financial Services,SMB,Paid Search,2024-02-03
C003447,Northstar Account 3447,United States,Retail,Mid-Market,Content,2024-11-01
C003448,Northstar Account 3448,United States,Professional Services,Mid-Market,Organic,2026-05-25
C003449,Northstar Account 3449,Netherlands,Technology,SMB,Referral,2025-04-25
C003450,Northstar Account 3450,Ireland,Education,Mid-Market,Partner,2025-12-10
C003451,Northstar Account 3451,Germany,Manufacturing,Mid-Market,Content,2026-02-22
C003452,Northstar Account 3452,United States,Education,SMB,Outbound,2026-03-08
C003453,Northstar Account 3453,Canada,Retail,SMB,Organic,2025-04-09
C003454,Northstar Account 3454,United States,Technology,SMB,Paid Search,2026-06-20
C003455,Northstar Account 3455,United Kingdom,Manufacturing,Enterprise,Content,2025-01-26
C003456,Northstar Account 3456,France,Financial Services,Mid-Market,Paid Search,2026-05-18
C003457,Northstar Account 3457,United States,Retail,Enterprise,Paid Search,2025-05-27
C003458,Northstar Account 3458,France,Financial Services,Mid-Market,Paid Search,2024-11-28
C003459,Northstar Account 3459,Canada,Education,SMB,Content,2025-02-01
C003460,Northstar Account 3460,United States,Retail,Mid-Market,Paid Search,2026-04-12
C003461,Northstar Account 3461,United States,Healthcare,SMB,Partner,2025-11-14
C003462,Northstar Account 3462,Germany,Technology,Mid-Market,Organic,2024-07-06
C003463,Northstar Account 3463,United States,Technology,SMB,Referral,2024-06-06
C003464,Northstar Account 3464,United States,Education,SMB,Organic,2026-01-28
C003465,Northstar Account 3465,United States,Other,Mid-Market,Content,2024-11-06
C003466,Northstar Account 3466,Netherlands,Retail,Mid-Market,Referral,2024-10-14
C003467,Northstar Account 3467,United States,Technology,SMB,Organic,2026-02-14
C003468,Northstar Account 3468,Netherlands,Technology,SMB,Organic,2025-02-19
C003469,Northstar Account 3469,Canada,Retail,SMB,Content,2024-04-16
C003470,Northstar Account 3470,United States,Education,Enterprise,Content,2025-05-02
C003471,Northstar Account 3471,United States,Technology,SMB,Organic,2025-09-13
C003472,Northstar Account 3472,Germany,Technology,SMB,Organic,2025-10-10
C003473,Northstar Account 3473,United States,Education,SMB,Paid Search,2024-03-04
C003474,Northstar Account 3474,United States,Technology,SMB,Paid Search,2025-06-28
C003475,Northstar Account 3475,United States,Retail,SMB,Paid Search,2025-03-16
C003476,Northstar Account 3476,Australia,Manufacturing,SMB,Paid Search,2025-06-28
C003477,Northstar Account 3477,Canada,Technology,Mid-Market,Paid Search,2024-03-26
C003478,Northstar Account 3478,United Kingdom,Retail,Mid-Market,Content,2025-01-28
C003479,Northstar Account 3479,United States,Technology,Enterprise,Content,2025-12-07
C003480,Northstar Account 3480,United States,Professional Services,SMB,Content,2024-06-24
C003481,Northstar Account 3481,Germany,Other,SMB,Referral,2026-08-02
C003482,Northstar Account 3482,United States,Education,Mid-Market,Referral,2026-08-15
C003483,Northstar Account 3483,Ireland,Technology,Mid-Market,Paid Search,2025-03-25
C003484,Northstar Account 3484,Australia,Technology,SMB,Referral,2026-01-17
C003485,Northstar Account 3485,United States,Professional Services,Mid-Market,Organic,2025-11-06
C003486,Northstar Account 3486,Australia,Financial Services,Mid-Market,Partner,2024-08-03
C003487,Northstar Account 3487,Canada,Manufacturing,Mid-Market,Outbound,2025-04-13
C003488,Northstar Account 3488,Canada,Healthcare,Mid-Market,Content,2026-08-23
C003489,Northstar Account 3489,United States,Technology,SMB,Paid Search,2024-06-26
C003490,Northstar Account 3490,France,Other,SMB,Referral,2025-10-21
C003491,Northstar Account 3491,United States,Manufacturing,SMB,Paid Search,2025-10-13
C003492,Northstar Account 3492,Germany,Professional Services,SMB,Paid Search,2024-08-20
C003493,Northstar Account 3493,United States,Retail,Mid-Market,Paid Search,2025-08-22
C003494,Northstar Account 3494,United States,Retail,SMB,Paid Search,2026-07-11
C003495,Northstar Account 3495,Netherlands,Healthcare,SMB,Referral,2024-06-08
C003496,Northstar Account 3496,United States,Professional Services,Mid-Market,Organic,2024-09-08
C003497,Northstar Account 3497,United States,Technology,Mid-Market,Paid Search,2024-11-21
C003498,Northstar Account 3498,Australia,Education,Mid-Market,Outbound,2026-02-23
C003499,Northstar Account 3499,United States,Education,SMB,Partner,2025-10-06
C003500,Northstar Account 3500,Australia,Retail,Mid-Market,Organic,2025-08-28
C003501,Northstar Account 3501,France,Retail,SMB,Partner,2026-03-01
C003502,Northstar Account 3502,United States,Technology,SMB,Partner,2026-08-12
C003503,Northstar Account 3503,United Kingdom,Retail,SMB,Partner,2024-09-14
C003504,Northstar Account 3504,Ireland,Manufacturing,SMB,Referral,2026-04-02
C003505,Northstar Account 3505,Netherlands,Healthcare,Mid-Market,Content,2025-03-21
C003506,Northstar Account 3506,United Kingdom,Other,SMB,Organic,2024-07-26
C003507,Northstar Account 3507,Canada,Education,SMB,Partner,2024-11-07
C003508,Northstar Account 3508,United Kingdom,Manufacturing,Mid-Market,Paid Search,2025-04-20
C003509,Northstar Account 3509,United States,Retail,Mid-Market,Content,2026-06-27
C003510,Northstar Account 3510,Canada,Technology,SMB,Organic,2025-07-19
C003511,Northstar Account 3511,United States,Other,Enterprise,Organic,2025-11-13
C003512,Northstar Account 3512,United States,Education,Mid-Market,Outbound,2024-02-27
C003513,Northstar Account 3513,United States,Other,Enterprise,Partner,2024-04-12
C003514,Northstar Account 3514,Australia,Healthcare,Enterprise,Paid Search,2026-07-19
C003515,Northstar Account 3515,United States,Retail,Mid-Market,Organic,2026-05-22
C003516,Northstar Account 3516,United States,Technology,Mid-Market,Organic,2025-07-18
C003517,Northstar Account 3517,United States,Retail,SMB,Outbound,2024-09-09
C003518,Northstar Account 3518,United States,Healthcare,SMB,Organic,2024-02-20
C003519,Northstar Account 3519,Ireland,Other,SMB,Paid Search,2026-08-09
C003520,Northstar Account 3520,United States,Financial Services,Mid-Market,Partner,2024-01-14
C003521,Northstar Account 3521,United States,Retail,SMB,Organic,2024-11-16
C003522,Northstar Account 3522,Netherlands,Retail,Mid-Market,Paid Search,2026-01-09
C003523,Northstar Account 3523,United States,Technology,SMB,Content,2026-07-22
C003524,Northstar Account 3524,United States,Professional Services,SMB,Paid Search,2024-06-08
C003525,Northstar Account 3525,Germany,Other,SMB,Content,2026-03-05
C003526,Northstar Account 3526,Germany,Manufacturing,SMB,Content,2025-02-21
C003527,Northstar Account 3527,United States,Retail,SMB,Paid Search,2026-01-25
C003528,Northstar Account 3528,Canada,Financial Services,SMB,Referral,2024-05-07
C003529,Northstar Account 3529,United Kingdom,Technology,Mid-Market,Content,2026-05-15
C003530,Northstar Account 3530,Canada,Other,SMB,Referral,2026-01-27
C003531,Northstar Account 3531,United States,Education,SMB,Partner,2026-07-11
C003532,Northstar Account 3532,Germany,Technology,SMB,Paid Search,2025-07-12
C003533,Northstar Account 3533,United Kingdom,Education,SMB,Paid Search,2026-06-20
C003534,Northstar Account 3534,Canada,Technology,SMB,Referral,2025-09-18
C003535,Northstar Account 3535,Netherlands,Education,Mid-Market,Paid Search,2025-08-04
C003536,Northstar Account 3536,Australia,Professional Services,Mid-Market,Organic,2024-05-02
C003537,Northstar Account 3537,Germany,Technology,SMB,Partner,2026-04-11
C003538,Northstar Account 3538,United States,Healthcare,SMB,Paid Search,2025-05-13
C003539,Northstar Account 3539,United States,Retail,SMB,Content,2025-10-18
C003540,Northstar Account 3540,United Kingdom,Technology,SMB,Content,2025-12-12
C003541,Northstar Account 3541,United States,Financial Services,Mid-Market,Content,2026-03-04
C003542,Northstar Account 3542,Canada,Professional Services,SMB,Paid Search,2025-10-22
C003543,Northstar Account 3543,Canada,Healthcare,Mid-Market,Organic,2025-11-13
C003544,Northstar Account 3544,United Kingdom,Healthcare,SMB,Content,2025-08-02
C003545,Northstar Account 3545,United States,Technology,SMB,Organic,2025-11-17
C003546,Northstar Account 3546,Australia,Other,SMB,Referral,2025-06-12
C003547,Northstar Account 3547,United Kingdom,Retail,SMB,Partner,2026-03-15
C003548,Northstar Account 3548,United Kingdom,Technology,Enterprise,Organic,2026-04-25
C003549,Northstar Account 3549,United Kingdom,Retail,SMB,Organic,2025-08-06
C003550,Northstar Account 3550,United States,Healthcare,Mid-Market,Referral,2024-07-19
C003551,Northstar Account 3551,Canada,Technology,Mid-Market,Paid Search,2025-03-04
C003552,Northstar Account 3552,United States,Professional Services,SMB,Content,2026-05-22
C003553,Northstar Account 3553,United Kingdom,Healthcare,SMB,Partner,2026-07-11
C003554,Northstar Account 3554,United States,Education,SMB,Paid Search,2024-12-22
C003555,Northstar Account 3555,United States,Professional Services,SMB,Referral,2026-07-02
C003556,Northstar Account 3556,United States,Retail,Mid-Market,Organic,2024-12-19
C003557,Northstar Account 3557,United States,Professional Services,SMB,Paid Search,2026-07-08
C003558,Northstar Account 3558,France,Professional Services,Mid-Market,Outbound,2026-07-11
C003559,Northstar Account 3559,Germany,Education,SMB,Referral,2025-08-07
C003560,Northstar Account 3560,United States,Professional Services,SMB,Referral,2026-07-12
C003561,Northstar Account 3561,United States,Professional Services,Mid-Market,Content,2025-09-23
C003562,Northstar Account 3562,Germany,Professional Services,SMB,Partner,2025-04-02
C003563,Northstar Account 3563,United States,Healthcare,Mid-Market,Organic,2026-04-17
C003564,Northstar Account 3564,United States,Healthcare,SMB,Paid Search,2024-06-06
C003565,Northstar Account 3565,United States,Retail,Enterprise,Paid Search,2024-10-12
C003566,Northstar Account 3566,United Kingdom,Education,Mid-Market,Organic,2024-10-16
C003567,Northstar Account 3567,Ireland,Education,Mid-Market,Organic,2025-11-03
C003568,Northstar Account 3568,United States,Technology,SMB,Referral,2026-01-26
C003569,Northstar Account 3569,Netherlands,Professional Services,Mid-Market,Organic,2026-05-20
C003570,Northstar Account 3570,Australia,Professional Services,SMB,Referral,2026-06-18
C003571,Northstar Account 3571,Ireland,Financial Services,Mid-Market,Content,2026-06-27
C003572,Northstar Account 3572,Germany,Professional Services,SMB,Outbound,2026-01-11
C003573,Northstar Account 3573,Australia,Professional Services,SMB,Organic,2026-06-04
C003574,Northstar Account 3574,United Kingdom,Healthcare,SMB,Outbound,2024-12-24
C003575,Northstar Account 3575,Australia,Healthcare,SMB,Content,2026-02-18
C003576,Northstar Account 3576,United States,Manufacturing,SMB,Paid Search,2024-04-13
C003577,Northstar Account 3577,Canada,Professional Services,Mid-Market,Organic,2024-06-03
C003578,Northstar Account 3578,United Kingdom,Professional Services,SMB,Paid Search,2024-10-08
C003579,Northstar Account 3579,United States,Healthcare,Mid-Market,Referral,2024-05-17
C003580,Northstar Account 3580,United States,Education,SMB,Partner,2026-08-03
C003581,Northstar Account 3581,United States,Other,Mid-Market,Partner,2025-06-16
C003582,Northstar Account 3582,United States,Healthcare,Mid-Market,Content,2026-06-24
C003583,Northstar Account 3583,United States,Retail,SMB,Organic,2025-07-13
C003584,Northstar Account 3584,United States,Technology,Mid-Market,Organic,2026-01-18
C003585,Northstar Account 3585,United States,Other,Mid-Market,Content,2025-02-07
C003586,Northstar Account 3586,United Kingdom,Education,Mid-Market,Outbound,2026-07-17
C003587,Northstar Account 3587,United States,Technology,SMB,Content,2024-02-06
C003588,Northstar Account 3588,United States,Retail,SMB,Paid Search,2026-01-21
C003589,Northstar Account 3589,United States,Healthcare,Mid-Market,Paid Search,2026-07-15
C003590,Northstar Account 3590,United States,Technology,SMB,Paid Search,2026-03-17
C003591,Northstar Account 3591,United States,Manufacturing,Mid-Market,Organic,2026-04-09
C003592,Northstar Account 3592,Ireland,Education,SMB,Paid Search,2025-01-10
C003593,Northstar Account 3593,United States,Professional Services,Mid-Market,Outbound,2025-06-19
C003594,Northstar Account 3594,United States,Other,SMB,Referral,2024-07-18
C003595,Northstar Account 3595,United Kingdom,Other,SMB,Organic,2025-04-20
C003596,Northstar Account 3596,Australia,Professional Services,Enterprise,Organic,2024-01-04
C003597,Northstar Account 3597,United States,Retail,Mid-Market,Organic,2026-03-06
C003598,Northstar Account 3598,United States,Financial Services,Mid-Market,Partner,2026-07-09
C003599,Northstar Account 3599,United Kingdom,Retail,Enterprise,Referral,2026-01-11
C003600,Northstar Account 3600,United States,Other,SMB,Paid Search,2026-04-16
C003601,Northstar Account 3601,United States,Technology,SMB,Content,2025-08-15
C003602,Northstar Account 3602,Ireland,Education,SMB,Paid Search,2024-09-02
C003603,Northstar Account 3603,Ireland,Healthcare,SMB,Organic,2026-02-01
C003604,Northstar Account 3604,United Kingdom,Professional Services,SMB,Outbound,2025-01-24
C003605,Northstar Account 3605,United States,Education,Enterprise,Paid Search,2025-06-17
C003606,Northstar Account 3606,United Kingdom,Technology,SMB,Paid Search,2026-06-02
C003607,Northstar Account 3607,Netherlands,Professional Services,SMB,Referral,2025-03-24
C003608,Northstar Account 3608,France,Professional Services,SMB,Organic,2025-01-11
C003609,Northstar Account 3609,United States,Technology,SMB,Paid Search,2024-02-19
C003610,Northstar Account 3610,United States,Technology,SMB,Paid Search,2026-01-13
C003611,Northstar Account 3611,United States,Professional Services,Mid-Market,Paid Search,2024-10-06
C003612,Northstar Account 3612,Germany,Technology,SMB,Partner,2025-11-20
C003613,Northstar Account 3613,United States,Technology,SMB,Paid Search,2025-03-11
C003614,Northstar Account 3614,United States,Technology,Mid-Market,Content,2026-03-05
C003615,Northstar Account 3615,United States,Financial Services,SMB,Content,2026-06-07
C003616,Northstar Account 3616,United States,Technology,Mid-Market,Paid Search,2024-11-23
C003617,Northstar Account 3617,France,Education,SMB,Organic,2026-03-15
C003618,Northstar Account 3618,United States,Technology,SMB,Paid Search,2024-07-12
C003619,Northstar Account 3619,United States,Technology,SMB,Organic,2024-07-22
C003620,Northstar Account 3620,Canada,Retail,Enterprise,Paid Search,2025-05-08
C003621,Northstar Account 3621,United Kingdom,Professional Services,SMB,Content,2025-02-05
C003622,Northstar Account 3622,Canada,Healthcare,SMB,Organic,2026-08-03
C003623,Northstar Account 3623,Australia,Education,SMB,Partner,2026-04-03
C003624,Northstar Account 3624,United States,Professional Services,Mid-Market,Referral,2026-06-26
C003625,Northstar Account 3625,United States,Technology,Mid-Market,Content,2024-07-26
C003626,Northstar Account 3626,United States,Financial Services,SMB,Organic,2026-01-12
C003627,Northstar Account 3627,Canada,Technology,Mid-Market,Paid Search,2025-10-14
C003628,Northstar Account 3628,Netherlands,Manufacturing,Mid-Market,Outbound,2024-05-11
C003629,Northstar Account 3629,United States,Healthcare,SMB,Organic,2026-03-16
C003630,Northstar Account 3630,Germany,Professional Services,SMB,Referral,2026-05-06
C003631,Northstar Account 3631,Canada,Professional Services,SMB,Referral,2026-06-19
C003632,Northstar Account 3632,Ireland,Professional Services,Enterprise,Partner,2026-07-15
C003633,Northstar Account 3633,United States,Healthcare,SMB,Paid Search,2024-06-26
C003634,Northstar Account 3634,United States,Other,SMB,Paid Search,2026-06-09
C003635,Northstar Account 3635,Germany,Professional Services,SMB,Partner,2026-07-22
C003636,Northstar Account 3636,Germany,Other,SMB,Partner,2026-01-05
C003637,Northstar Account 3637,Canada,Technology,Mid-Market,Content,2024-09-03
C003638,Northstar Account 3638,Australia,Technology,SMB,Referral,2025-04-22
C003639,Northstar Account 3639,United States,Healthcare,Mid-Market,Outbound,2024-05-25
C003640,Northstar Account 3640,Canada,Other,SMB,Outbound,2024-01-26
C003641,Northstar Account 3641,United States,Retail,SMB,Referral,2026-07-02
C003642,Northstar Account 3642,United States,Manufacturing,SMB,Paid Search,2026-08-10
C003643,Northstar Account 3643,United States,Retail,Mid-Market,Organic,2026-07-14
C003644,Northstar Account 3644,United States,Financial Services,SMB,Referral,2024-11-09
C003645,Northstar Account 3645,United States,Manufacturing,SMB,Referral,2025-11-09
C003646,Northstar Account 3646,Canada,Education,Mid-Market,Paid Search,2025-07-11
C003647,Northstar Account 3647,Australia,Healthcare,SMB,Partner,2025-07-01
C003648,Northstar Account 3648,United States,Retail,SMB,Organic,2025-05-26
C003649,Northstar Account 3649,United States,Other,SMB,Organic,2026-07-09
C003650,Northstar Account 3650,United States,Healthcare,Mid-Market,Content,2026-03-17
C003651,Northstar Account 3651,United States,Professional Services,SMB,Organic,2026-05-23
C003652,Northstar Account 3652,United States,Financial Services,SMB,Partner,2024-02-05
C003653,Northstar Account 3653,United Kingdom,Education,SMB,Partner,2025-05-06
C003654,Northstar Account 3654,France,Healthcare,SMB,Partner,2025-10-18
C003655,Northstar Account 3655,United Kingdom,Education,SMB,Paid Search,2025-12-28
C003656,Northstar Account 3656,Canada,Professional Services,SMB,Referral,2026-06-12
C003657,Northstar Account 3657,Canada,Retail,SMB,Organic,2024-08-26
C003658,Northstar Account 3658,United States,Technology,SMB,Referral,2024-05-01
C003659,Northstar Account 3659,United States,Financial Services,Mid-Market,Paid Search,2026-06-21
C003660,Northstar Account 3660,United States,Education,SMB,Outbound,2025-08-28
C003661,Northstar Account 3661,United States,Financial Services,SMB,Content,2025-09-21
C003662,Northstar Account 3662,France,Professional Services,Mid-Market,Organic,2026-06-04
C003663,Northstar Account 3663,United States,Other,Mid-Market,Organic,2026-02-01
C003664,Northstar Account 3664,United States,Professional Services,Mid-Market,Organic,2026-02-12
C003665,Northstar Account 3665,United States,Professional Services,SMB,Referral,2024-09-16
C003666,Northstar Account 3666,United States,Other,SMB,Referral,2025-11-19
C003667,Northstar Account 3667,Netherlands,Education,SMB,Referral,2025-06-26
C003668,Northstar Account 3668,United States,Other,SMB,Content,2025-11-17
C003669,Northstar Account 3669,Canada,Healthcare,SMB,Organic,2025-10-08
C003670,Northstar Account 3670,United States,Professional Services,SMB,Referral,2024-02-01
C003671,Northstar Account 3671,United States,Retail,SMB,Organic,2025-02-27
C003672,Northstar Account 3672,United States,Financial Services,SMB,Referral,2025-06-18
C003673,Northstar Account 3673,France,Retail,SMB,Partner,2025-07-20
C003674,Northstar Account 3674,United States,Education,SMB,Content,2024-05-21
C003675,Northstar Account 3675,Canada,Technology,Mid-Market,Paid Search,2026-06-23
C003676,Northstar Account 3676,United States,Retail,Mid-Market,Paid Search,2025-02-24
C003677,Northstar Account 3677,United Kingdom,Financial Services,SMB,Organic,2025-07-25
C003678,Northstar Account 3678,United Kingdom,Other,SMB,Outbound,2025-12-06
C003679,Northstar Account 3679,United Kingdom,Professional Services,SMB,Partner,2026-02-09
C003680,Northstar Account 3680,United States,Technology,SMB,Organic,2025-04-02
C003681,Northstar Account 3681,United States,Technology,Mid-Market,Organic,2024-06-04
C003682,Northstar Account 3682,France,Technology,SMB,Organic,2024-10-27
C003683,Northstar Account 3683,United Kingdom,Financial Services,SMB,Content,2024-08-12
C003684,Northstar Account 3684,United States,Retail,SMB,Outbound,2024-11-20
C003685,Northstar Account 3685,United States,Professional Services,SMB,Content,2025-10-16
C003686,Northstar Account 3686,United States,Manufacturing,SMB,Content,2025-08-13
C003687,Northstar Account 3687,United States,Manufacturing,SMB,Paid Search,2024-08-05
C003688,Northstar Account 3688,United States,Professional Services,Enterprise,Organic,2026-01-21
C003689,Northstar Account 3689,United States,Other,SMB,Referral,2024-04-22
C003690,Northstar Account 3690,United States,Retail,SMB,Referral,2026-06-05
C003691,Northstar Account 3691,United Kingdom,Professional Services,SMB,Paid Search,2025-09-09
C003692,Northstar Account 3692,France,Financial Services,SMB,Content,2025-10-27
C003693,Northstar Account 3693,Canada,Technology,SMB,Paid Search,2024-12-24
C003694,Northstar Account 3694,United Kingdom,Other,SMB,Organic,2025-08-19
C003695,Northstar Account 3695,Germany,Healthcare,Mid-Market,Organic,2025-05-27
C003696,Northstar Account 3696,United States,Other,SMB,Content,2026-07-25
C003697,Northstar Account 3697,Canada,Technology,SMB,Referral,2024-04-18
C003698,Northstar Account 3698,United States,Professional Services,SMB,Partner,2025-06-16
C003699,Northstar Account 3699,United States,Financial Services,SMB,Content,2026-03-19
C003700,Northstar Account 3700,United Kingdom,Financial Services,SMB,Content,2025-09-23
C003701,Northstar Account 3701,United States,Financial Services,Mid-Market,Organic,2025-09-27
C003702,Northstar Account 3702,Canada,Professional Services,SMB,Content,2026-06-10
C003703,Northstar Account 3703,United Kingdom,Healthcare,SMB,Paid Search,2025-04-09
C003704,Northstar Account 3704,United States,Professional Services,Mid-Market,Partner,2024-01-04
C003705,Northstar Account 3705,United States,Professional Services,SMB,Paid Search,2026-07-01
C003706,Northstar Account 3706,United Kingdom,Retail,SMB,Organic,2024-02-10
C003707,Northstar Account 3707,Canada,Education,SMB,Partner,2026-04-07
C003708,Northstar Account 3708,Germany,Retail,Mid-Market,Paid Search,2024-07-26
C003709,Northstar Account 3709,United States,Professional Services,SMB,Organic,2024-02-14
C003710,Northstar Account 3710,Australia,Manufacturing,Mid-Market,Referral,2025-03-20
C003711,Northstar Account 3711,United States,Other,Mid-Market,Referral,2026-05-06
C003712,Northstar Account 3712,United States,Professional Services,Mid-Market,Paid Search,2024-02-13
C003713,Northstar Account 3713,United Kingdom,Financial Services,Enterprise,Paid Search,2024-12-23
C003714,Northstar Account 3714,United States,Financial Services,Mid-Market,Organic,2024-12-07
C003715,Northstar Account 3715,United States,Professional Services,Mid-Market,Content,2024-05-12
C003716,Northstar Account 3716,United States,Education,Mid-Market,Content,2024-05-17
C003717,Northstar Account 3717,Australia,Other,Mid-Market,Organic,2026-06-06
C003718,Northstar Account 3718,France,Manufacturing,Mid-Market,Referral,2026-01-17
C003719,Northstar Account 3719,Netherlands,Technology,Enterprise,Partner,2025-01-18
C003720,Northstar Account 3720,United States,Healthcare,SMB,Outbound,2024-11-15
C003721,Northstar Account 3721,United States,Manufacturing,SMB,Paid Search,2024-03-05
C003722,Northstar Account 3722,Germany,Healthcare,SMB,Partner,2025-03-21
C003723,Northstar Account 3723,United States,Technology,Mid-Market,Referral,2025-01-24
C003724,Northstar Account 3724,United States,Technology,SMB,Organic,2026-07-07
C003725,Northstar Account 3725,United States,Manufacturing,Mid-Market,Paid Search,2024-10-04
C003726,Northstar Account 3726,United Kingdom,Retail,Mid-Market,Paid Search,2025-04-15
C003727,Northstar Account 3727,Canada,Other,Enterprise,Organic,2026-01-05
C003728,Northstar Account 3728,United States,Retail,SMB,Referral,2025-02-09
C003729,Northstar Account 3729,United States,Financial Services,Mid-Market,Referral,2026-03-19
C003730,Northstar Account 3730,Canada,Technology,Mid-Market,Paid Search,2026-02-06
C003731,Northstar Account 3731,United Kingdom,Financial Services,Enterprise,Content,2024-02-11
C003732,Northstar Account 3732,United States,Financial Services,Mid-Market,Organic,2026-05-10
C003733,Northstar Account 3733,United States,Professional Services,SMB,Outbound,2025-03-21
C003734,Northstar Account 3734,Netherlands,Professional Services,SMB,Paid Search,2024-05-23
C003735,Northstar Account 3735,United Kingdom,Other,SMB,Content,2026-01-25
C003736,Northstar Account 3736,United Kingdom,Manufacturing,Enterprise,Outbound,2026-02-04
C003737,Northstar Account 3737,United Kingdom,Healthcare,SMB,Content,2024-04-22
C003738,Northstar Account 3738,Netherlands,Retail,Mid-Market,Content,2025-03-08
C003739,Northstar Account 3739,United States,Other,Mid-Market,Organic,2026-06-26
C003740,Northstar Account 3740,United States,Manufacturing,SMB,Referral,2025-12-15
C003741,Northstar Account 3741,United States,Retail,SMB,Partner,2025-08-26
C003742,Northstar Account 3742,Germany,Retail,SMB,Organic,2025-08-12
C003743,Northstar Account 3743,United States,Technology,Mid-Market,Outbound,2025-11-09
C003744,Northstar Account 3744,United States,Manufacturing,SMB,Organic,2025-12-24
C003745,Northstar Account 3745,United States,Financial Services,SMB,Organic,2024-04-10
C003746,Northstar Account 3746,United Kingdom,Professional Services,Mid-Market,Outbound,2025-02-22
C003747,Northstar Account 3747,United Kingdom,Professional Services,SMB,Organic,2025-08-02
C003748,Northstar Account 3748,United States,Professional Services,Mid-Market,Paid Search,2026-02-19
C003749,Northstar Account 3749,United States,Technology,SMB,Organic,2026-02-26
C003750,Northstar Account 3750,Germany,Other,SMB,Content,2025-10-08
C003751,Northstar Account 3751,United States,Manufacturing,SMB,Content,2025-10-28
C003752,Northstar Account 3752,Canada,Retail,SMB,Paid Search,2025-03-01
C003753,Northstar Account 3753,United States,Technology,SMB,Referral,2026-05-04
C003754,Northstar Account 3754,France,Technology,Mid-Market,Partner,2026-07-09
C003755,Northstar Account 3755,United States,Education,SMB,Referral,2026-05-09
C003756,Northstar Account 3756,United Kingdom,Technology,SMB,Referral,2026-05-17
C003757,Northstar Account 3757,United States,Professional Services,SMB,Outbound,2026-06-25
C003758,Northstar Account 3758,United States,Other,SMB,Organic,2024-09-03
C003759,Northstar Account 3759,Canada,Healthcare,Mid-Market,Organic,2025-08-21
C003760,Northstar Account 3760,United Kingdom,Manufacturing,SMB,Partner,2025-08-24
C003761,Northstar Account 3761,Germany,Technology,Enterprise,Organic,2025-07-17
C003762,Northstar Account 3762,United Kingdom,Professional Services,SMB,Partner,2026-05-28
C003763,Northstar Account 3763,United Kingdom,Financial Services,SMB,Paid Search,2025-02-03
C003764,Northstar Account 3764,Australia,Manufacturing,SMB,Paid Search,2024-08-21
C003765,Northstar Account 3765,United States,Education,SMB,Outbound,2024-12-12
C003766,Northstar Account 3766,France,Healthcare,Mid-Market,Paid Search,2024-07-12
C003767,Northstar Account 3767,United States,Professional Services,SMB,Referral,2025-04-17
C003768,Northstar Account 3768,United States,Healthcare,SMB,Content,2024-06-23
C003769,Northstar Account 3769,Germany,Technology,Mid-Market,Paid Search,2024-05-14
C003770,Northstar Account 3770,United States,Technology,SMB,Paid Search,2025-06-08
C003771,Northstar Account 3771,United States,Retail,Enterprise,Organic,2025-10-08
C003772,Northstar Account 3772,United States,Technology,Enterprise,Partner,2025-11-27
C003773,Northstar Account 3773,United Kingdom,Professional Services,Mid-Market,Organic,2024-05-12
C003774,Northstar Account 3774,United Kingdom,Technology,Mid-Market,Referral,2026-08-11
C003775,Northstar Account 3775,United States,Professional Services,Mid-Market,Paid Search,2024-06-16
C003776,Northstar Account 3776,United States,Financial Services,SMB,Paid Search,2025-12-20
C003777,Northstar Account 3777,United States,Other,Mid-Market,Paid Search,2026-06-02
C003778,Northstar Account 3778,United States,Technology,SMB,Organic,2026-06-01
C003779,Northstar Account 3779,United States,Professional Services,Mid-Market,Organic,2025-08-17
C003780,Northstar Account 3780,United States,Financial Services,Enterprise,Outbound,2024-12-18
C003781,Northstar Account 3781,Australia,Technology,SMB,Paid Search,2026-04-14
C003782,Northstar Account 3782,Canada,Manufacturing,Mid-Market,Partner,2025-11-09
C003783,Northstar Account 3783,United States,Technology,Enterprise,Partner,2026-03-22
C003784,Northstar Account 3784,United States,Education,SMB,Referral,2025-04-03
C003785,Northstar Account 3785,United States,Professional Services,SMB,Referral,2026-06-18
C003786,Northstar Account 3786,United States,Manufacturing,Mid-Market,Paid Search,2026-07-13
C003787,Northstar Account 3787,United States,Retail,Enterprise,Referral,2026-02-11
C003788,Northstar Account 3788,France,Technology,SMB,Organic,2026-07-03
C003789,Northstar Account 3789,Canada,Retail,SMB,Content,2025-06-19
C003790,Northstar Account 3790,United States,Retail,Mid-Market,Paid Search,2024-09-06
C003791,Northstar Account 3791,United States,Other,SMB,Referral,2025-12-16
C003792,Northstar Account 3792,Canada,Retail,SMB,Referral,2025-12-26
C003793,Northstar Account 3793,Netherlands,Technology,SMB,Referral,2025-07-21
C003794,Northstar Account 3794,United States,Healthcare,SMB,Paid Search,2024-12-02
C003795,Northstar Account 3795,Australia,Professional Services,SMB,Referral,2025-11-28
C003796,Northstar Account 3796,United States,Financial Services,Mid-Market,Referral,2024-09-18
C003797,Northstar Account 3797,Canada,Financial Services,SMB,Partner,2026-02-24
C003798,Northstar Account 3798,United States,Technology,Mid-Market,Organic,2026-06-02
C003799,Northstar Account 3799,United Kingdom,Healthcare,SMB,Paid Search,2024-08-26
C003800,Northstar Account 3800,United States,Education,SMB,Organic,2026-04-21
C003801,Northstar Account 3801,United Kingdom,Professional Services,SMB,Content,2024-09-25
C003802,Northstar Account 3802,United Kingdom,Healthcare,SMB,Organic,2025-07-28
C003803,Northstar Account 3803,United Kingdom,Retail,SMB,Referral,2026-07-24
C003804,Northstar Account 3804,Canada,Retail,SMB,Content,2024-04-13
C003805,Northstar Account 3805,United States,Healthcare,SMB,Referral,2024-05-24
C003806,Northstar Account 3806,Canada,Healthcare,SMB,Referral,2026-08-28
C003807,Northstar Account 3807,United States,Education,Mid-Market,Referral,2024-08-26
C003808,Northstar Account 3808,Canada,Retail,SMB,Partner,2025-02-18
C003809,Northstar Account 3809,United States,Education,Enterprise,Paid Search,2025-06-27
C003810,Northstar Account 3810,United States,Retail,Mid-Market,Content,2024-01-17
C003811,Northstar Account 3811,United States,Education,SMB,Outbound,2024-09-13
C003812,Northstar Account 3812,Netherlands,Professional Services,SMB,Organic,2026-04-05
C003813,Northstar Account 3813,United Kingdom,Healthcare,SMB,Outbound,2025-08-14
C003814,Northstar Account 3814,United States,Retail,SMB,Outbound,2025-04-27
C003815,Northstar Account 3815,Canada,Professional Services,SMB,Partner,2026-01-04
C003816,Northstar Account 3816,United States,Technology,SMB,Referral,2025-02-25
C003817,Northstar Account 3817,United States,Retail,SMB,Referral,2025-06-18
C003818,Northstar Account 3818,United States,Technology,SMB,Paid Search,2026-08-04
C003819,Northstar Account 3819,Germany,Professional Services,Mid-Market,Paid Search,2026-03-07
C003820,Northstar Account 3820,Netherlands,Professional Services,Mid-Market,Organic,2025-09-01
C003821,Northstar Account 3821,France,Education,Mid-Market,Content,2025-08-21
C003822,Northstar Account 3822,United States,Other,SMB,Organic,2026-05-11
C003823,Northstar Account 3823,United States,Financial Services,SMB,Content,2025-10-06
C003824,Northstar Account 3824,Australia,Other,SMB,Referral,2025-02-05
C003825,Northstar Account 3825,United States,Other,Mid-Market,Referral,2025-05-15
C003826,Northstar Account 3826,United Kingdom,Technology,SMB,Organic,2024-09-10
C003827,Northstar Account 3827,Ireland,Professional Services,SMB,Partner,2026-08-26
C003828,Northstar Account 3828,United States,Professional Services,SMB,Paid Search,2025-12-27
C003829,Northstar Account 3829,United States,Technology,Enterprise,Organic,2025-04-06
C003830,Northstar Account 3830,Australia,Financial Services,SMB,Paid Search,2025-03-25
C003831,Northstar Account 3831,United Kingdom,Financial Services,SMB,Paid Search,2026-06-02
C003832,Northstar Account 3832,Netherlands,Healthcare,SMB,Paid Search,2025-03-13
C003833,Northstar Account 3833,United Kingdom,Financial Services,SMB,Partner,2026-03-17
C003834,Northstar Account 3834,United States,Education,SMB,Organic,2026-05-08
C003835,Northstar Account 3835,Germany,Retail,SMB,Organic,2026-06-19
C003836,Northstar Account 3836,Germany,Technology,SMB,Content,2025-03-17
C003837,Northstar Account 3837,Netherlands,Other,Mid-Market,Partner,2026-03-27
C003838,Northstar Account 3838,United States,Education,SMB,Outbound,2025-02-27
C003839,Northstar Account 3839,United Kingdom,Professional Services,Mid-Market,Referral,2026-07-23
C003840,Northstar Account 3840,United States,Technology,SMB,Paid Search,2024-01-23
C003841,Northstar Account 3841,United States,Manufacturing,Mid-Market,Outbound,2025-09-10
C003842,Northstar Account 3842,Ireland,Manufacturing,SMB,Content,2025-08-25
C003843,Northstar Account 3843,Ireland,Healthcare,Mid-Market,Referral,2026-06-11
C003844,Northstar Account 3844,United Kingdom,Other,SMB,Partner,2024-10-22
C003845,Northstar Account 3845,Netherlands,Professional Services,Enterprise,Organic,2024-05-14
C003846,Northstar Account 3846,United States,Other,SMB,Partner,2026-05-15
C003847,Northstar Account 3847,Australia,Education,Mid-Market,Content,2025-03-23
C003848,Northstar Account 3848,United Kingdom,Manufacturing,Mid-Market,Partner,2025-02-04
C003849,Northstar Account 3849,Canada,Other,SMB,Paid Search,2024-05-24
C003850,Northstar Account 3850,Canada,Financial Services,SMB,Paid Search,2026-07-23
C003851,Northstar Account 3851,United Kingdom,Professional Services,SMB,Paid Search,2025-11-14
C003852,Northstar Account 3852,Australia,Financial Services,SMB,Organic,2026-01-19
C003853,Northstar Account 3853,United States,Healthcare,SMB,Organic,2026-06-08
C003854,Northstar Account 3854,Australia,Technology,SMB,Content,2026-05-22
C003855,Northstar Account 3855,United States,Education,SMB,Paid Search,2025-06-04
C003856,Northstar Account 3856,United States,Retail,SMB,Organic,2024-08-21
C003857,Northstar Account 3857,Canada,Healthcare,Mid-Market,Paid Search,2025-12-19
C003858,Northstar Account 3858,Germany,Retail,SMB,Partner,2025-12-07
C003859,Northstar Account 3859,France,Technology,Mid-Market,Referral,2024-03-23
C003860,Northstar Account 3860,United States,Technology,SMB,Partner,2026-06-08
C003861,Northstar Account 3861,United States,Manufacturing,SMB,Outbound,2025-02-16
C003862,Northstar Account 3862,United Kingdom,Professional Services,SMB,Outbound,2025-05-24
C003863,Northstar Account 3863,Australia,Healthcare,Mid-Market,Content,2025-08-02
C003864,Northstar Account 3864,Ireland,Healthcare,SMB,Content,2026-06-12
C003865,Northstar Account 3865,Australia,Professional Services,Enterprise,Organic,2024-08-18
C003866,Northstar Account 3866,United States,Professional Services,SMB,Partner,2025-03-05
C003867,Northstar Account 3867,Australia,Professional Services,SMB,Organic,2025-07-15
C003868,Northstar Account 3868,United States,Financial Services,SMB,Content,2026-08-18
C003869,Northstar Account 3869,France,Other,SMB,Paid Search,2025-06-25
C003870,Northstar Account 3870,United Kingdom,Professional Services,SMB,Paid Search,2025-04-09
C003871,Northstar Account 3871,United States,Technology,SMB,Paid Search,2026-07-24
C003872,Northstar Account 3872,United Kingdom,Healthcare,SMB,Referral,2025-12-18
C003873,Northstar Account 3873,Germany,Retail,SMB,Referral,2024-08-15
C003874,Northstar Account 3874,United States,Retail,SMB,Paid Search,2024-08-17
C003875,Northstar Account 3875,United States,Retail,Enterprise,Partner,2025-12-28
C003876,Northstar Account 3876,Canada,Education,SMB,Organic,2025-06-19
C003877,Northstar Account 3877,Netherlands,Professional Services,SMB,Content,2024-01-13
C003878,Northstar Account 3878,United Kingdom,Financial Services,Enterprise,Paid Search,2025-06-28
C003879,Northstar Account 3879,United States,Retail,SMB,Paid Search,2026-07-20
C003880,Northstar Account 3880,United Kingdom,Professional Services,SMB,Referral,2026-02-08
C003881,Northstar Account 3881,United States,Other,Mid-Market,Referral,2025-09-18
C003882,Northstar Account 3882,United States,Professional Services,Mid-Market,Content,2024-09-28
C003883,Northstar Account 3883,United States,Technology,Mid-Market,Referral,2025-02-20
C003884,Northstar Account 3884,United States,Technology,SMB,Outbound,2026-08-22
C003885,Northstar Account 3885,United States,Education,Enterprise,Organic,2025-12-19
C003886,Northstar Account 3886,United States,Healthcare,SMB,Organic,2024-12-24
C003887,Northstar Account 3887,United States,Healthcare,Enterprise,Outbound,2026-02-03
C003888,Northstar Account 3888,United Kingdom,Technology,Mid-Market,Paid Search,2024-05-23
C003889,Northstar Account 3889,United States,Technology,Mid-Market,Content,2025-03-26
C003890,Northstar Account 3890,United States,Retail,SMB,Paid Search,2024-10-01
C003891,Northstar Account 3891,United Kingdom,Retail,SMB,Partner,2026-06-23
C003892,Northstar Account 3892,Germany,Professional Services,Mid-Market,Paid Search,2026-02-15
C003893,Northstar Account 3893,Australia,Retail,SMB,Referral,2025-07-11
C003894,Northstar Account 3894,United States,Manufacturing,SMB,Content,2025-05-03
C003895,Northstar Account 3895,Canada,Education,Mid-Market,Paid Search,2026-05-09
C003896,Northstar Account 3896,Australia,Healthcare,SMB,Paid Search,2024-09-19
C003897,Northstar Account 3897,Canada,Healthcare,SMB,Organic,2024-04-15
C003898,Northstar Account 3898,United Kingdom,Technology,SMB,Organic,2026-05-02
C003899,Northstar Account 3899,United States,Healthcare,SMB,Organic,2026-05-09
C003900,Northstar Account 3900,United States,Technology,SMB,Outbound,2024-11-01
C003901,Northstar Account 3901,United States,Education,SMB,Paid Search,2024-09-11
C003902,Northstar Account 3902,United States,Retail,Mid-Market,Organic,2026-02-26
C003903,Northstar Account 3903,Netherlands,Healthcare,Mid-Market,Organic,2024-07-22
C003904,Northstar Account 3904,United States,Financial Services,SMB,Organic,2025-11-26
C003905,Northstar Account 3905,United Kingdom,Professional Services,SMB,Organic,2026-01-05
C003906,Northstar Account 3906,Ireland,Technology,Mid-Market,Referral,2025-11-18
C003907,Northstar Account 3907,United Kingdom,Financial Services,Mid-Market,Referral,2025-05-09
C003908,Northstar Account 3908,United States,Professional Services,Mid-Market,Content,2026-04-13
C003909,Northstar Account 3909,Netherlands,Retail,SMB,Organic,2026-07-28
C003910,Northstar Account 3910,United States,Professional Services,Mid-Market,Referral,2026-01-24
C003911,Northstar Account 3911,United States,Retail,SMB,Content,2025-05-20
C003912,Northstar Account 3912,United States,Retail,SMB,Content,2026-08-27
C003913,Northstar Account 3913,United States,Financial Services,Mid-Market,Outbound,2025-06-14
C003914,Northstar Account 3914,Germany,Education,SMB,Organic,2024-06-02
C003915,Northstar Account 3915,United States,Retail,SMB,Outbound,2024-09-26
C003916,Northstar Account 3916,Germany,Manufacturing,SMB,Content,2025-03-03
C003917,Northstar Account 3917,United States,Financial Services,SMB,Content,2024-08-08
C003918,Northstar Account 3918,France,Technology,SMB,Referral,2026-03-26
C003919,Northstar Account 3919,United States,Healthcare,Mid-Market,Outbound,2024-01-25
C003920,Northstar Account 3920,Netherlands,Technology,SMB,Organic,2025-04-03
C003921,Northstar Account 3921,United States,Professional Services,SMB,Content,2026-06-24
C003922,Northstar Account 3922,Australia,Manufacturing,Mid-Market,Referral,2024-06-20
C003923,Northstar Account 3923,Australia,Manufacturing,SMB,Referral,2025-10-04
C003924,Northstar Account 3924,United Kingdom,Financial Services,Mid-Market,Content,2026-07-16
C003925,Northstar Account 3925,United States,Retail,SMB,Paid Search,2024-04-08
C003926,Northstar Account 3926,United Kingdom,Technology,SMB,Organic,2025-03-15
C003927,Northstar Account 3927,United Kingdom,Technology,SMB,Organic,2024-02-06
C003928,Northstar Account 3928,United Kingdom,Professional Services,Mid-Market,Content,2026-01-03
C003929,Northstar Account 3929,United Kingdom,Professional Services,SMB,Referral,2025-05-19
C003930,Northstar Account 3930,Netherlands,Retail,Mid-Market,Content,2026-07-21
C003931,Northstar Account 3931,Ireland,Education,SMB,Content,2026-01-06
C003932,Northstar Account 3932,United Kingdom,Technology,SMB,Referral,2025-10-17
C003933,Northstar Account 3933,United States,Technology,SMB,Paid Search,2026-06-14
C003934,Northstar Account 3934,United States,Technology,SMB,Referral,2024-06-27
C003935,Northstar Account 3935,Canada,Manufacturing,SMB,Content,2026-03-16
C003936,Northstar Account 3936,Ireland,Professional Services,SMB,Referral,2026-02-14
C003937,Northstar Account 3937,United States,Technology,SMB,Content,2025-12-01
C003938,Northstar Account 3938,United States,Retail,SMB,Outbound,2025-11-26
C003939,Northstar Account 3939,United States,Professional Services,SMB,Organic,2024-06-19
C003940,Northstar Account 3940,United States,Professional Services,SMB,Referral,2026-04-06
C003941,Northstar Account 3941,Ireland,Financial Services,SMB,Partner,2025-11-01
C003942,Northstar Account 3942,Canada,Professional Services,SMB,Organic,2026-03-06
C003943,Northstar Account 3943,United States,Technology,SMB,Paid Search,2026-06-15
C003944,Northstar Account 3944,United States,Professional Services,SMB,Organic,2025-09-27
C003945,Northstar Account 3945,United States,Technology,SMB,Paid Search,2026-07-18
C003946,Northstar Account 3946,Canada,Other,Mid-Market,Referral,2024-06-03
C003947,Northstar Account 3947,Canada,Education,SMB,Paid Search,2024-01-06
C003948,Northstar Account 3948,United States,Retail,SMB,Organic,2025-02-07
C003949,Northstar Account 3949,United States,Healthcare,Mid-Market,Partner,2024-10-03
C003950,Northstar Account 3950,France,Professional Services,SMB,Organic,2025-09-04
C003951,Northstar Account 3951,Australia,Retail,SMB,Content,2024-12-03
C003952,Northstar Account 3952,United Kingdom,Professional Services,Enterprise,Organic,2026-01-20
C003953,Northstar Account 3953,United States,Financial Services,Enterprise,Paid Search,2026-07-20
C003954,Northstar Account 3954,Ireland,Manufacturing,Mid-Market,Outbound,2026-03-22
C003955,Northstar Account 3955,Canada,Professional Services,SMB,Content,2025-05-06
C003956,Northstar Account 3956,Netherlands,Manufacturing,SMB,Referral,2026-08-26
C003957,Northstar Account 3957,United States,Technology,Enterprise,Content,2026-03-11
C003958,Northstar Account 3958,United States,Technology,Enterprise,Paid Search,2026-04-05
C003959,Northstar Account 3959,United States,Technology,SMB,Content,2024-09-05
C003960,Northstar Account 3960,Australia,Professional Services,SMB,Paid Search,2026-01-10
C003961,Northstar Account 3961,Canada,Professional Services,SMB,Partner,2024-04-03
C003962,Northstar Account 3962,United States,Other,SMB,Paid Search,2024-11-09
C003963,Northstar Account 3963,Ireland,Professional Services,Mid-Market,Content,2024-01-19
C003964,Northstar Account 3964,Netherlands,Professional Services,SMB,Organic,2026-01-28
C003965,Northstar Account 3965,United States,Technology,SMB,Organic,2024-02-01
C003966,Northstar Account 3966,United Kingdom,Technology,SMB,Paid Search,2025-06-17
C003967,Northstar Account 3967,Canada,Technology,SMB,Referral,2025-12-07
C003968,Northstar Account 3968,United States,Technology,SMB,Organic,2025-01-10
C003969,Northstar Account 3969,Canada,Professional Services,SMB,Partner,2025-03-19
C003970,Northstar Account 3970,United States,Technology,SMB,Organic,2026-05-09
C003971,Northstar Account 3971,France,Technology,Enterprise,Content,2026-06-13
C003972,Northstar Account 3972,Australia,Education,SMB,Paid Search,2026-05-09
C003973,Northstar Account 3973,France,Other,SMB,Outbound,2026-02-11
C003974,Northstar Account 3974,Germany,Technology,SMB,Organic,2024-12-20
C003975,Northstar Account 3975,United States,Education,SMB,Paid Search,2024-04-09
C003976,Northstar Account 3976,United States,Education,SMB,Organic,2025-07-16
C003977,Northstar Account 3977,Canada,Healthcare,SMB,Paid Search,2026-07-23
C003978,Northstar Account 3978,United States,Education,SMB,Organic,2024-10-18
C003979,Northstar Account 3979,Canada,Retail,SMB,Organic,2024-10-22
C003980,Northstar Account 3980,United States,Other,Mid-Market,Content,2026-03-14
C003981,Northstar Account 3981,United States,Technology,SMB,Partner,2025-10-14
C003982,Northstar Account 3982,United Kingdom,Retail,SMB,Paid Search,2025-04-01
C003983,Northstar Account 3983,Canada,Education,SMB,Organic,2026-05-20
C003984,Northstar Account 3984,United Kingdom,Other,SMB,Paid Search,2025-10-20
C003985,Northstar Account 3985,United Kingdom,Retail,SMB,Paid Search,2026-07-15
C003986,Northstar Account 3986,United States,Other,SMB,Organic,2025-03-21
C003987,Northstar Account 3987,Germany,Education,SMB,Paid Search,2025-06-19
C003988,Northstar Account 3988,United Kingdom,Education,SMB,Paid Search,2024-04-06
C003989,Northstar Account 3989,United Kingdom,Manufacturing,Enterprise,Outbound,2025-03-07
C003990,Northstar Account 3990,United States,Manufacturing,Enterprise,Referral,2024-09-19
C003991,Northstar Account 3991,United Kingdom,Retail,Enterprise,Outbound,2024-02-03
C003992,Northstar Account 3992,United States,Manufacturing,SMB,Organic,2024-11-25
C003993,Northstar Account 3993,Canada,Technology,SMB,Content,2025-07-10
C003994,Northstar Account 3994,United States,Other,SMB,Organic,2024-11-17
C003995,Northstar Account 3995,Australia,Financial Services,SMB,Paid Search,2024-06-15
C003996,Northstar Account 3996,Germany,Education,SMB,Content,2025-06-19
C003997,Northstar Account 3997,United Kingdom,Technology,SMB,Paid Search,2024-07-10
C003998,Northstar Account 3998,Australia,Professional Services,SMB,Organic,2024-05-20
C003999,Northstar Account 3999,Canada,Professional Services,SMB,Content,2026-08-05
C004000,Northstar Account 4000,United States,Professional Services,SMB,Referral,2025-07-10
C004001,Northstar Account 4001,Canada,Education,Mid-Market,Partner,2026-04-02
C004002,Northstar Account 4002,Ireland,Financial Services,SMB,Organic,2024-08-05
C004003,Northstar Account 4003,United States,Education,Mid-Market,Paid Search,2025-06-02
C004004,Northstar Account 4004,United States,Professional Services,SMB,Outbound,2024-05-14
C004005,Northstar Account 4005,United Kingdom,Other,SMB,Paid Search,2025-05-03
C004006,Northstar Account 4006,United States,Financial Services,SMB,Organic,2026-04-07
C004007,Northstar Account 4007,United Kingdom,Education,SMB,Paid Search,2026-06-14
C004008,Northstar Account 4008,United Kingdom,Retail,SMB,Outbound,2025-08-20
C004009,Northstar Account 4009,Germany,Education,SMB,Content,2024-12-01
C004010,Northstar Account 4010,United States,Retail,SMB,Organic,2026-02-21
C004011,Northstar Account 4011,United States,Technology,SMB,Outbound,2025-11-15
C004012,Northstar Account 4012,Australia,Healthcare,SMB,Paid Search,2025-07-01
C004013,Northstar Account 4013,United States,Education,Mid-Market,Content,2025-07-03
C004014,Northstar Account 4014,United Kingdom,Professional Services,SMB,Paid Search,2025-07-27
C004015,Northstar Account 4015,United States,Other,SMB,Organic,2025-02-13
C004016,Northstar Account 4016,United States,Financial Services,SMB,Paid Search,2025-08-26
C004017,Northstar Account 4017,United States,Healthcare,SMB,Outbound,2024-03-15
C004018,Northstar Account 4018,United States,Technology,SMB,Outbound,2025-09-04
C004019,Northstar Account 4019,Canada,Technology,SMB,Partner,2025-07-21
C004020,Northstar Account 4020,United Kingdom,Education,Mid-Market,Paid Search,2025-05-14
C004021,Northstar Account 4021,France,Manufacturing,SMB,Organic,2025-02-11
C004022,Northstar Account 4022,Australia,Retail,SMB,Organic,2025-11-06
C004023,Northstar Account 4023,United States,Technology,SMB,Organic,2025-07-13
C004024,Northstar Account 4024,United States,Technology,Mid-Market,Paid Search,2024-05-27
C004025,Northstar Account 4025,Australia,Technology,Mid-Market,Referral,2025-03-07
C004026,Northstar Account 4026,United States,Healthcare,Enterprise,Referral,2024-04-16
C004027,Northstar Account 4027,United States,Retail,Mid-Market,Outbound,2025-04-01
C004028,Northstar Account 4028,United States,Technology,Mid-Market,Partner,2025-08-20
C004029,Northstar Account 4029,Canada,Retail,SMB,Organic,2025-04-25
C004030,Northstar Account 4030,United States,Financial Services,Mid-Market,Partner,2025-02-28
C004031,Northstar Account 4031,United States,Retail,SMB,Paid Search,2024-12-23
C004032,Northstar Account 4032,United Kingdom,Technology,SMB,Referral,2025-04-19
C004033,Northstar Account 4033,Germany,Healthcare,SMB,Content,2024-04-17
C004034,Northstar Account 4034,United States,Other,SMB,Paid Search,2026-08-25
C004035,Northstar Account 4035,Canada,Technology,SMB,Organic,2025-09-01
C004036,Northstar Account 4036,United States,Technology,SMB,Content,2025-11-07
C004037,Northstar Account 4037,United States,Healthcare,SMB,Partner,2024-09-02
C004038,Northstar Account 4038,United States,Professional Services,Mid-Market,Partner,2026-07-07
C004039,Northstar Account 4039,United States,Financial Services,SMB,Referral,2025-09-07
C004040,Northstar Account 4040,United States,Education,Mid-Market,Partner,2025-05-13
C004041,Northstar Account 4041,Australia,Technology,SMB,Paid Search,2026-01-20
C004042,Northstar Account 4042,United States,Financial Services,Mid-Market,Content,2025-01-25
C004043,Northstar Account 4043,Netherlands,Education,SMB,Outbound,2026-07-17
C004044,Northstar Account 4044,United States,Retail,Mid-Market,Paid Search,2024-08-02
C004045,Northstar Account 4045,United States,Professional Services,SMB,Paid Search,2026-04-03
C004046,Northstar Account 4046,United Kingdom,Education,SMB,Referral,2026-08-13
C004047,Northstar Account 4047,Australia,Financial Services,SMB,Referral,2025-07-18
C004048,Northstar Account 4048,United States,Technology,SMB,Organic,2026-06-24
C004049,Northstar Account 4049,United States,Professional Services,SMB,Partner,2024-04-11
C004050,Northstar Account 4050,United Kingdom,Other,Mid-Market,Referral,2025-11-05
C004051,Northstar Account 4051,United States,Professional Services,Enterprise,Partner,2025-03-04
C004052,Northstar Account 4052,United Kingdom,Technology,Mid-Market,Paid Search,2025-03-18
C004053,Northstar Account 4053,Australia,Technology,SMB,Paid Search,2025-06-28
C004054,Northstar Account 4054,United States,Education,SMB,Organic,2025-10-02
C004055,Northstar Account 4055,Australia,Education,Mid-Market,Outbound,2025-11-01
C004056,Northstar Account 4056,United States,Technology,Mid-Market,Partner,2024-12-01
C004057,Northstar Account 4057,France,Technology,SMB,Organic,2025-04-16
C004058,Northstar Account 4058,Ireland,Healthcare,Enterprise,Outbound,2024-11-09
C004059,Northstar Account 4059,Canada,Education,SMB,Organic,2025-11-24
C004060,Northstar Account 4060,Ireland,Technology,Mid-Market,Partner,2024-05-23
C004061,Northstar Account 4061,Australia,Retail,Enterprise,Paid Search,2025-05-15
C004062,Northstar Account 4062,United States,Healthcare,Mid-Market,Referral,2026-08-02
C004063,Northstar Account 4063,United States,Technology,SMB,Referral,2026-08-16
C004064,Northstar Account 4064,United States,Professional Services,SMB,Content,2025-08-11
C004065,Northstar Account 4065,United States,Other,SMB,Organic,2024-11-24
C004066,Northstar Account 4066,United Kingdom,Financial Services,Mid-Market,Organic,2025-10-21
C004067,Northstar Account 4067,United States,Professional Services,SMB,Paid Search,2025-07-27
C004068,Northstar Account 4068,Canada,Financial Services,Mid-Market,Outbound,2024-03-11
C004069,Northstar Account 4069,United States,Education,Mid-Market,Paid Search,2026-08-10
C004070,Northstar Account 4070,United States,Other,SMB,Referral,2025-02-14
C004071,Northstar Account 4071,United States,Other,SMB,Referral,2025-04-24
C004072,Northstar Account 4072,Ireland,Healthcare,SMB,Paid Search,2025-08-15
C004073,Northstar Account 4073,United States,Retail,SMB,Organic,2026-06-10
C004074,Northstar Account 4074,United States,Technology,SMB,Paid Search,2026-04-26
C004075,Northstar Account 4075,United States,Healthcare,SMB,Partner,2024-10-11
C004076,Northstar Account 4076,Ireland,Retail,SMB,Outbound,2026-01-25
C004077,Northstar Account 4077,United States,Education,SMB,Organic,2026-06-18
C004078,Northstar Account 4078,United Kingdom,Technology,SMB,Outbound,2026-01-02
C004079,Northstar Account 4079,United States,Financial Services,SMB,Paid Search,2024-07-14
C004080,Northstar Account 4080,United States,Other,SMB,Organic,2025-09-20
C004081,Northstar Account 4081,Canada,Technology,SMB,Outbound,2026-05-26
C004082,Northstar Account 4082,United Kingdom,Education,SMB,Content,2024-09-16
C004083,Northstar Account 4083,Canada,Manufacturing,Mid-Market,Organic,2025-09-01
C004084,Northstar Account 4084,United States,Healthcare,SMB,Referral,2025-12-10
C004085,Northstar Account 4085,Ireland,Other,SMB,Content,2025-11-28
C004086,Northstar Account 4086,United Kingdom,Retail,Mid-Market,Content,2024-05-14
C004087,Northstar Account 4087,Netherlands,Professional Services,SMB,Referral,2024-12-11
C004088,Northstar Account 4088,United States,Retail,SMB,Paid Search,2025-09-25
C004089,Northstar Account 4089,United States,Retail,SMB,Paid Search,2024-10-12
C004090,Northstar Account 4090,United States,Professional Services,SMB,Referral,2025-02-22
C004091,Northstar Account 4091,Germany,Manufacturing,SMB,Partner,2025-05-01
C004092,Northstar Account 4092,Canada,Healthcare,Mid-Market,Paid Search,2024-01-16
C004093,Northstar Account 4093,United States,Professional Services,Mid-Market,Organic,2025-08-01
C004094,Northstar Account 4094,United States,Retail,SMB,Organic,2026-08-05
C004095,Northstar Account 4095,United States,Professional Services,SMB,Partner,2025-05-16
C004096,Northstar Account 4096,United States,Retail,SMB,Organic,2024-12-18
C004097,Northstar Account 4097,Australia,Retail,SMB,Organic,2024-11-04
C004098,Northstar Account 4098,United States,Professional Services,SMB,Paid Search,2025-08-14
C004099,Northstar Account 4099,United States,Manufacturing,Mid-Market,Content,2025-06-12
C004100,Northstar Account 4100,United States,Other,Mid-Market,Referral,2026-05-13
C004101,Northstar Account 4101,United States,Retail,SMB,Paid Search,2025-11-23
C004102,Northstar Account 4102,Ireland,Education,Mid-Market,Organic,2025-04-27
C004103,Northstar Account 4103,United States,Other,SMB,Organic,2025-04-03
C004104,Northstar Account 4104,Netherlands,Technology,SMB,Referral,2025-09-28
C004105,Northstar Account 4105,Canada,Technology,Mid-Market,Referral,2024-11-02
C004106,Northstar Account 4106,United Kingdom,Technology,SMB,Referral,2025-05-27
C004107,Northstar Account 4107,United States,Retail,Mid-Market,Referral,2024-12-18
C004108,Northstar Account 4108,Canada,Professional Services,Mid-Market,Paid Search,2025-08-21
C004109,Northstar Account 4109,Canada,Healthcare,Mid-Market,Organic,2025-09-07
C004110,Northstar Account 4110,United States,Retail,SMB,Paid Search,2026-05-17
C004111,Northstar Account 4111,France,Technology,SMB,Organic,2024-11-17
C004112,Northstar Account 4112,United States,Retail,Mid-Market,Organic,2026-06-09
C004113,Northstar Account 4113,United States,Technology,Mid-Market,Referral,2025-08-15
C004114,Northstar Account 4114,United States,Healthcare,SMB,Paid Search,2026-02-27
C004115,Northstar Account 4115,Canada,Professional Services,Mid-Market,Referral,2025-11-04
C004116,Northstar Account 4116,United States,Technology,SMB,Organic,2026-04-13
C004117,Northstar Account 4117,United States,Technology,SMB,Organic,2025-12-10
C004118,Northstar Account 4118,United States,Education,Mid-Market,Referral,2024-01-06
C004119,Northstar Account 4119,United States,Professional Services,SMB,Paid Search,2025-04-14
C004120,Northstar Account 4120,United States,Education,SMB,Organic,2026-07-04
C004121,Northstar Account 4121,Australia,Manufacturing,Enterprise,Organic,2025-06-04
C004122,Northstar Account 4122,United States,Retail,Mid-Market,Referral,2026-04-24
C004123,Northstar Account 4123,Netherlands,Technology,Mid-Market,Paid Search,2026-05-09
C004124,Northstar Account 4124,Canada,Healthcare,SMB,Outbound,2025-02-10
C004125,Northstar Account 4125,Germany,Technology,Enterprise,Outbound,2026-05-19
C004126,Northstar Account 4126,Netherlands,Manufacturing,SMB,Content,2025-04-22
C004127,Northstar Account 4127,United States,Manufacturing,SMB,Organic,2024-02-25
C004128,Northstar Account 4128,United Kingdom,Retail,SMB,Referral,2026-01-18
C004129,Northstar Account 4129,United States,Professional Services,Mid-Market,Paid Search,2026-04-08
C004130,Northstar Account 4130,United States,Education,Mid-Market,Content,2025-06-08
C004131,Northstar Account 4131,United States,Healthcare,Mid-Market,Partner,2024-08-20
C004132,Northstar Account 4132,Canada,Technology,SMB,Paid Search,2025-11-24
C004133,Northstar Account 4133,Australia,Manufacturing,SMB,Organic,2026-02-26
C004134,Northstar Account 4134,United States,Professional Services,SMB,Content,2025-12-24
C004135,Northstar Account 4135,Canada,Financial Services,SMB,Content,2025-03-18
C004136,Northstar Account 4136,United States,Financial Services,SMB,Partner,2025-03-05
C004137,Northstar Account 4137,United States,Professional Services,SMB,Partner,2025-09-12
C004138,Northstar Account 4138,United States,Professional Services,Mid-Market,Content,2024-09-04
C004139,Northstar Account 4139,United Kingdom,Retail,Mid-Market,Content,2026-05-13
C004140,Northstar Account 4140,United States,Manufacturing,Mid-Market,Content,2024-05-17
C004141,Northstar Account 4141,United States,Technology,SMB,Organic,2025-07-19
C004142,Northstar Account 4142,United States,Professional Services,SMB,Referral,2026-05-07
C004143,Northstar Account 4143,United Kingdom,Education,SMB,Content,2025-08-20
C004144,Northstar Account 4144,Germany,Technology,SMB,Paid Search,2026-03-10
C004145,Northstar Account 4145,United States,Technology,SMB,Organic,2024-11-20
C004146,Northstar Account 4146,Canada,Manufacturing,SMB,Paid Search,2025-06-27
C004147,Northstar Account 4147,United Kingdom,Retail,SMB,Organic,2026-01-09
C004148,Northstar Account 4148,United States,Healthcare,Mid-Market,Content,2026-06-05
C004149,Northstar Account 4149,United States,Professional Services,SMB,Paid Search,2025-12-28
C004150,Northstar Account 4150,France,Healthcare,SMB,Partner,2024-11-14
C004151,Northstar Account 4151,United States,Healthcare,SMB,Paid Search,2024-07-07
C004152,Northstar Account 4152,United States,Retail,SMB,Content,2026-05-09
C004153,Northstar Account 4153,Australia,Other,SMB,Content,2025-09-14
C004154,Northstar Account 4154,Australia,Technology,SMB,Partner,2024-09-10
C004155,Northstar Account 4155,Canada,Retail,SMB,Referral,2025-07-26
C004156,Northstar Account 4156,Australia,Financial Services,SMB,Paid Search,2024-06-11
C004157,Northstar Account 4157,United States,Technology,Mid-Market,Content,2024-05-14
C004158,Northstar Account 4158,Germany,Other,SMB,Referral,2026-07-08
C004159,Northstar Account 4159,United States,Retail,SMB,Paid Search,2025-09-20
C004160,Northstar Account 4160,Australia,Technology,SMB,Outbound,2024-11-22
C004161,Northstar Account 4161,United States,Technology,SMB,Paid Search,2026-06-16
C004162,Northstar Account 4162,United States,Professional Services,SMB,Referral,2026-08-23
C004163,Northstar Account 4163,United States,Other,Mid-Market,Paid Search,2026-06-08
C004164,Northstar Account 4164,Germany,Other,SMB,Referral,2026-02-16
C004165,Northstar Account 4165,United Kingdom,Healthcare,SMB,Paid Search,2026-08-21
C004166,Northstar Account 4166,Germany,Technology,SMB,Paid Search,2024-09-26
C004167,Northstar Account 4167,United States,Retail,SMB,Organic,2026-06-10
C004168,Northstar Account 4168,United States,Retail,SMB,Outbound,2025-03-04
C004169,Northstar Account 4169,United Kingdom,Professional Services,SMB,Organic,2024-02-22
C004170,Northstar Account 4170,United States,Technology,SMB,Referral,2024-02-15
C004171,Northstar Account 4171,Canada,Professional Services,Enterprise,Partner,2024-09-02
C004172,Northstar Account 4172,Netherlands,Professional Services,Mid-Market,Content,2026-03-24
C004173,Northstar Account 4173,Canada,Education,Enterprise,Organic,2026-06-14
C004174,Northstar Account 4174,United States,Retail,SMB,Partner,2024-06-18
C004175,Northstar Account 4175,United Kingdom,Technology,Mid-Market,Outbound,2026-05-11
C004176,Northstar Account 4176,France,Technology,SMB,Organic,2026-03-28
C004177,Northstar Account 4177,Canada,Education,SMB,Organic,2024-03-13
C004178,Northstar Account 4178,Germany,Education,Enterprise,Content,2026-02-17
C004179,Northstar Account 4179,United States,Technology,Mid-Market,Organic,2024-02-16
C004180,Northstar Account 4180,Canada,Financial Services,Mid-Market,Organic,2024-12-27
C004181,Northstar Account 4181,United States,Education,Mid-Market,Organic,2025-08-18
C004182,Northstar Account 4182,Canada,Technology,SMB,Content,2026-06-03
C004183,Northstar Account 4183,France,Professional Services,Mid-Market,Outbound,2024-05-24
C004184,Northstar Account 4184,France,Other,SMB,Referral,2025-03-02
C004185,Northstar Account 4185,United States,Retail,Mid-Market,Referral,2025-10-15
C004186,Northstar Account 4186,Australia,Professional Services,Mid-Market,Organic,2026-02-10
C004187,Northstar Account 4187,United States,Retail,SMB,Paid Search,2026-06-14
C004188,Northstar Account 4188,United States,Technology,SMB,Paid Search,2025-06-24
C004189,Northstar Account 4189,Canada,Manufacturing,SMB,Paid Search,2026-05-04
C004190,Northstar Account 4190,United States,Manufacturing,SMB,Paid Search,2025-11-02
C004191,Northstar Account 4191,United States,Manufacturing,SMB,Referral,2024-09-26
C004192,Northstar Account 4192,Canada,Healthcare,Mid-Market,Paid Search,2025-10-08
C004193,Northstar Account 4193,Canada,Education,SMB,Paid Search,2025-01-13
C004194,Northstar Account 4194,United Kingdom,Professional Services,Mid-Market,Organic,2026-01-28
C004195,Northstar Account 4195,United Kingdom,Financial Services,SMB,Organic,2024-12-21
C004196,Northstar Account 4196,Canada,Technology,SMB,Paid Search,2024-12-18
C004197,Northstar Account 4197,United States,Professional Services,SMB,Paid Search,2026-07-01
C004198,Northstar Account 4198,United States,Other,Mid-Market,Organic,2026-06-12
C004199,Northstar Account 4199,United Kingdom,Other,SMB,Partner,2025-06-15
C004200,Northstar Account 4200,Canada,Retail,SMB,Content,2026-03-03
C004201,Northstar Account 4201,United States,Retail,SMB,Content,2026-08-19
C004202,Northstar Account 4202,United States,Technology,Mid-Market,Content,2024-05-22
C004203,Northstar Account 4203,France,Education,SMB,Referral,2025-10-11
C004204,Northstar Account 4204,Australia,Technology,SMB,Outbound,2024-11-26
C004205,Northstar Account 4205,United Kingdom,Professional Services,Mid-Market,Partner,2026-04-27
C004206,Northstar Account 4206,Germany,Retail,Mid-Market,Referral,2024-05-21
C004207,Northstar Account 4207,Netherlands,Financial Services,SMB,Organic,2026-03-09
C004208,Northstar Account 4208,United Kingdom,Other,SMB,Organic,2024-09-04
C004209,Northstar Account 4209,United States,Other,SMB,Organic,2025-06-20
C004210,Northstar Account 4210,United Kingdom,Manufacturing,SMB,Paid Search,2026-04-15
C004211,Northstar Account 4211,France,Professional Services,Mid-Market,Content,2024-04-21
C004212,Northstar Account 4212,Canada,Technology,SMB,Paid Search,2026-07-12
C004213,Northstar Account 4213,United States,Retail,SMB,Referral,2024-10-05
C004214,Northstar Account 4214,France,Professional Services,SMB,Content,2025-07-26
C004215,Northstar Account 4215,Germany,Education,SMB,Partner,2026-02-27
C004216,Northstar Account 4216,United States,Professional Services,SMB,Paid Search,2024-06-22
C004217,Northstar Account 4217,Ireland,Financial Services,Mid-Market,Organic,2025-11-01
C004218,Northstar Account 4218,Canada,Professional Services,SMB,Organic,2025-08-23
C004219,Northstar Account 4219,Australia,Professional Services,Enterprise,Outbound,2025-10-28
C004220,Northstar Account 4220,Netherlands,Manufacturing,Mid-Market,Referral,2025-12-12
C004221,Northstar Account 4221,United States,Healthcare,SMB,Referral,2025-05-15
C004222,Northstar Account 4222,Germany,Professional Services,SMB,Partner,2025-01-01
C004223,Northstar Account 4223,United States,Education,SMB,Referral,2024-09-17
C004224,Northstar Account 4224,Australia,Healthcare,SMB,Referral,2026-07-22
C004225,Northstar Account 4225,Australia,Technology,SMB,Paid Search,2025-04-06
C004226,Northstar Account 4226,Australia,Retail,Mid-Market,Paid Search,2024-12-18
C004227,Northstar Account 4227,Germany,Other,SMB,Paid Search,2024-03-08
C004228,Northstar Account 4228,Germany,Technology,SMB,Partner,2026-02-04
C004229,Northstar Account 4229,United States,Retail,SMB,Content,2025-08-01
C004230,Northstar Account 4230,United States,Professional Services,SMB,Referral,2024-09-22
C004231,Northstar Account 4231,United States,Healthcare,Enterprise,Partner,2026-06-06
C004232,Northstar Account 4232,Australia,Other,SMB,Outbound,2026-07-05
C004233,Northstar Account 4233,United Kingdom,Professional Services,Mid-Market,Paid Search,2026-06-27
C004234,Northstar Account 4234,United Kingdom,Financial Services,Mid-Market,Paid Search,2025-09-21
C004235,Northstar Account 4235,United States,Financial Services,SMB,Outbound,2025-03-08
C004236,Northstar Account 4236,United Kingdom,Professional Services,SMB,Outbound,2024-08-20
C004237,Northstar Account 4237,United States,Manufacturing,SMB,Referral,2025-04-14
C004238,Northstar Account 4238,Ireland,Other,Mid-Market,Organic,2025-11-01
C004239,Northstar Account 4239,Australia,Other,SMB,Outbound,2024-10-08
C004240,Northstar Account 4240,United Kingdom,Healthcare,Mid-Market,Content,2025-06-22
C004241,Northstar Account 4241,Germany,Technology,Mid-Market,Referral,2025-10-21
C004242,Northstar Account 4242,United States,Technology,Mid-Market,Paid Search,2026-02-12
C004243,Northstar Account 4243,United States,Professional Services,SMB,Partner,2024-05-28
C004244,Northstar Account 4244,United Kingdom,Healthcare,SMB,Content,2026-05-15
C004245,Northstar Account 4245,Canada,Professional Services,Mid-Market,Content,2025-06-01
C004246,Northstar Account 4246,United States,Education,SMB,Partner,2025-10-28
C004247,Northstar Account 4247,United States,Manufacturing,Mid-Market,Partner,2026-07-01
C004248,Northstar Account 4248,United Kingdom,Technology,SMB,Referral,2024-08-26
C004249,Northstar Account 4249,United States,Other,SMB,Partner,2026-06-03
C004250,Northstar Account 4250,United States,Technology,Mid-Market,Organic,2026-04-11
C004251,Northstar Account 4251,United States,Professional Services,SMB,Paid Search,2026-08-02
C004252,Northstar Account 4252,France,Manufacturing,SMB,Paid Search,2025-04-20
C004253,Northstar Account 4253,United States,Technology,SMB,Content,2024-06-09
C004254,Northstar Account 4254,United States,Professional Services,SMB,Paid Search,2024-01-15
C004255,Northstar Account 4255,United States,Other,Mid-Market,Paid Search,2026-03-06
C004256,Northstar Account 4256,United States,Other,SMB,Outbound,2024-07-24
C004257,Northstar Account 4257,Germany,Manufacturing,SMB,Referral,2025-01-13
C004258,Northstar Account 4258,United States,Technology,SMB,Paid Search,2026-08-09
C004259,Northstar Account 4259,United States,Professional Services,Enterprise,Organic,2025-06-01
C004260,Northstar Account 4260,Netherlands,Professional Services,SMB,Content,2024-10-14
C004261,Northstar Account 4261,Germany,Technology,Enterprise,Organic,2026-02-21
C004262,Northstar Account 4262,United States,Other,Mid-Market,Organic,2024-12-04
C004263,Northstar Account 4263,United States,Technology,SMB,Organic,2025-08-15
C004264,Northstar Account 4264,Australia,Manufacturing,Mid-Market,Paid Search,2024-08-26
C004265,Northstar Account 4265,Canada,Technology,Mid-Market,Referral,2025-06-25
C004266,Northstar Account 4266,Netherlands,Healthcare,SMB,Paid Search,2024-06-26
C004267,Northstar Account 4267,United States,Technology,SMB,Partner,2026-03-26
C004268,Northstar Account 4268,Germany,Technology,Mid-Market,Paid Search,2025-03-08
C004269,Northstar Account 4269,United States,Professional Services,Mid-Market,Paid Search,2025-02-05
C004270,Northstar Account 4270,United States,Other,Mid-Market,Paid Search,2026-08-17
C004271,Northstar Account 4271,Germany,Education,Enterprise,Content,2026-04-21
C004272,Northstar Account 4272,Canada,Education,SMB,Paid Search,2025-09-11
C004273,Northstar Account 4273,United States,Professional Services,Mid-Market,Organic,2026-07-07
C004274,Northstar Account 4274,United States,Education,Mid-Market,Paid Search,2024-10-05
C004275,Northstar Account 4275,Germany,Education,SMB,Referral,2025-10-15
C004276,Northstar Account 4276,United States,Retail,SMB,Organic,2026-07-02
C004277,Northstar Account 4277,United States,Education,SMB,Outbound,2025-09-20
C004278,Northstar Account 4278,United States,Financial Services,Mid-Market,Referral,2025-01-24
C004279,Northstar Account 4279,United States,Other,SMB,Partner,2026-04-24
C004280,Northstar Account 4280,Australia,Other,Mid-Market,Referral,2024-07-09
C004281,Northstar Account 4281,United States,Retail,SMB,Paid Search,2024-07-03
C004282,Northstar Account 4282,United Kingdom,Technology,SMB,Outbound,2026-02-15
C004283,Northstar Account 4283,Canada,Professional Services,SMB,Outbound,2024-04-21
C004284,Northstar Account 4284,United States,Technology,SMB,Organic,2024-03-26
C004285,Northstar Account 4285,United Kingdom,Professional Services,Mid-Market,Referral,2025-04-04
C004286,Northstar Account 4286,United States,Professional Services,SMB,Paid Search,2025-04-01
C004287,Northstar Account 4287,Australia,Education,Mid-Market,Partner,2025-06-04
C004288,Northstar Account 4288,Germany,Retail,SMB,Content,2026-02-16
C004289,Northstar Account 4289,Germany,Education,Enterprise,Outbound,2025-09-05
C004290,Northstar Account 4290,United States,Other,SMB,Organic,2026-01-27
C004291,Northstar Account 4291,Australia,Technology,SMB,Referral,2024-03-10
C004292,Northstar Account 4292,United Kingdom,Technology,SMB,Referral,2025-01-23
C004293,Northstar Account 4293,United States,Education,SMB,Paid Search,2026-08-10
C004294,Northstar Account 4294,United States,Healthcare,SMB,Referral,2025-05-07
C004295,Northstar Account 4295,United States,Retail,Mid-Market,Referral,2024-10-03
C004296,Northstar Account 4296,United States,Financial Services,SMB,Content,2026-08-06
C004297,Northstar Account 4297,United States,Technology,SMB,Outbound,2025-05-22
C004298,Northstar Account 4298,France,Healthcare,SMB,Paid Search,2025-07-22
C004299,Northstar Account 4299,Ireland,Other,SMB,Paid Search,2024-10-19
C004300,Northstar Account 4300,United States,Retail,Mid-Market,Paid Search,2025-12-03
C004301,Northstar Account 4301,Netherlands,Healthcare,SMB,Paid Search,2024-10-09
C004302,Northstar Account 4302,Canada,Technology,Mid-Market,Organic,2025-11-17
C004303,Northstar Account 4303,United States,Professional Services,Enterprise,Content,2026-03-27
C004304,Northstar Account 4304,Netherlands,Technology,SMB,Organic,2025-12-07
C004305,Northstar Account 4305,Canada,Healthcare,SMB,Referral,2024-05-06
C004306,Northstar Account 4306,United Kingdom,Healthcare,SMB,Organic,2024-04-24
C004307,Northstar Account 4307,United States,Other,SMB,Organic,2026-05-14
C004308,Northstar Account 4308,United States,Education,SMB,Content,2026-06-11
C004309,Northstar Account 4309,France,Technology,Enterprise,Referral,2024-07-11
C004310,Northstar Account 4310,United States,Financial Services,SMB,Organic,2025-04-12
C004311,Northstar Account 4311,United States,Professional Services,SMB,Outbound,2025-12-14
C004312,Northstar Account 4312,United States,Education,Mid-Market,Partner,2026-05-23
C004313,Northstar Account 4313,United States,Professional Services,SMB,Paid Search,2026-06-20
C004314,Northstar Account 4314,United States,Manufacturing,Mid-Market,Partner,2026-01-03
C004315,Northstar Account 4315,Netherlands,Other,SMB,Referral,2024-07-04
C004316,Northstar Account 4316,United States,Technology,SMB,Organic,2026-03-17
C004317,Northstar Account 4317,France,Healthcare,Enterprise,Content,2026-05-24
C004318,Northstar Account 4318,United Kingdom,Healthcare,Mid-Market,Partner,2025-03-27
C004319,Northstar Account 4319,United Kingdom,Professional Services,Mid-Market,Organic,2025-07-26
C004320,Northstar Account 4320,United States,Professional Services,SMB,Content,2024-08-19
C004321,Northstar Account 4321,United States,Education,Mid-Market,Organic,2025-01-07
C004322,Northstar Account 4322,Australia,Professional Services,SMB,Organic,2026-05-03
C004323,Northstar Account 4323,Germany,Technology,SMB,Paid Search,2024-05-21
C004324,Northstar Account 4324,United States,Manufacturing,SMB,Organic,2026-03-26
C004325,Northstar Account 4325,France,Healthcare,SMB,Organic,2024-05-12
C004326,Northstar Account 4326,Germany,Professional Services,SMB,Paid Search,2025-01-04
C004327,Northstar Account 4327,United States,Other,SMB,Partner,2025-10-21
C004328,Northstar Account 4328,United Kingdom,Financial Services,Mid-Market,Paid Search,2024-01-11
C004329,Northstar Account 4329,Germany,Other,Mid-Market,Paid Search,2025-12-18
C004330,Northstar Account 4330,Germany,Retail,Mid-Market,Partner,2025-02-06
C004331,Northstar Account 4331,United States,Professional Services,SMB,Organic,2026-02-10
C004332,Northstar Account 4332,United States,Technology,Enterprise,Referral,2026-08-21
C004333,Northstar Account 4333,United States,Other,SMB,Referral,2025-05-24
C004334,Northstar Account 4334,United States,Financial Services,SMB,Organic,2024-02-08
C004335,Northstar Account 4335,United States,Manufacturing,Mid-Market,Paid Search,2026-05-23
C004336,Northstar Account 4336,United Kingdom,Retail,SMB,Partner,2024-12-08
C004337,Northstar Account 4337,United Kingdom,Professional Services,SMB,Paid Search,2024-07-21
C004338,Northstar Account 4338,United States,Education,SMB,Partner,2026-06-12
C004339,Northstar Account 4339,United Kingdom,Technology,SMB,Referral,2024-11-20
C004340,Northstar Account 4340,United States,Retail,Mid-Market,Referral,2025-10-09
C004341,Northstar Account 4341,United States,Education,SMB,Organic,2024-11-03
C004342,Northstar Account 4342,Germany,Manufacturing,SMB,Outbound,2026-01-22
C004343,Northstar Account 4343,France,Retail,SMB,Paid Search,2025-12-01
C004344,Northstar Account 4344,United States,Manufacturing,SMB,Content,2025-08-15
C004345,Northstar Account 4345,Australia,Technology,Mid-Market,Content,2025-09-02
C004346,Northstar Account 4346,France,Professional Services,Enterprise,Organic,2024-10-16
C004347,Northstar Account 4347,United Kingdom,Technology,Mid-Market,Paid Search,2024-02-04
C004348,Northstar Account 4348,Ireland,Professional Services,Mid-Market,Paid Search,2026-04-05
C004349,Northstar Account 4349,United States,Professional Services,SMB,Outbound,2026-06-28
C004350,Northstar Account 4350,United States,Professional Services,Mid-Market,Paid Search,2026-03-26
C004351,Northstar Account 4351,Australia,Retail,SMB,Content,2026-01-13
C004352,Northstar Account 4352,United States,Retail,SMB,Partner,2025-07-10
C004353,Northstar Account 4353,United States,Retail,Mid-Market,Organic,2025-10-20
C004354,Northstar Account 4354,United States,Manufacturing,SMB,Referral,2026-01-11
C004355,Northstar Account 4355,United States,Technology,Mid-Market,Paid Search,2024-02-05
C004356,Northstar Account 4356,United States,Professional Services,Mid-Market,Organic,2025-05-07
C004357,Northstar Account 4357,United States,Technology,Enterprise,Outbound,2024-10-18
C004358,Northstar Account 4358,Ireland,Technology,SMB,Paid Search,2025-03-27
C004359,Northstar Account 4359,United States,Healthcare,SMB,Outbound,2026-02-19
C004360,Northstar Account 4360,Germany,Financial Services,Mid-Market,Outbound,2025-03-17
C004361,Northstar Account 4361,United States,Professional Services,SMB,Paid Search,2026-02-22
C004362,Northstar Account 4362,United States,Retail,SMB,Partner,2026-08-02
C004363,Northstar Account 4363,France,Technology,Mid-Market,Paid Search,2026-07-18
C004364,Northstar Account 4364,United States,Technology,Enterprise,Referral,2026-04-06
C004365,Northstar Account 4365,United States,Financial Services,Mid-Market,Outbound,2026-05-12
C004366,Northstar Account 4366,Australia,Healthcare,SMB,Content,2025-04-14
C004367,Northstar Account 4367,United States,Education,SMB,Outbound,2026-02-21
C004368,Northstar Account 4368,United States,Financial Services,SMB,Paid Search,2025-12-06
C004369,Northstar Account 4369,Netherlands,Healthcare,SMB,Partner,2026-08-27
C004370,Northstar Account 4370,United States,Technology,SMB,Paid Search,2025-10-17
C004371,Northstar Account 4371,Canada,Education,SMB,Content,2025-05-10
C004372,Northstar Account 4372,United States,Manufacturing,SMB,Paid Search,2026-05-09
C004373,Northstar Account 4373,United States,Retail,SMB,Paid Search,2026-02-03
C004374,Northstar Account 4374,United States,Healthcare,SMB,Paid Search,2024-06-10
C004375,Northstar Account 4375,Canada,Retail,SMB,Paid Search,2025-10-04
C004376,Northstar Account 4376,United States,Professional Services,SMB,Paid Search,2025-10-23
C004377,Northstar Account 4377,France,Education,Mid-Market,Paid Search,2025-11-23
C004378,Northstar Account 4378,Germany,Professional Services,SMB,Content,2026-07-15
C004379,Northstar Account 4379,United Kingdom,Professional Services,Mid-Market,Content,2025-10-28
C004380,Northstar Account 4380,United States,Retail,SMB,Organic,2026-05-04
C004381,Northstar Account 4381,United Kingdom,Healthcare,SMB,Content,2025-03-25
C004382,Northstar Account 4382,Canada,Financial Services,SMB,Organic,2024-03-11
C004383,Northstar Account 4383,United States,Healthcare,SMB,Content,2025-03-22
C004384,Northstar Account 4384,Australia,Education,SMB,Organic,2025-08-26
C004385,Northstar Account 4385,United States,Professional Services,Mid-Market,Partner,2026-04-04
C004386,Northstar Account 4386,Netherlands,Healthcare,Mid-Market,Organic,2025-11-24
C004387,Northstar Account 4387,Netherlands,Technology,SMB,Paid Search,2025-06-28
C004388,Northstar Account 4388,United States,Retail,SMB,Partner,2025-06-22
C004389,Northstar Account 4389,United States,Education,Mid-Market,Content,2026-08-05
C004390,Northstar Account 4390,United Kingdom,Technology,SMB,Content,2024-07-24
C004391,Northstar Account 4391,United Kingdom,Other,SMB,Organic,2024-10-08
C004392,Northstar Account 4392,Australia,Retail,Mid-Market,Partner,2025-11-03
C004393,Northstar Account 4393,United States,Education,SMB,Content,2026-01-19
C004394,Northstar Account 4394,United Kingdom,Retail,Mid-Market,Paid Search,2025-04-04
C004395,Northstar Account 4395,Netherlands,Manufacturing,SMB,Paid Search,2024-02-16
C004396,Northstar Account 4396,Ireland,Healthcare,SMB,Organic,2025-08-01
C004397,Northstar Account 4397,United States,Technology,SMB,Paid Search,2024-07-21
C004398,Northstar Account 4398,Ireland,Other,Mid-Market,Organic,2024-03-04
C004399,Northstar Account 4399,United States,Education,SMB,Paid Search,2025-02-19
C004400,Northstar Account 4400,United Kingdom,Retail,Mid-Market,Referral,2024-07-24
C004401,Northstar Account 4401,United States,Education,Mid-Market,Referral,2025-06-03
C004402,Northstar Account 4402,United Kingdom,Professional Services,Mid-Market,Content,2026-03-02
C004403,Northstar Account 4403,United States,Manufacturing,SMB,Referral,2024-03-25
C004404,Northstar Account 4404,United States,Retail,SMB,Organic,2025-07-14
C004405,Northstar Account 4405,United States,Manufacturing,SMB,Outbound,2025-07-15
C004406,Northstar Account 4406,France,Professional Services,SMB,Referral,2024-01-07
C004407,Northstar Account 4407,United Kingdom,Manufacturing,Mid-Market,Partner,2026-02-14
C004408,Northstar Account 4408,Canada,Other,SMB,Paid Search,2024-05-24
C004409,Northstar Account 4409,Canada,Other,Mid-Market,Referral,2026-07-24
C004410,Northstar Account 4410,United States,Manufacturing,SMB,Referral,2025-11-23
C004411,Northstar Account 4411,United States,Education,SMB,Referral,2025-01-09
C004412,Northstar Account 4412,United States,Retail,SMB,Content,2026-07-22
C004413,Northstar Account 4413,United States,Technology,Mid-Market,Outbound,2025-04-13
C004414,Northstar Account 4414,Netherlands,Healthcare,SMB,Outbound,2024-12-11
C004415,Northstar Account 4415,United States,Healthcare,SMB,Referral,2025-04-10
C004416,Northstar Account 4416,Canada,Technology,Mid-Market,Outbound,2025-11-26
C004417,Northstar Account 4417,Australia,Education,SMB,Outbound,2026-02-05
C004418,Northstar Account 4418,France,Technology,SMB,Paid Search,2025-12-26
C004419,Northstar Account 4419,United States,Healthcare,SMB,Referral,2026-07-26
C004420,Northstar Account 4420,Netherlands,Retail,SMB,Paid Search,2026-07-19
C004421,Northstar Account 4421,United Kingdom,Financial Services,SMB,Organic,2024-09-01
C004422,Northstar Account 4422,United Kingdom,Professional Services,SMB,Organic,2026-06-18
C004423,Northstar Account 4423,Germany,Technology,SMB,Partner,2024-05-04
C004424,Northstar Account 4424,United States,Healthcare,SMB,Paid Search,2026-07-10
C004425,Northstar Account 4425,Germany,Retail,SMB,Paid Search,2024-12-03
C004426,Northstar Account 4426,United Kingdom,Technology,SMB,Paid Search,2024-12-21
C004427,Northstar Account 4427,Germany,Healthcare,SMB,Referral,2025-05-14
C004428,Northstar Account 4428,Australia,Other,SMB,Content,2024-09-27
C004429,Northstar Account 4429,United Kingdom,Manufacturing,SMB,Outbound,2026-04-20
C004430,Northstar Account 4430,United States,Technology,SMB,Organic,2024-06-09
C004431,Northstar Account 4431,United States,Professional Services,SMB,Organic,2025-06-22
C004432,Northstar Account 4432,Australia,Healthcare,Mid-Market,Content,2026-06-09
C004433,Northstar Account 4433,United Kingdom,Education,Mid-Market,Paid Search,2025-11-08
C004434,Northstar Account 4434,France,Other,SMB,Outbound,2025-11-08
C004435,Northstar Account 4435,United States,Technology,SMB,Referral,2026-08-20
C004436,Northstar Account 4436,United Kingdom,Healthcare,SMB,Partner,2024-02-28
C004437,Northstar Account 4437,Australia,Other,Mid-Market,Paid Search,2025-02-24
C004438,Northstar Account 4438,Germany,Technology,SMB,Paid Search,2024-06-16
C004439,Northstar Account 4439,United States,Other,SMB,Partner,2024-09-01
C004440,Northstar Account 4440,United States,Retail,SMB,Organic,2024-10-28
C004441,Northstar Account 4441,France,Education,SMB,Content,2025-11-11
C004442,Northstar Account 4442,Germany,Retail,SMB,Referral,2024-12-18
C004443,Northstar Account 4443,United States,Financial Services,Mid-Market,Organic,2025-12-12
C004444,Northstar Account 4444,United Kingdom,Other,Mid-Market,Paid Search,2026-02-09
C004445,Northstar Account 4445,United States,Technology,SMB,Partner,2025-04-09
C004446,Northstar Account 4446,United States,Manufacturing,SMB,Paid Search,2025-08-17
C004447,Northstar Account 4447,United States,Technology,SMB,Referral,2024-07-13
C004448,Northstar Account 4448,United States,Professional Services,SMB,Referral,2026-02-05
C004449,Northstar Account 4449,Australia,Healthcare,SMB,Content,2025-05-11
C004450,Northstar Account 4450,United States,Healthcare,SMB,Organic,2026-05-13
C004451,Northstar Account 4451,Germany,Professional Services,Mid-Market,Organic,2025-08-18
C004452,Northstar Account 4452,United States,Professional Services,Enterprise,Content,2026-01-13
C004453,Northstar Account 4453,United States,Technology,Mid-Market,Referral,2025-03-06
C004454,Northstar Account 4454,United States,Professional Services,Mid-Market,Referral,2025-03-17
C004455,Northstar Account 4455,United States,Technology,SMB,Partner,2025-05-24
C004456,Northstar Account 4456,Canada,Professional Services,SMB,Content,2025-11-11
C004457,Northstar Account 4457,France,Financial Services,SMB,Paid Search,2025-08-18
C004458,Northstar Account 4458,Germany,Professional Services,SMB,Organic,2026-04-13
C004459,Northstar Account 4459,Germany,Other,SMB,Content,2024-03-09
C004460,Northstar Account 4460,Australia,Professional Services,Mid-Market,Paid Search,2026-06-25
C004461,Northstar Account 4461,Germany,Retail,SMB,Content,2026-07-27
C004462,Northstar Account 4462,United Kingdom,Technology,SMB,Organic,2024-11-06
C004463,Northstar Account 4463,Canada,Technology,SMB,Paid Search,2024-05-18
C004464,Northstar Account 4464,United States,Healthcare,Enterprise,Paid Search,2025-10-26
C004465,Northstar Account 4465,United States,Professional Services,SMB,Content,2024-04-16
C004466,Northstar Account 4466,Canada,Professional Services,SMB,Content,2024-10-16
C004467,Northstar Account 4467,Canada,Retail,SMB,Organic,2025-08-27
C004468,Northstar Account 4468,United States,Manufacturing,Mid-Market,Paid Search,2025-11-18
C004469,Northstar Account 4469,Netherlands,Retail,Enterprise,Organic,2024-09-24
C004470,Northstar Account 4470,United States,Technology,SMB,Paid Search,2026-07-03
C004471,Northstar Account 4471,Canada,Professional Services,Mid-Market,Referral,2024-09-17
C004472,Northstar Account 4472,Netherlands,Healthcare,SMB,Paid Search,2024-07-05
C004473,Northstar Account 4473,United States,Other,SMB,Paid Search,2024-08-06
C004474,Northstar Account 4474,France,Technology,SMB,Paid Search,2026-07-21
C004475,Northstar Account 4475,Australia,Professional Services,SMB,Referral,2026-06-25
C004476,Northstar Account 4476,Canada,Retail,Mid-Market,Referral,2024-02-26
C004477,Northstar Account 4477,Netherlands,Other,SMB,Referral,2026-02-22
C004478,Northstar Account 4478,Canada,Technology,SMB,Partner,2024-04-15
C004479,Northstar Account 4479,United States,Manufacturing,Mid-Market,Outbound,2024-04-13
C004480,Northstar Account 4480,Canada,Education,Enterprise,Partner,2024-04-05
C004481,Northstar Account 4481,United States,Professional Services,SMB,Content,2026-04-23
C004482,Northstar Account 4482,United States,Manufacturing,SMB,Referral,2025-05-23
C004483,Northstar Account 4483,United States,Healthcare,Mid-Market,Paid Search,2025-09-04
C004484,Northstar Account 4484,United States,Technology,SMB,Content,2024-02-26
C004485,Northstar Account 4485,Germany,Professional Services,Mid-Market,Partner,2026-06-10
C004486,Northstar Account 4486,Netherlands,Professional Services,SMB,Referral,2026-08-19
C004487,Northstar Account 4487,Ireland,Professional Services,Mid-Market,Paid Search,2024-11-04
C004488,Northstar Account 4488,United States,Manufacturing,SMB,Organic,2025-12-06
C004489,Northstar Account 4489,United Kingdom,Education,SMB,Content,2025-12-17
C004490,Northstar Account 4490,United Kingdom,Manufacturing,SMB,Paid Search,2026-08-12
C004491,Northstar Account 4491,United States,Retail,SMB,Paid Search,2025-07-01
C004492,Northstar Account 4492,United Kingdom,Professional Services,Mid-Market,Organic,2024-11-27
C004493,Northstar Account 4493,United States,Technology,Enterprise,Partner,2025-03-25
C004494,Northstar Account 4494,Netherlands,Manufacturing,SMB,Content,2025-11-06
C004495,Northstar Account 4495,United States,Technology,SMB,Referral,2025-07-19
C004496,Northstar Account 4496,Australia,Professional Services,SMB,Outbound,2024-04-05
C004497,Northstar Account 4497,France,Education,SMB,Organic,2026-04-21
C004498,Northstar Account 4498,Canada,Manufacturing,SMB,Organic,2026-05-20
C004499,Northstar Account 4499,United States,Technology,Mid-Market,Paid Search,2025-07-21
C004500,Northstar Account 4500,United States,Healthcare,Mid-Market,Paid Search,2025-08-16
C004501,Northstar Account 4501,Ireland,Technology,SMB,Referral,2025-07-01
C004502,Northstar Account 4502,United States,Manufacturing,SMB,Paid Search,2025-08-06
C004503,Northstar Account 4503,United States,Education,SMB,Organic,2024-05-28
C004504,Northstar Account 4504,Ireland,Manufacturing,SMB,Content,2025-05-18
C004505,Northstar Account 4505,Germany,Technology,SMB,Partner,2025-06-10
C004506,Northstar Account 4506,Canada,Healthcare,SMB,Paid Search,2026-08-27
C004507,Northstar Account 4507,United States,Professional Services,SMB,Referral,2024-03-13
C004508,Northstar Account 4508,United States,Retail,SMB,Partner,2025-01-24
C004509,Northstar Account 4509,Australia,Other,Mid-Market,Content,2025-07-23
C004510,Northstar Account 4510,United States,Technology,SMB,Referral,2026-05-01
C004511,Northstar Account 4511,United States,Healthcare,SMB,Paid Search,2025-06-27
C004512,Northstar Account 4512,United States,Technology,SMB,Paid Search,2025-01-25
C004513,Northstar Account 4513,United Kingdom,Retail,Mid-Market,Organic,2025-08-28
C004514,Northstar Account 4514,United States,Retail,SMB,Referral,2025-01-18
C004515,Northstar Account 4515,Australia,Retail,SMB,Partner,2025-09-20
C004516,Northstar Account 4516,United States,Education,SMB,Content,2026-01-08
C004517,Northstar Account 4517,United States,Other,SMB,Partner,2025-08-05
C004518,Northstar Account 4518,Netherlands,Manufacturing,SMB,Organic,2025-11-03
C004519,Northstar Account 4519,Netherlands,Other,Mid-Market,Paid Search,2024-02-05
C004520,Northstar Account 4520,Canada,Technology,SMB,Paid Search,2025-12-28
C004521,Northstar Account 4521,France,Other,SMB,Organic,2026-08-08
C004522,Northstar Account 4522,United States,Professional Services,SMB,Partner,2025-07-01
C004523,Northstar Account 4523,United States,Technology,Mid-Market,Outbound,2026-04-20
C004524,Northstar Account 4524,United States,Retail,Mid-Market,Paid Search,2025-09-06
C004525,Northstar Account 4525,United States,Professional Services,Mid-Market,Referral,2026-01-15
C004526,Northstar Account 4526,Germany,Manufacturing,SMB,Paid Search,2025-01-19
C004527,Northstar Account 4527,Australia,Technology,Mid-Market,Referral,2026-08-17
C004528,Northstar Account 4528,United States,Healthcare,Mid-Market,Paid Search,2024-10-22
C004529,Northstar Account 4529,United States,Professional Services,SMB,Referral,2024-08-01
C004530,Northstar Account 4530,Ireland,Technology,SMB,Paid Search,2024-03-08
C004531,Northstar Account 4531,United Kingdom,Financial Services,Mid-Market,Paid Search,2025-09-12
C004532,Northstar Account 4532,United States,Retail,SMB,Partner,2025-11-21
C004533,Northstar Account 4533,United States,Professional Services,Mid-Market,Organic,2025-12-16
C004534,Northstar Account 4534,United States,Manufacturing,SMB,Partner,2024-08-22
C004535,Northstar Account 4535,United States,Financial Services,SMB,Organic,2025-12-21
C004536,Northstar Account 4536,United States,Retail,SMB,Outbound,2024-08-23
C004537,Northstar Account 4537,United Kingdom,Technology,Mid-Market,Organic,2026-02-18
C004538,Northstar Account 4538,United States,Other,Mid-Market,Partner,2024-12-22
C004539,Northstar Account 4539,United Kingdom,Professional Services,SMB,Content,2025-05-20
C004540,Northstar Account 4540,United States,Technology,SMB,Referral,2025-03-01
C004541,Northstar Account 4541,United States,Technology,SMB,Organic,2025-03-08
C004542,Northstar Account 4542,United States,Technology,SMB,Partner,2026-02-25
C004543,Northstar Account 4543,France,Other,Enterprise,Paid Search,2026-08-03
C004544,Northstar Account 4544,Germany,Other,SMB,Partner,2025-08-16
C004545,Northstar Account 4545,United States,Retail,SMB,Organic,2025-04-22
C004546,Northstar Account 4546,United States,Education,SMB,Content,2025-01-13
C004547,Northstar Account 4547,United Kingdom,Financial Services,Enterprise,Content,2025-11-06
C004548,Northstar Account 4548,United States,Healthcare,SMB,Paid Search,2025-06-01
C004549,Northstar Account 4549,Canada,Education,Mid-Market,Paid Search,2026-03-19
C004550,Northstar Account 4550,Ireland,Other,SMB,Organic,2025-10-17
C004551,Northstar Account 4551,United States,Technology,SMB,Partner,2025-05-20
C004552,Northstar Account 4552,United Kingdom,Technology,Mid-Market,Organic,2026-07-05
C004553,Northstar Account 4553,United Kingdom,Manufacturing,SMB,Referral,2024-01-14
C004554,Northstar Account 4554,United Kingdom,Education,Mid-Market,Partner,2026-01-16
C004555,Northstar Account 4555,United States,Technology,SMB,Outbound,2025-05-24
C004556,Northstar Account 4556,United Kingdom,Professional Services,Mid-Market,Organic,2024-06-06
C004557,Northstar Account 4557,United States,Education,Mid-Market,Paid Search,2024-05-20
C004558,Northstar Account 4558,Canada,Retail,Mid-Market,Organic,2025-12-20
C004559,Northstar Account 4559,Canada,Financial Services,SMB,Referral,2024-07-17
C004560,Northstar Account 4560,United States,Financial Services,Mid-Market,Organic,2026-05-03
C004561,Northstar Account 4561,Ireland,Retail,Enterprise,Organic,2025-01-04
C004562,Northstar Account 4562,Australia,Education,SMB,Organic,2025-02-17
C004563,Northstar Account 4563,United Kingdom,Education,SMB,Content,2025-12-18
C004564,Northstar Account 4564,Ireland,Technology,Mid-Market,Outbound,2024-10-19
C004565,Northstar Account 4565,Australia,Retail,SMB,Organic,2024-01-22
C004566,Northstar Account 4566,United States,Retail,Mid-Market,Paid Search,2025-06-12
C004567,Northstar Account 4567,United Kingdom,Financial Services,Mid-Market,Organic,2025-08-09
C004568,Northstar Account 4568,United Kingdom,Financial Services,SMB,Organic,2025-06-26
C004569,Northstar Account 4569,Canada,Technology,SMB,Outbound,2025-06-20
C004570,Northstar Account 4570,Netherlands,Financial Services,SMB,Organic,2025-12-15
C004571,Northstar Account 4571,United States,Healthcare,SMB,Referral,2026-05-16
C004572,Northstar Account 4572,United States,Technology,Mid-Market,Outbound,2025-03-22
C004573,Northstar Account 4573,United States,Professional Services,SMB,Referral,2026-03-09
C004574,Northstar Account 4574,Germany,Financial Services,SMB,Organic,2024-04-13
C004575,Northstar Account 4575,United States,Professional Services,Mid-Market,Referral,2025-07-02
C004576,Northstar Account 4576,United States,Education,SMB,Organic,2025-04-23
C004577,Northstar Account 4577,United States,Healthcare,Mid-Market,Organic,2025-06-15
C004578,Northstar Account 4578,Canada,Healthcare,SMB,Outbound,2024-05-26
C004579,Northstar Account 4579,United States,Retail,SMB,Organic,2024-07-09
C004580,Northstar Account 4580,United States,Retail,SMB,Organic,2025-01-12
C004581,Northstar Account 4581,United States,Other,Mid-Market,Paid Search,2024-12-02
C004582,Northstar Account 4582,United States,Retail,Mid-Market,Paid Search,2025-04-28
C004583,Northstar Account 4583,United States,Technology,Mid-Market,Referral,2025-06-10
C004584,Northstar Account 4584,United States,Retail,Enterprise,Content,2024-10-05
C004585,Northstar Account 4585,Canada,Manufacturing,Mid-Market,Referral,2025-11-18
C004586,Northstar Account 4586,United States,Retail,Mid-Market,Organic,2025-04-24
C004587,Northstar Account 4587,United States,Manufacturing,SMB,Paid Search,2024-03-04
C004588,Northstar Account 4588,United Kingdom,Professional Services,Mid-Market,Partner,2024-11-15
C004589,Northstar Account 4589,United States,Healthcare,SMB,Partner,2025-09-14
C004590,Northstar Account 4590,United States,Financial Services,Mid-Market,Content,2025-11-04
C004591,Northstar Account 4591,United States,Retail,SMB,Referral,2026-04-08
C004592,Northstar Account 4592,United States,Education,SMB,Content,2024-11-18
C004593,Northstar Account 4593,United Kingdom,Education,Mid-Market,Content,2025-09-28
C004594,Northstar Account 4594,Ireland,Manufacturing,SMB,Organic,2025-07-04
C004595,Northstar Account 4595,United States,Professional Services,SMB,Referral,2026-05-18
C004596,Northstar Account 4596,United Kingdom,Healthcare,Enterprise,Content,2026-02-25
C004597,Northstar Account 4597,France,Retail,SMB,Outbound,2024-07-22
C004598,Northstar Account 4598,United States,Retail,SMB,Organic,2026-08-23
C004599,Northstar Account 4599,Germany,Retail,SMB,Referral,2025-03-26
C004600,Northstar Account 4600,United Kingdom,Retail,SMB,Organic,2026-07-19
C004601,Northstar Account 4601,United Kingdom,Technology,SMB,Referral,2024-12-02
C004602,Northstar Account 4602,Netherlands,Manufacturing,Mid-Market,Outbound,2025-06-07
C004603,Northstar Account 4603,United States,Healthcare,Enterprise,Outbound,2025-09-12
C004604,Northstar Account 4604,France,Technology,Mid-Market,Paid Search,2024-04-27
C004605,Northstar Account 4605,United States,Professional Services,Mid-Market,Paid Search,2026-01-06
C004606,Northstar Account 4606,United Kingdom,Healthcare,SMB,Content,2024-05-24
C004607,Northstar Account 4607,United States,Retail,Mid-Market,Referral,2024-08-18
C004608,Northstar Account 4608,United States,Education,SMB,Outbound,2025-01-21
C004609,Northstar Account 4609,United States,Retail,SMB,Organic,2026-08-03
C004610,Northstar Account 4610,Netherlands,Financial Services,Enterprise,Content,2026-08-11
C004611,Northstar Account 4611,United Kingdom,Technology,Mid-Market,Referral,2025-07-13
C004612,Northstar Account 4612,Australia,Healthcare,SMB,Paid Search,2025-08-14
C004613,Northstar Account 4613,United States,Professional Services,Mid-Market,Paid Search,2024-10-25
C004614,Northstar Account 4614,United States,Professional Services,SMB,Referral,2025-05-10
C004615,Northstar Account 4615,United States,Other,SMB,Paid Search,2026-08-25
C004616,Northstar Account 4616,United States,Financial Services,SMB,Content,2026-03-24
C004617,Northstar Account 4617,United States,Technology,SMB,Partner,2026-01-18
C004618,Northstar Account 4618,Netherlands,Technology,SMB,Partner,2024-12-09
C004619,Northstar Account 4619,Australia,Financial Services,SMB,Organic,2026-03-03
C004620,Northstar Account 4620,United States,Technology,SMB,Outbound,2026-08-07
C004621,Northstar Account 4621,United States,Other,SMB,Referral,2026-08-17
C004622,Northstar Account 4622,United Kingdom,Professional Services,Enterprise,Content,2025-10-07
C004623,Northstar Account 4623,United Kingdom,Retail,SMB,Content,2024-08-26
C004624,Northstar Account 4624,Canada,Technology,Mid-Market,Partner,2026-08-12
C004625,Northstar Account 4625,United Kingdom,Healthcare,SMB,Outbound,2025-09-08
C004626,Northstar Account 4626,United States,Technology,SMB,Partner,2024-02-18
C004627,Northstar Account 4627,United States,Retail,Mid-Market,Partner,2024-04-05
C004628,Northstar Account 4628,Ireland,Other,SMB,Organic,2025-10-24
C004629,Northstar Account 4629,Canada,Professional Services,SMB,Organic,2026-05-16
C004630,Northstar Account 4630,Netherlands,Education,SMB,Referral,2026-07-26
C004631,Northstar Account 4631,United States,Technology,SMB,Organic,2026-07-24
C004632,Northstar Account 4632,United Kingdom,Healthcare,SMB,Referral,2025-10-03
C004633,Northstar Account 4633,United States,Professional Services,SMB,Outbound,2026-08-26
C004634,Northstar Account 4634,France,Education,SMB,Organic,2024-07-02
C004635,Northstar Account 4635,United States,Manufacturing,SMB,Paid Search,2024-05-23
C004636,Northstar Account 4636,Canada,Financial Services,SMB,Referral,2024-02-11
C004637,Northstar Account 4637,United States,Other,SMB,Paid Search,2026-03-10
C004638,Northstar Account 4638,United States,Professional Services,Mid-Market,Content,2026-07-23
C004639,Northstar Account 4639,United States,Technology,SMB,Partner,2026-05-08
C004640,Northstar Account 4640,United Kingdom,Technology,SMB,Partner,2026-07-26
C004641,Northstar Account 4641,Australia,Education,SMB,Partner,2025-09-02
C004642,Northstar Account 4642,Ireland,Technology,SMB,Partner,2026-03-05
C004643,Northstar Account 4643,United Kingdom,Manufacturing,SMB,Organic,2025-02-11
C004644,Northstar Account 4644,United Kingdom,Other,SMB,Organic,2026-03-09
C004645,Northstar Account 4645,Germany,Technology,SMB,Organic,2026-02-25
C004646,Northstar Account 4646,United States,Professional Services,Enterprise,Content,2025-05-26
C004647,Northstar Account 4647,Germany,Retail,Mid-Market,Paid Search,2024-03-12
C004648,Northstar Account 4648,Germany,Retail,SMB,Organic,2024-12-17
C004649,Northstar Account 4649,United Kingdom,Retail,SMB,Paid Search,2026-06-10
C004650,Northstar Account 4650,United States,Technology,SMB,Organic,2025-10-12
C004651,Northstar Account 4651,United States,Financial Services,Mid-Market,Paid Search,2025-04-10
C004652,Northstar Account 4652,United States,Education,Mid-Market,Content,2026-07-07
C004653,Northstar Account 4653,Netherlands,Technology,SMB,Paid Search,2025-03-20
C004654,Northstar Account 4654,United Kingdom,Technology,SMB,Referral,2025-02-04
C004655,Northstar Account 4655,United Kingdom,Manufacturing,SMB,Organic,2026-03-09
C004656,Northstar Account 4656,United States,Technology,Mid-Market,Partner,2025-03-04
C004657,Northstar Account 4657,Germany,Financial Services,Mid-Market,Paid Search,2025-06-13
C004658,Northstar Account 4658,United States,Retail,SMB,Referral,2026-02-19
C004659,Northstar Account 4659,United States,Other,SMB,Outbound,2025-05-15
C004660,Northstar Account 4660,Canada,Manufacturing,SMB,Paid Search,2025-02-21
C004661,Northstar Account 4661,United States,Financial Services,Mid-Market,Outbound,2024-01-17
C004662,Northstar Account 4662,United States,Manufacturing,Mid-Market,Organic,2026-05-11
C004663,Northstar Account 4663,United States,Healthcare,SMB,Partner,2025-08-26
C004664,Northstar Account 4664,United States,Technology,SMB,Referral,2026-05-17
C004665,Northstar Account 4665,France,Education,SMB,Paid Search,2025-11-02
C004666,Northstar Account 4666,Australia,Healthcare,SMB,Organic,2024-09-05
C004667,Northstar Account 4667,Ireland,Retail,Mid-Market,Paid Search,2025-03-19
C004668,Northstar Account 4668,Netherlands,Healthcare,SMB,Referral,2025-05-01
C004669,Northstar Account 4669,United States,Professional Services,Mid-Market,Organic,2026-02-05
C004670,Northstar Account 4670,United States,Retail,SMB,Content,2025-09-03
C004671,Northstar Account 4671,Canada,Technology,SMB,Organic,2025-11-23
C004672,Northstar Account 4672,United States,Retail,SMB,Outbound,2026-02-03
C004673,Northstar Account 4673,Ireland,Retail,SMB,Paid Search,2024-12-06
C004674,Northstar Account 4674,United States,Financial Services,SMB,Referral,2026-06-28
C004675,Northstar Account 4675,United Kingdom,Retail,Mid-Market,Organic,2025-06-04
C004676,Northstar Account 4676,Canada,Other,SMB,Paid Search,2025-12-07
C004677,Northstar Account 4677,France,Other,SMB,Paid Search,2024-10-23
C004678,Northstar Account 4678,United Kingdom,Technology,SMB,Referral,2024-11-04
C004679,Northstar Account 4679,United Kingdom,Healthcare,SMB,Paid Search,2026-02-07
C004680,Northstar Account 4680,United States,Professional Services,Mid-Market,Partner,2025-03-23
C004681,Northstar Account 4681,United Kingdom,Financial Services,Enterprise,Outbound,2026-06-01
C004682,Northstar Account 4682,Canada,Retail,SMB,Organic,2025-12-11
C004683,Northstar Account 4683,United Kingdom,Technology,Mid-Market,Paid Search,2025-12-08
C004684,Northstar Account 4684,Germany,Technology,Mid-Market,Paid Search,2025-04-06
C004685,Northstar Account 4685,United States,Education,Enterprise,Paid Search,2026-06-11
C004686,Northstar Account 4686,United States,Technology,SMB,Organic,2026-07-07
C004687,Northstar Account 4687,Netherlands,Professional Services,SMB,Content,2024-11-22
C004688,Northstar Account 4688,United States,Financial Services,SMB,Organic,2025-08-04
C004689,Northstar Account 4689,United Kingdom,Technology,Mid-Market,Paid Search,2026-06-12
C004690,Northstar Account 4690,United Kingdom,Education,Mid-Market,Referral,2024-05-03
C004691,Northstar Account 4691,Netherlands,Education,SMB,Organic,2025-01-03
C004692,Northstar Account 4692,United States,Professional Services,SMB,Partner,2026-07-20
C004693,Northstar Account 4693,United States,Technology,Mid-Market,Outbound,2025-07-13
C004694,Northstar Account 4694,Australia,Technology,Mid-Market,Organic,2026-07-13
C004695,Northstar Account 4695,Canada,Other,SMB,Partner,2025-04-08
C004696,Northstar Account 4696,United Kingdom,Education,Mid-Market,Content,2025-08-05
C004697,Northstar Account 4697,United States,Professional Services,SMB,Referral,2025-06-25
C004698,Northstar Account 4698,United States,Financial Services,SMB,Content,2025-06-23
C004699,Northstar Account 4699,Netherlands,Technology,SMB,Content,2026-07-13
C004700,Northstar Account 4700,Canada,Technology,Mid-Market,Partner,2026-01-01
C004701,Northstar Account 4701,France,Technology,Enterprise,Partner,2026-07-26
C004702,Northstar Account 4702,Ireland,Manufacturing,SMB,Referral,2025-02-13
C004703,Northstar Account 4703,United Kingdom,Retail,SMB,Referral,2026-08-06
C004704,Northstar Account 4704,United Kingdom,Education,SMB,Referral,2026-01-04
C004705,Northstar Account 4705,Canada,Professional Services,SMB,Organic,2024-07-28
C004706,Northstar Account 4706,Australia,Manufacturing,SMB,Content,2025-05-01
C004707,Northstar Account 4707,Canada,Manufacturing,SMB,Paid Search,2024-11-11
C004708,Northstar Account 4708,United States,Retail,SMB,Paid Search,2024-11-16
C004709,Northstar Account 4709,Netherlands,Technology,SMB,Organic,2026-07-09
C004710,Northstar Account 4710,Canada,Education,SMB,Organic,2026-08-05
C004711,Northstar Account 4711,Australia,Professional Services,Mid-Market,Referral,2024-01-19
C004712,Northstar Account 4712,United States,Technology,SMB,Paid Search,2024-07-02
C004713,Northstar Account 4713,United States,Healthcare,SMB,Referral,2024-12-28
C004714,Northstar Account 4714,Canada,Retail,Mid-Market,Partner,2026-05-14
C004715,Northstar Account 4715,Germany,Manufacturing,SMB,Paid Search,2025-11-21
C004716,Northstar Account 4716,United States,Professional Services,SMB,Organic,2025-09-24
C004717,Northstar Account 4717,United States,Professional Services,SMB,Partner,2025-10-23
C004718,Northstar Account 4718,Germany,Education,SMB,Referral,2026-07-14
C004719,Northstar Account 4719,Ireland,Education,SMB,Organic,2024-12-03
C004720,Northstar Account 4720,United States,Retail,SMB,Paid Search,2024-06-03
C004721,Northstar Account 4721,United States,Retail,SMB,Organic,2025-11-10
C004722,Northstar Account 4722,United States,Technology,SMB,Paid Search,2026-08-09
C004723,Northstar Account 4723,United States,Retail,SMB,Paid Search,2026-01-25
C004724,Northstar Account 4724,United States,Other,SMB,Outbound,2026-06-13
C004725,Northstar Account 4725,United Kingdom,Technology,SMB,Paid Search,2026-06-28
C004726,Northstar Account 4726,United Kingdom,Healthcare,SMB,Paid Search,2024-10-08
C004727,Northstar Account 4727,United States,Technology,Mid-Market,Content,2026-01-28
C004728,Northstar Account 4728,United States,Professional Services,SMB,Referral,2026-05-10
C004729,Northstar Account 4729,Ireland,Manufacturing,SMB,Organic,2024-05-28
C004730,Northstar Account 4730,United States,Healthcare,SMB,Referral,2025-12-15
C004731,Northstar Account 4731,Germany,Technology,SMB,Outbound,2024-12-01
C004732,Northstar Account 4732,United States,Retail,Mid-Market,Paid Search,2026-04-27
C004733,Northstar Account 4733,Australia,Technology,SMB,Organic,2024-10-06
C004734,Northstar Account 4734,Australia,Professional Services,SMB,Content,2025-03-23
C004735,Northstar Account 4735,United States,Manufacturing,Mid-Market,Content,2025-12-23
C004736,Northstar Account 4736,Canada,Professional Services,Mid-Market,Outbound,2025-09-06
C004737,Northstar Account 4737,Canada,Retail,Mid-Market,Organic,2024-06-16
C004738,Northstar Account 4738,United States,Retail,SMB,Outbound,2024-10-22
C004739,Northstar Account 4739,Germany,Financial Services,SMB,Organic,2026-06-27
C004740,Northstar Account 4740,United States,Technology,SMB,Referral,2026-08-12
C004741,Northstar Account 4741,United States,Healthcare,SMB,Content,2026-01-12
C004742,Northstar Account 4742,Ireland,Technology,SMB,Paid Search,2024-01-23
C004743,Northstar Account 4743,United States,Technology,Mid-Market,Paid Search,2026-02-14
C004744,Northstar Account 4744,United States,Professional Services,SMB,Partner,2025-11-18
C004745,Northstar Account 4745,United States,Education,SMB,Content,2025-05-04
C004746,Northstar Account 4746,Ireland,Technology,SMB,Paid Search,2024-10-20
C004747,Northstar Account 4747,United States,Other,SMB,Content,2024-08-10
C004748,Northstar Account 4748,United States,Retail,SMB,Organic,2024-04-11
C004749,Northstar Account 4749,Canada,Financial Services,Mid-Market,Organic,2025-11-26
C004750,Northstar Account 4750,Germany,Professional Services,SMB,Organic,2025-02-20
C004751,Northstar Account 4751,United Kingdom,Professional Services,SMB,Outbound,2025-08-16
C004752,Northstar Account 4752,Ireland,Education,SMB,Paid Search,2025-08-16
C004753,Northstar Account 4753,United States,Professional Services,SMB,Partner,2025-11-24
C004754,Northstar Account 4754,United Kingdom,Retail,SMB,Paid Search,2025-10-18
C004755,Northstar Account 4755,United Kingdom,Manufacturing,Mid-Market,Outbound,2025-08-06
C004756,Northstar Account 4756,United States,Education,SMB,Content,2024-08-16
C004757,Northstar Account 4757,France,Financial Services,SMB,Paid Search,2024-02-18
C004758,Northstar Account 4758,United Kingdom,Technology,Enterprise,Organic,2025-10-02
C004759,Northstar Account 4759,United States,Healthcare,SMB,Organic,2025-05-04
C004760,Northstar Account 4760,United States,Healthcare,Enterprise,Organic,2025-05-14
C004761,Northstar Account 4761,United States,Healthcare,SMB,Content,2025-05-17
C004762,Northstar Account 4762,France,Healthcare,SMB,Partner,2024-06-02
C004763,Northstar Account 4763,United States,Education,Mid-Market,Organic,2024-08-13
C004764,Northstar Account 4764,France,Financial Services,SMB,Referral,2025-12-05
C004765,Northstar Account 4765,United States,Professional Services,SMB,Organic,2025-08-19
C004766,Northstar Account 4766,Ireland,Technology,SMB,Paid Search,2025-11-14
C004767,Northstar Account 4767,Australia,Technology,Mid-Market,Paid Search,2024-06-03
C004768,Northstar Account 4768,United States,Technology,SMB,Organic,2026-04-12
C004769,Northstar Account 4769,United States,Education,SMB,Referral,2025-03-27
C004770,Northstar Account 4770,Germany,Retail,Mid-Market,Paid Search,2025-11-02
C004771,Northstar Account 4771,United States,Professional Services,SMB,Partner,2025-06-12
C004772,Northstar Account 4772,United States,Other,SMB,Organic,2025-06-04
C004773,Northstar Account 4773,Germany,Other,SMB,Referral,2026-03-26
C004774,Northstar Account 4774,France,Healthcare,SMB,Paid Search,2024-06-14
C004775,Northstar Account 4775,Germany,Retail,SMB,Organic,2024-04-18
C004776,Northstar Account 4776,France,Professional Services,SMB,Paid Search,2024-05-28
C004777,Northstar Account 4777,United Kingdom,Retail,SMB,Organic,2026-08-02
C004778,Northstar Account 4778,Germany,Retail,SMB,Paid Search,2026-07-14
C004779,Northstar Account 4779,United States,Technology,SMB,Organic,2026-01-02
C004780,Northstar Account 4780,Germany,Manufacturing,Mid-Market,Content,2025-06-22
C004781,Northstar Account 4781,Canada,Retail,SMB,Paid Search,2024-05-17
C004782,Northstar Account 4782,United Kingdom,Professional Services,Enterprise,Referral,2026-04-13
C004783,Northstar Account 4783,Ireland,Education,Mid-Market,Partner,2024-09-09
C004784,Northstar Account 4784,United States,Retail,SMB,Partner,2024-12-06
C004785,Northstar Account 4785,United Kingdom,Professional Services,Enterprise,Referral,2026-05-26
C004786,Northstar Account 4786,United Kingdom,Professional Services,Mid-Market,Organic,2024-11-01
C004787,Northstar Account 4787,United States,Technology,SMB,Referral,2026-05-04
C004788,Northstar Account 4788,United States,Retail,Mid-Market,Content,2026-03-11
C004789,Northstar Account 4789,Ireland,Professional Services,SMB,Content,2026-05-11
C004790,Northstar Account 4790,United States,Technology,Mid-Market,Organic,2025-12-26
C004791,Northstar Account 4791,Canada,Manufacturing,SMB,Referral,2025-03-09
C004792,Northstar Account 4792,United Kingdom,Manufacturing,SMB,Paid Search,2025-12-10
C004793,Northstar Account 4793,France,Retail,SMB,Partner,2026-04-07
C004794,Northstar Account 4794,Germany,Financial Services,Enterprise,Paid Search,2026-02-11
C004795,Northstar Account 4795,United States,Retail,SMB,Paid Search,2026-05-08
C004796,Northstar Account 4796,United States,Technology,SMB,Referral,2026-08-20
C004797,Northstar Account 4797,Canada,Retail,SMB,Content,2026-01-23
C004798,Northstar Account 4798,United States,Professional Services,SMB,Paid Search,2026-07-21
C004799,Northstar Account 4799,United Kingdom,Retail,Mid-Market,Partner,2024-12-23
C004800,Northstar Account 4800,United States,Other,Mid-Market,Referral,2026-08-18
C004801,Northstar Account 4801,United States,Professional Services,SMB,Outbound,2026-06-20
C004802,Northstar Account 4802,Ireland,Technology,SMB,Referral,2024-03-10
C004803,Northstar Account 4803,France,Technology,SMB,Paid Search,2025-10-28
C004804,Northstar Account 4804,Canada,Financial Services,SMB,Paid Search,2025-07-27
C004805,Northstar Account 4805,United States,Technology,Mid-Market,Referral,2026-04-02
C004806,Northstar Account 4806,Ireland,Other,Mid-Market,Paid Search,2024-06-10
C004807,Northstar Account 4807,United Kingdom,Technology,SMB,Outbound,2025-08-20
C004808,Northstar Account 4808,Netherlands,Manufacturing,SMB,Outbound,2025-07-09
C004809,Northstar Account 4809,United States,Professional Services,SMB,Outbound,2025-04-15
C004810,Northstar Account 4810,United States,Professional Services,SMB,Organic,2026-08-24
C004811,Northstar Account 4811,Canada,Technology,SMB,Referral,2025-09-25
C004812,Northstar Account 4812,France,Technology,Mid-Market,Referral,2025-05-27
C004813,Northstar Account 4813,United States,Technology,SMB,Paid Search,2026-05-19
C004814,Northstar Account 4814,United States,Technology,Enterprise,Organic,2024-07-27
C004815,Northstar Account 4815,United Kingdom,Healthcare,SMB,Paid Search,2025-01-19
C004816,Northstar Account 4816,Ireland,Healthcare,SMB,Organic,2024-12-15
C004817,Northstar Account 4817,Germany,Professional Services,SMB,Outbound,2026-07-06
C004818,Northstar Account 4818,France,Education,SMB,Content,2026-06-25
C004819,Northstar Account 4819,Canada,Manufacturing,SMB,Organic,2025-10-08
C004820,Northstar Account 4820,Australia,Other,SMB,Partner,2025-02-06
C004821,Northstar Account 4821,United Kingdom,Retail,Mid-Market,Paid Search,2025-06-22
C004822,Northstar Account 4822,United States,Professional Services,SMB,Organic,2025-09-25
C004823,Northstar Account 4823,Canada,Other,Mid-Market,Paid Search,2025-09-28
C004824,Northstar Account 4824,United Kingdom,Other,Mid-Market,Referral,2024-11-22
C004825,Northstar Account 4825,United States,Other,SMB,Referral,2024-07-27
C004826,Northstar Account 4826,United States,Healthcare,SMB,Content,2026-06-12
C004827,Northstar Account 4827,Germany,Healthcare,SMB,Content,2025-11-03
C004828,Northstar Account 4828,Australia,Other,SMB,Paid Search,2024-07-07
C004829,Northstar Account 4829,United States,Retail,Mid-Market,Content,2026-08-05
C004830,Northstar Account 4830,France,Technology,Mid-Market,Paid Search,2025-05-22
C004831,Northstar Account 4831,United States,Other,SMB,Organic,2026-02-12
C004832,Northstar Account 4832,United States,Financial Services,SMB,Partner,2024-08-13
C004833,Northstar Account 4833,United States,Technology,Mid-Market,Paid Search,2026-07-26
C004834,Northstar Account 4834,United States,Technology,Mid-Market,Paid Search,2024-04-28
C004835,Northstar Account 4835,United States,Financial Services,SMB,Organic,2026-07-05
C004836,Northstar Account 4836,Canada,Professional Services,Mid-Market,Paid Search,2026-02-24
C004837,Northstar Account 4837,Germany,Education,SMB,Outbound,2024-10-18
C004838,Northstar Account 4838,United Kingdom,Technology,SMB,Organic,2024-09-23
C004839,Northstar Account 4839,France,Technology,SMB,Partner,2026-05-27
C004840,Northstar Account 4840,Netherlands,Manufacturing,SMB,Outbound,2024-02-10
C004841,Northstar Account 4841,United States,Other,Mid-Market,Partner,2024-06-23
C004842,Northstar Account 4842,United States,Retail,SMB,Organic,2025-12-20
C004843,Northstar Account 4843,United States,Technology,SMB,Outbound,2024-04-19
C004844,Northstar Account 4844,Canada,Professional Services,SMB,Paid Search,2025-09-22
C004845,Northstar Account 4845,United States,Technology,SMB,Paid Search,2025-10-22
C004846,Northstar Account 4846,Canada,Other,SMB,Partner,2024-01-12
C004847,Northstar Account 4847,Canada,Retail,SMB,Organic,2025-04-26
C004848,Northstar Account 4848,United Kingdom,Other,Mid-Market,Content,2024-02-03
C004849,Northstar Account 4849,United States,Financial Services,SMB,Paid Search,2026-08-06
C004850,Northstar Account 4850,United States,Retail,Mid-Market,Referral,2024-10-21
C004851,Northstar Account 4851,United States,Technology,SMB,Referral,2026-01-13
C004852,Northstar Account 4852,Australia,Other,Mid-Market,Outbound,2025-12-09
C004853,Northstar Account 4853,Canada,Technology,Mid-Market,Paid Search,2026-03-15
C004854,Northstar Account 4854,United Kingdom,Financial Services,SMB,Organic,2025-02-04
C004855,Northstar Account 4855,Canada,Retail,SMB,Outbound,2024-09-01
C004856,Northstar Account 4856,United Kingdom,Professional Services,Enterprise,Referral,2025-08-02
C004857,Northstar Account 4857,United States,Retail,SMB,Paid Search,2026-01-25
C004858,Northstar Account 4858,United States,Professional Services,SMB,Paid Search,2026-02-10
C004859,Northstar Account 4859,United States,Education,SMB,Content,2024-03-26
C004860,Northstar Account 4860,United States,Healthcare,SMB,Partner,2026-02-15
C004861,Northstar Account 4861,United States,Professional Services,SMB,Partner,2024-06-09
C004862,Northstar Account 4862,Germany,Retail,Mid-Market,Content,2025-08-02
C004863,Northstar Account 4863,United States,Retail,SMB,Organic,2025-09-04
C004864,Northstar Account 4864,United States,Other,Mid-Market,Paid Search,2024-06-16
C004865,Northstar Account 4865,United States,Financial Services,Mid-Market,Referral,2026-08-18
C004866,Northstar Account 4866,United States,Healthcare,SMB,Content,2025-11-26
C004867,Northstar Account 4867,United States,Other,SMB,Organic,2024-10-06
C004868,Northstar Account 4868,United States,Professional Services,SMB,Referral,2024-03-17
C004869,Northstar Account 4869,United States,Technology,SMB,Paid Search,2026-03-03
C004870,Northstar Account 4870,Ireland,Technology,SMB,Paid Search,2026-05-15
C004871,Northstar Account 4871,United States,Financial Services,SMB,Outbound,2024-05-05
C004872,Northstar Account 4872,United States,Professional Services,SMB,Paid Search,2024-11-07
C004873,Northstar Account 4873,United States,Financial Services,Mid-Market,Paid Search,2025-11-12
C004874,Northstar Account 4874,United States,Retail,SMB,Content,2025-05-13
C004875,Northstar Account 4875,United Kingdom,Technology,SMB,Organic,2025-02-04
C004876,Northstar Account 4876,United States,Retail,SMB,Organic,2025-05-17
C004877,Northstar Account 4877,France,Healthcare,SMB,Content,2025-08-12
C004878,Northstar Account 4878,France,Retail,Mid-Market,Paid Search,2024-09-25
C004879,Northstar Account 4879,Canada,Financial Services,SMB,Referral,2025-04-18
C004880,Northstar Account 4880,United States,Education,SMB,Organic,2024-04-25
C004881,Northstar Account 4881,United States,Professional Services,SMB,Paid Search,2024-01-01
C004882,Northstar Account 4882,United States,Education,SMB,Referral,2026-08-13
C004883,Northstar Account 4883,Germany,Professional Services,SMB,Organic,2024-03-24
C004884,Northstar Account 4884,United States,Financial Services,SMB,Content,2024-03-06
C004885,Northstar Account 4885,Canada,Professional Services,Mid-Market,Outbound,2026-06-07
C004886,Northstar Account 4886,United States,Education,Mid-Market,Content,2026-08-20
C004887,Northstar Account 4887,United States,Retail,SMB,Organic,2026-05-01
C004888,Northstar Account 4888,United States,Technology,Mid-Market,Paid Search,2024-07-27
C004889,Northstar Account 4889,United States,Healthcare,SMB,Content,2025-11-27
C004890,Northstar Account 4890,Canada,Professional Services,Enterprise,Organic,2026-01-27
C004891,Northstar Account 4891,United Kingdom,Education,SMB,Referral,2026-03-22
C004892,Northstar Account 4892,United States,Healthcare,SMB,Content,2024-06-28
C004893,Northstar Account 4893,United States,Technology,SMB,Organic,2025-04-28
C004894,Northstar Account 4894,Australia,Technology,SMB,Paid Search,2024-12-08
C004895,Northstar Account 4895,United States,Education,Mid-Market,Referral,2025-12-05
C004896,Northstar Account 4896,United Kingdom,Retail,SMB,Referral,2025-02-24
C004897,Northstar Account 4897,United States,Retail,SMB,Organic,2025-08-13
C004898,Northstar Account 4898,United Kingdom,Technology,SMB,Partner,2025-11-02
C004899,Northstar Account 4899,United Kingdom,Professional Services,Mid-Market,Content,2026-05-13
C004900,Northstar Account 4900,United States,Education,Mid-Market,Organic,2026-07-01
C004901,Northstar Account 4901,United Kingdom,Financial Services,SMB,Organic,2026-01-17
C004902,Northstar Account 4902,United Kingdom,Healthcare,SMB,Referral,2024-08-19
C004903,Northstar Account 4903,United States,Healthcare,SMB,Content,2026-06-02
C004904,Northstar Account 4904,Canada,Retail,Mid-Market,Outbound,2024-09-04
C004905,Northstar Account 4905,United States,Education,Mid-Market,Paid Search,2024-03-26
C004906,Northstar Account 4906,United States,Manufacturing,SMB,Content,2025-05-11
C004907,Northstar Account 4907,Germany,Professional Services,Mid-Market,Content,2026-01-02
C004908,Northstar Account 4908,Australia,Education,SMB,Referral,2024-07-01
C004909,Northstar Account 4909,United States,Professional Services,Mid-Market,Organic,2025-01-12
C004910,Northstar Account 4910,Canada,Technology,SMB,Paid Search,2024-04-03
C004911,Northstar Account 4911,United States,Technology,SMB,Partner,2025-11-04
C004912,Northstar Account 4912,Canada,Technology,SMB,Organic,2026-01-06
C004913,Northstar Account 4913,United States,Professional Services,SMB,Organic,2025-08-20
C004914,Northstar Account 4914,Germany,Technology,Enterprise,Outbound,2025-06-16
C004915,Northstar Account 4915,United States,Technology,SMB,Paid Search,2026-05-22
C004916,Northstar Account 4916,United States,Technology,Mid-Market,Outbound,2025-05-10
C004917,Northstar Account 4917,Australia,Technology,Mid-Market,Partner,2025-06-03
C004918,Northstar Account 4918,United States,Professional Services,Mid-Market,Content,2025-10-16
C004919,Northstar Account 4919,United States,Financial Services,Mid-Market,Organic,2026-01-28
C004920,Northstar Account 4920,United States,Healthcare,SMB,Referral,2026-03-19
C004921,Northstar Account 4921,United Kingdom,Technology,SMB,Partner,2024-03-07
C004922,Northstar Account 4922,United States,Professional Services,SMB,Outbound,2026-05-01
C004923,Northstar Account 4923,United Kingdom,Retail,SMB,Paid Search,2025-06-03
C004924,Northstar Account 4924,United States,Technology,Mid-Market,Paid Search,2026-06-24
C004925,Northstar Account 4925,United Kingdom,Professional Services,SMB,Outbound,2025-08-09
C004926,Northstar Account 4926,France,Professional Services,SMB,Paid Search,2025-07-02
C004927,Northstar Account 4927,United States,Retail,SMB,Referral,2024-09-10
C004928,Northstar Account 4928,United Kingdom,Education,SMB,Paid Search,2025-06-25
C004929,Northstar Account 4929,United States,Retail,Mid-Market,Paid Search,2025-07-12
C004930,Northstar Account 4930,United States,Technology,SMB,Referral,2026-06-28
C004931,Northstar Account 4931,Germany,Technology,Mid-Market,Partner,2026-06-15
C004932,Northstar Account 4932,France,Financial Services,SMB,Partner,2025-07-26
C004933,Northstar Account 4933,Germany,Education,Mid-Market,Partner,2026-05-06
C004934,Northstar Account 4934,Netherlands,Education,SMB,Content,2026-05-16
C004935,Northstar Account 4935,United States,Other,SMB,Outbound,2026-07-14
C004936,Northstar Account 4936,Canada,Healthcare,SMB,Organic,2025-03-22
C004937,Northstar Account 4937,United States,Technology,SMB,Organic,2024-10-04
C004938,Northstar Account 4938,Ireland,Education,Mid-Market,Organic,2026-07-05
C004939,Northstar Account 4939,United Kingdom,Technology,SMB,Content,2025-10-07
C004940,Northstar Account 4940,United States,Education,SMB,Organic,2025-06-27
C004941,Northstar Account 4941,Germany,Retail,Mid-Market,Referral,2025-05-26
C004942,Northstar Account 4942,United Kingdom,Technology,SMB,Organic,2024-05-01
C004943,Northstar Account 4943,Netherlands,Technology,SMB,Referral,2024-09-12
C004944,Northstar Account 4944,Germany,Retail,Enterprise,Content,2025-01-16
C004945,Northstar Account 4945,Australia,Healthcare,SMB,Partner,2025-09-25
C004946,Northstar Account 4946,United Kingdom,Technology,Mid-Market,Partner,2025-08-13
C004947,Northstar Account 4947,United Kingdom,Technology,SMB,Organic,2025-09-22
C004948,Northstar Account 4948,Germany,Professional Services,Mid-Market,Partner,2024-04-23
C004949,Northstar Account 4949,United States,Manufacturing,Mid-Market,Organic,2024-01-15
C004950,Northstar Account 4950,United States,Manufacturing,Mid-Market,Content,2025-06-21
C004951,Northstar Account 4951,Ireland,Education,SMB,Organic,2024-09-02
C004952,Northstar Account 4952,France,Retail,Mid-Market,Paid Search,2026-06-10
C004953,Northstar Account 4953,Netherlands,Retail,SMB,Paid Search,2025-05-24
C004954,Northstar Account 4954,United States,Professional Services,Enterprise,Partner,2025-03-05
C004955,Northstar Account 4955,United States,Technology,SMB,Outbound,2025-09-15
C004956,Northstar Account 4956,France,Technology,SMB,Organic,2025-11-23
C004957,Northstar Account 4957,United States,Financial Services,Mid-Market,Organic,2024-04-15
C004958,Northstar Account 4958,United States,Retail,SMB,Organic,2026-02-28
C004959,Northstar Account 4959,United States,Technology,SMB,Outbound,2024-07-24
C004960,Northstar Account 4960,Australia,Retail,Mid-Market,Content,2025-04-03
C004961,Northstar Account 4961,United Kingdom,Professional Services,SMB,Paid Search,2025-03-15
C004962,Northstar Account 4962,United States,Retail,SMB,Referral,2025-09-21
C004963,Northstar Account 4963,United Kingdom,Education,SMB,Content,2026-01-21
C004964,Northstar Account 4964,United States,Manufacturing,SMB,Content,2026-04-15
C004965,Northstar Account 4965,Canada,Education,SMB,Partner,2025-08-12
C004966,Northstar Account 4966,United Kingdom,Financial Services,SMB,Referral,2024-08-09
C004967,Northstar Account 4967,United Kingdom,Professional Services,SMB,Partner,2026-01-10
C004968,Northstar Account 4968,United States,Education,SMB,Paid Search,2025-07-01
C004969,Northstar Account 4969,United States,Financial Services,SMB,Paid Search,2025-10-25
C004970,Northstar Account 4970,United States,Professional Services,SMB,Organic,2025-06-21
C004971,Northstar Account 4971,Netherlands,Manufacturing,SMB,Paid Search,2025-05-09
C004972,Northstar Account 4972,United States,Other,SMB,Organic,2026-01-04
C004973,Northstar Account 4973,United States,Education,SMB,Content,2025-08-15
C004974,Northstar Account 4974,United States,Technology,Mid-Market,Content,2026-05-24
C004975,Northstar Account 4975,Ireland,Professional Services,SMB,Paid Search,2026-02-28
C004976,Northstar Account 4976,Germany,Education,SMB,Paid Search,2025-07-08
C004977,Northstar Account 4977,United States,Financial Services,SMB,Referral,2024-10-13
C004978,Northstar Account 4978,United Kingdom,Technology,SMB,Partner,2024-01-17
C004979,Northstar Account 4979,United States,Professional Services,Mid-Market,Paid Search,2024-10-17
C004980,Northstar Account 4980,Germany,Professional Services,Mid-Market,Content,2024-12-08
C004981,Northstar Account 4981,Ireland,Retail,Mid-Market,Paid Search,2024-06-23
C004982,Northstar Account 4982,Canada,Manufacturing,SMB,Paid Search,2025-12-20
C004983,Northstar Account 4983,Australia,Retail,SMB,Content,2025-02-24
C004984,Northstar Account 4984,United Kingdom,Retail,SMB,Referral,2024-02-04
C004985,Northstar Account 4985,United States,Healthcare,SMB,Organic,2025-05-19
C004986,Northstar Account 4986,United Kingdom,Retail,SMB,Referral,2026-03-10
C004987,Northstar Account 4987,Canada,Education,SMB,Outbound,2025-02-22
C004988,Northstar Account 4988,United States,Technology,SMB,Paid Search,2026-06-15
C004989,Northstar Account 4989,United Kingdom,Technology,Mid-Market,Referral,2026-05-15
C004990,Northstar Account 4990,United States,Financial Services,SMB,Paid Search,2026-06-17
C004991,Northstar Account 4991,United States,Retail,SMB,Partner,2025-12-07
C004992,Northstar Account 4992,France,Professional Services,Mid-Market,Organic,2026-04-17
C004993,Northstar Account 4993,United States,Retail,Mid-Market,Organic,2025-04-25
C004994,Northstar Account 4994,Germany,Education,SMB,Paid Search,2026-01-03
C004995,Northstar Account 4995,United States,Technology,SMB,Content,2024-10-05
C004996,Northstar Account 4996,Canada,Retail,SMB,Organic,2024-09-01
C004997,Northstar Account 4997,France,Technology,SMB,Content,2026-07-14
C004998,Northstar Account 4998,Germany,Financial Services,SMB,Organic,2025-09-07
C004999,Northstar Account 4999,Australia,Healthcare,SMB,Content,2024-04-17
C005000,Northstar Account 5000,United States,Manufacturing,SMB,Partner,2024-09-02
C005001,Northstar Account 5001,United States,Education,SMB,Organic,2025-06-04
C005002,Northstar Account 5002,Canada,Manufacturing,Mid-Market,Referral,2026-05-07
C005003,Northstar Account 5003,Germany,Professional Services,Mid-Market,Content,2026-06-19
C005004,Northstar Account 5004,Germany,Technology,SMB,Partner,2024-06-02
C005005,Northstar Account 5005,Canada,Financial Services,SMB,Organic,2024-04-15
C005006,Northstar Account 5006,United States,Financial Services,SMB,Partner,2024-06-15
C005007,Northstar Account 5007,United States,Financial Services,Mid-Market,Partner,2025-12-09
C005008,Northstar Account 5008,Netherlands,Other,Mid-Market,Organic,2025-08-03
C005009,Northstar Account 5009,United Kingdom,Healthcare,Mid-Market,Content,2026-02-20
C005010,Northstar Account 5010,Germany,Retail,SMB,Organic,2025-10-12
C005011,Northstar Account 5011,United Kingdom,Manufacturing,SMB,Organic,2024-05-17
C005012,Northstar Account 5012,France,Technology,SMB,Referral,2024-11-22
C005013,Northstar Account 5013,Australia,Manufacturing,SMB,Outbound,2025-02-01
C005014,Northstar Account 5014,United States,Manufacturing,Mid-Market,Organic,2026-01-22
C005015,Northstar Account 5015,France,Healthcare,SMB,Paid Search,2025-10-03
C005016,Northstar Account 5016,United States,Professional Services,SMB,Paid Search,2026-07-16
C005017,Northstar Account 5017,United States,Education,SMB,Referral,2024-07-03
C005018,Northstar Account 5018,Australia,Other,SMB,Organic,2026-07-01
C005019,Northstar Account 5019,United States,Technology,SMB,Organic,2024-10-12
C005020,Northstar Account 5020,United States,Professional Services,SMB,Paid Search,2025-02-16
C005021,Northstar Account 5021,Canada,Education,Mid-Market,Content,2024-02-09
C005022,Northstar Account 5022,Ireland,Financial Services,Mid-Market,Organic,2025-01-08
C005023,Northstar Account 5023,United States,Education,Mid-Market,Referral,2024-09-06
C005024,Northstar Account 5024,Canada,Healthcare,SMB,Paid Search,2024-10-16
C005025,Northstar Account 5025,United Kingdom,Technology,SMB,Paid Search,2025-10-12
C005026,Northstar Account 5026,United States,Retail,SMB,Paid Search,2026-03-26
C005027,Northstar Account 5027,Canada,Financial Services,SMB,Organic,2026-02-13
C005028,Northstar Account 5028,United Kingdom,Professional Services,SMB,Partner,2026-04-17
C005029,Northstar Account 5029,Germany,Professional Services,SMB,Organic,2026-02-27
C005030,Northstar Account 5030,Canada,Professional Services,SMB,Organic,2026-08-27
C005031,Northstar Account 5031,Ireland,Professional Services,SMB,Paid Search,2024-01-14
C005032,Northstar Account 5032,Germany,Retail,Mid-Market,Organic,2026-08-06
C005033,Northstar Account 5033,United States,Manufacturing,SMB,Paid Search,2025-05-12
C005034,Northstar Account 5034,Germany,Retail,SMB,Paid Search,2025-07-08
C005035,Northstar Account 5035,United Kingdom,Healthcare,SMB,Paid Search,2025-10-14
C005036,Northstar Account 5036,United States,Retail,SMB,Referral,2024-01-05
C005037,Northstar Account 5037,United Kingdom,Financial Services,Mid-Market,Outbound,2024-09-12
C005038,Northstar Account 5038,Germany,Technology,SMB,Referral,2025-06-03
C005039,Northstar Account 5039,United States,Technology,Mid-Market,Paid Search,2026-03-28
C005040,Northstar Account 5040,United States,Retail,Mid-Market,Outbound,2026-05-01
C005041,Northstar Account 5041,United Kingdom,Other,SMB,Outbound,2024-07-25
C005042,Northstar Account 5042,United States,Education,SMB,Organic,2024-12-26
C005043,Northstar Account 5043,Australia,Healthcare,SMB,Paid Search,2025-11-27
C005044,Northstar Account 5044,United States,Retail,SMB,Referral,2025-03-13
C005045,Northstar Account 5045,Germany,Professional Services,SMB,Outbound,2025-01-22
C005046,Northstar Account 5046,Germany,Other,Enterprise,Content,2025-04-27
C005047,Northstar Account 5047,United States,Retail,SMB,Referral,2026-01-24
C005048,Northstar Account 5048,United Kingdom,Education,Mid-Market,Referral,2024-09-25
C005049,Northstar Account 5049,United States,Manufacturing,SMB,Outbound,2024-04-14
C005050,Northstar Account 5050,United States,Education,Enterprise,Paid Search,2024-01-21
C005051,Northstar Account 5051,United Kingdom,Professional Services,SMB,Paid Search,2025-08-06
C005052,Northstar Account 5052,United States,Professional Services,SMB,Content,2024-11-26
C005053,Northstar Account 5053,Germany,Technology,SMB,Paid Search,2025-09-14
C005054,Northstar Account 5054,United Kingdom,Other,SMB,Organic,2026-06-08
C005055,Northstar Account 5055,United States,Financial Services,Mid-Market,Organic,2025-01-09
C005056,Northstar Account 5056,United States,Retail,SMB,Organic,2024-09-24
C005057,Northstar Account 5057,Australia,Financial Services,SMB,Paid Search,2024-01-06
C005058,Northstar Account 5058,United States,Technology,SMB,Partner,2026-08-20
C005059,Northstar Account 5059,Canada,Technology,SMB,Organic,2025-08-08
C005060,Northstar Account 5060,United States,Technology,SMB,Partner,2026-04-17
C005061,Northstar Account 5061,Netherlands,Financial Services,SMB,Organic,2026-05-16
C005062,Northstar Account 5062,United States,Technology,SMB,Outbound,2026-08-18
C005063,Northstar Account 5063,United States,Technology,SMB,Referral,2026-05-07
C005064,Northstar Account 5064,United Kingdom,Technology,SMB,Outbound,2025-01-26
C005065,Northstar Account 5065,United States,Retail,Mid-Market,Organic,2025-09-25
C005066,Northstar Account 5066,Canada,Retail,SMB,Paid Search,2026-08-27
C005067,Northstar Account 5067,United States,Professional Services,SMB,Content,2025-11-14
C005068,Northstar Account 5068,United States,Manufacturing,SMB,Content,2026-03-05
C005069,Northstar Account 5069,United States,Other,SMB,Paid Search,2026-06-16
C005070,Northstar Account 5070,United Kingdom,Professional Services,SMB,Referral,2025-11-03
C005071,Northstar Account 5071,France,Other,SMB,Referral,2026-01-20
C005072,Northstar Account 5072,United States,Manufacturing,SMB,Paid Search,2025-10-08
C005073,Northstar Account 5073,Australia,Financial Services,SMB,Partner,2025-02-06
C005074,Northstar Account 5074,Germany,Technology,SMB,Organic,2024-11-23
C005075,Northstar Account 5075,United States,Financial Services,Enterprise,Paid Search,2025-11-19
C005076,Northstar Account 5076,United States,Healthcare,SMB,Content,2026-08-03
C005077,Northstar Account 5077,United States,Technology,SMB,Partner,2026-07-25
C005078,Northstar Account 5078,United States,Manufacturing,SMB,Content,2024-10-19
C005079,Northstar Account 5079,Germany,Professional Services,SMB,Referral,2026-05-08
C005080,Northstar Account 5080,United Kingdom,Manufacturing,Mid-Market,Outbound,2024-02-12
C005081,Northstar Account 5081,United States,Healthcare,SMB,Organic,2025-10-13
C005082,Northstar Account 5082,Canada,Retail,SMB,Organic,2026-07-26
C005083,Northstar Account 5083,United States,Technology,SMB,Organic,2026-08-16
C005084,Northstar Account 5084,Australia,Financial Services,SMB,Referral,2025-10-23
C005085,Northstar Account 5085,Canada,Technology,Enterprise,Partner,2025-11-01
C005086,Northstar Account 5086,United States,Financial Services,SMB,Referral,2025-04-15
C005087,Northstar Account 5087,United Kingdom,Education,Mid-Market,Organic,2026-02-03
C005088,Northstar Account 5088,United States,Technology,SMB,Paid Search,2024-11-11
C005089,Northstar Account 5089,Ireland,Healthcare,Enterprise,Content,2024-02-16
C005090,Northstar Account 5090,United States,Other,SMB,Content,2026-05-24
C005091,Northstar Account 5091,France,Other,SMB,Organic,2024-03-08
C005092,Northstar Account 5092,Ireland,Technology,Mid-Market,Referral,2025-12-07
C005093,Northstar Account 5093,United Kingdom,Technology,SMB,Partner,2025-05-24
C005094,Northstar Account 5094,Canada,Technology,SMB,Content,2024-03-16
C005095,Northstar Account 5095,United Kingdom,Manufacturing,Enterprise,Organic,2024-08-21
C005096,Northstar Account 5096,United States,Technology,SMB,Partner,2024-05-27
C005097,Northstar Account 5097,Netherlands,Technology,Mid-Market,Paid Search,2024-10-02
C005098,Northstar Account 5098,United States,Retail,SMB,Paid Search,2025-11-17
C005099,Northstar Account 5099,France,Other,Mid-Market,Content,2025-09-03
C005100,Northstar Account 5100,Canada,Professional Services,Mid-Market,Organic,2025-05-27
C005101,Northstar Account 5101,United States,Education,SMB,Paid Search,2026-05-13
C005102,Northstar Account 5102,United States,Technology,SMB,Paid Search,2026-02-13
C005103,Northstar Account 5103,United States,Healthcare,SMB,Organic,2026-01-06
C005104,Northstar Account 5104,United States,Healthcare,SMB,Referral,2025-10-18
C005105,Northstar Account 5105,Canada,Other,Mid-Market,Organic,2026-01-16
C005106,Northstar Account 5106,United States,Education,SMB,Content,2024-10-27
C005107,Northstar Account 5107,Netherlands,Technology,SMB,Content,2024-12-01
C005108,Northstar Account 5108,United States,Retail,SMB,Organic,2025-01-21
C005109,Northstar Account 5109,United States,Technology,SMB,Content,2026-02-27
C005110,Northstar Account 5110,United States,Professional Services,Mid-Market,Paid Search,2025-05-26
C005111,Northstar Account 5111,United States,Other,SMB,Organic,2026-08-18
C005112,Northstar Account 5112,United Kingdom,Retail,SMB,Paid Search,2024-02-24
C005113,Northstar Account 5113,United States,Financial Services,Mid-Market,Paid Search,2025-04-02
C005114,Northstar Account 5114,United Kingdom,Technology,Enterprise,Paid Search,2024-08-03
C005115,Northstar Account 5115,United Kingdom,Financial Services,SMB,Paid Search,2026-04-20
C005116,Northstar Account 5116,United States,Financial Services,Mid-Market,Content,2025-07-08
C005117,Northstar Account 5117,United States,Education,SMB,Partner,2025-11-20
C005118,Northstar Account 5118,United States,Technology,Mid-Market,Outbound,2025-10-21
C005119,Northstar Account 5119,United States,Financial Services,SMB,Partner,2024-04-19
C005120,Northstar Account 5120,Germany,Financial Services,SMB,Referral,2026-03-25
C005121,Northstar Account 5121,United States,Technology,SMB,Paid Search,2026-04-07
C005122,Northstar Account 5122,United States,Other,SMB,Partner,2025-11-23
C005123,Northstar Account 5123,United Kingdom,Financial Services,SMB,Organic,2024-12-23
C005124,Northstar Account 5124,United States,Technology,SMB,Outbound,2026-02-09
C005125,Northstar Account 5125,Netherlands,Retail,SMB,Outbound,2026-01-06
C005126,Northstar Account 5126,Australia,Professional Services,SMB,Paid Search,2026-06-18
C005127,Northstar Account 5127,Germany,Retail,SMB,Referral,2024-06-25
C005128,Northstar Account 5128,United Kingdom,Financial Services,SMB,Referral,2026-06-19
C005129,Northstar Account 5129,United States,Financial Services,Mid-Market,Partner,2026-06-04
C005130,Northstar Account 5130,United States,Technology,Enterprise,Paid Search,2025-01-13
C005131,Northstar Account 5131,Australia,Healthcare,SMB,Referral,2026-01-12
C005132,Northstar Account 5132,United States,Healthcare,SMB,Content,2024-12-17
C005133,Northstar Account 5133,United States,Retail,SMB,Organic,2024-11-17
C005134,Northstar Account 5134,United Kingdom,Education,SMB,Partner,2025-11-28
C005135,Northstar Account 5135,Germany,Education,Mid-Market,Paid Search,2024-03-24
C005136,Northstar Account 5136,United Kingdom,Professional Services,SMB,Outbound,2024-05-16
C005137,Northstar Account 5137,United States,Professional Services,SMB,Paid Search,2025-12-04
C005138,Northstar Account 5138,France,Financial Services,SMB,Paid Search,2026-07-06
C005139,Northstar Account 5139,United States,Professional Services,SMB,Organic,2024-02-05
C005140,Northstar Account 5140,Netherlands,Retail,Mid-Market,Content,2024-02-15
C005141,Northstar Account 5141,United States,Other,SMB,Referral,2024-04-05
C005142,Northstar Account 5142,Netherlands,Financial Services,SMB,Paid Search,2024-01-05
C005143,Northstar Account 5143,France,Education,SMB,Paid Search,2026-07-05
C005144,Northstar Account 5144,United States,Professional Services,Mid-Market,Content,2025-07-20
C005145,Northstar Account 5145,Germany,Healthcare,SMB,Organic,2026-01-08
C005146,Northstar Account 5146,United States,Education,Mid-Market,Paid Search,2025-05-26
C005147,Northstar Account 5147,United States,Retail,Mid-Market,Outbound,2026-08-14
C005148,Northstar Account 5148,United States,Technology,SMB,Paid Search,2025-07-19
C005149,Northstar Account 5149,United Kingdom,Professional Services,Mid-Market,Partner,2026-07-15
C005150,Northstar Account 5150,United States,Retail,SMB,Organic,2025-12-25
C005151,Northstar Account 5151,United Kingdom,Other,Mid-Market,Referral,2026-07-04
C005152,Northstar Account 5152,Ireland,Education,SMB,Content,2025-07-21
C005153,Northstar Account 5153,Australia,Technology,SMB,Organic,2026-06-17
C005154,Northstar Account 5154,United States,Professional Services,SMB,Referral,2025-02-13
C005155,Northstar Account 5155,United Kingdom,Retail,SMB,Outbound,2025-12-20
C005156,Northstar Account 5156,United States,Retail,SMB,Content,2025-11-16
C005157,Northstar Account 5157,United States,Technology,SMB,Organic,2025-07-18
C005158,Northstar Account 5158,France,Other,SMB,Organic,2025-07-15
C005159,Northstar Account 5159,Ireland,Other,SMB,Content,2024-08-04
C005160,Northstar Account 5160,United States,Other,SMB,Paid Search,2026-06-11
C005161,Northstar Account 5161,United States,Retail,Enterprise,Paid Search,2025-06-28
C005162,Northstar Account 5162,United States,Financial Services,Enterprise,Paid Search,2024-07-03
C005163,Northstar Account 5163,United States,Education,SMB,Content,2026-01-07
C005164,Northstar Account 5164,United States,Retail,SMB,Paid Search,2026-02-20
C005165,Northstar Account 5165,United States,Technology,SMB,Organic,2024-03-05
C005166,Northstar Account 5166,United States,Technology,Mid-Market,Referral,2025-02-02
C005167,Northstar Account 5167,United States,Professional Services,SMB,Paid Search,2025-10-22
C005168,Northstar Account 5168,Australia,Financial Services,Mid-Market,Organic,2026-04-06
C005169,Northstar Account 5169,Germany,Education,SMB,Organic,2025-01-07
C005170,Northstar Account 5170,United Kingdom,Other,SMB,Paid Search,2025-01-13
C005171,Northstar Account 5171,United States,Healthcare,Mid-Market,Outbound,2026-02-24
C005172,Northstar Account 5172,Australia,Technology,SMB,Paid Search,2024-10-28
C005173,Northstar Account 5173,United States,Retail,Mid-Market,Content,2026-06-08
C005174,Northstar Account 5174,France,Technology,SMB,Partner,2026-03-09
C005175,Northstar Account 5175,United States,Other,SMB,Paid Search,2026-06-15
C005176,Northstar Account 5176,France,Professional Services,SMB,Paid Search,2025-03-23
C005177,Northstar Account 5177,United States,Technology,SMB,Partner,2024-08-02
C005178,Northstar Account 5178,Germany,Retail,SMB,Organic,2025-10-12
C005179,Northstar Account 5179,United States,Manufacturing,SMB,Paid Search,2024-09-03
C005180,Northstar Account 5180,Germany,Retail,SMB,Outbound,2024-12-07
C005181,Northstar Account 5181,United Kingdom,Technology,Mid-Market,Organic,2025-04-18
C005182,Northstar Account 5182,United States,Manufacturing,SMB,Outbound,2025-06-01
C005183,Northstar Account 5183,Germany,Technology,SMB,Paid Search,2025-02-25
C005184,Northstar Account 5184,United States,Healthcare,Mid-Market,Paid Search,2024-12-03
C005185,Northstar Account 5185,United Kingdom,Healthcare,SMB,Referral,2024-11-24
C005186,Northstar Account 5186,United States,Technology,Mid-Market,Organic,2026-01-12
C005187,Northstar Account 5187,Germany,Retail,SMB,Paid Search,2025-01-16
C005188,Northstar Account 5188,Australia,Technology,SMB,Paid Search,2026-01-12
C005189,Northstar Account 5189,United States,Professional Services,Mid-Market,Paid Search,2026-02-11
C005190,Northstar Account 5190,Germany,Healthcare,SMB,Content,2026-01-18
C005191,Northstar Account 5191,France,Professional Services,SMB,Organic,2026-06-09
C005192,Northstar Account 5192,Canada,Technology,Mid-Market,Outbound,2026-07-02
C005193,Northstar Account 5193,United States,Education,SMB,Paid Search,2024-07-01
C005194,Northstar Account 5194,United States,Manufacturing,Mid-Market,Organic,2025-02-08
C005195,Northstar Account 5195,United States,Financial Services,Mid-Market,Organic,2026-03-07
C005196,Northstar Account 5196,United States,Financial Services,Enterprise,Partner,2026-03-01
C005197,Northstar Account 5197,United States,Retail,SMB,Content,2024-04-03
C005198,Northstar Account 5198,Germany,Retail,SMB,Content,2026-08-25
C005199,Northstar Account 5199,United Kingdom,Healthcare,Mid-Market,Paid Search,2026-05-14
C005200,Northstar Account 5200,United Kingdom,Manufacturing,SMB,Organic,2026-06-12
C005201,Northstar Account 5201,United States,Retail,SMB,Content,2024-09-26
C005202,Northstar Account 5202,United States,Other,SMB,Paid Search,2025-07-17
C005203,Northstar Account 5203,Germany,Education,SMB,Partner,2025-06-04
C005204,Northstar Account 5204,United Kingdom,Professional Services,SMB,Organic,2025-03-20
C005205,Northstar Account 5205,Netherlands,Manufacturing,SMB,Organic,2024-10-20
C005206,Northstar Account 5206,United Kingdom,Technology,SMB,Organic,2024-07-08
C005207,Northstar Account 5207,United States,Other,SMB,Organic,2026-05-19
C005208,Northstar Account 5208,Canada,Professional Services,Mid-Market,Content,2025-08-04
C005209,Northstar Account 5209,Canada,Education,SMB,Partner,2025-10-28
C005210,Northstar Account 5210,United States,Healthcare,SMB,Outbound,2024-12-17
C005211,Northstar Account 5211,Canada,Technology,SMB,Referral,2026-07-08
C005212,Northstar Account 5212,United States,Education,SMB,Organic,2026-07-26
C005213,Northstar Account 5213,United States,Professional Services,Enterprise,Partner,2025-12-15
C005214,Northstar Account 5214,United States,Professional Services,Mid-Market,Organic,2025-02-25
C005215,Northstar Account 5215,United Kingdom,Technology,SMB,Content,2024-11-03
C005216,Northstar Account 5216,Canada,Manufacturing,SMB,Paid Search,2025-10-09
C005217,Northstar Account 5217,United States,Financial Services,SMB,Outbound,2026-04-13
C005218,Northstar Account 5218,Germany,Technology,SMB,Partner,2026-08-08
C005219,Northstar Account 5219,Germany,Manufacturing,SMB,Referral,2024-04-15
C005220,Northstar Account 5220,United States,Financial Services,SMB,Partner,2025-02-10
C005221,Northstar Account 5221,United States,Technology,SMB,Partner,2025-04-25
C005222,Northstar Account 5222,United States,Other,SMB,Referral,2025-03-07
C005223,Northstar Account 5223,United States,Technology,SMB,Referral,2025-12-06
C005224,Northstar Account 5224,Netherlands,Financial Services,SMB,Paid Search,2025-09-28
C005225,Northstar Account 5225,Germany,Healthcare,SMB,Partner,2026-06-20
C005226,Northstar Account 5226,United States,Other,SMB,Organic,2024-10-01
C005227,Northstar Account 5227,United Kingdom,Professional Services,SMB,Referral,2025-04-24
C005228,Northstar Account 5228,United States,Professional Services,SMB,Partner,2025-09-06
C005229,Northstar Account 5229,United States,Financial Services,SMB,Paid Search,2026-04-20
C005230,Northstar Account 5230,United States,Education,SMB,Referral,2026-04-01
C005231,Northstar Account 5231,United States,Healthcare,Mid-Market,Organic,2026-05-08
C005232,Northstar Account 5232,United States,Education,Mid-Market,Partner,2025-08-24
C005233,Northstar Account 5233,United States,Education,SMB,Referral,2024-11-01
C005234,Northstar Account 5234,United States,Technology,SMB,Referral,2026-02-14
C005235,Northstar Account 5235,United States,Technology,Mid-Market,Content,2026-07-12
C005236,Northstar Account 5236,United Kingdom,Technology,SMB,Paid Search,2024-12-07
C005237,Northstar Account 5237,United States,Technology,SMB,Paid Search,2024-09-04
C005238,Northstar Account 5238,United States,Financial Services,SMB,Referral,2024-02-12
C005239,Northstar Account 5239,United States,Retail,SMB,Paid Search,2025-12-11
C005240,Northstar Account 5240,Netherlands,Retail,SMB,Paid Search,2025-09-03
C005241,Northstar Account 5241,United States,Technology,SMB,Paid Search,2024-07-21
C005242,Northstar Account 5242,United Kingdom,Financial Services,SMB,Organic,2024-09-04
C005243,Northstar Account 5243,United States,Technology,SMB,Outbound,2025-12-11
C005244,Northstar Account 5244,United States,Technology,SMB,Paid Search,2025-05-27
C005245,Northstar Account 5245,United Kingdom,Manufacturing,SMB,Organic,2024-11-11
C005246,Northstar Account 5246,Germany,Technology,Mid-Market,Outbound,2025-10-20
C005247,Northstar Account 5247,Ireland,Manufacturing,SMB,Outbound,2024-03-13
C005248,Northstar Account 5248,United States,Professional Services,SMB,Paid Search,2024-01-18
C005249,Northstar Account 5249,United States,Manufacturing,SMB,Content,2024-12-22
C005250,Northstar Account 5250,Germany,Technology,Mid-Market,Paid Search,2025-01-14
C005251,Northstar Account 5251,United States,Professional Services,SMB,Content,2024-05-19
C005252,Northstar Account 5252,United Kingdom,Retail,SMB,Paid Search,2024-06-14
C005253,Northstar Account 5253,Australia,Healthcare,SMB,Organic,2024-08-09
C005254,Northstar Account 5254,United States,Financial Services,Mid-Market,Organic,2026-02-22
C005255,Northstar Account 5255,United Kingdom,Professional Services,Mid-Market,Referral,2026-04-11
C005256,Northstar Account 5256,United States,Education,Mid-Market,Paid Search,2024-09-02
C005257,Northstar Account 5257,United States,Technology,SMB,Organic,2025-12-08
C005258,Northstar Account 5258,Ireland,Manufacturing,SMB,Referral,2024-11-19
C005259,Northstar Account 5259,United States,Other,SMB,Paid Search,2026-06-19
C005260,Northstar Account 5260,United States,Technology,SMB,Content,2024-12-16
C005261,Northstar Account 5261,United Kingdom,Technology,Mid-Market,Organic,2024-06-13
C005262,Northstar Account 5262,United States,Manufacturing,SMB,Paid Search,2025-06-09
C005263,Northstar Account 5263,United States,Financial Services,SMB,Paid Search,2024-07-02
C005264,Northstar Account 5264,United States,Education,Mid-Market,Organic,2024-09-07
C005265,Northstar Account 5265,United States,Retail,SMB,Paid Search,2025-02-28
C005266,Northstar Account 5266,United States,Manufacturing,SMB,Partner,2025-12-25
C005267,Northstar Account 5267,Germany,Professional Services,SMB,Referral,2024-06-03
C005268,Northstar Account 5268,United States,Other,Mid-Market,Organic,2024-12-27
C005269,Northstar Account 5269,Netherlands,Financial Services,Mid-Market,Organic,2026-05-22
C005270,Northstar Account 5270,United States,Financial Services,SMB,Content,2024-12-03
C005271,Northstar Account 5271,United States,Financial Services,Enterprise,Organic,2024-08-12
C005272,Northstar Account 5272,Netherlands,Other,Mid-Market,Referral,2025-08-05
C005273,Northstar Account 5273,Australia,Technology,Mid-Market,Content,2024-02-21
C005274,Northstar Account 5274,United States,Other,Mid-Market,Paid Search,2026-04-19
C005275,Northstar Account 5275,United States,Professional Services,SMB,Referral,2024-10-07
C005276,Northstar Account 5276,Australia,Professional Services,Mid-Market,Outbound,2024-07-22
C005277,Northstar Account 5277,United States,Professional Services,SMB,Partner,2026-04-09
C005278,Northstar Account 5278,United States,Professional Services,Mid-Market,Outbound,2026-05-14
C005279,Northstar Account 5279,United Kingdom,Retail,SMB,Organic,2026-02-04
C005280,Northstar Account 5280,Australia,Retail,Mid-Market,Partner,2024-11-26
C005281,Northstar Account 5281,United Kingdom,Technology,Enterprise,Organic,2025-08-06
C005282,Northstar Account 5282,United States,Professional Services,SMB,Paid Search,2026-08-25
C005283,Northstar Account 5283,Netherlands,Professional Services,Enterprise,Outbound,2025-07-24
C005284,Northstar Account 5284,United States,Education,SMB,Organic,2026-07-04
C005285,Northstar Account 5285,Germany,Healthcare,SMB,Outbound,2025-12-04
C005286,Northstar Account 5286,United States,Education,SMB,Referral,2026-05-04
C005287,Northstar Account 5287,Canada,Manufacturing,Mid-Market,Outbound,2024-09-24
C005288,Northstar Account 5288,United Kingdom,Education,SMB,Outbound,2026-07-03
C005289,Northstar Account 5289,United States,Professional Services,SMB,Partner,2026-05-18
C005290,Northstar Account 5290,United Kingdom,Retail,SMB,Outbound,2026-03-25
C005291,Northstar Account 5291,Australia,Retail,SMB,Content,2026-07-09
C005292,Northstar Account 5292,United States,Technology,SMB,Partner,2026-03-16
C005293,Northstar Account 5293,United States,Financial Services,Mid-Market,Referral,2025-10-03
C005294,Northstar Account 5294,United States,Technology,Mid-Market,Paid Search,2025-12-27
C005295,Northstar Account 5295,United Kingdom,Other,Mid-Market,Paid Search,2026-04-17
C005296,Northstar Account 5296,Canada,Technology,SMB,Organic,2026-02-21
C005297,Northstar Account 5297,United States,Education,Enterprise,Organic,2025-10-08
C005298,Northstar Account 5298,United States,Professional Services,SMB,Paid Search,2025-10-21
C005299,Northstar Account 5299,Canada,Other,SMB,Partner,2026-06-18
C005300,Northstar Account 5300,United States,Financial Services,SMB,Referral,2024-01-04
C005301,Northstar Account 5301,United States,Technology,SMB,Referral,2026-02-16
C005302,Northstar Account 5302,United States,Technology,SMB,Content,2025-09-04
C005303,Northstar Account 5303,United Kingdom,Healthcare,Mid-Market,Outbound,2026-05-19
C005304,Northstar Account 5304,Netherlands,Technology,SMB,Content,2024-10-27
C005305,Northstar Account 5305,United Kingdom,Technology,SMB,Referral,2025-08-25
C005306,Northstar Account 5306,United States,Other,SMB,Paid Search,2024-06-14
C005307,Northstar Account 5307,Australia,Education,Enterprise,Outbound,2025-12-25
C005308,Northstar Account 5308,United States,Technology,SMB,Paid Search,2026-03-28
C005309,Northstar Account 5309,Netherlands,Retail,SMB,Paid Search,2025-11-13
C005310,Northstar Account 5310,United States,Technology,SMB,Organic,2025-09-10
C005311,Northstar Account 5311,France,Manufacturing,SMB,Partner,2025-02-06
C005312,Northstar Account 5312,Australia,Technology,SMB,Referral,2025-11-18
C005313,Northstar Account 5313,Australia,Professional Services,SMB,Paid Search,2026-06-11
C005314,Northstar Account 5314,United States,Professional Services,SMB,Content,2026-02-17
C005315,Northstar Account 5315,Australia,Other,SMB,Paid Search,2024-02-27
C005316,Northstar Account 5316,Canada,Technology,SMB,Organic,2025-08-02
C005317,Northstar Account 5317,United States,Education,SMB,Organic,2026-02-09
C005318,Northstar Account 5318,United States,Retail,Mid-Market,Organic,2025-08-15
C005319,Northstar Account 5319,United Kingdom,Manufacturing,SMB,Content,2025-10-21
C005320,Northstar Account 5320,Netherlands,Technology,SMB,Paid Search,2026-06-26
C005321,Northstar Account 5321,Germany,Financial Services,SMB,Paid Search,2026-05-25
C005322,Northstar Account 5322,United States,Other,SMB,Paid Search,2024-04-13
C005323,Northstar Account 5323,United Kingdom,Technology,Mid-Market,Content,2025-08-16
C005324,Northstar Account 5324,United States,Professional Services,SMB,Outbound,2025-11-14
C005325,Northstar Account 5325,United States,Other,SMB,Referral,2026-05-03
C005326,Northstar Account 5326,Germany,Retail,SMB,Referral,2024-12-20
C005327,Northstar Account 5327,United Kingdom,Financial Services,SMB,Outbound,2024-07-23
C005328,Northstar Account 5328,Germany,Financial Services,Mid-Market,Organic,2025-10-22
C005329,Northstar Account 5329,United Kingdom,Professional Services,SMB,Paid Search,2025-06-11
C005330,Northstar Account 5330,United States,Technology,SMB,Partner,2024-11-24
C005331,Northstar Account 5331,Canada,Professional Services,Mid-Market,Organic,2026-07-07
C005332,Northstar Account 5332,United States,Healthcare,Mid-Market,Organic,2025-02-13
C005333,Northstar Account 5333,Ireland,Retail,SMB,Organic,2024-03-08
C005334,Northstar Account 5334,Netherlands,Manufacturing,SMB,Organic,2024-03-13
C005335,Northstar Account 5335,France,Healthcare,SMB,Partner,2024-09-26
C005336,Northstar Account 5336,France,Manufacturing,Mid-Market,Organic,2024-06-14
C005337,Northstar Account 5337,United Kingdom,Technology,Mid-Market,Paid Search,2025-04-22
C005338,Northstar Account 5338,United States,Retail,Mid-Market,Content,2024-04-28
C005339,Northstar Account 5339,Australia,Technology,Mid-Market,Referral,2025-09-05
C005340,Northstar Account 5340,United States,Technology,SMB,Paid Search,2025-05-27
C005341,Northstar Account 5341,Australia,Professional Services,SMB,Paid Search,2025-10-04
C005342,Northstar Account 5342,United States,Other,SMB,Paid Search,2026-08-18
C005343,Northstar Account 5343,Australia,Professional Services,Mid-Market,Paid Search,2026-08-13
C005344,Northstar Account 5344,United Kingdom,Professional Services,SMB,Paid Search,2025-05-08
C005345,Northstar Account 5345,Australia,Education,SMB,Paid Search,2025-03-18
C005346,Northstar Account 5346,United States,Education,SMB,Content,2026-01-26
C005347,Northstar Account 5347,United Kingdom,Retail,Mid-Market,Content,2025-03-02
C005348,Northstar Account 5348,France,Professional Services,Mid-Market,Content,2026-03-05
C005349,Northstar Account 5349,United States,Professional Services,Mid-Market,Referral,2025-10-15
C005350,Northstar Account 5350,United States,Technology,SMB,Referral,2024-09-03
C005351,Northstar Account 5351,United States,Professional Services,Mid-Market,Referral,2025-05-09
C005352,Northstar Account 5352,United Kingdom,Technology,Mid-Market,Content,2026-05-12
C005353,Northstar Account 5353,United Kingdom,Education,Mid-Market,Referral,2025-09-13
C005354,Northstar Account 5354,United Kingdom,Financial Services,Mid-Market,Referral,2026-01-20
C005355,Northstar Account 5355,United States,Professional Services,Mid-Market,Content,2026-01-13
C005356,Northstar Account 5356,United States,Professional Services,Mid-Market,Partner,2025-07-02
C005357,Northstar Account 5357,France,Financial Services,SMB,Paid Search,2025-01-19
C005358,Northstar Account 5358,Canada,Healthcare,SMB,Paid Search,2025-10-09
C005359,Northstar Account 5359,United States,Education,SMB,Organic,2024-06-01
C005360,Northstar Account 5360,United States,Financial Services,Mid-Market,Paid Search,2025-10-22
C005361,Northstar Account 5361,United States,Education,SMB,Paid Search,2024-05-12
C005362,Northstar Account 5362,Germany,Manufacturing,SMB,Paid Search,2026-06-19
C005363,Northstar Account 5363,Canada,Professional Services,SMB,Organic,2026-02-19
C005364,Northstar Account 5364,United Kingdom,Other,Mid-Market,Outbound,2024-09-03
C005365,Northstar Account 5365,United Kingdom,Education,Mid-Market,Organic,2026-03-24
C005366,Northstar Account 5366,Australia,Technology,Enterprise,Organic,2026-02-06
C005367,Northstar Account 5367,United States,Healthcare,SMB,Organic,2026-02-21
C005368,Northstar Account 5368,United States,Technology,Mid-Market,Organic,2025-02-21
C005369,Northstar Account 5369,United States,Retail,Mid-Market,Referral,2025-08-04
C005370,Northstar Account 5370,Ireland,Technology,SMB,Referral,2025-10-04
C005371,Northstar Account 5371,United Kingdom,Healthcare,SMB,Paid Search,2025-04-24
C005372,Northstar Account 5372,United Kingdom,Retail,Enterprise,Partner,2025-09-01
C005373,Northstar Account 5373,Germany,Healthcare,SMB,Paid Search,2024-11-07
C005374,Northstar Account 5374,United States,Education,SMB,Referral,2026-06-28
C005375,Northstar Account 5375,United States,Professional Services,Mid-Market,Outbound,2026-08-04
C005376,Northstar Account 5376,United Kingdom,Professional Services,Mid-Market,Outbound,2025-02-18
C005377,Northstar Account 5377,Ireland,Retail,SMB,Paid Search,2025-02-11
C005378,Northstar Account 5378,United States,Healthcare,Mid-Market,Content,2024-10-13
C005379,Northstar Account 5379,United States,Other,SMB,Content,2026-05-04
C005380,Northstar Account 5380,France,Professional Services,Mid-Market,Content,2024-08-17
C005381,Northstar Account 5381,Canada,Healthcare,SMB,Organic,2026-04-10
C005382,Northstar Account 5382,United Kingdom,Other,Mid-Market,Organic,2026-04-19
C005383,Northstar Account 5383,United States,Education,Mid-Market,Paid Search,2025-02-23
C005384,Northstar Account 5384,United States,Professional Services,SMB,Paid Search,2026-03-14
C005385,Northstar Account 5385,United States,Retail,SMB,Referral,2025-06-01
C005386,Northstar Account 5386,United States,Financial Services,Mid-Market,Organic,2025-03-19
C005387,Northstar Account 5387,Germany,Retail,SMB,Organic,2026-06-14
C005388,Northstar Account 5388,Canada,Professional Services,SMB,Content,2025-06-20
C005389,Northstar Account 5389,Australia,Retail,SMB,Partner,2024-03-23
C005390,Northstar Account 5390,United States,Technology,Enterprise,Outbound,2025-11-06
C005391,Northstar Account 5391,United States,Healthcare,SMB,Content,2025-12-04
C005392,Northstar Account 5392,Germany,Other,SMB,Content,2025-11-12
C005393,Northstar Account 5393,United States,Other,Enterprise,Content,2025-03-26
C005394,Northstar Account 5394,United States,Healthcare,SMB,Paid Search,2025-12-09
C005395,Northstar Account 5395,United States,Financial Services,SMB,Paid Search,2025-01-13
C005396,Northstar Account 5396,United States,Manufacturing,SMB,Outbound,2025-06-23
C005397,Northstar Account 5397,United States,Other,SMB,Paid Search,2024-10-23
C005398,Northstar Account 5398,United States,Financial Services,SMB,Organic,2025-11-22
C005399,Northstar Account 5399,Australia,Financial Services,Mid-Market,Referral,2026-04-27
C005400,Northstar Account 5400,United States,Professional Services,SMB,Paid Search,2024-05-23
C005401,Northstar Account 5401,United Kingdom,Technology,Mid-Market,Paid Search,2024-02-05
C005402,Northstar Account 5402,United Kingdom,Technology,SMB,Organic,2026-03-13
C005403,Northstar Account 5403,United Kingdom,Education,SMB,Organic,2025-02-22
C005404,Northstar Account 5404,United Kingdom,Other,SMB,Referral,2025-02-17
C005405,Northstar Account 5405,United States,Other,SMB,Paid Search,2025-09-05
C005406,Northstar Account 5406,United States,Financial Services,Mid-Market,Partner,2025-07-20
C005407,Northstar Account 5407,United Kingdom,Financial Services,SMB,Paid Search,2024-06-05
C005408,Northstar Account 5408,Netherlands,Retail,SMB,Referral,2026-03-10
C005409,Northstar Account 5409,United States,Retail,SMB,Paid Search,2024-08-28
C005410,Northstar Account 5410,United States,Education,Mid-Market,Paid Search,2026-04-28
C005411,Northstar Account 5411,Ireland,Technology,SMB,Content,2026-03-01
C005412,Northstar Account 5412,Germany,Manufacturing,Mid-Market,Paid Search,2024-08-11
C005413,Northstar Account 5413,Germany,Education,SMB,Referral,2026-03-09
C005414,Northstar Account 5414,United Kingdom,Technology,SMB,Organic,2025-12-16
C005415,Northstar Account 5415,France,Education,Mid-Market,Paid Search,2026-08-24
C005416,Northstar Account 5416,United Kingdom,Healthcare,SMB,Organic,2026-01-24
C005417,Northstar Account 5417,Canada,Manufacturing,SMB,Content,2025-04-04
C005418,Northstar Account 5418,Germany,Financial Services,Enterprise,Organic,2025-11-21
C005419,Northstar Account 5419,United States,Professional Services,SMB,Organic,2025-12-01
C005420,Northstar Account 5420,Netherlands,Manufacturing,SMB,Partner,2026-02-15
C005421,Northstar Account 5421,Ireland,Technology,SMB,Organic,2025-06-16
C005422,Northstar Account 5422,United Kingdom,Retail,SMB,Content,2026-04-12
C005423,Northstar Account 5423,United States,Retail,Mid-Market,Outbound,2024-12-25
C005424,Northstar Account 5424,Germany,Manufacturing,SMB,Partner,2026-08-18
C005425,Northstar Account 5425,United States,Other,Enterprise,Organic,2025-01-28
C005426,Northstar Account 5426,United Kingdom,Technology,SMB,Organic,2024-02-13
C005427,Northstar Account 5427,United States,Manufacturing,Enterprise,Outbound,2024-09-12
C005428,Northstar Account 5428,Germany,Financial Services,Mid-Market,Partner,2026-07-17
C005429,Northstar Account 5429,Netherlands,Other,Mid-Market,Paid Search,2026-03-07
C005430,Northstar Account 5430,United States,Professional Services,SMB,Outbound,2025-06-23
C005431,Northstar Account 5431,Canada,Technology,SMB,Outbound,2026-06-09
C005432,Northstar Account 5432,Australia,Retail,SMB,Organic,2024-11-04
C005433,Northstar Account 5433,United States,Other,Mid-Market,Organic,2024-11-14
C005434,Northstar Account 5434,United States,Professional Services,SMB,Referral,2024-06-20
C005435,Northstar Account 5435,United States,Retail,Mid-Market,Content,2025-06-16
C005436,Northstar Account 5436,Australia,Other,SMB,Partner,2025-08-02
C005437,Northstar Account 5437,United States,Retail,Mid-Market,Organic,2024-07-01
C005438,Northstar Account 5438,United States,Healthcare,SMB,Organic,2024-06-21
C005439,Northstar Account 5439,United States,Other,Enterprise,Organic,2025-04-28
C005440,Northstar Account 5440,United States,Professional Services,SMB,Paid Search,2024-11-06
C005441,Northstar Account 5441,United States,Professional Services,SMB,Content,2025-10-27
C005442,Northstar Account 5442,United Kingdom,Professional Services,Mid-Market,Paid Search,2025-08-14
C005443,Northstar Account 5443,United States,Healthcare,Mid-Market,Organic,2024-08-04
C005444,Northstar Account 5444,Germany,Technology,Mid-Market,Content,2024-01-08
C005445,Northstar Account 5445,Canada,Technology,Enterprise,Organic,2025-12-28
C005446,Northstar Account 5446,Australia,Professional Services,SMB,Organic,2026-03-10
C005447,Northstar Account 5447,United States,Healthcare,Mid-Market,Outbound,2025-07-24
C005448,Northstar Account 5448,United Kingdom,Financial Services,SMB,Paid Search,2025-10-18
C005449,Northstar Account 5449,Germany,Retail,SMB,Content,2026-08-23
C005450,Northstar Account 5450,United Kingdom,Manufacturing,SMB,Paid Search,2026-03-13
C005451,Northstar Account 5451,United States,Other,SMB,Organic,2025-02-04
C005452,Northstar Account 5452,United States,Manufacturing,SMB,Referral,2026-05-14
C005453,Northstar Account 5453,United Kingdom,Education,Mid-Market,Organic,2025-09-27
C005454,Northstar Account 5454,United States,Technology,SMB,Partner,2025-08-28
C005455,Northstar Account 5455,France,Retail,Enterprise,Paid Search,2026-01-12
C005456,Northstar Account 5456,Australia,Professional Services,SMB,Partner,2025-05-04
C005457,Northstar Account 5457,Canada,Retail,SMB,Paid Search,2026-06-07
C005458,Northstar Account 5458,Ireland,Other,SMB,Content,2024-08-11
C005459,Northstar Account 5459,Canada,Professional Services,SMB,Partner,2025-05-28
C005460,Northstar Account 5460,United States,Technology,SMB,Partner,2024-04-15
C005461,Northstar Account 5461,United States,Financial Services,Mid-Market,Paid Search,2026-01-14
C005462,Northstar Account 5462,Germany,Other,SMB,Partner,2024-12-23
C005463,Northstar Account 5463,United States,Manufacturing,SMB,Partner,2025-05-05
C005464,Northstar Account 5464,France,Technology,Mid-Market,Organic,2026-06-08
C005465,Northstar Account 5465,United States,Healthcare,SMB,Referral,2024-09-21
C005466,Northstar Account 5466,United States,Retail,Mid-Market,Paid Search,2024-01-12
C005467,Northstar Account 5467,Germany,Education,Mid-Market,Paid Search,2025-10-17
C005468,Northstar Account 5468,Australia,Education,SMB,Referral,2025-05-23
C005469,Northstar Account 5469,Australia,Manufacturing,SMB,Paid Search,2024-03-21
C005470,Northstar Account 5470,United States,Professional Services,SMB,Organic,2025-01-15
C005471,Northstar Account 5471,United States,Other,SMB,Referral,2024-11-02
C005472,Northstar Account 5472,United Kingdom,Technology,SMB,Referral,2024-12-24
C005473,Northstar Account 5473,France,Technology,Enterprise,Paid Search,2026-03-03
C005474,Northstar Account 5474,United States,Financial Services,SMB,Paid Search,2025-01-02
C005475,Northstar Account 5475,United Kingdom,Retail,Mid-Market,Organic,2025-07-07
C005476,Northstar Account 5476,United States,Retail,SMB,Referral,2024-12-09
C005477,Northstar Account 5477,Canada,Professional Services,SMB,Organic,2026-07-23
C005478,Northstar Account 5478,United States,Technology,SMB,Referral,2026-03-16
C005479,Northstar Account 5479,Ireland,Technology,SMB,Content,2025-05-26
C005480,Northstar Account 5480,United States,Manufacturing,Enterprise,Outbound,2026-02-04
C005481,Northstar Account 5481,Canada,Professional Services,SMB,Organic,2025-01-28
C005482,Northstar Account 5482,Germany,Other,SMB,Paid Search,2024-04-14
C005483,Northstar Account 5483,United States,Manufacturing,SMB,Organic,2025-05-17
C005484,Northstar Account 5484,United States,Financial Services,SMB,Paid Search,2025-09-01
C005485,Northstar Account 5485,United Kingdom,Financial Services,Mid-Market,Organic,2025-03-21
C005486,Northstar Account 5486,United Kingdom,Education,Mid-Market,Content,2025-04-15
C005487,Northstar Account 5487,Canada,Retail,Mid-Market,Organic,2026-01-21
C005488,Northstar Account 5488,United Kingdom,Other,SMB,Paid Search,2026-06-26
C005489,Northstar Account 5489,United States,Retail,SMB,Partner,2026-06-07
C005490,Northstar Account 5490,France,Technology,Mid-Market,Outbound,2025-10-27
C005491,Northstar Account 5491,United States,Healthcare,SMB,Paid Search,2025-11-14
C005492,Northstar Account 5492,United Kingdom,Technology,Mid-Market,Content,2025-08-09
C005493,Northstar Account 5493,France,Education,SMB,Content,2025-03-20
C005494,Northstar Account 5494,France,Other,SMB,Organic,2026-02-01
C005495,Northstar Account 5495,United States,Education,Mid-Market,Referral,2024-06-20
C005496,Northstar Account 5496,United States,Technology,SMB,Organic,2026-06-26
C005497,Northstar Account 5497,United Kingdom,Technology,Enterprise,Organic,2024-12-06
C005498,Northstar Account 5498,United States,Professional Services,SMB,Organic,2024-10-16
C005499,Northstar Account 5499,Canada,Technology,SMB,Paid Search,2024-12-22
C005500,Northstar Account 5500,United Kingdom,Healthcare,SMB,Referral,2026-04-17
C005501,Northstar Account 5501,United States,Manufacturing,SMB,Content,2024-12-26
C005502,Northstar Account 5502,United States,Education,SMB,Organic,2025-11-23
C005503,Northstar Account 5503,Canada,Healthcare,SMB,Partner,2025-02-08
C005504,Northstar Account 5504,Germany,Retail,SMB,Paid Search,2025-12-12
C005505,Northstar Account 5505,United States,Technology,Mid-Market,Paid Search,2025-10-19
C005506,Northstar Account 5506,United States,Education,SMB,Referral,2026-08-12
C005507,Northstar Account 5507,United States,Retail,SMB,Paid Search,2025-01-11
C005508,Northstar Account 5508,United Kingdom,Professional Services,SMB,Content,2025-03-24
C005509,Northstar Account 5509,Germany,Education,Mid-Market,Organic,2024-09-04
C005510,Northstar Account 5510,Australia,Professional Services,SMB,Content,2025-06-14
C005511,Northstar Account 5511,Netherlands,Technology,SMB,Organic,2026-05-11
C005512,Northstar Account 5512,United Kingdom,Retail,SMB,Organic,2024-10-21
C005513,Northstar Account 5513,France,Professional Services,SMB,Content,2026-08-28
C005514,Northstar Account 5514,United States,Manufacturing,SMB,Partner,2024-01-26
C005515,Northstar Account 5515,United Kingdom,Technology,SMB,Paid Search,2026-04-10
C005516,Northstar Account 5516,United Kingdom,Financial Services,Enterprise,Content,2026-01-12
C005517,Northstar Account 5517,Germany,Retail,SMB,Organic,2026-06-04
C005518,Northstar Account 5518,Germany,Technology,SMB,Paid Search,2025-08-25
C005519,Northstar Account 5519,United States,Technology,SMB,Organic,2026-01-09
C005520,Northstar Account 5520,France,Other,SMB,Partner,2024-03-10
C005521,Northstar Account 5521,France,Healthcare,SMB,Referral,2025-04-11
C005522,Northstar Account 5522,Netherlands,Manufacturing,SMB,Content,2026-03-27
C005523,Northstar Account 5523,United States,Financial Services,SMB,Partner,2024-06-28
C005524,Northstar Account 5524,Ireland,Professional Services,Mid-Market,Paid Search,2026-03-09
C005525,Northstar Account 5525,Germany,Healthcare,SMB,Organic,2025-01-19
C005526,Northstar Account 5526,Canada,Education,Mid-Market,Paid Search,2025-03-07
C005527,Northstar Account 5527,United States,Financial Services,SMB,Referral,2025-12-13
C005528,Northstar Account 5528,Australia,Retail,SMB,Paid Search,2024-04-21
C005529,Northstar Account 5529,Germany,Other,Enterprise,Referral,2025-11-15
C005530,Northstar Account 5530,United Kingdom,Healthcare,Mid-Market,Referral,2026-06-26
C005531,Northstar Account 5531,Ireland,Financial Services,SMB,Content,2024-05-15
C005532,Northstar Account 5532,United States,Technology,Mid-Market,Paid Search,2024-11-22
C005533,Northstar Account 5533,United Kingdom,Retail,SMB,Paid Search,2024-01-13
C005534,Northstar Account 5534,United States,Technology,SMB,Outbound,2025-08-21
C005535,Northstar Account 5535,United States,Other,Mid-Market,Partner,2026-02-24
C005536,Northstar Account 5536,United States,Professional Services,Mid-Market,Organic,2026-07-28
C005537,Northstar Account 5537,United States,Education,SMB,Content,2025-03-10
C005538,Northstar Account 5538,United States,Technology,SMB,Outbound,2024-07-16
C005539,Northstar Account 5539,United States,Technology,SMB,Organic,2024-02-20
C005540,Northstar Account 5540,United States,Professional Services,SMB,Outbound,2025-02-25
C005541,Northstar Account 5541,Canada,Manufacturing,Enterprise,Paid Search,2025-08-03
C005542,Northstar Account 5542,United States,Professional Services,SMB,Outbound,2026-06-02
C005543,Northstar Account 5543,United States,Manufacturing,SMB,Paid Search,2024-10-03
C005544,Northstar Account 5544,United States,Manufacturing,SMB,Organic,2026-03-04
C005545,Northstar Account 5545,United States,Other,SMB,Paid Search,2025-07-08
C005546,Northstar Account 5546,United States,Education,SMB,Content,2026-05-08
C005547,Northstar Account 5547,Netherlands,Education,Enterprise,Outbound,2026-05-03
C005548,Northstar Account 5548,United Kingdom,Healthcare,SMB,Organic,2026-05-27
C005549,Northstar Account 5549,United States,Technology,Mid-Market,Organic,2025-04-23
C005550,Northstar Account 5550,United Kingdom,Retail,SMB,Organic,2025-03-06
C005551,Northstar Account 5551,United States,Financial Services,SMB,Paid Search,2024-10-12
C005552,Northstar Account 5552,Canada,Technology,SMB,Content,2024-10-11
C005553,Northstar Account 5553,Netherlands,Technology,SMB,Paid Search,2025-11-24
C005554,Northstar Account 5554,United States,Healthcare,SMB,Outbound,2026-08-01
C005555,Northstar Account 5555,United States,Financial Services,Mid-Market,Outbound,2025-10-25
C005556,Northstar Account 5556,United Kingdom,Professional Services,Mid-Market,Paid Search,2025-05-03
C005557,Northstar Account 5557,United States,Financial Services,SMB,Partner,2024-11-15
C005558,Northstar Account 5558,United States,Professional Services,SMB,Outbound,2025-12-17
C005559,Northstar Account 5559,Canada,Retail,Mid-Market,Content,2024-10-06
C005560,Northstar Account 5560,United Kingdom,Other,SMB,Referral,2024-05-03
C005561,Northstar Account 5561,United States,Retail,Mid-Market,Paid Search,2024-05-12
C005562,Northstar Account 5562,Australia,Healthcare,SMB,Paid Search,2026-05-26
C005563,Northstar Account 5563,United States,Other,SMB,Content,2025-04-16
C005564,Northstar Account 5564,United States,Professional Services,SMB,Organic,2026-07-25
C005565,Northstar Account 5565,Canada,Technology,Enterprise,Referral,2025-07-10
C005566,Northstar Account 5566,United Kingdom,Other,SMB,Referral,2026-01-18
C005567,Northstar Account 5567,United Kingdom,Healthcare,Mid-Market,Organic,2026-04-25
C005568,Northstar Account 5568,Canada,Other,SMB,Paid Search,2026-06-12
C005569,Northstar Account 5569,United Kingdom,Financial Services,SMB,Organic,2024-08-28
C005570,Northstar Account 5570,Australia,Healthcare,Mid-Market,Content,2024-10-25
C005571,Northstar Account 5571,United Kingdom,Retail,SMB,Organic,2024-07-17
C005572,Northstar Account 5572,United States,Retail,SMB,Paid Search,2025-06-14
C005573,Northstar Account 5573,Germany,Technology,SMB,Outbound,2024-08-05
C005574,Northstar Account 5574,United States,Retail,Mid-Market,Referral,2025-12-06
C005575,Northstar Account 5575,Germany,Financial Services,SMB,Partner,2025-03-25
C005576,Northstar Account 5576,United States,Other,SMB,Content,2026-08-10
C005577,Northstar Account 5577,United States,Other,Enterprise,Organic,2026-04-26
C005578,Northstar Account 5578,Canada,Other,Mid-Market,Outbound,2026-02-11
C005579,Northstar Account 5579,United Kingdom,Technology,Mid-Market,Content,2026-01-08
C005580,Northstar Account 5580,United States,Retail,Mid-Market,Organic,2024-02-17
C005581,Northstar Account 5581,United States,Technology,Mid-Market,Organic,2024-04-09
C005582,Northstar Account 5582,Germany,Healthcare,SMB,Organic,2025-05-12
C005583,Northstar Account 5583,Ireland,Other,SMB,Referral,2026-06-14
C005584,Northstar Account 5584,United States,Financial Services,Mid-Market,Referral,2024-05-23
C005585,Northstar Account 5585,United States,Financial Services,Mid-Market,Partner,2025-05-24
C005586,Northstar Account 5586,United States,Professional Services,Enterprise,Outbound,2026-03-18
C005587,Northstar Account 5587,United States,Retail,SMB,Partner,2025-02-27
C005588,Northstar Account 5588,United States,Professional Services,SMB,Content,2026-07-08
C005589,Northstar Account 5589,Australia,Healthcare,SMB,Referral,2026-07-19
C005590,Northstar Account 5590,United Kingdom,Professional Services,SMB,Partner,2024-03-12
C005591,Northstar Account 5591,United States,Manufacturing,SMB,Paid Search,2025-11-12
C005592,Northstar Account 5592,United States,Retail,Mid-Market,Referral,2024-07-21
C005593,Northstar Account 5593,United States,Education,SMB,Referral,2025-06-10
C005594,Northstar Account 5594,United Kingdom,Financial Services,SMB,Paid Search,2026-06-07
C005595,Northstar Account 5595,United States,Professional Services,SMB,Content,2024-04-14
C005596,Northstar Account 5596,United States,Healthcare,SMB,Organic,2026-07-03
C005597,Northstar Account 5597,Canada,Financial Services,Mid-Market,Organic,2026-08-16
C005598,Northstar Account 5598,United States,Other,SMB,Content,2025-12-20
C005599,Northstar Account 5599,United Kingdom,Technology,SMB,Organic,2025-03-05
C005600,Northstar Account 5600,France,Education,SMB,Referral,2024-11-12
C005601,Northstar Account 5601,United States,Retail,SMB,Referral,2025-05-08
C005602,Northstar Account 5602,United States,Professional Services,SMB,Paid Search,2024-09-04
C005603,Northstar Account 5603,Australia,Technology,Mid-Market,Organic,2024-02-04
C005604,Northstar Account 5604,United States,Healthcare,Mid-Market,Paid Search,2024-04-14
C005605,Northstar Account 5605,United States,Professional Services,SMB,Paid Search,2025-12-16
C005606,Northstar Account 5606,Germany,Education,SMB,Referral,2024-02-16
C005607,Northstar Account 5607,United Kingdom,Professional Services,SMB,Paid Search,2025-01-02
C005608,Northstar Account 5608,Netherlands,Technology,SMB,Outbound,2025-12-01
C005609,Northstar Account 5609,United States,Manufacturing,SMB,Organic,2024-08-04
C005610,Northstar Account 5610,United States,Technology,Mid-Market,Organic,2025-02-23
C005611,Northstar Account 5611,United States,Professional Services,SMB,Outbound,2024-02-19
C005612,Northstar Account 5612,United States,Professional Services,Mid-Market,Partner,2024-06-14
C005613,Northstar Account 5613,United Kingdom,Professional Services,SMB,Referral,2024-10-01
C005614,Northstar Account 5614,United States,Retail,Mid-Market,Referral,2024-06-01
C005615,Northstar Account 5615,United States,Manufacturing,SMB,Content,2025-07-11
C005616,Northstar Account 5616,United States,Education,SMB,Paid Search,2024-06-25
C005617,Northstar Account 5617,United States,Technology,SMB,Paid Search,2025-01-04
C005618,Northstar Account 5618,United States,Technology,Mid-Market,Outbound,2026-02-17
C005619,Northstar Account 5619,United Kingdom,Financial Services,SMB,Paid Search,2025-12-17
C005620,Northstar Account 5620,United States,Professional Services,SMB,Referral,2025-04-27
C005621,Northstar Account 5621,Germany,Technology,SMB,Referral,2026-07-09
C005622,Northstar Account 5622,United States,Technology,SMB,Partner,2026-03-08
C005623,Northstar Account 5623,United States,Manufacturing,SMB,Content,2025-11-17
C005624,Northstar Account 5624,Netherlands,Manufacturing,SMB,Outbound,2025-05-12
C005625,Northstar Account 5625,France,Professional Services,SMB,Paid Search,2024-03-05
C005626,Northstar Account 5626,United States,Technology,SMB,Referral,2025-05-19
C005627,Northstar Account 5627,United States,Manufacturing,Mid-Market,Referral,2025-09-27
C005628,Northstar Account 5628,Australia,Technology,Mid-Market,Organic,2026-08-26
C005629,Northstar Account 5629,United Kingdom,Retail,SMB,Content,2026-07-03
C005630,Northstar Account 5630,United States,Financial Services,SMB,Organic,2024-06-23
C005631,Northstar Account 5631,United States,Professional Services,SMB,Paid Search,2026-08-20
C005632,Northstar Account 5632,United States,Professional Services,SMB,Content,2026-02-19
C005633,Northstar Account 5633,Germany,Education,SMB,Outbound,2026-01-14
C005634,Northstar Account 5634,United Kingdom,Education,SMB,Paid Search,2026-06-23
C005635,Northstar Account 5635,United States,Retail,SMB,Content,2025-02-16
C005636,Northstar Account 5636,United States,Retail,Mid-Market,Paid Search,2025-04-03
C005637,Northstar Account 5637,United States,Retail,SMB,Paid Search,2026-05-04
C005638,Northstar Account 5638,Canada,Retail,Mid-Market,Organic,2024-05-21
C005639,Northstar Account 5639,France,Professional Services,SMB,Content,2026-01-12
C005640,Northstar Account 5640,United Kingdom,Professional Services,SMB,Paid Search,2026-04-17
C005641,Northstar Account 5641,Germany,Professional Services,SMB,Paid Search,2026-06-23
C005642,Northstar Account 5642,United States,Retail,Mid-Market,Referral,2024-10-08
C005643,Northstar Account 5643,United Kingdom,Professional Services,Mid-Market,Organic,2025-12-25
C005644,Northstar Account 5644,United States,Healthcare,SMB,Paid Search,2024-05-07
C005645,Northstar Account 5645,United States,Education,SMB,Paid Search,2026-05-13
C005646,Northstar Account 5646,United States,Other,SMB,Content,2025-07-09
C005647,Northstar Account 5647,Australia,Healthcare,SMB,Referral,2025-11-20
C005648,Northstar Account 5648,United States,Manufacturing,SMB,Content,2026-05-04
C005649,Northstar Account 5649,United States,Technology,SMB,Paid Search,2025-08-10
C005650,Northstar Account 5650,Australia,Manufacturing,SMB,Organic,2025-08-08
C005651,Northstar Account 5651,Germany,Retail,Mid-Market,Content,2025-06-21
C005652,Northstar Account 5652,United States,Financial Services,SMB,Organic,2025-10-02
C005653,Northstar Account 5653,United States,Other,SMB,Paid Search,2026-02-19
C005654,Northstar Account 5654,Australia,Professional Services,SMB,Organic,2026-04-19
C005655,Northstar Account 5655,United States,Other,SMB,Organic,2024-02-21
C005656,Northstar Account 5656,United States,Education,SMB,Paid Search,2025-03-15
C005657,Northstar Account 5657,United States,Manufacturing,Mid-Market,Outbound,2025-05-19
C005658,Northstar Account 5658,United States,Retail,Mid-Market,Partner,2024-05-04
C005659,Northstar Account 5659,United Kingdom,Professional Services,SMB,Referral,2026-02-16
C005660,Northstar Account 5660,Australia,Manufacturing,Mid-Market,Paid Search,2025-08-20
C005661,Northstar Account 5661,United States,Technology,SMB,Referral,2024-01-07
C005662,Northstar Account 5662,Ireland,Healthcare,SMB,Partner,2025-11-05
C005663,Northstar Account 5663,United Kingdom,Technology,SMB,Outbound,2025-02-09
C005664,Northstar Account 5664,United Kingdom,Professional Services,SMB,Organic,2026-02-14
C005665,Northstar Account 5665,United States,Education,SMB,Content,2024-09-02
C005666,Northstar Account 5666,United States,Manufacturing,Mid-Market,Organic,2024-01-26
C005667,Northstar Account 5667,United Kingdom,Financial Services,SMB,Partner,2024-05-19
C005668,Northstar Account 5668,Canada,Education,Mid-Market,Outbound,2025-06-22
C005669,Northstar Account 5669,United States,Education,Mid-Market,Referral,2026-02-24
C005670,Northstar Account 5670,United States,Other,Mid-Market,Referral,2025-10-17
C005671,Northstar Account 5671,United States,Healthcare,SMB,Content,2024-01-22
C005672,Northstar Account 5672,United States,Education,Mid-Market,Outbound,2025-10-17
C005673,Northstar Account 5673,United States,Financial Services,SMB,Paid Search,2025-07-22
C005674,Northstar Account 5674,United States,Manufacturing,SMB,Paid Search,2026-04-02
C005675,Northstar Account 5675,United States,Manufacturing,SMB,Partner,2024-11-24
C005676,Northstar Account 5676,Australia,Healthcare,Mid-Market,Outbound,2026-02-12
C005677,Northstar Account 5677,Germany,Retail,SMB,Partner,2025-11-14
C005678,Northstar Account 5678,United States,Education,SMB,Organic,2025-11-09
C005679,Northstar Account 5679,United States,Education,Mid-Market,Partner,2025-04-12
C005680,Northstar Account 5680,United States,Healthcare,SMB,Paid Search,2024-01-14
C005681,Northstar Account 5681,United States,Technology,Mid-Market,Paid Search,2024-09-11
C005682,Northstar Account 5682,Australia,Professional Services,SMB,Paid Search,2026-05-27
C005683,Northstar Account 5683,United States,Retail,SMB,Paid Search,2025-11-15
C005684,Northstar Account 5684,Australia,Technology,SMB,Referral,2025-10-23
C005685,Northstar Account 5685,United States,Retail,SMB,Organic,2025-08-27
C005686,Northstar Account 5686,Ireland,Technology,SMB,Paid Search,2024-04-18
C005687,Northstar Account 5687,Germany,Technology,SMB,Partner,2025-03-10
C005688,Northstar Account 5688,Canada,Financial Services,SMB,Organic,2025-11-20
C005689,Northstar Account 5689,Netherlands,Healthcare,Mid-Market,Organic,2024-06-01
C005690,Northstar Account 5690,United States,Manufacturing,Mid-Market,Organic,2026-07-21
C005691,Northstar Account 5691,United States,Technology,SMB,Paid Search,2024-04-01
C005692,Northstar Account 5692,United States,Professional Services,SMB,Referral,2026-01-13
C005693,Northstar Account 5693,Germany,Technology,SMB,Paid Search,2025-01-08
C005694,Northstar Account 5694,Australia,Technology,Mid-Market,Paid Search,2026-05-25
C005695,Northstar Account 5695,United States,Technology,Mid-Market,Paid Search,2026-04-19
C005696,Northstar Account 5696,Canada,Retail,SMB,Organic,2025-02-18
C005697,Northstar Account 5697,United States,Technology,SMB,Paid Search,2025-06-19
C005698,Northstar Account 5698,United States,Manufacturing,Mid-Market,Organic,2026-08-21
C005699,Northstar Account 5699,United Kingdom,Retail,Mid-Market,Organic,2025-11-05
C005700,Northstar Account 5700,United States,Professional Services,SMB,Paid Search,2024-01-01
C005701,Northstar Account 5701,United States,Financial Services,Mid-Market,Content,2026-03-27
C005702,Northstar Account 5702,Germany,Retail,SMB,Organic,2025-03-16
C005703,Northstar Account 5703,United Kingdom,Professional Services,SMB,Paid Search,2024-12-19
C005704,Northstar Account 5704,United Kingdom,Healthcare,Mid-Market,Partner,2026-04-11
C005705,Northstar Account 5705,United States,Education,SMB,Paid Search,2026-08-24
C005706,Northstar Account 5706,United States,Healthcare,SMB,Content,2024-04-02
C005707,Northstar Account 5707,Canada,Other,Mid-Market,Paid Search,2025-04-13
C005708,Northstar Account 5708,Australia,Professional Services,Mid-Market,Organic,2024-12-19
C005709,Northstar Account 5709,United States,Retail,SMB,Outbound,2026-06-13
C005710,Northstar Account 5710,Germany,Financial Services,SMB,Paid Search,2026-05-27
C005711,Northstar Account 5711,Germany,Education,Mid-Market,Paid Search,2026-06-01
C005712,Northstar Account 5712,Germany,Other,SMB,Referral,2024-03-21
C005713,Northstar Account 5713,United Kingdom,Manufacturing,Enterprise,Outbound,2024-03-25
C005714,Northstar Account 5714,United States,Retail,Mid-Market,Organic,2025-09-03
C005715,Northstar Account 5715,Germany,Education,SMB,Referral,2024-08-18
C005716,Northstar Account 5716,United States,Retail,SMB,Paid Search,2024-06-02
C005717,Northstar Account 5717,United States,Technology,Mid-Market,Referral,2024-12-18
C005718,Northstar Account 5718,United States,Retail,Enterprise,Organic,2026-01-10
C005719,Northstar Account 5719,United States,Professional Services,SMB,Referral,2025-12-24
C005720,Northstar Account 5720,United Kingdom,Education,SMB,Paid Search,2026-03-07
C005721,Northstar Account 5721,France,Education,Mid-Market,Partner,2024-04-11
C005722,Northstar Account 5722,United States,Other,SMB,Paid Search,2026-03-01
C005723,Northstar Account 5723,United States,Technology,SMB,Referral,2025-07-21
C005724,Northstar Account 5724,Netherlands,Retail,Mid-Market,Content,2025-01-02
C005725,Northstar Account 5725,United States,Retail,Mid-Market,Content,2025-11-19
C005726,Northstar Account 5726,United States,Retail,Mid-Market,Outbound,2026-04-10
C005727,Northstar Account 5727,Australia,Technology,Mid-Market,Organic,2024-05-27
C005728,Northstar Account 5728,Netherlands,Retail,SMB,Referral,2026-04-04
C005729,Northstar Account 5729,Canada,Education,Mid-Market,Paid Search,2025-09-18
C005730,Northstar Account 5730,United States,Professional Services,SMB,Outbound,2025-11-06
C005731,Northstar Account 5731,United Kingdom,Education,SMB,Referral,2026-06-02
C005732,Northstar Account 5732,Australia,Professional Services,Mid-Market,Organic,2026-01-25
C005733,Northstar Account 5733,France,Professional Services,Mid-Market,Organic,2025-10-25
C005734,Northstar Account 5734,United States,Other,Mid-Market,Content,2025-02-28
C005735,Northstar Account 5735,Australia,Technology,SMB,Content,2025-08-06
C005736,Northstar Account 5736,United Kingdom,Professional Services,Enterprise,Content,2026-05-23
C005737,Northstar Account 5737,United States,Other,SMB,Partner,2026-08-14
C005738,Northstar Account 5738,United States,Technology,Mid-Market,Organic,2026-03-07
C005739,Northstar Account 5739,United States,Retail,Mid-Market,Outbound,2026-03-12
C005740,Northstar Account 5740,Netherlands,Retail,SMB,Referral,2026-01-05
C005741,Northstar Account 5741,United States,Education,Mid-Market,Partner,2026-03-18
C005742,Northstar Account 5742,Canada,Healthcare,SMB,Referral,2024-11-17
C005743,Northstar Account 5743,United States,Healthcare,Mid-Market,Referral,2025-05-05
C005744,Northstar Account 5744,Germany,Other,Mid-Market,Referral,2025-09-22
C005745,Northstar Account 5745,United States,Retail,Mid-Market,Partner,2025-09-16
C005746,Northstar Account 5746,France,Retail,SMB,Content,2025-10-19
C005747,Northstar Account 5747,United Kingdom,Other,SMB,Content,2026-08-04
C005748,Northstar Account 5748,Germany,Technology,Enterprise,Organic,2026-05-23
C005749,Northstar Account 5749,United Kingdom,Other,Enterprise,Paid Search,2026-04-11
C005750,Northstar Account 5750,United Kingdom,Other,Enterprise,Partner,2026-04-14
C005751,Northstar Account 5751,Netherlands,Other,SMB,Referral,2026-03-05
C005752,Northstar Account 5752,United States,Technology,SMB,Partner,2025-12-28
C005753,Northstar Account 5753,France,Healthcare,Mid-Market,Content,2024-11-15
C005754,Northstar Account 5754,United States,Financial Services,Mid-Market,Paid Search,2026-05-23
C005755,Northstar Account 5755,Canada,Professional Services,SMB,Organic,2024-12-18
C005756,Northstar Account 5756,France,Healthcare,SMB,Content,2026-02-02
C005757,Northstar Account 5757,France,Professional Services,SMB,Outbound,2024-06-20
C005758,Northstar Account 5758,United States,Technology,SMB,Organic,2025-09-11
C005759,Northstar Account 5759,United States,Financial Services,SMB,Paid Search,2025-02-17
C005760,Northstar Account 5760,Germany,Other,SMB,Organic,2026-01-16
C005761,Northstar Account 5761,United States,Technology,SMB,Organic,2026-05-22
C005762,Northstar Account 5762,Netherlands,Technology,Mid-Market,Partner,2024-01-07
C005763,Northstar Account 5763,United States,Healthcare,Mid-Market,Organic,2024-06-28
C005764,Northstar Account 5764,United States,Technology,Enterprise,Organic,2026-07-12
C005765,Northstar Account 5765,Germany,Education,SMB,Referral,2024-11-21
C005766,Northstar Account 5766,United States,Education,SMB,Referral,2026-02-18
C005767,Northstar Account 5767,United States,Retail,SMB,Referral,2026-04-16
C005768,Northstar Account 5768,United States,Manufacturing,SMB,Organic,2026-02-16
C005769,Northstar Account 5769,Ireland,Technology,SMB,Organic,2024-02-18
C005770,Northstar Account 5770,United Kingdom,Professional Services,Mid-Market,Organic,2026-02-25
C005771,Northstar Account 5771,Ireland,Manufacturing,Mid-Market,Outbound,2026-08-08
C005772,Northstar Account 5772,United States,Technology,Mid-Market,Organic,2025-03-08
C005773,Northstar Account 5773,United States,Professional Services,SMB,Referral,2026-01-28
C005774,Northstar Account 5774,United States,Healthcare,SMB,Partner,2024-12-26
C005775,Northstar Account 5775,United States,Professional Services,SMB,Content,2026-08-12
C005776,Northstar Account 5776,United States,Retail,SMB,Organic,2024-10-10
C005777,Northstar Account 5777,United States,Financial Services,Mid-Market,Organic,2025-01-21
C005778,Northstar Account 5778,United States,Professional Services,SMB,Content,2024-08-26
C005779,Northstar Account 5779,Canada,Retail,Mid-Market,Paid Search,2026-07-27
C005780,Northstar Account 5780,United States,Technology,SMB,Referral,2025-09-07
C005781,Northstar Account 5781,United Kingdom,Education,Enterprise,Organic,2024-11-06
C005782,Northstar Account 5782,United States,Professional Services,Enterprise,Outbound,2024-07-15
C005783,Northstar Account 5783,United Kingdom,Financial Services,SMB,Referral,2026-06-05
C005784,Northstar Account 5784,Germany,Technology,Mid-Market,Paid Search,2024-04-27
C005785,Northstar Account 5785,Germany,Manufacturing,SMB,Content,2025-12-10
C005786,Northstar Account 5786,Australia,Manufacturing,Mid-Market,Referral,2025-11-08
C005787,Northstar Account 5787,United States,Manufacturing,Mid-Market,Partner,2026-03-28
C005788,Northstar Account 5788,United States,Manufacturing,Mid-Market,Paid Search,2026-01-24
C005789,Northstar Account 5789,Australia,Professional Services,Mid-Market,Paid Search,2026-05-27
C005790,Northstar Account 5790,Netherlands,Retail,SMB,Referral,2024-02-15
C005791,Northstar Account 5791,United Kingdom,Professional Services,Mid-Market,Organic,2025-05-23
C005792,Northstar Account 5792,United States,Professional Services,Mid-Market,Content,2024-04-12
C005793,Northstar Account 5793,Germany,Retail,SMB,Organic,2025-04-02
C005794,Northstar Account 5794,Ireland,Education,SMB,Referral,2025-09-19
C005795,Northstar Account 5795,United States,Retail,Mid-Market,Organic,2025-10-03
C005796,Northstar Account 5796,United States,Other,SMB,Referral,2026-07-06
C005797,Northstar Account 5797,Australia,Education,SMB,Paid Search,2026-07-09
C005798,Northstar Account 5798,Canada,Retail,Mid-Market,Organic,2025-01-19
C005799,Northstar Account 5799,United States,Retail,Mid-Market,Paid Search,2026-01-22
C005800,Northstar Account 5800,United States,Healthcare,SMB,Referral,2026-01-05
C005801,Northstar Account 5801,United Kingdom,Retail,SMB,Organic,2026-07-21
C005802,Northstar Account 5802,Canada,Professional Services,SMB,Content,2024-04-20
C005803,Northstar Account 5803,Germany,Retail,Mid-Market,Paid Search,2025-11-17
C005804,Northstar Account 5804,United States,Education,SMB,Partner,2025-05-18
C005805,Northstar Account 5805,United States,Professional Services,SMB,Referral,2025-03-12
C005806,Northstar Account 5806,Canada,Professional Services,Mid-Market,Paid Search,2025-11-04
C005807,Northstar Account 5807,United States,Technology,Mid-Market,Paid Search,2024-12-04
C005808,Northstar Account 5808,United States,Professional Services,Mid-Market,Organic,2024-02-03
C005809,Northstar Account 5809,United Kingdom,Professional Services,SMB,Referral,2026-03-14
C005810,Northstar Account 5810,United States,Manufacturing,Mid-Market,Outbound,2024-05-18
C005811,Northstar Account 5811,Germany,Education,SMB,Paid Search,2025-02-05
C005812,Northstar Account 5812,United States,Professional Services,SMB,Referral,2025-10-04
C005813,Northstar Account 5813,Germany,Other,Mid-Market,Referral,2025-11-20
C005814,Northstar Account 5814,United Kingdom,Education,Mid-Market,Referral,2025-12-18
C005815,Northstar Account 5815,United Kingdom,Technology,SMB,Partner,2026-08-27
C005816,Northstar Account 5816,Australia,Financial Services,Mid-Market,Outbound,2025-04-28
C005817,Northstar Account 5817,United States,Manufacturing,SMB,Partner,2024-07-28
C005818,Northstar Account 5818,Germany,Retail,SMB,Content,2024-07-04
C005819,Northstar Account 5819,United States,Professional Services,SMB,Organic,2025-08-11
C005820,Northstar Account 5820,Ireland,Manufacturing,SMB,Content,2025-04-14
C005821,Northstar Account 5821,United States,Technology,Mid-Market,Outbound,2026-06-21
C005822,Northstar Account 5822,United Kingdom,Retail,Mid-Market,Outbound,2025-08-26
C005823,Northstar Account 5823,United States,Manufacturing,Mid-Market,Organic,2025-06-24
C005824,Northstar Account 5824,United States,Manufacturing,SMB,Content,2026-05-27
C005825,Northstar Account 5825,United States,Healthcare,SMB,Paid Search,2026-04-01
C005826,Northstar Account 5826,United States,Technology,SMB,Referral,2026-01-01
C005827,Northstar Account 5827,United States,Professional Services,Mid-Market,Organic,2025-08-12
C005828,Northstar Account 5828,United States,Financial Services,SMB,Referral,2024-11-23
C005829,Northstar Account 5829,Canada,Education,SMB,Organic,2025-09-10
C005830,Northstar Account 5830,United States,Manufacturing,Mid-Market,Paid Search,2024-06-07
C005831,Northstar Account 5831,United States,Technology,Mid-Market,Paid Search,2025-08-07
C005832,Northstar Account 5832,Netherlands,Other,SMB,Paid Search,2026-05-21
C005833,Northstar Account 5833,Canada,Professional Services,SMB,Organic,2025-08-23
C005834,Northstar Account 5834,United States,Professional Services,Mid-Market,Content,2024-04-10
C005835,Northstar Account 5835,United States,Financial Services,SMB,Referral,2024-02-02
C005836,Northstar Account 5836,United States,Retail,SMB,Content,2026-05-07
C005837,Northstar Account 5837,United Kingdom,Education,Mid-Market,Content,2024-10-09
C005838,Northstar Account 5838,Australia,Healthcare,SMB,Organic,2025-08-14
C005839,Northstar Account 5839,United Kingdom,Financial Services,SMB,Partner,2026-03-11
C005840,Northstar Account 5840,Ireland,Technology,SMB,Partner,2024-11-05
C005841,Northstar Account 5841,Canada,Technology,SMB,Paid Search,2026-02-28
C005842,Northstar Account 5842,Ireland,Education,SMB,Referral,2024-04-12
C005843,Northstar Account 5843,United Kingdom,Financial Services,SMB,Referral,2026-02-07
C005844,Northstar Account 5844,Canada,Other,SMB,Referral,2024-04-12
C005845,Northstar Account 5845,Canada,Retail,SMB,Content,2024-12-21
C005846,Northstar Account 5846,Germany,Manufacturing,Mid-Market,Paid Search,2024-11-27
C005847,Northstar Account 5847,United States,Retail,Enterprise,Content,2026-06-13
C005848,Northstar Account 5848,United States,Professional Services,SMB,Paid Search,2025-08-16
C005849,Northstar Account 5849,United States,Technology,SMB,Content,2026-05-09
C005850,Northstar Account 5850,United States,Professional Services,Mid-Market,Organic,2025-10-20
C005851,Northstar Account 5851,France,Technology,Enterprise,Partner,2026-04-20
C005852,Northstar Account 5852,Canada,Professional Services,Mid-Market,Partner,2025-09-05
C005853,Northstar Account 5853,United States,Professional Services,SMB,Organic,2025-06-16
C005854,Northstar Account 5854,United States,Financial Services,SMB,Organic,2025-12-28
C005855,Northstar Account 5855,United States,Technology,SMB,Paid Search,2024-12-07
C005856,Northstar Account 5856,Australia,Manufacturing,Mid-Market,Partner,2026-07-14
C005857,Northstar Account 5857,France,Financial Services,SMB,Outbound,2026-06-19
C005858,Northstar Account 5858,United States,Retail,SMB,Organic,2024-04-03
C005859,Northstar Account 5859,United States,Education,SMB,Partner,2026-07-15
C005860,Northstar Account 5860,Netherlands,Professional Services,SMB,Content,2024-09-18
C005861,Northstar Account 5861,Canada,Technology,SMB,Organic,2026-01-16
C005862,Northstar Account 5862,Australia,Education,SMB,Content,2026-04-09
C005863,Northstar Account 5863,United States,Healthcare,SMB,Organic,2024-11-23
C005864,Northstar Account 5864,United States,Retail,Mid-Market,Organic,2024-06-09
C005865,Northstar Account 5865,Canada,Financial Services,Mid-Market,Paid Search,2026-03-15
C005866,Northstar Account 5866,United States,Education,SMB,Paid Search,2025-06-09
C005867,Northstar Account 5867,Australia,Retail,Mid-Market,Referral,2025-07-24
C005868,Northstar Account 5868,Germany,Technology,Mid-Market,Content,2026-03-13
C005869,Northstar Account 5869,United States,Financial Services,SMB,Paid Search,2024-11-11
C005870,Northstar Account 5870,United States,Other,SMB,Outbound,2024-05-09
C005871,Northstar Account 5871,Germany,Education,SMB,Organic,2026-08-16
C005872,Northstar Account 5872,Netherlands,Manufacturing,SMB,Organic,2026-01-22
C005873,Northstar Account 5873,United States,Retail,SMB,Content,2025-12-18
C005874,Northstar Account 5874,Germany,Professional Services,SMB,Content,2025-02-06
C005875,Northstar Account 5875,United States,Other,SMB,Partner,2026-08-01
C005876,Northstar Account 5876,France,Education,SMB,Organic,2024-10-04
C005877,Northstar Account 5877,Canada,Healthcare,SMB,Paid Search,2024-08-25
C005878,Northstar Account 5878,United States,Education,SMB,Organic,2025-02-03
C005879,Northstar Account 5879,Canada,Retail,Mid-Market,Content,2026-02-05
C005880,Northstar Account 5880,Canada,Technology,SMB,Organic,2024-11-12
C005881,Northstar Account 5881,Canada,Education,SMB,Referral,2025-01-06
C005882,Northstar Account 5882,United States,Technology,SMB,Paid Search,2025-08-04
C005883,Northstar Account 5883,Canada,Professional Services,Mid-Market,Partner,2025-12-06
C005884,Northstar Account 5884,Australia,Technology,Enterprise,Organic,2024-07-01
C005885,Northstar Account 5885,United States,Professional Services,SMB,Partner,2025-12-15
C005886,Northstar Account 5886,United States,Other,SMB,Partner,2025-04-09
C005887,Northstar Account 5887,France,Technology,SMB,Outbound,2025-03-09
C005888,Northstar Account 5888,United Kingdom,Professional Services,SMB,Content,2024-04-28
C005889,Northstar Account 5889,United States,Manufacturing,Mid-Market,Referral,2026-08-26
C005890,Northstar Account 5890,Australia,Financial Services,SMB,Paid Search,2026-01-01
C005891,Northstar Account 5891,United States,Manufacturing,Enterprise,Outbound,2024-05-26
C005892,Northstar Account 5892,Germany,Other,SMB,Content,2025-03-02
C005893,Northstar Account 5893,United States,Education,SMB,Content,2024-04-17
C005894,Northstar Account 5894,United States,Manufacturing,Mid-Market,Partner,2025-09-17
C005895,Northstar Account 5895,Ireland,Retail,SMB,Paid Search,2026-01-18
C005896,Northstar Account 5896,Germany,Professional Services,Mid-Market,Content,2024-03-14
C005897,Northstar Account 5897,United States,Retail,SMB,Organic,2026-07-19
C005898,Northstar Account 5898,France,Manufacturing,Mid-Market,Organic,2025-03-03
C005899,Northstar Account 5899,Netherlands,Education,SMB,Organic,2024-11-13
C005900,Northstar Account 5900,Germany,Manufacturing,SMB,Partner,2024-06-26
C005901,Northstar Account 5901,United States,Healthcare,Mid-Market,Organic,2024-07-16
C005902,Northstar Account 5902,United States,Manufacturing,SMB,Referral,2026-05-19
C005903,Northstar Account 5903,Germany,Technology,SMB,Referral,2025-07-02
C005904,Northstar Account 5904,France,Professional Services,Mid-Market,Partner,2026-04-14
C005905,Northstar Account 5905,United States,Healthcare,SMB,Paid Search,2024-10-03
C005906,Northstar Account 5906,United States,Technology,Mid-Market,Outbound,2025-02-16
C005907,Northstar Account 5907,United States,Other,SMB,Organic,2025-05-10
C005908,Northstar Account 5908,United States,Professional Services,SMB,Organic,2025-06-23
C005909,Northstar Account 5909,United Kingdom,Technology,SMB,Organic,2024-05-22
C005910,Northstar Account 5910,United States,Education,SMB,Organic,2024-03-03
C005911,Northstar Account 5911,United Kingdom,Technology,Enterprise,Referral,2026-08-11
C005912,Northstar Account 5912,United Kingdom,Healthcare,SMB,Paid Search,2025-12-27
C005913,Northstar Account 5913,United States,Professional Services,SMB,Content,2024-03-01
C005914,Northstar Account 5914,France,Technology,SMB,Paid Search,2026-03-04
C005915,Northstar Account 5915,United States,Manufacturing,SMB,Outbound,2025-03-27
C005916,Northstar Account 5916,United States,Professional Services,SMB,Referral,2026-04-13
C005917,Northstar Account 5917,United States,Healthcare,Mid-Market,Paid Search,2026-07-18
C005918,Northstar Account 5918,United Kingdom,Technology,Mid-Market,Partner,2024-02-07
C005919,Northstar Account 5919,United States,Healthcare,Mid-Market,Organic,2026-08-12
C005920,Northstar Account 5920,Netherlands,Retail,SMB,Outbound,2024-08-19
C005921,Northstar Account 5921,United States,Technology,SMB,Content,2025-01-09
C005922,Northstar Account 5922,United States,Education,SMB,Partner,2025-11-24
C005923,Northstar Account 5923,Germany,Healthcare,Mid-Market,Organic,2026-01-26
C005924,Northstar Account 5924,France,Other,SMB,Outbound,2024-08-18
C005925,Northstar Account 5925,United Kingdom,Manufacturing,SMB,Referral,2024-07-08
C005926,Northstar Account 5926,United States,Healthcare,SMB,Partner,2024-12-07
C005927,Northstar Account 5927,United States,Technology,Mid-Market,Organic,2025-02-01
C005928,Northstar Account 5928,United States,Manufacturing,Mid-Market,Organic,2025-02-22
C005929,Northstar Account 5929,United Kingdom,Healthcare,Mid-Market,Referral,2024-08-26
C005930,Northstar Account 5930,Canada,Financial Services,SMB,Partner,2026-08-27
C005931,Northstar Account 5931,United States,Healthcare,Enterprise,Content,2026-04-28
C005932,Northstar Account 5932,United Kingdom,Technology,SMB,Partner,2026-08-05
C005933,Northstar Account 5933,Germany,Manufacturing,SMB,Partner,2024-05-20
C005934,Northstar Account 5934,United States,Manufacturing,SMB,Partner,2024-04-08
C005935,Northstar Account 5935,United States,Technology,SMB,Content,2025-08-05
C005936,Northstar Account 5936,Germany,Education,SMB,Organic,2025-11-15
C005937,Northstar Account 5937,United States,Retail,SMB,Content,2025-11-19
C005938,Northstar Account 5938,United States,Healthcare,SMB,Organic,2024-05-21
C005939,Northstar Account 5939,United States,Financial Services,Mid-Market,Referral,2026-05-14
C005940,Northstar Account 5940,United Kingdom,Professional Services,Mid-Market,Content,2025-07-04
C005941,Northstar Account 5941,United Kingdom,Technology,Mid-Market,Content,2025-03-02
C005942,Northstar Account 5942,United Kingdom,Technology,SMB,Organic,2025-08-02
C005943,Northstar Account 5943,United States,Other,SMB,Referral,2024-02-22
C005944,Northstar Account 5944,United Kingdom,Technology,Mid-Market,Paid Search,2024-10-16
C005945,Northstar Account 5945,United States,Education,SMB,Paid Search,2026-08-10
C005946,Northstar Account 5946,Australia,Manufacturing,SMB,Content,2025-09-23
C005947,Northstar Account 5947,Ireland,Manufacturing,SMB,Content,2024-04-10
C005948,Northstar Account 5948,United Kingdom,Technology,Mid-Market,Paid Search,2025-01-09
C005949,Northstar Account 5949,United States,Technology,SMB,Outbound,2024-09-23
C005950,Northstar Account 5950,Germany,Other,Mid-Market,Organic,2026-07-17
C005951,Northstar Account 5951,United States,Retail,SMB,Outbound,2026-04-19
C005952,Northstar Account 5952,United States,Technology,SMB,Content,2025-09-23
C005953,Northstar Account 5953,Netherlands,Technology,SMB,Outbound,2026-07-09
C005954,Northstar Account 5954,United States,Manufacturing,SMB,Content,2025-03-01
C005955,Northstar Account 5955,United States,Other,SMB,Outbound,2026-05-19
C005956,Northstar Account 5956,United Kingdom,Retail,SMB,Referral,2025-06-10
C005957,Northstar Account 5957,United Kingdom,Professional Services,SMB,Paid Search,2026-05-28
C005958,Northstar Account 5958,United Kingdom,Education,SMB,Organic,2026-06-09
C005959,Northstar Account 5959,United States,Technology,Mid-Market,Content,2025-06-23
C005960,Northstar Account 5960,Canada,Financial Services,SMB,Paid Search,2024-08-21
C005961,Northstar Account 5961,United States,Professional Services,SMB,Outbound,2024-09-20
C005962,Northstar Account 5962,Netherlands,Technology,SMB,Paid Search,2025-01-19
C005963,Northstar Account 5963,United States,Professional Services,SMB,Content,2024-10-03
C005964,Northstar Account 5964,United States,Technology,SMB,Partner,2025-04-24
C005965,Northstar Account 5965,United Kingdom,Professional Services,Mid-Market,Content,2025-08-08
C005966,Northstar Account 5966,United States,Education,SMB,Outbound,2024-05-16
C005967,Northstar Account 5967,United Kingdom,Retail,Mid-Market,Organic,2026-06-08
C005968,Northstar Account 5968,United States,Education,SMB,Referral,2024-01-07
C005969,Northstar Account 5969,United States,Technology,SMB,Paid Search,2024-07-11
C005970,Northstar Account 5970,United States,Retail,Mid-Market,Content,2024-01-13
C005971,Northstar Account 5971,United States,Retail,SMB,Content,2026-08-26
C005972,Northstar Account 5972,United States,Healthcare,SMB,Organic,2025-05-12
C005973,Northstar Account 5973,United States,Technology,SMB,Paid Search,2024-09-27
C005974,Northstar Account 5974,United States,Manufacturing,Enterprise,Organic,2024-06-19
C005975,Northstar Account 5975,Germany,Technology,Enterprise,Paid Search,2025-03-18
C005976,Northstar Account 5976,Canada,Technology,SMB,Content,2026-08-27
C005977,Northstar Account 5977,United States,Professional Services,Mid-Market,Organic,2025-09-28
C005978,Northstar Account 5978,United States,Education,SMB,Outbound,2025-03-13
C005979,Northstar Account 5979,United States,Technology,SMB,Outbound,2025-03-12
C005980,Northstar Account 5980,United States,Technology,Mid-Market,Outbound,2024-06-18
C005981,Northstar Account 5981,United States,Retail,SMB,Referral,2025-08-06
C005982,Northstar Account 5982,United States,Professional Services,SMB,Organic,2025-05-05
C005983,Northstar Account 5983,Ireland,Technology,Mid-Market,Content,2026-02-09
C005984,Northstar Account 5984,Germany,Education,SMB,Referral,2024-09-17
C005985,Northstar Account 5985,United States,Education,Mid-Market,Outbound,2024-07-28
C005986,Northstar Account 5986,United States,Technology,SMB,Organic,2025-10-21
C005987,Northstar Account 5987,United States,Professional Services,SMB,Paid Search,2026-02-09
C005988,Northstar Account 5988,United States,Professional Services,SMB,Outbound,2025-07-22
C005989,Northstar Account 5989,United Kingdom,Other,Enterprise,Content,2026-03-15
C005990,Northstar Account 5990,United States,Manufacturing,SMB,Paid Search,2026-05-28
C005991,Northstar Account 5991,United States,Professional Services,SMB,Referral,2026-07-18
C005992,Northstar Account 5992,United States,Other,Mid-Market,Paid Search,2025-04-28
C005993,Northstar Account 5993,Canada,Retail,Enterprise,Partner,2026-06-22
C005994,Northstar Account 5994,United States,Professional Services,Mid-Market,Organic,2026-01-15
C005995,Northstar Account 5995,Netherlands,Other,SMB,Organic,2025-11-22
C005996,Northstar Account 5996,United States,Manufacturing,SMB,Organic,2025-09-25
C005997,Northstar Account 5997,United States,Healthcare,SMB,Organic,2024-01-06
C005998,Northstar Account 5998,United States,Healthcare,Mid-Market,Organic,2025-09-21
C005999,Northstar Account 5999,United Kingdom,Other,Mid-Market,Organic,2026-03-28
C006000,Northstar Account 6000,United States,Technology,Mid-Market,Organic,2026-08-15
C006001,Northstar Account 6001,United States,Professional Services,SMB,Partner,2025-05-13
C006002,Northstar Account 6002,United States,Retail,SMB,Referral,2026-08-01
C006003,Northstar Account 6003,United States,Other,SMB,Referral,2024-08-21
C006004,Northstar Account 6004,United States,Technology,SMB,Organic,2026-08-28
C006005,Northstar Account 6005,Canada,Technology,SMB,Paid Search,2025-10-18
C006006,Northstar Account 6006,United Kingdom,Retail,SMB,Content,2025-12-28
C006007,Northstar Account 6007,Canada,Technology,Mid-Market,Content,2025-10-04
C006008,Northstar Account 6008,Netherlands,Education,Mid-Market,Outbound,2026-08-15
C006009,Northstar Account 6009,United States,Professional Services,Mid-Market,Outbound,2024-03-22
C006010,Northstar Account 6010,France,Financial Services,Mid-Market,Referral,2025-05-10
C006011,Northstar Account 6011,United States,Manufacturing,Mid-Market,Content,2026-06-24
C006012,Northstar Account 6012,United States,Retail,Mid-Market,Organic,2024-08-04
C006013,Northstar Account 6013,United Kingdom,Financial Services,SMB,Content,2025-09-25
C006014,Northstar Account 6014,United States,Technology,SMB,Outbound,2025-08-02
C006015,Northstar Account 6015,United States,Healthcare,SMB,Content,2026-04-03
C006016,Northstar Account 6016,United Kingdom,Healthcare,SMB,Organic,2026-07-23
C006017,Northstar Account 6017,United States,Professional Services,SMB,Organic,2024-11-28
C006018,Northstar Account 6018,United States,Technology,Mid-Market,Organic,2026-01-12
C006019,Northstar Account 6019,Germany,Healthcare,Mid-Market,Organic,2025-09-07
C006020,Northstar Account 6020,United States,Retail,Enterprise,Content,2025-12-16
C006021,Northstar Account 6021,United States,Education,Enterprise,Referral,2024-09-08
C006022,Northstar Account 6022,United States,Technology,Mid-Market,Organic,2024-12-09
C006023,Northstar Account 6023,France,Technology,SMB,Referral,2025-09-01
C006024,Northstar Account 6024,Netherlands,Other,Mid-Market,Organic,2024-01-18
C006025,Northstar Account 6025,United Kingdom,Technology,Mid-Market,Partner,2026-01-05
C006026,Northstar Account 6026,United States,Other,Mid-Market,Organic,2024-08-22
C006027,Northstar Account 6027,United States,Education,SMB,Partner,2026-07-06
C006028,Northstar Account 6028,United States,Healthcare,SMB,Referral,2026-05-26
C006029,Northstar Account 6029,Germany,Professional Services,Mid-Market,Referral,2025-11-20
C006030,Northstar Account 6030,United Kingdom,Financial Services,SMB,Content,2026-06-14
C006031,Northstar Account 6031,Germany,Other,SMB,Organic,2026-08-12
C006032,Northstar Account 6032,United States,Education,SMB,Referral,2026-03-09
C006033,Northstar Account 6033,Australia,Education,SMB,Paid Search,2025-11-02
C006034,Northstar Account 6034,United States,Retail,SMB,Partner,2025-06-03
C006035,Northstar Account 6035,United States,Technology,Enterprise,Partner,2026-04-16
C006036,Northstar Account 6036,United States,Other,Mid-Market,Referral,2026-01-24
C006037,Northstar Account 6037,United Kingdom,Technology,Mid-Market,Outbound,2025-07-20
C006038,Northstar Account 6038,France,Retail,SMB,Organic,2025-07-24
C006039,Northstar Account 6039,United States,Professional Services,SMB,Content,2024-10-21
C006040,Northstar Account 6040,Netherlands,Manufacturing,SMB,Organic,2026-03-10
C006041,Northstar Account 6041,United States,Manufacturing,SMB,Partner,2026-06-27
C006042,Northstar Account 6042,United States,Healthcare,SMB,Content,2024-01-06
C006043,Northstar Account 6043,United States,Technology,Mid-Market,Referral,2024-06-08
C006044,Northstar Account 6044,United States,Professional Services,Enterprise,Content,2026-08-19
C006045,Northstar Account 6045,Australia,Technology,SMB,Content,2024-08-02
C006046,Northstar Account 6046,United States,Other,SMB,Organic,2026-02-22
C006047,Northstar Account 6047,United States,Technology,SMB,Outbound,2025-07-09
C006048,Northstar Account 6048,United States,Other,SMB,Outbound,2025-08-21
C006049,Northstar Account 6049,Canada,Technology,SMB,Organic,2024-06-21
C006050,Northstar Account 6050,Netherlands,Financial Services,SMB,Paid Search,2024-07-02
C006051,Northstar Account 6051,Germany,Healthcare,SMB,Organic,2025-10-10
C006052,Northstar Account 6052,United States,Financial Services,SMB,Content,2025-04-28
C006053,Northstar Account 6053,United States,Education,Mid-Market,Outbound,2026-04-27
C006054,Northstar Account 6054,United States,Manufacturing,SMB,Content,2026-08-16
C006055,Northstar Account 6055,France,Manufacturing,SMB,Organic,2026-04-12
C006056,Northstar Account 6056,United States,Professional Services,SMB,Paid Search,2025-04-18
C006057,Northstar Account 6057,Netherlands,Other,SMB,Partner,2025-07-21
C006058,Northstar Account 6058,Germany,Education,SMB,Organic,2024-08-02
C006059,Northstar Account 6059,Canada,Technology,Mid-Market,Paid Search,2026-01-09
C006060,Northstar Account 6060,Germany,Professional Services,Mid-Market,Paid Search,2025-06-01
C006061,Northstar Account 6061,United States,Healthcare,SMB,Paid Search,2026-05-15
C006062,Northstar Account 6062,United States,Financial Services,SMB,Paid Search,2025-12-04
C006063,Northstar Account 6063,United States,Manufacturing,SMB,Content,2024-08-26
C006064,Northstar Account 6064,United States,Professional Services,SMB,Organic,2025-05-11
C006065,Northstar Account 6065,Canada,Education,SMB,Organic,2025-12-25
C006066,Northstar Account 6066,United States,Technology,Mid-Market,Referral,2026-05-27
C006067,Northstar Account 6067,France,Professional Services,SMB,Outbound,2025-03-08
C006068,Northstar Account 6068,Australia,Financial Services,SMB,Content,2025-12-21
C006069,Northstar Account 6069,United States,Technology,SMB,Referral,2024-08-02
C006070,Northstar Account 6070,United States,Professional Services,SMB,Content,2026-06-28
C006071,Northstar Account 6071,United States,Technology,Mid-Market,Referral,2025-10-22
C006072,Northstar Account 6072,United States,Technology,SMB,Referral,2026-03-20
C006073,Northstar Account 6073,Canada,Technology,SMB,Partner,2025-04-17
C006074,Northstar Account 6074,Canada,Technology,SMB,Partner,2026-07-03
C006075,Northstar Account 6075,Canada,Retail,Mid-Market,Organic,2026-02-08
C006076,Northstar Account 6076,United States,Other,SMB,Organic,2024-07-20
C006077,Northstar Account 6077,Australia,Technology,SMB,Organic,2025-09-06
C006078,Northstar Account 6078,United Kingdom,Financial Services,SMB,Organic,2024-12-18
C006079,Northstar Account 6079,Ireland,Education,SMB,Organic,2026-04-24
C006080,Northstar Account 6080,Germany,Technology,Mid-Market,Partner,2026-03-25
C006081,Northstar Account 6081,Canada,Professional Services,SMB,Partner,2025-07-02
C006082,Northstar Account 6082,United States,Technology,SMB,Paid Search,2025-01-16
C006083,Northstar Account 6083,Australia,Manufacturing,SMB,Organic,2026-05-04
C006084,Northstar Account 6084,United States,Education,SMB,Organic,2026-05-07
C006085,Northstar Account 6085,United States,Professional Services,SMB,Referral,2025-08-25
C006086,Northstar Account 6086,United States,Technology,Mid-Market,Organic,2026-02-21
C006087,Northstar Account 6087,United States,Technology,SMB,Paid Search,2024-12-19
C006088,Northstar Account 6088,United States,Healthcare,SMB,Paid Search,2025-03-22
C006089,Northstar Account 6089,United States,Technology,SMB,Partner,2026-07-04
C006090,Northstar Account 6090,Germany,Healthcare,Mid-Market,Paid Search,2026-02-15
C006091,Northstar Account 6091,Canada,Healthcare,SMB,Partner,2024-04-07
C006092,Northstar Account 6092,Netherlands,Education,SMB,Partner,2025-06-03
C006093,Northstar Account 6093,Australia,Technology,SMB,Outbound,2025-04-26
C006094,Northstar Account 6094,United States,Retail,SMB,Referral,2024-10-12
C006095,Northstar Account 6095,Germany,Retail,Enterprise,Paid Search,2026-08-06
C006096,Northstar Account 6096,United Kingdom,Financial Services,SMB,Organic,2024-07-24
C006097,Northstar Account 6097,United States,Retail,SMB,Content,2025-01-20
C006098,Northstar Account 6098,Ireland,Retail,SMB,Organic,2026-05-09
C006099,Northstar Account 6099,France,Technology,SMB,Outbound,2024-07-23
C006100,Northstar Account 6100,United States,Education,SMB,Partner,2025-04-21
C006101,Northstar Account 6101,Australia,Healthcare,SMB,Paid Search,2025-11-08
C006102,Northstar Account 6102,United States,Education,SMB,Organic,2025-02-08
C006103,Northstar Account 6103,France,Education,Mid-Market,Outbound,2025-05-05
C006104,Northstar Account 6104,United Kingdom,Financial Services,Mid-Market,Outbound,2025-09-10
C006105,Northstar Account 6105,United States,Financial Services,SMB,Content,2026-07-09
C006106,Northstar Account 6106,Germany,Professional Services,Enterprise,Organic,2026-05-10
C006107,Northstar Account 6107,United Kingdom,Technology,Enterprise,Content,2024-06-06
C006108,Northstar Account 6108,United States,Other,SMB,Paid Search,2025-09-04
C006109,Northstar Account 6109,Germany,Education,SMB,Organic,2025-12-20
C006110,Northstar Account 6110,Germany,Other,SMB,Referral,2025-02-10
C006111,Northstar Account 6111,United States,Retail,SMB,Outbound,2024-12-03
C006112,Northstar Account 6112,Canada,Other,SMB,Organic,2025-10-21
C006113,Northstar Account 6113,United States,Technology,SMB,Partner,2025-05-07
C006114,Northstar Account 6114,United States,Healthcare,Enterprise,Paid Search,2026-06-12
C006115,Northstar Account 6115,Canada,Retail,SMB,Organic,2024-08-24
C006116,Northstar Account 6116,United States,Technology,Mid-Market,Paid Search,2024-03-09
C006117,Northstar Account 6117,United States,Technology,SMB,Content,2026-06-06
C006118,Northstar Account 6118,Netherlands,Technology,SMB,Paid Search,2026-06-20
C006119,Northstar Account 6119,Australia,Technology,Mid-Market,Referral,2025-05-03
C006120,Northstar Account 6120,United Kingdom,Other,SMB,Organic,2026-02-15
C006121,Northstar Account 6121,United Kingdom,Other,SMB,Partner,2026-05-23
C006122,Northstar Account 6122,France,Financial Services,SMB,Organic,2024-11-13
C006123,Northstar Account 6123,Australia,Other,Mid-Market,Organic,2025-12-05
C006124,Northstar Account 6124,United States,Financial Services,SMB,Partner,2026-02-23
C006125,Northstar Account 6125,United States,Other,SMB,Referral,2025-03-21
C006126,Northstar Account 6126,United States,Technology,SMB,Outbound,2026-07-11
C006127,Northstar Account 6127,United States,Professional Services,SMB,Organic,2026-08-05
C006128,Northstar Account 6128,United States,Financial Services,SMB,Partner,2025-07-16
C006129,Northstar Account 6129,United Kingdom,Retail,SMB,Outbound,2024-04-22
C006130,Northstar Account 6130,Germany,Education,SMB,Organic,2026-07-01
C006131,Northstar Account 6131,France,Healthcare,SMB,Content,2025-08-14
C006132,Northstar Account 6132,United States,Professional Services,SMB,Outbound,2024-07-10
C006133,Northstar Account 6133,United States,Professional Services,Mid-Market,Content,2026-02-11
C006134,Northstar Account 6134,United States,Manufacturing,SMB,Partner,2026-01-07
C006135,Northstar Account 6135,United States,Healthcare,SMB,Referral,2024-07-19
C006136,Northstar Account 6136,United States,Professional Services,SMB,Partner,2024-12-25
C006137,Northstar Account 6137,Ireland,Healthcare,Enterprise,Referral,2026-05-03
C006138,Northstar Account 6138,United States,Retail,SMB,Outbound,2026-08-01
C006139,Northstar Account 6139,Germany,Retail,SMB,Organic,2025-04-12
C006140,Northstar Account 6140,United States,Education,SMB,Content,2024-07-20
C006141,Northstar Account 6141,United Kingdom,Retail,SMB,Partner,2025-03-03
C006142,Northstar Account 6142,Australia,Other,SMB,Paid Search,2025-08-22
C006143,Northstar Account 6143,Netherlands,Retail,SMB,Referral,2025-01-21
C006144,Northstar Account 6144,United States,Other,SMB,Content,2025-11-10
C006145,Northstar Account 6145,France,Financial Services,SMB,Partner,2024-01-10
C006146,Northstar Account 6146,United States,Financial Services,Mid-Market,Content,2026-04-08
C006147,Northstar Account 6147,Germany,Manufacturing,Mid-Market,Organic,2026-05-20
C006148,Northstar Account 6148,United States,Healthcare,SMB,Outbound,2026-03-05
C006149,Northstar Account 6149,United Kingdom,Healthcare,Mid-Market,Referral,2025-01-10
C006150,Northstar Account 6150,Canada,Healthcare,Mid-Market,Content,2025-11-08
C006151,Northstar Account 6151,Australia,Technology,Mid-Market,Organic,2025-03-11
C006152,Northstar Account 6152,Australia,Technology,Mid-Market,Organic,2025-04-26
C006153,Northstar Account 6153,United States,Technology,SMB,Outbound,2026-01-01
C006154,Northstar Account 6154,Australia,Manufacturing,SMB,Paid Search,2026-05-02
C006155,Northstar Account 6155,United States,Technology,SMB,Organic,2026-04-12
C006156,Northstar Account 6156,United States,Healthcare,SMB,Content,2024-10-13
C006157,Northstar Account 6157,United States,Technology,SMB,Content,2025-12-28
C006158,Northstar Account 6158,United States,Technology,SMB,Content,2024-12-08
C006159,Northstar Account 6159,United States,Healthcare,SMB,Referral,2025-11-16
C006160,Northstar Account 6160,Canada,Financial Services,Enterprise,Outbound,2025-03-20
C006161,Northstar Account 6161,United States,Professional Services,Mid-Market,Partner,2026-03-20
C006162,Northstar Account 6162,United Kingdom,Other,SMB,Referral,2026-07-10
C006163,Northstar Account 6163,United States,Technology,SMB,Content,2025-01-24
C006164,Northstar Account 6164,Canada,Retail,SMB,Referral,2026-05-10
C006165,Northstar Account 6165,United States,Technology,Mid-Market,Paid Search,2026-02-13
C006166,Northstar Account 6166,United States,Professional Services,Mid-Market,Organic,2025-09-02
C006167,Northstar Account 6167,United Kingdom,Technology,SMB,Partner,2025-08-28
C006168,Northstar Account 6168,Netherlands,Technology,SMB,Content,2025-02-26
C006169,Northstar Account 6169,Ireland,Education,SMB,Partner,2024-09-07
C006170,Northstar Account 6170,United States,Education,Mid-Market,Content,2024-04-15
C006171,Northstar Account 6171,Netherlands,Technology,Enterprise,Content,2026-01-24
C006172,Northstar Account 6172,United Kingdom,Other,SMB,Organic,2024-10-02
C006173,Northstar Account 6173,France,Education,SMB,Referral,2025-07-19
C006174,Northstar Account 6174,United States,Professional Services,SMB,Partner,2026-06-22
C006175,Northstar Account 6175,United States,Retail,SMB,Paid Search,2025-12-18
C006176,Northstar Account 6176,United States,Professional Services,Enterprise,Partner,2024-08-22
C006177,Northstar Account 6177,Germany,Financial Services,Mid-Market,Partner,2026-02-07
C006178,Northstar Account 6178,United States,Retail,SMB,Content,2024-10-13
C006179,Northstar Account 6179,United States,Technology,SMB,Organic,2026-03-18
C006180,Northstar Account 6180,United Kingdom,Technology,SMB,Paid Search,2024-04-28
C006181,Northstar Account 6181,Netherlands,Professional Services,SMB,Partner,2024-07-02
C006182,Northstar Account 6182,United Kingdom,Retail,SMB,Content,2026-07-07
C006183,Northstar Account 6183,Canada,Healthcare,Mid-Market,Partner,2024-12-10
C006184,Northstar Account 6184,United States,Other,Mid-Market,Organic,2024-07-24
C006185,Northstar Account 6185,France,Professional Services,SMB,Outbound,2024-10-22
C006186,Northstar Account 6186,United States,Professional Services,Mid-Market,Paid Search,2025-03-24
C006187,Northstar Account 6187,United States,Technology,Mid-Market,Organic,2026-05-19
C006188,Northstar Account 6188,United States,Professional Services,SMB,Organic,2024-07-15
C006189,Northstar Account 6189,United States,Education,SMB,Referral,2024-01-12
C006190,Northstar Account 6190,Canada,Other,SMB,Content,2026-05-16
C006191,Northstar Account 6191,Canada,Manufacturing,Mid-Market,Paid Search,2025-01-03
C006192,Northstar Account 6192,United States,Technology,SMB,Content,2024-04-04
C006193,Northstar Account 6193,United States,Financial Services,SMB,Referral,2024-02-02
C006194,Northstar Account 6194,United States,Financial Services,SMB,Content,2026-06-04
C006195,Northstar Account 6195,United States,Technology,SMB,Outbound,2025-08-10
C006196,Northstar Account 6196,France,Other,SMB,Content,2025-11-12
C006197,Northstar Account 6197,United Kingdom,Education,Mid-Market,Paid Search,2025-11-28
C006198,Northstar Account 6198,United States,Manufacturing,SMB,Organic,2025-08-26
C006199,Northstar Account 6199,United States,Retail,SMB,Outbound,2026-03-22
C006200,Northstar Account 6200,Germany,Technology,Enterprise,Referral,2026-06-07
C006201,Northstar Account 6201,Germany,Manufacturing,SMB,Partner,2025-11-15
C006202,Northstar Account 6202,France,Retail,SMB,Outbound,2026-05-14
C006203,Northstar Account 6203,United States,Other,SMB,Content,2024-01-18
C006204,Northstar Account 6204,United Kingdom,Technology,SMB,Referral,2025-07-02
C006205,Northstar Account 6205,United States,Professional Services,SMB,Content,2025-10-02
C006206,Northstar Account 6206,Germany,Manufacturing,Mid-Market,Paid Search,2024-09-09
C006207,Northstar Account 6207,United States,Healthcare,SMB,Content,2024-08-03
C006208,Northstar Account 6208,Canada,Retail,SMB,Outbound,2024-07-11
C006209,Northstar Account 6209,United States,Education,SMB,Paid Search,2024-12-11
C006210,Northstar Account 6210,Germany,Manufacturing,Mid-Market,Paid Search,2026-04-27
C006211,Northstar Account 6211,United States,Healthcare,SMB,Content,2024-02-19
C006212,Northstar Account 6212,Australia,Professional Services,Mid-Market,Partner,2025-10-06
C006213,Northstar Account 6213,United States,Healthcare,SMB,Paid Search,2024-04-17
C006214,Northstar Account 6214,Germany,Healthcare,SMB,Organic,2025-10-03
C006215,Northstar Account 6215,United States,Manufacturing,SMB,Organic,2024-11-28
C006216,Northstar Account 6216,Canada,Education,SMB,Organic,2024-08-02
C006217,Northstar Account 6217,Germany,Retail,SMB,Content,2025-06-07
C006218,Northstar Account 6218,United States,Technology,Mid-Market,Referral,2024-10-15
C006219,Northstar Account 6219,United States,Technology,SMB,Referral,2025-04-20
C006220,Northstar Account 6220,United States,Professional Services,SMB,Paid Search,2025-11-15
C006221,Northstar Account 6221,United States,Healthcare,SMB,Organic,2026-07-27
C006222,Northstar Account 6222,United Kingdom,Manufacturing,SMB,Organic,2025-11-06
C006223,Northstar Account 6223,United States,Other,SMB,Content,2025-08-28
C006224,Northstar Account 6224,United States,Healthcare,SMB,Outbound,2025-09-07
C006225,Northstar Account 6225,United States,Education,SMB,Organic,2025-07-21
C006226,Northstar Account 6226,United States,Healthcare,SMB,Outbound,2025-09-09
C006227,Northstar Account 6227,United States,Retail,SMB,Paid Search,2025-09-20
C006228,Northstar Account 6228,Canada,Healthcare,SMB,Organic,2025-07-01
C006229,Northstar Account 6229,United States,Retail,SMB,Content,2026-03-21
C006230,Northstar Account 6230,France,Retail,SMB,Organic,2025-04-23
C006231,Northstar Account 6231,Germany,Other,Mid-Market,Outbound,2024-06-10
C006232,Northstar Account 6232,United States,Healthcare,SMB,Paid Search,2025-12-22
C006233,Northstar Account 6233,Australia,Technology,Mid-Market,Content,2026-04-15
C006234,Northstar Account 6234,United Kingdom,Retail,SMB,Paid Search,2026-03-09
C006235,Northstar Account 6235,United Kingdom,Other,SMB,Paid Search,2024-11-17
C006236,Northstar Account 6236,United States,Technology,SMB,Organic,2025-12-17
C006237,Northstar Account 6237,Canada,Other,SMB,Outbound,2026-08-10
C006238,Northstar Account 6238,United States,Other,Mid-Market,Partner,2024-05-10
C006239,Northstar Account 6239,United Kingdom,Healthcare,Mid-Market,Referral,2025-08-13
C006240,Northstar Account 6240,United States,Professional Services,SMB,Paid Search,2025-01-01
C006241,Northstar Account 6241,United States,Technology,SMB,Paid Search,2026-03-17
C006242,Northstar Account 6242,United Kingdom,Technology,SMB,Paid Search,2025-02-17
C006243,Northstar Account 6243,United States,Professional Services,SMB,Content,2026-02-16
C006244,Northstar Account 6244,United States,Manufacturing,Mid-Market,Paid Search,2024-08-21
C006245,Northstar Account 6245,Germany,Other,SMB,Organic,2024-04-14
C006246,Northstar Account 6246,United States,Technology,SMB,Referral,2024-05-10
C006247,Northstar Account 6247,United States,Retail,Enterprise,Partner,2024-12-23
C006248,Northstar Account 6248,United States,Retail,Enterprise,Organic,2026-05-07
C006249,Northstar Account 6249,Netherlands,Professional Services,SMB,Paid Search,2024-07-01
C006250,Northstar Account 6250,Canada,Healthcare,SMB,Organic,2024-02-08
C006251,Northstar Account 6251,United Kingdom,Other,Mid-Market,Referral,2026-05-21
C006252,Northstar Account 6252,Australia,Retail,SMB,Paid Search,2025-03-10
C006253,Northstar Account 6253,Canada,Technology,SMB,Referral,2025-10-05
C006254,Northstar Account 6254,Germany,Education,SMB,Paid Search,2024-04-14
C006255,Northstar Account 6255,Canada,Technology,Mid-Market,Outbound,2026-06-06
C006256,Northstar Account 6256,Australia,Other,Mid-Market,Outbound,2025-08-22
C006257,Northstar Account 6257,United Kingdom,Other,Mid-Market,Paid Search,2024-05-03
C006258,Northstar Account 6258,United States,Technology,SMB,Organic,2025-11-06
C006259,Northstar Account 6259,United States,Healthcare,SMB,Organic,2025-03-22
C006260,Northstar Account 6260,United States,Manufacturing,SMB,Content,2025-03-20
C006261,Northstar Account 6261,United Kingdom,Retail,Mid-Market,Partner,2025-05-07
C006262,Northstar Account 6262,Ireland,Retail,SMB,Referral,2025-08-28
C006263,Northstar Account 6263,Germany,Other,SMB,Paid Search,2025-11-02
C006264,Northstar Account 6264,Germany,Professional Services,Mid-Market,Paid Search,2024-07-06
C006265,Northstar Account 6265,Canada,Retail,SMB,Referral,2026-02-07
C006266,Northstar Account 6266,France,Technology,Mid-Market,Referral,2024-02-15
C006267,Northstar Account 6267,Canada,Professional Services,SMB,Content,2026-01-15
C006268,Northstar Account 6268,United States,Financial Services,Mid-Market,Content,2024-09-11
C006269,Northstar Account 6269,United States,Education,SMB,Referral,2025-06-07
C006270,Northstar Account 6270,United States,Healthcare,SMB,Partner,2025-09-17
C006271,Northstar Account 6271,United States,Technology,SMB,Outbound,2025-12-12
C006272,Northstar Account 6272,United States,Financial Services,SMB,Content,2026-03-25
C006273,Northstar Account 6273,United States,Professional Services,SMB,Content,2025-08-03
C006274,Northstar Account 6274,United States,Healthcare,SMB,Outbound,2026-06-25
C006275,Northstar Account 6275,United States,Professional Services,SMB,Organic,2026-07-23
C006276,Northstar Account 6276,France,Retail,Mid-Market,Referral,2026-08-13
C006277,Northstar Account 6277,United States,Healthcare,SMB,Referral,2025-02-20
C006278,Northstar Account 6278,Australia,Professional Services,Mid-Market,Paid Search,2024-02-22
C006279,Northstar Account 6279,United States,Retail,Mid-Market,Referral,2026-01-25
C006280,Northstar Account 6280,Ireland,Retail,SMB,Organic,2024-11-15
C006281,Northstar Account 6281,Germany,Education,Mid-Market,Organic,2026-03-03
C006282,Northstar Account 6282,France,Healthcare,SMB,Paid Search,2024-01-22
C006283,Northstar Account 6283,United Kingdom,Financial Services,SMB,Content,2026-03-05
C006284,Northstar Account 6284,United Kingdom,Technology,SMB,Referral,2024-04-25
C006285,Northstar Account 6285,United States,Technology,Mid-Market,Partner,2026-06-23
C006286,Northstar Account 6286,United States,Technology,SMB,Paid Search,2025-12-20
C006287,Northstar Account 6287,Germany,Technology,SMB,Partner,2024-08-10
C006288,Northstar Account 6288,United States,Retail,Enterprise,Paid Search,2025-08-02
C006289,Northstar Account 6289,United States,Technology,SMB,Organic,2025-08-13
C006290,Northstar Account 6290,Australia,Technology,Mid-Market,Organic,2026-06-07
C006291,Northstar Account 6291,United States,Professional Services,Mid-Market,Content,2025-08-28
C006292,Northstar Account 6292,Canada,Retail,Mid-Market,Organic,2025-09-23
C006293,Northstar Account 6293,United States,Education,Mid-Market,Referral,2025-02-06
C006294,Northstar Account 6294,United States,Retail,Enterprise,Content,2026-02-01
C006295,Northstar Account 6295,United States,Other,SMB,Organic,2024-03-26
C006296,Northstar Account 6296,United States,Technology,Mid-Market,Content,2026-08-15
C006297,Northstar Account 6297,Australia,Retail,Mid-Market,Paid Search,2025-10-21
C006298,Northstar Account 6298,Australia,Professional Services,SMB,Organic,2026-05-18
C006299,Northstar Account 6299,United States,Manufacturing,SMB,Paid Search,2026-03-09
C006300,Northstar Account 6300,United States,Technology,Enterprise,Partner,2024-10-23
C006301,Northstar Account 6301,Australia,Other,SMB,Outbound,2025-01-07
C006302,Northstar Account 6302,United States,Education,SMB,Referral,2024-12-23
C006303,Northstar Account 6303,United States,Healthcare,SMB,Referral,2024-10-28
C006304,Northstar Account 6304,United States,Healthcare,SMB,Organic,2024-01-03
C006305,Northstar Account 6305,Germany,Professional Services,Mid-Market,Outbound,2026-04-22
C006306,Northstar Account 6306,United States,Technology,SMB,Partner,2025-09-20
C006307,Northstar Account 6307,United States,Other,Mid-Market,Organic,2025-10-22
C006308,Northstar Account 6308,Netherlands,Manufacturing,Mid-Market,Outbound,2025-07-23
C006309,Northstar Account 6309,Netherlands,Technology,SMB,Organic,2024-06-27
C006310,Northstar Account 6310,Canada,Technology,Mid-Market,Organic,2025-05-03
C006311,Northstar Account 6311,Canada,Professional Services,SMB,Paid Search,2025-01-09
C006312,Northstar Account 6312,Netherlands,Manufacturing,Mid-Market,Paid Search,2026-06-14
C006313,Northstar Account 6313,United Kingdom,Retail,Enterprise,Content,2026-01-25
C006314,Northstar Account 6314,Germany,Education,SMB,Partner,2024-08-19
C006315,Northstar Account 6315,United States,Technology,Mid-Market,Outbound,2026-01-17
C006316,Northstar Account 6316,United States,Other,SMB,Paid Search,2025-09-10
C006317,Northstar Account 6317,Australia,Technology,SMB,Referral,2024-04-04
C006318,Northstar Account 6318,Canada,Professional Services,Mid-Market,Referral,2024-04-11
C006319,Northstar Account 6319,United States,Other,SMB,Referral,2024-07-14
C006320,Northstar Account 6320,United Kingdom,Manufacturing,SMB,Partner,2026-04-03
C006321,Northstar Account 6321,Germany,Retail,SMB,Partner,2026-04-05
C006322,Northstar Account 6322,United States,Financial Services,SMB,Referral,2025-11-22
C006323,Northstar Account 6323,Germany,Technology,Mid-Market,Content,2024-01-07
C006324,Northstar Account 6324,United States,Technology,SMB,Organic,2025-02-07
C006325,Northstar Account 6325,United Kingdom,Technology,SMB,Organic,2025-04-03
C006326,Northstar Account 6326,Ireland,Professional Services,SMB,Referral,2024-12-13
C006327,Northstar Account 6327,Australia,Education,Mid-Market,Organic,2025-10-02
C006328,Northstar Account 6328,Australia,Healthcare,SMB,Paid Search,2024-04-15
C006329,Northstar Account 6329,Canada,Retail,SMB,Outbound,2024-02-03
C006330,Northstar Account 6330,United States,Manufacturing,SMB,Paid Search,2025-10-03
C006331,Northstar Account 6331,Canada,Professional Services,SMB,Paid Search,2024-12-28
C006332,Northstar Account 6332,United States,Technology,Enterprise,Referral,2026-01-13
C006333,Northstar Account 6333,United Kingdom,Retail,SMB,Paid Search,2026-03-09
C006334,Northstar Account 6334,United Kingdom,Manufacturing,SMB,Paid Search,2025-11-05
C006335,Northstar Account 6335,United Kingdom,Retail,Mid-Market,Paid Search,2026-08-13
C006336,Northstar Account 6336,United States,Other,SMB,Paid Search,2025-12-07
C006337,Northstar Account 6337,United States,Financial Services,SMB,Organic,2026-03-07
C006338,Northstar Account 6338,United States,Manufacturing,SMB,Content,2025-11-10
C006339,Northstar Account 6339,United States,Manufacturing,SMB,Organic,2026-04-04
C006340,Northstar Account 6340,United States,Healthcare,Mid-Market,Organic,2025-04-14
C006341,Northstar Account 6341,United States,Other,Mid-Market,Referral,2025-05-12
C006342,Northstar Account 6342,France,Healthcare,Mid-Market,Organic,2025-02-13
C006343,Northstar Account 6343,United States,Professional Services,Mid-Market,Organic,2025-10-22
C006344,Northstar Account 6344,Australia,Technology,SMB,Organic,2025-03-03
C006345,Northstar Account 6345,United States,Manufacturing,SMB,Organic,2026-08-08
C006346,Northstar Account 6346,Australia,Professional Services,SMB,Organic,2025-10-10
C006347,Northstar Account 6347,Canada,Manufacturing,Enterprise,Paid Search,2025-02-11
C006348,Northstar Account 6348,France,Other,Mid-Market,Content,2025-08-02
C006349,Northstar Account 6349,Australia,Retail,SMB,Outbound,2026-03-08
C006350,Northstar Account 6350,Canada,Professional Services,Mid-Market,Content,2026-04-08
C006351,Northstar Account 6351,United States,Technology,Mid-Market,Paid Search,2025-11-26
C006352,Northstar Account 6352,United Kingdom,Retail,Mid-Market,Content,2024-01-03
C006353,Northstar Account 6353,United States,Education,Mid-Market,Partner,2026-05-14
C006354,Northstar Account 6354,France,Professional Services,SMB,Paid Search,2026-06-05
C006355,Northstar Account 6355,Australia,Retail,SMB,Outbound,2026-05-28
C006356,Northstar Account 6356,United States,Healthcare,SMB,Content,2025-12-15
C006357,Northstar Account 6357,Canada,Professional Services,SMB,Paid Search,2024-02-10
C006358,Northstar Account 6358,United States,Technology,Enterprise,Outbound,2026-07-26
C006359,Northstar Account 6359,Canada,Technology,SMB,Paid Search,2024-04-19
C006360,Northstar Account 6360,United Kingdom,Manufacturing,SMB,Organic,2024-07-06
C006361,Northstar Account 6361,United Kingdom,Professional Services,SMB,Paid Search,2025-11-20
C006362,Northstar Account 6362,Australia,Technology,SMB,Paid Search,2025-06-21
C006363,Northstar Account 6363,United States,Retail,SMB,Outbound,2026-02-15
C006364,Northstar Account 6364,Germany,Education,SMB,Partner,2025-11-02
C006365,Northstar Account 6365,Canada,Manufacturing,Mid-Market,Organic,2024-01-21
C006366,Northstar Account 6366,United States,Retail,SMB,Content,2025-11-10
C006367,Northstar Account 6367,United States,Healthcare,SMB,Content,2026-05-03
C006368,Northstar Account 6368,United States,Manufacturing,SMB,Outbound,2026-05-12
C006369,Northstar Account 6369,United Kingdom,Financial Services,SMB,Outbound,2024-08-14
C006370,Northstar Account 6370,France,Education,Mid-Market,Outbound,2025-03-04
C006371,Northstar Account 6371,United States,Education,Mid-Market,Referral,2024-06-07
C006372,Northstar Account 6372,United States,Technology,SMB,Organic,2026-02-18
C006373,Northstar Account 6373,United States,Retail,Enterprise,Outbound,2025-11-19
C006374,Northstar Account 6374,United States,Financial Services,Mid-Market,Paid Search,2025-07-05
C006375,Northstar Account 6375,United States,Technology,SMB,Paid Search,2025-01-07
C006376,Northstar Account 6376,United Kingdom,Professional Services,SMB,Organic,2026-03-23
C006377,Northstar Account 6377,United States,Education,SMB,Organic,2026-03-03
C006378,Northstar Account 6378,Australia,Other,Mid-Market,Referral,2025-07-17
C006379,Northstar Account 6379,United States,Technology,SMB,Outbound,2024-06-12
C006380,Northstar Account 6380,United Kingdom,Financial Services,SMB,Partner,2025-06-21
C006381,Northstar Account 6381,United States,Professional Services,Mid-Market,Partner,2026-06-02
C006382,Northstar Account 6382,United States,Financial Services,Mid-Market,Organic,2025-10-05
C006383,Northstar Account 6383,United States,Financial Services,Mid-Market,Referral,2026-02-23
C006384,Northstar Account 6384,Canada,Manufacturing,Mid-Market,Paid Search,2025-01-09
C006385,Northstar Account 6385,Netherlands,Other,SMB,Paid Search,2025-02-11
C006386,Northstar Account 6386,United States,Other,Mid-Market,Referral,2024-06-20
C006387,Northstar Account 6387,United Kingdom,Other,SMB,Partner,2025-02-14
C006388,Northstar Account 6388,United Kingdom,Retail,SMB,Organic,2024-08-13
C006389,Northstar Account 6389,United States,Retail,Enterprise,Organic,2025-09-02
C006390,Northstar Account 6390,Australia,Technology,SMB,Paid Search,2025-04-18
C006391,Northstar Account 6391,United States,Technology,SMB,Referral,2026-05-04
C006392,Northstar Account 6392,Australia,Education,SMB,Organic,2025-04-12
C006393,Northstar Account 6393,United Kingdom,Technology,SMB,Organic,2024-10-10
C006394,Northstar Account 6394,United States,Other,SMB,Content,2024-05-19
C006395,Northstar Account 6395,Canada,Professional Services,SMB,Referral,2024-11-19
C006396,Northstar Account 6396,United States,Technology,Mid-Market,Paid Search,2026-01-18
C006397,Northstar Account 6397,Canada,Professional Services,Mid-Market,Referral,2025-11-18
C006398,Northstar Account 6398,Germany,Technology,SMB,Paid Search,2025-11-09
C006399,Northstar Account 6399,United Kingdom,Technology,SMB,Paid Search,2026-05-10
C006400,Northstar Account 6400,United States,Healthcare,Mid-Market,Referral,2024-11-25
C006401,Northstar Account 6401,United States,Professional Services,SMB,Paid Search,2025-07-20
C006402,Northstar Account 6402,United Kingdom,Manufacturing,SMB,Organic,2024-08-21
C006403,Northstar Account 6403,Canada,Retail,SMB,Content,2024-10-25
C006404,Northstar Account 6404,United Kingdom,Education,SMB,Referral,2025-03-02
C006405,Northstar Account 6405,United States,Education,SMB,Outbound,2026-01-01
C006406,Northstar Account 6406,Germany,Technology,Mid-Market,Content,2026-04-02
C006407,Northstar Account 6407,Germany,Technology,Enterprise,Organic,2025-01-14
C006408,Northstar Account 6408,Canada,Financial Services,SMB,Referral,2025-04-21
C006409,Northstar Account 6409,United States,Education,SMB,Organic,2026-06-27
C006410,Northstar Account 6410,United States,Technology,SMB,Referral,2026-03-18
C006411,Northstar Account 6411,United States,Education,SMB,Organic,2026-01-21
C006412,Northstar Account 6412,Germany,Professional Services,Mid-Market,Paid Search,2025-05-26
C006413,Northstar Account 6413,Germany,Technology,SMB,Paid Search,2025-02-05
C006414,Northstar Account 6414,Australia,Professional Services,Enterprise,Content,2026-02-19
C006415,Northstar Account 6415,United States,Manufacturing,SMB,Paid Search,2024-05-19
C006416,Northstar Account 6416,Canada,Retail,SMB,Referral,2025-09-06
C006417,Northstar Account 6417,Australia,Healthcare,SMB,Content,2024-03-14
C006418,Northstar Account 6418,United States,Technology,SMB,Content,2025-11-02
C006419,Northstar Account 6419,United States,Technology,Mid-Market,Organic,2025-09-14
C006420,Northstar Account 6420,United States,Professional Services,Mid-Market,Paid Search,2024-03-15
C006421,Northstar Account 6421,United Kingdom,Retail,SMB,Outbound,2025-05-11
C006422,Northstar Account 6422,United States,Financial Services,SMB,Partner,2024-09-14
C006423,Northstar Account 6423,United States,Manufacturing,Mid-Market,Organic,2026-04-18
C006424,Northstar Account 6424,United Kingdom,Technology,Mid-Market,Outbound,2026-06-27
C006425,Northstar Account 6425,Germany,Technology,SMB,Paid Search,2025-01-12
C006426,Northstar Account 6426,Australia,Professional Services,SMB,Organic,2024-02-20
C006427,Northstar Account 6427,Germany,Financial Services,SMB,Paid Search,2026-06-13
C006428,Northstar Account 6428,France,Retail,SMB,Paid Search,2026-05-26
C006429,Northstar Account 6429,United Kingdom,Manufacturing,SMB,Organic,2026-04-16
C006430,Northstar Account 6430,Australia,Professional Services,SMB,Referral,2025-03-22
C006431,Northstar Account 6431,United States,Healthcare,SMB,Organic,2024-04-09
C006432,Northstar Account 6432,Australia,Healthcare,SMB,Referral,2026-08-19
C006433,Northstar Account 6433,France,Healthcare,SMB,Content,2025-07-08
C006434,Northstar Account 6434,Canada,Retail,Mid-Market,Content,2025-03-16
C006435,Northstar Account 6435,United States,Professional Services,SMB,Paid Search,2026-03-06
C006436,Northstar Account 6436,United States,Retail,SMB,Content,2025-12-17
C006437,Northstar Account 6437,United States,Other,SMB,Paid Search,2024-03-06
C006438,Northstar Account 6438,United States,Professional Services,SMB,Referral,2026-08-15
C006439,Northstar Account 6439,United States,Education,Mid-Market,Organic,2025-09-14
C006440,Northstar Account 6440,United States,Other,SMB,Referral,2024-09-24
C006441,Northstar Account 6441,United States,Healthcare,SMB,Paid Search,2024-01-03
C006442,Northstar Account 6442,France,Retail,Mid-Market,Referral,2025-09-07
C006443,Northstar Account 6443,United Kingdom,Technology,Mid-Market,Paid Search,2025-10-20
C006444,Northstar Account 6444,Australia,Manufacturing,Mid-Market,Paid Search,2024-05-26
C006445,Northstar Account 6445,United States,Other,SMB,Referral,2025-09-23
C006446,Northstar Account 6446,United States,Other,SMB,Organic,2025-05-16
C006447,Northstar Account 6447,United States,Technology,Mid-Market,Referral,2025-05-08
C006448,Northstar Account 6448,Australia,Other,SMB,Referral,2026-08-13
C006449,Northstar Account 6449,United States,Professional Services,Mid-Market,Referral,2025-01-24
C006450,Northstar Account 6450,Canada,Healthcare,Mid-Market,Referral,2026-06-06
C006451,Northstar Account 6451,United States,Professional Services,SMB,Content,2025-02-28
C006452,Northstar Account 6452,United States,Professional Services,SMB,Outbound,2024-08-08
C006453,Northstar Account 6453,United States,Healthcare,SMB,Paid Search,2024-07-14
C006454,Northstar Account 6454,United States,Retail,SMB,Partner,2026-07-17
C006455,Northstar Account 6455,United States,Other,Mid-Market,Content,2024-02-09
C006456,Northstar Account 6456,Australia,Professional Services,Mid-Market,Paid Search,2024-10-05
C006457,Northstar Account 6457,United States,Financial Services,SMB,Organic,2025-02-09
C006458,Northstar Account 6458,United States,Retail,Mid-Market,Organic,2025-12-01
C006459,Northstar Account 6459,United States,Technology,SMB,Partner,2025-04-18
C006460,Northstar Account 6460,Ireland,Professional Services,Mid-Market,Organic,2024-02-08
C006461,Northstar Account 6461,United Kingdom,Manufacturing,SMB,Referral,2025-08-13
C006462,Northstar Account 6462,United Kingdom,Financial Services,Mid-Market,Referral,2026-06-09
C006463,Northstar Account 6463,United Kingdom,Technology,Mid-Market,Referral,2026-06-06
C006464,Northstar Account 6464,Australia,Retail,SMB,Organic,2026-08-27
C006465,Northstar Account 6465,United States,Retail,SMB,Content,2025-02-10
C006466,Northstar Account 6466,Germany,Healthcare,Mid-Market,Referral,2024-06-17
C006467,Northstar Account 6467,Germany,Education,SMB,Paid Search,2024-04-10
C006468,Northstar Account 6468,United States,Financial Services,Mid-Market,Paid Search,2026-05-12
C006469,Northstar Account 6469,United States,Professional Services,Enterprise,Organic,2026-02-07
C006470,Northstar Account 6470,United Kingdom,Technology,Mid-Market,Outbound,2025-11-28
C006471,Northstar Account 6471,United States,Technology,SMB,Organic,2025-07-17
C006472,Northstar Account 6472,United States,Other,SMB,Paid Search,2025-06-11
C006473,Northstar Account 6473,United States,Healthcare,Enterprise,Paid Search,2025-07-16
C006474,Northstar Account 6474,United States,Technology,SMB,Paid Search,2025-03-27
C006475,Northstar Account 6475,Canada,Manufacturing,SMB,Organic,2025-07-18
C006476,Northstar Account 6476,United States,Healthcare,SMB,Content,2024-10-27
C006477,Northstar Account 6477,United Kingdom,Professional Services,Mid-Market,Organic,2024-06-19
C006478,Northstar Account 6478,United States,Technology,SMB,Content,2024-10-20
C006479,Northstar Account 6479,United States,Manufacturing,SMB,Paid Search,2026-08-11
C006480,Northstar Account 6480,United States,Education,SMB,Organic,2026-08-15
C006481,Northstar Account 6481,France,Professional Services,Mid-Market,Content,2026-02-17
C006482,Northstar Account 6482,United States,Professional Services,SMB,Referral,2026-05-24
C006483,Northstar Account 6483,United Kingdom,Professional Services,Mid-Market,Content,2024-05-21
C006484,Northstar Account 6484,Australia,Education,Mid-Market,Organic,2024-06-10
C006485,Northstar Account 6485,United Kingdom,Professional Services,Enterprise,Partner,2024-05-13
C006486,Northstar Account 6486,United States,Professional Services,Mid-Market,Referral,2024-04-11
C006487,Northstar Account 6487,United States,Professional Services,SMB,Paid Search,2026-02-28
C006488,Northstar Account 6488,United Kingdom,Other,Mid-Market,Content,2024-03-06
C006489,Northstar Account 6489,Canada,Retail,SMB,Organic,2026-07-17
C006490,Northstar Account 6490,Germany,Professional Services,Enterprise,Paid Search,2025-12-08
C006491,Northstar Account 6491,Canada,Retail,SMB,Content,2024-08-04
C006492,Northstar Account 6492,United States,Education,Mid-Market,Referral,2026-04-04
C006493,Northstar Account 6493,Germany,Financial Services,Mid-Market,Content,2026-04-01
C006494,Northstar Account 6494,United Kingdom,Other,SMB,Content,2025-09-24
C006495,Northstar Account 6495,Ireland,Retail,Mid-Market,Organic,2024-05-24
C006496,Northstar Account 6496,Germany,Retail,SMB,Referral,2025-04-01
C006497,Northstar Account 6497,United States,Professional Services,SMB,Outbound,2025-09-08
C006498,Northstar Account 6498,Canada,Manufacturing,SMB,Organic,2026-02-12
C006499,Northstar Account 6499,United Kingdom,Education,SMB,Partner,2025-01-05
C006500,Northstar Account 6500,United States,Professional Services,SMB,Outbound,2026-05-11
C006501,Northstar Account 6501,United Kingdom,Retail,Mid-Market,Paid Search,2024-11-26
C006502,Northstar Account 6502,United States,Technology,SMB,Outbound,2026-08-11
C006503,Northstar Account 6503,United States,Education,SMB,Partner,2024-06-15
C006504,Northstar Account 6504,Canada,Professional Services,Mid-Market,Content,2026-04-24
C006505,Northstar Account 6505,United States,Professional Services,Mid-Market,Referral,2024-07-01
C006506,Northstar Account 6506,Germany,Technology,SMB,Referral,2026-03-23
C006507,Northstar Account 6507,United States,Technology,Enterprise,Content,2026-05-13
C006508,Northstar Account 6508,Germany,Technology,SMB,Paid Search,2025-01-19
C006509,Northstar Account 6509,Canada,Manufacturing,SMB,Referral,2024-05-27
C006510,Northstar Account 6510,Germany,Education,SMB,Outbound,2026-08-20
C006511,Northstar Account 6511,United States,Healthcare,Mid-Market,Outbound,2026-08-09
C006512,Northstar Account 6512,Netherlands,Professional Services,SMB,Outbound,2026-03-23
C006513,Northstar Account 6513,United States,Financial Services,SMB,Referral,2025-04-07
C006514,Northstar Account 6514,Germany,Financial Services,Mid-Market,Referral,2024-07-11
C006515,Northstar Account 6515,United States,Healthcare,SMB,Partner,2025-05-19
C006516,Northstar Account 6516,United States,Education,SMB,Referral,2026-02-13
C006517,Northstar Account 6517,United Kingdom,Manufacturing,Mid-Market,Referral,2024-07-24
C006518,Northstar Account 6518,United States,Education,Mid-Market,Paid Search,2024-01-07
C006519,Northstar Account 6519,United States,Professional Services,SMB,Paid Search,2026-06-18
C006520,Northstar Account 6520,United States,Retail,SMB,Referral,2026-01-07
C006521,Northstar Account 6521,United States,Technology,Enterprise,Organic,2026-01-17
C006522,Northstar Account 6522,Ireland,Manufacturing,SMB,Organic,2026-07-27
C006523,Northstar Account 6523,United Kingdom,Education,SMB,Paid Search,2025-08-28
C006524,Northstar Account 6524,United States,Other,SMB,Content,2025-02-22
C006525,Northstar Account 6525,Germany,Technology,SMB,Outbound,2026-06-18
C006526,Northstar Account 6526,United Kingdom,Retail,Enterprise,Referral,2026-08-13
C006527,Northstar Account 6527,Canada,Education,SMB,Outbound,2024-02-09
C006528,Northstar Account 6528,United Kingdom,Financial Services,SMB,Content,2025-02-02
C006529,Northstar Account 6529,United States,Financial Services,SMB,Paid Search,2025-03-15
C006530,Northstar Account 6530,United States,Technology,SMB,Paid Search,2024-06-21
C006531,Northstar Account 6531,Germany,Other,SMB,Paid Search,2024-10-24
C006532,Northstar Account 6532,Germany,Other,Enterprise,Paid Search,2024-02-27
C006533,Northstar Account 6533,Germany,Other,Mid-Market,Partner,2026-01-06
C006534,Northstar Account 6534,United States,Healthcare,SMB,Organic,2024-06-26
C006535,Northstar Account 6535,Germany,Financial Services,SMB,Outbound,2026-06-08
C006536,Northstar Account 6536,United States,Technology,SMB,Referral,2025-10-20
C006537,Northstar Account 6537,Canada,Professional Services,SMB,Organic,2025-03-21
C006538,Northstar Account 6538,United States,Technology,SMB,Outbound,2026-04-19
C006539,Northstar Account 6539,Germany,Retail,SMB,Outbound,2025-12-12
C006540,Northstar Account 6540,Ireland,Other,Mid-Market,Content,2026-02-04
C006541,Northstar Account 6541,United States,Education,Mid-Market,Content,2026-06-15
C006542,Northstar Account 6542,Germany,Retail,SMB,Outbound,2026-04-03
C006543,Northstar Account 6543,United Kingdom,Manufacturing,Mid-Market,Referral,2026-03-18
C006544,Northstar Account 6544,United States,Healthcare,SMB,Content,2026-02-08
C006545,Northstar Account 6545,United States,Retail,SMB,Paid Search,2025-04-06
C006546,Northstar Account 6546,Canada,Healthcare,Mid-Market,Partner,2025-12-16
C006547,Northstar Account 6547,United States,Retail,SMB,Partner,2025-09-07
C006548,Northstar Account 6548,United States,Education,SMB,Paid Search,2026-08-26
C006549,Northstar Account 6549,Australia,Manufacturing,Mid-Market,Paid Search,2025-07-03
C006550,Northstar Account 6550,United Kingdom,Retail,SMB,Paid Search,2024-10-25
C006551,Northstar Account 6551,Germany,Retail,Mid-Market,Organic,2025-06-22
C006552,Northstar Account 6552,United Kingdom,Healthcare,SMB,Paid Search,2025-05-09
C006553,Northstar Account 6553,United Kingdom,Other,Mid-Market,Organic,2025-06-16
C006554,Northstar Account 6554,Germany,Retail,SMB,Content,2025-10-11
C006555,Northstar Account 6555,United States,Financial Services,SMB,Referral,2026-07-07
C006556,Northstar Account 6556,United States,Healthcare,SMB,Referral,2024-12-09
C006557,Northstar Account 6557,United Kingdom,Technology,Mid-Market,Paid Search,2026-08-10
C006558,Northstar Account 6558,Netherlands,Retail,SMB,Content,2026-03-15
C006559,Northstar Account 6559,United States,Technology,Mid-Market,Paid Search,2024-09-17
C006560,Northstar Account 6560,Ireland,Technology,SMB,Organic,2024-12-23
C006561,Northstar Account 6561,Germany,Professional Services,SMB,Partner,2026-06-16
C006562,Northstar Account 6562,United States,Education,SMB,Outbound,2026-04-22
C006563,Northstar Account 6563,United States,Healthcare,SMB,Outbound,2024-07-26
C006564,Northstar Account 6564,United States,Healthcare,Enterprise,Content,2025-10-25
C006565,Northstar Account 6565,United Kingdom,Retail,SMB,Referral,2024-12-12
C006566,Northstar Account 6566,United States,Professional Services,Mid-Market,Partner,2025-11-15
C006567,Northstar Account 6567,United States,Financial Services,SMB,Referral,2024-08-23
C006568,Northstar Account 6568,United States,Other,SMB,Paid Search,2025-03-19
C006569,Northstar Account 6569,Netherlands,Manufacturing,SMB,Organic,2025-04-04
C006570,Northstar Account 6570,United States,Professional Services,Mid-Market,Outbound,2025-09-27
C006571,Northstar Account 6571,United States,Other,Mid-Market,Outbound,2024-11-22
C006572,Northstar Account 6572,United States,Manufacturing,SMB,Organic,2026-02-19
C006573,Northstar Account 6573,United States,Technology,SMB,Organic,2026-04-28
C006574,Northstar Account 6574,United States,Professional Services,SMB,Paid Search,2025-11-05
C006575,Northstar Account 6575,Germany,Professional Services,SMB,Partner,2026-06-25
C006576,Northstar Account 6576,United Kingdom,Manufacturing,SMB,Paid Search,2026-03-10
C006577,Northstar Account 6577,United States,Retail,SMB,Referral,2024-03-23
C006578,Northstar Account 6578,Australia,Professional Services,Mid-Market,Paid Search,2024-05-03
C006579,Northstar Account 6579,United States,Professional Services,Enterprise,Paid Search,2025-12-16
C006580,Northstar Account 6580,Australia,Retail,Enterprise,Organic,2026-02-04
C006581,Northstar Account 6581,United States,Education,Mid-Market,Content,2026-08-27
C006582,Northstar Account 6582,Australia,Retail,SMB,Organic,2024-01-14
C006583,Northstar Account 6583,Netherlands,Professional Services,Mid-Market,Partner,2024-11-24
C006584,Northstar Account 6584,Germany,Healthcare,SMB,Referral,2026-04-21
C006585,Northstar Account 6585,United States,Other,SMB,Content,2026-06-14
C006586,Northstar Account 6586,United Kingdom,Technology,SMB,Organic,2025-06-06
C006587,Northstar Account 6587,Australia,Retail,SMB,Referral,2025-07-14
C006588,Northstar Account 6588,United Kingdom,Professional Services,Enterprise,Organic,2026-05-09
C006589,Northstar Account 6589,United States,Technology,Mid-Market,Referral,2025-06-08
C006590,Northstar Account 6590,United States,Financial Services,SMB,Organic,2026-03-10
C006591,Northstar Account 6591,United States,Other,SMB,Outbound,2026-07-07
C006592,Northstar Account 6592,United States,Professional Services,Mid-Market,Outbound,2024-12-24
C006593,Northstar Account 6593,United States,Professional Services,SMB,Content,2024-12-26
C006594,Northstar Account 6594,United Kingdom,Technology,Mid-Market,Outbound,2026-07-06
C006595,Northstar Account 6595,United States,Healthcare,Enterprise,Paid Search,2025-05-06
C006596,Northstar Account 6596,United States,Technology,SMB,Referral,2024-01-01
C006597,Northstar Account 6597,United States,Retail,SMB,Paid Search,2025-07-12
C006598,Northstar Account 6598,France,Technology,SMB,Organic,2025-11-18
C006599,Northstar Account 6599,United Kingdom,Education,SMB,Partner,2024-11-08
C006600,Northstar Account 6600,United Kingdom,Other,SMB,Content,2026-02-15
C006601,Northstar Account 6601,Germany,Technology,SMB,Referral,2024-11-10
C006602,Northstar Account 6602,United Kingdom,Manufacturing,SMB,Content,2024-06-01
C006603,Northstar Account 6603,United States,Financial Services,SMB,Partner,2024-11-07
C006604,Northstar Account 6604,United Kingdom,Technology,SMB,Outbound,2025-08-22
C006605,Northstar Account 6605,United States,Other,Mid-Market,Content,2026-05-25
C006606,Northstar Account 6606,United Kingdom,Healthcare,SMB,Content,2025-08-12
C006607,Northstar Account 6607,United States,Healthcare,Mid-Market,Paid Search,2026-05-17
C006608,Northstar Account 6608,France,Education,SMB,Partner,2024-04-16
C006609,Northstar Account 6609,United Kingdom,Professional Services,SMB,Referral,2025-03-09
C006610,Northstar Account 6610,United States,Technology,SMB,Outbound,2025-05-19
C006611,Northstar Account 6611,United Kingdom,Retail,Mid-Market,Paid Search,2026-04-12
C006612,Northstar Account 6612,United States,Manufacturing,SMB,Organic,2025-11-02
C006613,Northstar Account 6613,United States,Other,SMB,Organic,2026-03-11
C006614,Northstar Account 6614,Australia,Retail,SMB,Organic,2025-02-05
C006615,Northstar Account 6615,Germany,Professional Services,Enterprise,Content,2026-07-14
C006616,Northstar Account 6616,Canada,Technology,SMB,Paid Search,2026-04-13
C006617,Northstar Account 6617,United States,Other,SMB,Organic,2026-06-14
C006618,Northstar Account 6618,United States,Professional Services,Mid-Market,Referral,2024-12-05
C006619,Northstar Account 6619,United States,Other,SMB,Organic,2024-01-27
C006620,Northstar Account 6620,United Kingdom,Technology,SMB,Paid Search,2025-11-04
C006621,Northstar Account 6621,United Kingdom,Technology,Mid-Market,Referral,2025-07-09
C006622,Northstar Account 6622,United States,Professional Services,SMB,Partner,2026-03-10
C006623,Northstar Account 6623,United States,Retail,SMB,Outbound,2024-05-13
C006624,Northstar Account 6624,United States,Professional Services,SMB,Content,2025-10-12
C006625,Northstar Account 6625,United States,Other,SMB,Outbound,2024-09-28
C006626,Northstar Account 6626,United States,Healthcare,Mid-Market,Paid Search,2025-08-24
C006627,Northstar Account 6627,United States,Technology,SMB,Content,2024-08-02
C006628,Northstar Account 6628,United States,Healthcare,SMB,Partner,2026-06-17
C006629,Northstar Account 6629,United States,Professional Services,SMB,Referral,2024-09-15
C006630,Northstar Account 6630,United States,Education,Mid-Market,Organic,2025-10-27
C006631,Northstar Account 6631,United Kingdom,Manufacturing,Mid-Market,Paid Search,2024-01-10
C006632,Northstar Account 6632,Germany,Other,SMB,Paid Search,2024-08-13
C006633,Northstar Account 6633,United States,Healthcare,Mid-Market,Content,2025-07-27
C006634,Northstar Account 6634,United States,Professional Services,SMB,Content,2024-03-14
C006635,Northstar Account 6635,United Kingdom,Retail,Mid-Market,Paid Search,2025-09-17
C006636,Northstar Account 6636,United States,Retail,SMB,Referral,2024-09-09
C006637,Northstar Account 6637,United States,Retail,SMB,Referral,2026-02-22
C006638,Northstar Account 6638,United States,Technology,Mid-Market,Partner,2026-05-03
C006639,Northstar Account 6639,United States,Professional Services,Mid-Market,Organic,2026-03-28
C006640,Northstar Account 6640,Germany,Other,SMB,Content,2024-04-05
C006641,Northstar Account 6641,Australia,Other,SMB,Referral,2025-07-17
C006642,Northstar Account 6642,United States,Technology,Mid-Market,Referral,2024-06-02
C006643,Northstar Account 6643,United States,Other,SMB,Referral,2025-05-03
C006644,Northstar Account 6644,Netherlands,Manufacturing,SMB,Referral,2026-05-20
C006645,Northstar Account 6645,United Kingdom,Technology,SMB,Paid Search,2024-03-23
C006646,Northstar Account 6646,Ireland,Other,SMB,Outbound,2024-11-10
C006647,Northstar Account 6647,Germany,Other,SMB,Organic,2026-04-02
C006648,Northstar Account 6648,United States,Healthcare,SMB,Content,2025-04-01
C006649,Northstar Account 6649,United States,Manufacturing,Mid-Market,Content,2024-11-27
C006650,Northstar Account 6650,United States,Professional Services,SMB,Referral,2026-07-22
C006651,Northstar Account 6651,Germany,Healthcare,Mid-Market,Referral,2024-08-11
C006652,Northstar Account 6652,United States,Manufacturing,Enterprise,Paid Search,2026-03-08
C006653,Northstar Account 6653,Canada,Healthcare,Mid-Market,Organic,2024-08-20
C006654,Northstar Account 6654,United Kingdom,Professional Services,SMB,Referral,2026-08-26
C006655,Northstar Account 6655,Australia,Education,SMB,Paid Search,2026-03-19
C006656,Northstar Account 6656,Germany,Financial Services,SMB,Paid Search,2024-12-24
C006657,Northstar Account 6657,United States,Financial Services,SMB,Outbound,2026-08-24
C006658,Northstar Account 6658,United States,Technology,Enterprise,Organic,2024-06-09
C006659,Northstar Account 6659,United Kingdom,Retail,Mid-Market,Organic,2026-05-21
C006660,Northstar Account 6660,Germany,Technology,SMB,Organic,2026-01-07
C006661,Northstar Account 6661,Canada,Education,SMB,Referral,2024-08-07
C006662,Northstar Account 6662,United Kingdom,Professional Services,Mid-Market,Partner,2025-09-28
C006663,Northstar Account 6663,Germany,Other,SMB,Content,2024-01-10
C006664,Northstar Account 6664,United States,Healthcare,Mid-Market,Partner,2025-10-23
C006665,Northstar Account 6665,United States,Retail,SMB,Paid Search,2025-10-10
C006666,Northstar Account 6666,Australia,Manufacturing,Mid-Market,Partner,2025-05-26
C006667,Northstar Account 6667,United Kingdom,Technology,Mid-Market,Paid Search,2026-04-08
C006668,Northstar Account 6668,Germany,Technology,SMB,Content,2026-07-01
C006669,Northstar Account 6669,United States,Technology,SMB,Paid Search,2025-08-13
C006670,Northstar Account 6670,United Kingdom,Healthcare,Mid-Market,Paid Search,2025-12-17
C006671,Northstar Account 6671,United States,Financial Services,SMB,Organic,2024-07-11
C006672,Northstar Account 6672,United States,Professional Services,SMB,Paid Search,2026-08-08
C006673,Northstar Account 6673,United States,Manufacturing,SMB,Partner,2026-05-24
C006674,Northstar Account 6674,Canada,Technology,SMB,Organic,2026-07-11
C006675,Northstar Account 6675,United States,Professional Services,Mid-Market,Outbound,2026-03-20
C006676,Northstar Account 6676,United States,Education,SMB,Paid Search,2025-02-03
C006677,Northstar Account 6677,United States,Financial Services,SMB,Partner,2024-10-25
C006678,Northstar Account 6678,United States,Other,Mid-Market,Referral,2025-08-21
C006679,Northstar Account 6679,United Kingdom,Education,SMB,Paid Search,2024-04-05
C006680,Northstar Account 6680,Canada,Retail,SMB,Referral,2025-09-15
C006681,Northstar Account 6681,Canada,Technology,Mid-Market,Content,2025-03-21
C006682,Northstar Account 6682,United States,Professional Services,Mid-Market,Content,2026-02-23
C006683,Northstar Account 6683,United States,Other,SMB,Outbound,2025-11-12
C006684,Northstar Account 6684,United States,Healthcare,Mid-Market,Referral,2024-11-04
C006685,Northstar Account 6685,United Kingdom,Professional Services,SMB,Organic,2026-02-02
C006686,Northstar Account 6686,Australia,Professional Services,SMB,Outbound,2025-01-28
C006687,Northstar Account 6687,United States,Technology,Enterprise,Paid Search,2024-11-04
C006688,Northstar Account 6688,Netherlands,Manufacturing,Mid-Market,Partner,2025-05-10
C006689,Northstar Account 6689,United States,Retail,SMB,Content,2024-08-24
C006690,Northstar Account 6690,Canada,Other,SMB,Content,2025-02-27
C006691,Northstar Account 6691,Canada,Retail,SMB,Outbound,2024-12-14
C006692,Northstar Account 6692,Canada,Manufacturing,SMB,Paid Search,2024-02-19
C006693,Northstar Account 6693,Canada,Technology,Mid-Market,Referral,2025-01-15
C006694,Northstar Account 6694,United States,Technology,Mid-Market,Paid Search,2025-06-04
C006695,Northstar Account 6695,Canada,Professional Services,SMB,Content,2026-04-14
C006696,Northstar Account 6696,United States,Technology,SMB,Referral,2024-09-22
C006697,Northstar Account 6697,United Kingdom,Other,SMB,Paid Search,2025-02-18
C006698,Northstar Account 6698,United States,Manufacturing,SMB,Content,2024-02-16
C006699,Northstar Account 6699,United States,Professional Services,Mid-Market,Organic,2024-04-24
C006700,Northstar Account 6700,France,Retail,SMB,Partner,2025-03-06
C006701,Northstar Account 6701,United States,Healthcare,SMB,Outbound,2025-07-16
C006702,Northstar Account 6702,United States,Healthcare,SMB,Referral,2026-02-06
C006703,Northstar Account 6703,United States,Technology,Enterprise,Partner,2026-03-02
C006704,Northstar Account 6704,United Kingdom,Professional Services,SMB,Paid Search,2026-06-27
C006705,Northstar Account 6705,Canada,Technology,SMB,Paid Search,2026-06-22
C006706,Northstar Account 6706,France,Other,SMB,Paid Search,2024-05-28
C006707,Northstar Account 6707,United Kingdom,Retail,SMB,Organic,2024-06-13
C006708,Northstar Account 6708,United States,Education,SMB,Organic,2025-07-17
C006709,Northstar Account 6709,United States,Other,SMB,Partner,2025-10-02
C006710,Northstar Account 6710,United States,Professional Services,SMB,Referral,2025-10-06
C006711,Northstar Account 6711,United Kingdom,Technology,SMB,Paid Search,2025-07-03
C006712,Northstar Account 6712,Ireland,Professional Services,Mid-Market,Referral,2026-08-10
C006713,Northstar Account 6713,United States,Education,SMB,Outbound,2025-08-12
C006714,Northstar Account 6714,United States,Retail,SMB,Paid Search,2026-07-06
C006715,Northstar Account 6715,Canada,Technology,SMB,Referral,2026-08-22
C006716,Northstar Account 6716,United Kingdom,Technology,Mid-Market,Paid Search,2025-06-18
C006717,Northstar Account 6717,Canada,Education,Mid-Market,Partner,2024-07-13
C006718,Northstar Account 6718,United States,Manufacturing,Mid-Market,Content,2025-02-12
C006719,Northstar Account 6719,United States,Technology,SMB,Paid Search,2025-03-16
C006720,Northstar Account 6720,United States,Manufacturing,SMB,Organic,2026-06-11
C006721,Northstar Account 6721,United States,Professional Services,SMB,Content,2026-08-22
C006722,Northstar Account 6722,Canada,Technology,SMB,Paid Search,2024-08-23
C006723,Northstar Account 6723,United States,Professional Services,SMB,Referral,2024-02-06
C006724,Northstar Account 6724,United States,Manufacturing,SMB,Referral,2026-04-27
C006725,Northstar Account 6725,Netherlands,Education,SMB,Paid Search,2025-09-13
C006726,Northstar Account 6726,United Kingdom,Retail,SMB,Content,2026-02-06
C006727,Northstar Account 6727,United States,Professional Services,SMB,Partner,2025-02-24
C006728,Northstar Account 6728,Netherlands,Retail,SMB,Paid Search,2024-08-12
C006729,Northstar Account 6729,United States,Professional Services,Mid-Market,Outbound,2024-12-05
C006730,Northstar Account 6730,Germany,Retail,SMB,Partner,2024-03-16
C006731,Northstar Account 6731,United States,Retail,Mid-Market,Content,2025-04-12
C006732,Northstar Account 6732,Australia,Retail,SMB,Paid Search,2024-05-07
C006733,Northstar Account 6733,United States,Technology,Mid-Market,Paid Search,2025-06-21
C006734,Northstar Account 6734,United States,Professional Services,Mid-Market,Content,2026-04-12
C006735,Northstar Account 6735,Netherlands,Technology,SMB,Referral,2024-03-15
C006736,Northstar Account 6736,United Kingdom,Healthcare,Enterprise,Organic,2026-06-02
C006737,Northstar Account 6737,United States,Retail,SMB,Content,2024-06-11
C006738,Northstar Account 6738,United States,Education,SMB,Partner,2025-12-02
C006739,Northstar Account 6739,United States,Technology,Mid-Market,Organic,2024-11-08
C006740,Northstar Account 6740,United States,Professional Services,SMB,Content,2026-05-23
C006741,Northstar Account 6741,United Kingdom,Technology,SMB,Referral,2024-01-26
C006742,Northstar Account 6742,United States,Technology,SMB,Partner,2025-05-10
C006743,Northstar Account 6743,France,Manufacturing,SMB,Content,2026-08-20
C006744,Northstar Account 6744,Germany,Technology,SMB,Partner,2024-06-20
C006745,Northstar Account 6745,France,Technology,SMB,Outbound,2026-03-22
C006746,Northstar Account 6746,United Kingdom,Professional Services,SMB,Content,2026-02-03
C006747,Northstar Account 6747,United States,Professional Services,SMB,Organic,2025-02-09
C006748,Northstar Account 6748,United Kingdom,Other,SMB,Organic,2024-03-19
C006749,Northstar Account 6749,United States,Other,SMB,Outbound,2026-04-09
C006750,Northstar Account 6750,United States,Retail,Mid-Market,Content,2026-06-19
C006751,Northstar Account 6751,Australia,Technology,SMB,Paid Search,2024-06-26
C006752,Northstar Account 6752,Canada,Retail,SMB,Organic,2026-05-24
C006753,Northstar Account 6753,United States,Retail,Mid-Market,Organic,2026-04-14
C006754,Northstar Account 6754,United States,Retail,Mid-Market,Content,2025-10-06
C006755,Northstar Account 6755,United States,Technology,SMB,Outbound,2026-03-09
C006756,Northstar Account 6756,United Kingdom,Technology,SMB,Content,2024-02-16
C006757,Northstar Account 6757,United States,Technology,Mid-Market,Organic,2025-07-21
C006758,Northstar Account 6758,Australia,Professional Services,Mid-Market,Content,2026-08-26
C006759,Northstar Account 6759,United Kingdom,Healthcare,SMB,Paid Search,2026-03-24
C006760,Northstar Account 6760,United States,Financial Services,SMB,Organic,2024-12-07
C006761,Northstar Account 6761,Canada,Professional Services,SMB,Organic,2025-11-04
C006762,Northstar Account 6762,France,Manufacturing,SMB,Partner,2024-10-04
C006763,Northstar Account 6763,Germany,Professional Services,Mid-Market,Partner,2024-10-07
C006764,Northstar Account 6764,United States,Technology,Mid-Market,Paid Search,2024-09-10
C006765,Northstar Account 6765,United States,Education,SMB,Paid Search,2024-09-02
C006766,Northstar Account 6766,Canada,Technology,SMB,Content,2025-07-28
C006767,Northstar Account 6767,Germany,Other,Mid-Market,Paid Search,2025-01-10
C006768,Northstar Account 6768,Ireland,Other,SMB,Partner,2026-03-05
C006769,Northstar Account 6769,United States,Technology,Mid-Market,Paid Search,2026-06-15
C006770,Northstar Account 6770,Canada,Technology,SMB,Organic,2025-07-04
C006771,Northstar Account 6771,United States,Technology,SMB,Organic,2024-09-24
C006772,Northstar Account 6772,United States,Other,SMB,Referral,2026-08-28
C006773,Northstar Account 6773,United States,Technology,SMB,Organic,2024-03-26
C006774,Northstar Account 6774,United States,Manufacturing,Enterprise,Organic,2025-09-12
C006775,Northstar Account 6775,United Kingdom,Professional Services,SMB,Content,2024-10-18
C006776,Northstar Account 6776,United States,Healthcare,SMB,Paid Search,2026-07-05
C006777,Northstar Account 6777,Canada,Technology,SMB,Content,2025-02-02
C006778,Northstar Account 6778,United Kingdom,Manufacturing,SMB,Organic,2026-08-16
C006779,Northstar Account 6779,United States,Education,SMB,Outbound,2026-08-21
C006780,Northstar Account 6780,Canada,Technology,Mid-Market,Paid Search,2026-07-01
C006781,Northstar Account 6781,United States,Professional Services,SMB,Partner,2026-03-28
C006782,Northstar Account 6782,United States,Retail,SMB,Referral,2026-02-12
C006783,Northstar Account 6783,Ireland,Healthcare,SMB,Partner,2026-07-18
C006784,Northstar Account 6784,United States,Financial Services,SMB,Content,2024-10-02
C006785,Northstar Account 6785,United States,Professional Services,Mid-Market,Paid Search,2026-04-25
C006786,Northstar Account 6786,United Kingdom,Other,SMB,Organic,2024-06-16
C006787,Northstar Account 6787,United States,Technology,SMB,Content,2025-03-14
C006788,Northstar Account 6788,United States,Financial Services,Mid-Market,Content,2025-04-18
C006789,Northstar Account 6789,Canada,Other,Mid-Market,Partner,2026-08-24
C006790,Northstar Account 6790,United Kingdom,Healthcare,Mid-Market,Partner,2025-02-01
C006791,Northstar Account 6791,United Kingdom,Other,SMB,Content,2025-09-02
C006792,Northstar Account 6792,France,Retail,SMB,Content,2025-11-15
C006793,Northstar Account 6793,United States,Education,Mid-Market,Content,2025-12-22
C006794,Northstar Account 6794,United States,Technology,SMB,Content,2024-06-27
C006795,Northstar Account 6795,United States,Professional Services,SMB,Organic,2025-09-03
C006796,Northstar Account 6796,United States,Healthcare,SMB,Referral,2025-11-12
C006797,Northstar Account 6797,Ireland,Financial Services,Mid-Market,Partner,2026-06-22
C006798,Northstar Account 6798,Canada,Other,SMB,Paid Search,2026-07-27
C006799,Northstar Account 6799,United States,Healthcare,SMB,Content,2024-11-08
C006800,Northstar Account 6800,United States,Financial Services,SMB,Referral,2024-10-27
C006801,Northstar Account 6801,United States,Manufacturing,SMB,Paid Search,2026-01-23
C006802,Northstar Account 6802,Canada,Manufacturing,Mid-Market,Referral,2025-07-07
C006803,Northstar Account 6803,United States,Technology,SMB,Organic,2026-02-23
C006804,Northstar Account 6804,France,Retail,SMB,Paid Search,2026-05-17
C006805,Northstar Account 6805,United States,Retail,Mid-Market,Referral,2024-01-24
C006806,Northstar Account 6806,United States,Manufacturing,Mid-Market,Referral,2026-06-24
C006807,Northstar Account 6807,Netherlands,Healthcare,SMB,Partner,2024-12-06
C006808,Northstar Account 6808,France,Manufacturing,Enterprise,Paid Search,2026-08-20
C006809,Northstar Account 6809,United States,Other,SMB,Partner,2025-05-13
C006810,Northstar Account 6810,United States,Healthcare,Mid-Market,Paid Search,2026-05-22
C006811,Northstar Account 6811,France,Manufacturing,SMB,Outbound,2024-09-04
C006812,Northstar Account 6812,Canada,Healthcare,SMB,Organic,2025-08-08
C006813,Northstar Account 6813,United Kingdom,Healthcare,SMB,Content,2024-04-07
C006814,Northstar Account 6814,Canada,Retail,SMB,Paid Search,2026-02-26
C006815,Northstar Account 6815,France,Other,SMB,Paid Search,2026-07-11
C006816,Northstar Account 6816,United Kingdom,Manufacturing,SMB,Organic,2026-05-07
C006817,Northstar Account 6817,United States,Manufacturing,SMB,Content,2026-01-21
C006818,Northstar Account 6818,United States,Professional Services,SMB,Outbound,2024-06-19
C006819,Northstar Account 6819,Canada,Retail,SMB,Partner,2026-08-18
C006820,Northstar Account 6820,United States,Financial Services,Enterprise,Organic,2025-02-25
C006821,Northstar Account 6821,United States,Other,Mid-Market,Paid Search,2025-11-26
C006822,Northstar Account 6822,Canada,Other,Enterprise,Partner,2024-12-11
C006823,Northstar Account 6823,United States,Manufacturing,SMB,Organic,2026-04-27
C006824,Northstar Account 6824,Netherlands,Manufacturing,SMB,Outbound,2025-04-16
C006825,Northstar Account 6825,United States,Technology,SMB,Partner,2025-04-25
C006826,Northstar Account 6826,Canada,Manufacturing,SMB,Content,2024-01-20
C006827,Northstar Account 6827,United Kingdom,Professional Services,SMB,Content,2025-10-03
C006828,Northstar Account 6828,United States,Financial Services,Mid-Market,Paid Search,2024-11-26
C006829,Northstar Account 6829,United States,Technology,SMB,Organic,2026-07-17
C006830,Northstar Account 6830,United States,Other,Mid-Market,Content,2026-03-13
C006831,Northstar Account 6831,Germany,Retail,SMB,Organic,2026-07-10
C006832,Northstar Account 6832,Canada,Technology,SMB,Partner,2025-04-17
C006833,Northstar Account 6833,United States,Healthcare,SMB,Content,2025-12-26
C006834,Northstar Account 6834,United States,Education,Enterprise,Paid Search,2025-06-04
C006835,Northstar Account 6835,Netherlands,Manufacturing,SMB,Content,2026-06-07
C006836,Northstar Account 6836,United States,Education,SMB,Organic,2025-02-02
C006837,Northstar Account 6837,France,Healthcare,SMB,Referral,2025-02-06
C006838,Northstar Account 6838,United States,Technology,SMB,Organic,2025-03-01
C006839,Northstar Account 6839,United States,Financial Services,Enterprise,Partner,2025-07-06
C006840,Northstar Account 6840,United Kingdom,Other,Mid-Market,Paid Search,2026-06-14
C006841,Northstar Account 6841,United States,Manufacturing,Mid-Market,Paid Search,2024-10-24
C006842,Northstar Account 6842,Australia,Technology,Enterprise,Organic,2025-12-16
C006843,Northstar Account 6843,Canada,Manufacturing,Mid-Market,Organic,2025-01-07
C006844,Northstar Account 6844,Canada,Professional Services,SMB,Referral,2024-04-03
C006845,Northstar Account 6845,Canada,Other,SMB,Paid Search,2026-07-25
C006846,Northstar Account 6846,Canada,Technology,SMB,Paid Search,2026-03-06
C006847,Northstar Account 6847,Canada,Technology,SMB,Paid Search,2026-07-22
C006848,Northstar Account 6848,Canada,Technology,SMB,Organic,2025-04-08
C006849,Northstar Account 6849,Australia,Manufacturing,SMB,Organic,2026-03-18
C006850,Northstar Account 6850,United Kingdom,Education,Enterprise,Paid Search,2025-12-25
C006851,Northstar Account 6851,United States,Education,Enterprise,Referral,2025-11-26
C006852,Northstar Account 6852,United States,Professional Services,SMB,Content,2024-02-03
C006853,Northstar Account 6853,United States,Financial Services,Mid-Market,Referral,2024-04-15
C006854,Northstar Account 6854,United States,Retail,SMB,Organic,2024-09-14
C006855,Northstar Account 6855,United States,Technology,SMB,Content,2026-02-25
C006856,Northstar Account 6856,United States,Manufacturing,SMB,Referral,2026-04-23
C006857,Northstar Account 6857,United States,Retail,SMB,Referral,2025-12-05
C006858,Northstar Account 6858,Australia,Healthcare,SMB,Paid Search,2024-09-25
C006859,Northstar Account 6859,Germany,Professional Services,SMB,Organic,2026-03-11
C006860,Northstar Account 6860,United States,Education,SMB,Partner,2024-06-20
C006861,Northstar Account 6861,Netherlands,Technology,SMB,Paid Search,2026-06-05
C006862,Northstar Account 6862,Netherlands,Retail,Mid-Market,Referral,2025-04-08
C006863,Northstar Account 6863,Australia,Retail,SMB,Organic,2026-02-03
C006864,Northstar Account 6864,United States,Manufacturing,SMB,Paid Search,2024-08-04
C006865,Northstar Account 6865,United States,Professional Services,SMB,Paid Search,2025-01-27
C006866,Northstar Account 6866,United States,Professional Services,SMB,Paid Search,2025-07-05
C006867,Northstar Account 6867,Canada,Professional Services,SMB,Organic,2025-07-18
C006868,Northstar Account 6868,United Kingdom,Retail,SMB,Paid Search,2024-05-22
C006869,Northstar Account 6869,Canada,Technology,SMB,Partner,2025-09-03
C006870,Northstar Account 6870,Germany,Education,SMB,Organic,2024-04-09
C006871,Northstar Account 6871,Netherlands,Professional Services,Mid-Market,Partner,2026-07-14
C006872,Northstar Account 6872,United Kingdom,Retail,SMB,Outbound,2025-05-10
C006873,Northstar Account 6873,France,Healthcare,SMB,Content,2025-06-25
C006874,Northstar Account 6874,Germany,Professional Services,SMB,Partner,2025-10-05
C006875,Northstar Account 6875,United States,Education,SMB,Organic,2026-03-21
C006876,Northstar Account 6876,Germany,Education,SMB,Referral,2024-04-13
C006877,Northstar Account 6877,United States,Manufacturing,SMB,Outbound,2026-01-11
C006878,Northstar Account 6878,United States,Retail,SMB,Partner,2026-06-10
C006879,Northstar Account 6879,Ireland,Professional Services,Mid-Market,Paid Search,2025-06-19
C006880,Northstar Account 6880,United States,Technology,SMB,Content,2024-01-10
C006881,Northstar Account 6881,United States,Retail,SMB,Paid Search,2024-11-18
C006882,Northstar Account 6882,Netherlands,Financial Services,Mid-Market,Content,2026-07-01
C006883,Northstar Account 6883,United States,Technology,SMB,Paid Search,2024-06-08
C006884,Northstar Account 6884,United States,Technology,Mid-Market,Paid Search,2024-01-13
C006885,Northstar Account 6885,United States,Education,Enterprise,Content,2026-07-07
C006886,Northstar Account 6886,United Kingdom,Healthcare,Enterprise,Referral,2026-05-04
C006887,Northstar Account 6887,United States,Other,SMB,Partner,2025-06-07
C006888,Northstar Account 6888,United States,Technology,SMB,Content,2024-01-15
C006889,Northstar Account 6889,Germany,Financial Services,SMB,Content,2025-10-27
C006890,Northstar Account 6890,United States,Education,SMB,Organic,2026-04-19
C006891,Northstar Account 6891,United Kingdom,Manufacturing,SMB,Outbound,2024-12-26
C006892,Northstar Account 6892,United States,Professional Services,SMB,Organic,2024-08-16
C006893,Northstar Account 6893,United Kingdom,Professional Services,SMB,Paid Search,2026-06-01
C006894,Northstar Account 6894,United Kingdom,Technology,SMB,Content,2026-03-05
C006895,Northstar Account 6895,United States,Manufacturing,SMB,Organic,2025-06-22
C006896,Northstar Account 6896,United States,Technology,SMB,Content,2026-06-18
C006897,Northstar Account 6897,United States,Professional Services,Mid-Market,Paid Search,2025-11-24
C006898,Northstar Account 6898,United States,Professional Services,SMB,Paid Search,2026-07-12
C006899,Northstar Account 6899,United States,Financial Services,SMB,Paid Search,2024-05-27
C006900,Northstar Account 6900,United States,Professional Services,Enterprise,Referral,2025-05-11
C006901,Northstar Account 6901,United States,Retail,SMB,Content,2025-12-24
C006902,Northstar Account 6902,United States,Manufacturing,SMB,Organic,2025-05-05
C006903,Northstar Account 6903,United States,Financial Services,Mid-Market,Paid Search,2025-03-13
C006904,Northstar Account 6904,Germany,Manufacturing,SMB,Organic,2026-01-28
C006905,Northstar Account 6905,United States,Healthcare,SMB,Organic,2025-10-23
C006906,Northstar Account 6906,United Kingdom,Technology,Mid-Market,Referral,2024-12-11
C006907,Northstar Account 6907,United Kingdom,Technology,Mid-Market,Referral,2025-06-26
C006908,Northstar Account 6908,United States,Professional Services,Mid-Market,Paid Search,2026-01-13
C006909,Northstar Account 6909,United States,Retail,Enterprise,Organic,2025-11-27
C006910,Northstar Account 6910,United States,Professional Services,SMB,Referral,2025-06-03
C006911,Northstar Account 6911,United Kingdom,Retail,Mid-Market,Organic,2024-12-24
C006912,Northstar Account 6912,United States,Retail,SMB,Organic,2024-06-19
C006913,Northstar Account 6913,United States,Education,Mid-Market,Referral,2026-05-05
C006914,Northstar Account 6914,France,Technology,Mid-Market,Organic,2026-04-08
C006915,Northstar Account 6915,Canada,Other,Mid-Market,Paid Search,2025-11-23
C006916,Northstar Account 6916,United States,Financial Services,Mid-Market,Paid Search,2025-09-21
C006917,Northstar Account 6917,France,Professional Services,SMB,Content,2024-07-06
C006918,Northstar Account 6918,United States,Retail,Mid-Market,Organic,2025-06-02
C006919,Northstar Account 6919,United States,Other,SMB,Content,2025-07-09
C006920,Northstar Account 6920,United States,Other,SMB,Organic,2025-06-09
C006921,Northstar Account 6921,Netherlands,Retail,Mid-Market,Partner,2024-11-18
C006922,Northstar Account 6922,United States,Technology,Mid-Market,Content,2024-06-21
C006923,Northstar Account 6923,Germany,Other,SMB,Organic,2026-07-08
C006924,Northstar Account 6924,United Kingdom,Education,SMB,Paid Search,2025-09-12
C006925,Northstar Account 6925,United Kingdom,Education,SMB,Paid Search,2026-05-06
C006926,Northstar Account 6926,United States,Professional Services,SMB,Referral,2025-12-01
C006927,Northstar Account 6927,United States,Manufacturing,SMB,Organic,2026-04-26
C006928,Northstar Account 6928,Canada,Healthcare,Mid-Market,Content,2024-10-23
C006929,Northstar Account 6929,United States,Retail,SMB,Organic,2024-05-23
C006930,Northstar Account 6930,United Kingdom,Manufacturing,Enterprise,Organic,2025-11-28
C006931,Northstar Account 6931,United States,Professional Services,SMB,Organic,2025-09-02
C006932,Northstar Account 6932,Germany,Retail,Mid-Market,Paid Search,2024-05-11
C006933,Northstar Account 6933,Canada,Education,SMB,Content,2025-11-21
C006934,Northstar Account 6934,United Kingdom,Education,Mid-Market,Paid Search,2024-09-18
C006935,Northstar Account 6935,United States,Other,SMB,Outbound,2024-06-22
C006936,Northstar Account 6936,United States,Healthcare,Mid-Market,Paid Search,2026-08-11
C006937,Northstar Account 6937,United States,Professional Services,Mid-Market,Partner,2025-09-03
C006938,Northstar Account 6938,United States,Professional Services,SMB,Paid Search,2025-02-16
C006939,Northstar Account 6939,Canada,Healthcare,SMB,Content,2024-05-21
C006940,Northstar Account 6940,United States,Technology,SMB,Paid Search,2026-07-21
C006941,Northstar Account 6941,United States,Healthcare,Mid-Market,Partner,2026-07-05
C006942,Northstar Account 6942,United States,Retail,SMB,Outbound,2024-11-18
C006943,Northstar Account 6943,United States,Professional Services,SMB,Referral,2025-05-18
C006944,Northstar Account 6944,United Kingdom,Technology,SMB,Paid Search,2025-12-09
C006945,Northstar Account 6945,Canada,Retail,SMB,Content,2024-06-08
C006946,Northstar Account 6946,United States,Technology,Mid-Market,Organic,2025-08-06
C006947,Northstar Account 6947,United States,Healthcare,Mid-Market,Paid Search,2024-10-04
C006948,Northstar Account 6948,United Kingdom,Professional Services,Mid-Market,Partner,2024-10-16
C006949,Northstar Account 6949,United Kingdom,Other,Mid-Market,Content,2025-10-09
C006950,Northstar Account 6950,Australia,Retail,Mid-Market,Organic,2025-01-19
C006951,Northstar Account 6951,Germany,Manufacturing,SMB,Content,2025-09-17
C006952,Northstar Account 6952,Australia,Financial Services,Enterprise,Referral,2024-12-17
C006953,Northstar Account 6953,Australia,Financial Services,SMB,Organic,2025-07-27
C006954,Northstar Account 6954,Australia,Financial Services,SMB,Organic,2026-07-04
C006955,Northstar Account 6955,United Kingdom,Professional Services,Mid-Market,Referral,2025-07-02
C006956,Northstar Account 6956,United Kingdom,Professional Services,SMB,Organic,2025-07-10
C006957,Northstar Account 6957,Canada,Education,SMB,Paid Search,2025-07-01
C006958,Northstar Account 6958,United States,Healthcare,SMB,Organic,2026-05-21
C006959,Northstar Account 6959,United States,Healthcare,SMB,Content,2026-01-11
C006960,Northstar Account 6960,France,Education,Mid-Market,Organic,2024-02-05
C006961,Northstar Account 6961,United Kingdom,Technology,SMB,Paid Search,2024-06-03
C006962,Northstar Account 6962,United States,Technology,SMB,Paid Search,2025-10-25
C006963,Northstar Account 6963,United States,Education,SMB,Paid Search,2026-03-11
C006964,Northstar Account 6964,United States,Healthcare,SMB,Outbound,2024-06-14
C006965,Northstar Account 6965,United States,Manufacturing,SMB,Partner,2025-07-05
C006966,Northstar Account 6966,United Kingdom,Education,SMB,Referral,2025-11-23
C006967,Northstar Account 6967,United Kingdom,Technology,SMB,Content,2025-04-21
C006968,Northstar Account 6968,United States,Technology,SMB,Organic,2026-01-10
C006969,Northstar Account 6969,United States,Retail,SMB,Content,2025-02-24
C006970,Northstar Account 6970,United States,Professional Services,SMB,Outbound,2025-11-11
C006971,Northstar Account 6971,United States,Manufacturing,Mid-Market,Content,2026-03-26
C006972,Northstar Account 6972,United States,Education,SMB,Referral,2026-07-28
C006973,Northstar Account 6973,United Kingdom,Financial Services,SMB,Organic,2025-11-13
C006974,Northstar Account 6974,United States,Retail,Enterprise,Content,2025-03-16
C006975,Northstar Account 6975,France,Professional Services,SMB,Paid Search,2026-02-24
C006976,Northstar Account 6976,United Kingdom,Retail,SMB,Content,2026-04-03
C006977,Northstar Account 6977,United States,Technology,Mid-Market,Organic,2025-05-14
C006978,Northstar Account 6978,United States,Technology,SMB,Partner,2025-03-27
C006979,Northstar Account 6979,United States,Retail,Mid-Market,Content,2024-07-06
C006980,Northstar Account 6980,United States,Retail,Mid-Market,Referral,2025-12-11
C006981,Northstar Account 6981,France,Technology,Enterprise,Paid Search,2025-06-24
C006982,Northstar Account 6982,Canada,Education,Enterprise,Referral,2024-07-20
C006983,Northstar Account 6983,Germany,Education,SMB,Outbound,2025-09-14
C006984,Northstar Account 6984,United Kingdom,Technology,Mid-Market,Referral,2026-08-04
C006985,Northstar Account 6985,France,Education,SMB,Content,2024-03-06
C006986,Northstar Account 6986,France,Technology,SMB,Content,2025-08-24
C006987,Northstar Account 6987,United States,Retail,SMB,Content,2026-07-15
C006988,Northstar Account 6988,United States,Healthcare,SMB,Organic,2026-08-27
C006989,Northstar Account 6989,United States,Retail,SMB,Partner,2025-02-03
C006990,Northstar Account 6990,United States,Manufacturing,SMB,Content,2024-08-11
C006991,Northstar Account 6991,United Kingdom,Professional Services,SMB,Outbound,2025-05-03
C006992,Northstar Account 6992,United States,Technology,SMB,Paid Search,2025-02-05
C006993,Northstar Account 6993,Germany,Retail,Mid-Market,Paid Search,2025-07-01
C006994,Northstar Account 6994,United States,Professional Services,SMB,Organic,2025-10-16
C006995,Northstar Account 6995,Germany,Technology,Mid-Market,Content,2026-03-07
C006996,Northstar Account 6996,United States,Retail,Mid-Market,Content,2025-11-05
C006997,Northstar Account 6997,United States,Technology,Mid-Market,Partner,2026-06-25
C006998,Northstar Account 6998,Australia,Retail,SMB,Paid Search,2026-02-13
C006999,Northstar Account 6999,United States,Healthcare,Mid-Market,Organic,2025-08-16
C007000,Northstar Account 7000,Canada,Manufacturing,Mid-Market,Content,2024-06-18
C007001,Northstar Account 7001,Australia,Financial Services,Mid-Market,Organic,2026-04-13
C007002,Northstar Account 7002,United States,Education,Mid-Market,Paid Search,2026-01-04
C007003,Northstar Account 7003,United States,Financial Services,SMB,Organic,2025-02-14
C007004,Northstar Account 7004,United States,Healthcare,SMB,Content,2024-11-27
C007005,Northstar Account 7005,United States,Education,Mid-Market,Partner,2025-12-20
C007006,Northstar Account 7006,Netherlands,Manufacturing,SMB,Paid Search,2024-05-20
C007007,Northstar Account 7007,Germany,Financial Services,Mid-Market,Organic,2026-03-16
C007008,Northstar Account 7008,United States,Manufacturing,SMB,Outbound,2024-10-11
C007009,Northstar Account 7009,Canada,Other,SMB,Organic,2025-10-14
C007010,Northstar Account 7010,France,Retail,SMB,Organic,2025-01-12
C007011,Northstar Account 7011,United States,Other,SMB,Paid Search,2025-07-17
C007012,Northstar Account 7012,United States,Retail,Enterprise,Organic,2026-04-24
C007013,Northstar Account 7013,Australia,Technology,SMB,Content,2025-01-01
C007014,Northstar Account 7014,Canada,Technology,Mid-Market,Content,2024-02-14
C007015,Northstar Account 7015,United States,Healthcare,SMB,Organic,2024-04-08
C007016,Northstar Account 7016,United States,Technology,Enterprise,Content,2024-04-28
C007017,Northstar Account 7017,United States,Technology,SMB,Organic,2025-06-05
C007018,Northstar Account 7018,United Kingdom,Professional Services,SMB,Content,2024-04-02
C007019,Northstar Account 7019,United Kingdom,Healthcare,SMB,Paid Search,2025-05-20
C007020,Northstar Account 7020,United States,Technology,SMB,Organic,2026-01-08
C007021,Northstar Account 7021,Germany,Healthcare,Enterprise,Content,2026-06-07
C007022,Northstar Account 7022,United States,Education,Enterprise,Outbound,2024-10-15
C007023,Northstar Account 7023,Canada,Manufacturing,SMB,Content,2026-06-27
C007024,Northstar Account 7024,United Kingdom,Education,SMB,Referral,2026-08-04
C007025,Northstar Account 7025,United States,Professional Services,SMB,Content,2025-11-16
C007026,Northstar Account 7026,United States,Other,SMB,Referral,2026-02-10
C007027,Northstar Account 7027,United States,Financial Services,SMB,Organic,2025-07-06
C007028,Northstar Account 7028,Canada,Professional Services,SMB,Organic,2024-04-15
C007029,Northstar Account 7029,United Kingdom,Technology,SMB,Referral,2026-08-27
C007030,Northstar Account 7030,United States,Retail,Mid-Market,Partner,2026-07-08
C007031,Northstar Account 7031,Netherlands,Financial Services,SMB,Content,2025-02-07
C007032,Northstar Account 7032,Germany,Financial Services,SMB,Partner,2024-09-05
C007033,Northstar Account 7033,United States,Financial Services,SMB,Paid Search,2024-04-18
C007034,Northstar Account 7034,United States,Other,SMB,Paid Search,2025-07-08
C007035,Northstar Account 7035,United Kingdom,Education,SMB,Content,2026-07-17
C007036,Northstar Account 7036,United States,Technology,SMB,Paid Search,2024-03-03
C007037,Northstar Account 7037,Netherlands,Technology,SMB,Content,2025-11-20
C007038,Northstar Account 7038,United Kingdom,Technology,Mid-Market,Paid Search,2026-05-06
C007039,Northstar Account 7039,United States,Technology,Mid-Market,Organic,2025-04-03
C007040,Northstar Account 7040,United States,Technology,Mid-Market,Content,2025-11-02
C007041,Northstar Account 7041,United States,Retail,Mid-Market,Organic,2025-06-23
C007042,Northstar Account 7042,United States,Manufacturing,SMB,Content,2024-04-27
C007043,Northstar Account 7043,United States,Technology,SMB,Paid Search,2025-08-12
C007044,Northstar Account 7044,Australia,Manufacturing,SMB,Partner,2024-05-05
C007045,Northstar Account 7045,Canada,Other,Enterprise,Partner,2026-01-24
C007046,Northstar Account 7046,France,Technology,Enterprise,Content,2025-01-01
C007047,Northstar Account 7047,United States,Technology,SMB,Paid Search,2026-04-09
C007048,Northstar Account 7048,United States,Retail,SMB,Organic,2025-10-27
C007049,Northstar Account 7049,Germany,Financial Services,SMB,Referral,2026-07-11
C007050,Northstar Account 7050,United States,Manufacturing,SMB,Outbound,2026-02-22
C007051,Northstar Account 7051,United States,Technology,Enterprise,Content,2026-02-11
C007052,Northstar Account 7052,Ireland,Education,SMB,Content,2025-01-08
C007053,Northstar Account 7053,Germany,Manufacturing,SMB,Partner,2025-06-09
C007054,Northstar Account 7054,Australia,Professional Services,SMB,Partner,2026-02-25
C007055,Northstar Account 7055,United States,Education,SMB,Content,2026-02-13
C007056,Northstar Account 7056,United Kingdom,Retail,SMB,Content,2026-01-25
C007057,Northstar Account 7057,United States,Technology,Mid-Market,Content,2024-01-28
C007058,Northstar Account 7058,United States,Other,SMB,Content,2024-01-21
C007059,Northstar Account 7059,United States,Professional Services,SMB,Content,2024-04-09
C007060,Northstar Account 7060,Australia,Financial Services,SMB,Paid Search,2024-02-17
C007061,Northstar Account 7061,United States,Education,SMB,Organic,2026-03-11
C007062,Northstar Account 7062,United Kingdom,Professional Services,SMB,Outbound,2025-09-17
C007063,Northstar Account 7063,Australia,Education,SMB,Partner,2025-08-20
C007064,Northstar Account 7064,Germany,Technology,SMB,Paid Search,2024-05-28
C007065,Northstar Account 7065,United States,Professional Services,SMB,Partner,2026-03-22
C007066,Northstar Account 7066,United Kingdom,Professional Services,Mid-Market,Referral,2024-05-14
C007067,Northstar Account 7067,United States,Financial Services,Mid-Market,Content,2024-10-25
C007068,Northstar Account 7068,United States,Other,Enterprise,Content,2026-04-23
C007069,Northstar Account 7069,United States,Professional Services,SMB,Paid Search,2026-01-09
C007070,Northstar Account 7070,United Kingdom,Retail,Mid-Market,Organic,2024-05-04
C007071,Northstar Account 7071,Germany,Other,Mid-Market,Paid Search,2024-04-12
C007072,Northstar Account 7072,Netherlands,Education,SMB,Content,2025-05-20
C007073,Northstar Account 7073,United States,Technology,SMB,Paid Search,2025-10-07
C007074,Northstar Account 7074,United States,Retail,SMB,Referral,2024-11-28
C007075,Northstar Account 7075,United States,Retail,Mid-Market,Partner,2025-10-28
C007076,Northstar Account 7076,Ireland,Professional Services,SMB,Referral,2025-03-01
C007077,Northstar Account 7077,Australia,Retail,SMB,Partner,2025-10-12
C007078,Northstar Account 7078,Netherlands,Manufacturing,Enterprise,Referral,2026-02-08
C007079,Northstar Account 7079,United States,Education,SMB,Referral,2026-05-25
C007080,Northstar Account 7080,United States,Professional Services,Enterprise,Paid Search,2024-09-22
C007081,Northstar Account 7081,United Kingdom,Manufacturing,Mid-Market,Organic,2024-05-19
C007082,Northstar Account 7082,United States,Healthcare,Mid-Market,Partner,2024-06-21
C007083,Northstar Account 7083,United States,Manufacturing,Mid-Market,Organic,2024-08-23
C007084,Northstar Account 7084,United States,Technology,SMB,Content,2025-02-21
C007085,Northstar Account 7085,United States,Retail,SMB,Organic,2024-02-19
C007086,Northstar Account 7086,United States,Retail,Mid-Market,Content,2026-04-28
C007087,Northstar Account 7087,France,Professional Services,Mid-Market,Paid Search,2026-05-16
C007088,Northstar Account 7088,Canada,Education,SMB,Content,2026-01-03
C007089,Northstar Account 7089,Germany,Healthcare,SMB,Paid Search,2025-03-12
C007090,Northstar Account 7090,United States,Professional Services,SMB,Partner,2026-01-19
C007091,Northstar Account 7091,Canada,Healthcare,SMB,Organic,2025-10-25
C007092,Northstar Account 7092,United States,Education,SMB,Referral,2025-12-18
C007093,Northstar Account 7093,United States,Education,Mid-Market,Paid Search,2024-05-08
C007094,Northstar Account 7094,United States,Manufacturing,Mid-Market,Content,2026-06-06
C007095,Northstar Account 7095,United States,Financial Services,Mid-Market,Partner,2025-03-24
C007096,Northstar Account 7096,Australia,Manufacturing,SMB,Outbound,2024-12-06
C007097,Northstar Account 7097,Australia,Technology,SMB,Referral,2025-04-01
C007098,Northstar Account 7098,United States,Financial Services,SMB,Referral,2024-11-19
C007099,Northstar Account 7099,United Kingdom,Professional Services,SMB,Content,2026-08-15
C007100,Northstar Account 7100,United States,Education,SMB,Paid Search,2025-12-19
C007101,Northstar Account 7101,United States,Other,SMB,Referral,2026-06-13
C007102,Northstar Account 7102,United Kingdom,Professional Services,SMB,Organic,2026-07-17
C007103,Northstar Account 7103,Germany,Professional Services,SMB,Content,2025-10-10
C007104,Northstar Account 7104,Germany,Technology,SMB,Paid Search,2026-04-13
C007105,Northstar Account 7105,United States,Other,SMB,Organic,2026-06-05
C007106,Northstar Account 7106,United Kingdom,Retail,SMB,Referral,2024-07-20
C007107,Northstar Account 7107,United States,Manufacturing,SMB,Organic,2024-12-17
C007108,Northstar Account 7108,United States,Technology,SMB,Paid Search,2025-04-10
C007109,Northstar Account 7109,United States,Technology,SMB,Organic,2025-11-16
C007110,Northstar Account 7110,United States,Technology,SMB,Content,2026-03-07
C007111,Northstar Account 7111,United States,Manufacturing,Enterprise,Paid Search,2025-02-21
C007112,Northstar Account 7112,United States,Technology,SMB,Organic,2026-05-17
C007113,Northstar Account 7113,Canada,Other,Mid-Market,Outbound,2025-12-19
C007114,Northstar Account 7114,United States,Education,SMB,Outbound,2025-03-18
C007115,Northstar Account 7115,United States,Other,Mid-Market,Paid Search,2026-01-24
C007116,Northstar Account 7116,Netherlands,Retail,Mid-Market,Partner,2026-05-23
C007117,Northstar Account 7117,Australia,Retail,SMB,Paid Search,2025-02-08
C007118,Northstar Account 7118,United States,Technology,Mid-Market,Outbound,2025-04-12
C007119,Northstar Account 7119,United States,Retail,SMB,Organic,2026-01-16
C007120,Northstar Account 7120,United States,Healthcare,Mid-Market,Organic,2025-05-22
C007121,Northstar Account 7121,Netherlands,Technology,SMB,Organic,2024-08-02
C007122,Northstar Account 7122,United States,Other,SMB,Partner,2026-05-26
C007123,Northstar Account 7123,United States,Technology,Enterprise,Paid Search,2024-09-09
C007124,Northstar Account 7124,Canada,Professional Services,Mid-Market,Content,2024-11-12
C007125,Northstar Account 7125,Canada,Healthcare,SMB,Partner,2026-05-08
C007126,Northstar Account 7126,United States,Retail,Enterprise,Partner,2025-11-16
C007127,Northstar Account 7127,United States,Professional Services,SMB,Content,2025-05-08
C007128,Northstar Account 7128,United States,Other,SMB,Paid Search,2025-04-26
C007129,Northstar Account 7129,United States,Technology,Mid-Market,Paid Search,2024-09-09
C007130,Northstar Account 7130,United States,Healthcare,SMB,Organic,2024-04-09
C007131,Northstar Account 7131,Germany,Technology,SMB,Content,2026-06-01
C007132,Northstar Account 7132,Germany,Technology,Mid-Market,Paid Search,2024-03-21
C007133,Northstar Account 7133,Canada,Retail,SMB,Content,2024-03-26
C007134,Northstar Account 7134,Canada,Manufacturing,SMB,Partner,2026-02-17
C007135,Northstar Account 7135,United Kingdom,Healthcare,SMB,Partner,2026-06-26
C007136,Northstar Account 7136,United States,Professional Services,Mid-Market,Partner,2026-01-12
C007137,Northstar Account 7137,Canada,Technology,SMB,Paid Search,2024-11-20
C007138,Northstar Account 7138,United States,Other,SMB,Organic,2024-12-25
C007139,Northstar Account 7139,United States,Technology,Mid-Market,Content,2026-08-21
C007140,Northstar Account 7140,United States,Healthcare,SMB,Organic,2026-01-05
C007141,Northstar Account 7141,Canada,Technology,SMB,Partner,2026-04-28
C007142,Northstar Account 7142,United Kingdom,Technology,Mid-Market,Outbound,2025-06-01
C007143,Northstar Account 7143,United States,Technology,Mid-Market,Paid Search,2026-03-04
C007144,Northstar Account 7144,United States,Technology,SMB,Organic,2026-08-06
C007145,Northstar Account 7145,Australia,Healthcare,Mid-Market,Organic,2025-03-21
C007146,Northstar Account 7146,United States,Retail,Mid-Market,Paid Search,2025-02-25
C007147,Northstar Account 7147,United States,Manufacturing,SMB,Outbound,2024-03-16
C007148,Northstar Account 7148,Germany,Technology,Mid-Market,Outbound,2026-02-10
C007149,Northstar Account 7149,Canada,Retail,Mid-Market,Organic,2024-11-13
C007150,Northstar Account 7150,United States,Retail,SMB,Outbound,2024-11-20
C007151,Northstar Account 7151,United States,Professional Services,SMB,Paid Search,2025-11-07
C007152,Northstar Account 7152,Netherlands,Technology,Mid-Market,Outbound,2026-02-07
C007153,Northstar Account 7153,United States,Technology,Enterprise,Content,2025-05-09
C007154,Northstar Account 7154,Australia,Technology,SMB,Paid Search,2026-07-14
C007155,Northstar Account 7155,Germany,Retail,Mid-Market,Referral,2024-08-21
C007156,Northstar Account 7156,Australia,Technology,Mid-Market,Content,2025-08-15
C007157,Northstar Account 7157,United States,Retail,Mid-Market,Organic,2025-11-03
C007158,Northstar Account 7158,United States,Retail,Enterprise,Organic,2025-11-07
C007159,Northstar Account 7159,United States,Retail,SMB,Referral,2025-12-02
C007160,Northstar Account 7160,United States,Technology,SMB,Paid Search,2025-11-11
C007161,Northstar Account 7161,United States,Retail,SMB,Paid Search,2026-03-15
C007162,Northstar Account 7162,United States,Retail,SMB,Organic,2026-04-08
C007163,Northstar Account 7163,United States,Other,SMB,Content,2026-08-02
C007164,Northstar Account 7164,United Kingdom,Technology,Mid-Market,Organic,2026-07-03
C007165,Northstar Account 7165,United States,Technology,Enterprise,Partner,2025-08-20
C007166,Northstar Account 7166,United States,Financial Services,SMB,Paid Search,2026-01-13
C007167,Northstar Account 7167,United States,Professional Services,Mid-Market,Paid Search,2025-04-28
C007168,Northstar Account 7168,Canada,Technology,SMB,Referral,2025-12-16
C007169,Northstar Account 7169,United States,Financial Services,SMB,Paid Search,2024-01-09
C007170,Northstar Account 7170,Canada,Healthcare,SMB,Referral,2025-03-03
C007171,Northstar Account 7171,United States,Healthcare,SMB,Organic,2026-06-21
C007172,Northstar Account 7172,United Kingdom,Technology,SMB,Referral,2025-12-11
C007173,Northstar Account 7173,Germany,Professional Services,Mid-Market,Organic,2024-01-17
C007174,Northstar Account 7174,United Kingdom,Professional Services,SMB,Content,2025-08-13
C007175,Northstar Account 7175,United Kingdom,Manufacturing,SMB,Paid Search,2025-03-03
C007176,Northstar Account 7176,France,Professional Services,SMB,Content,2026-04-27
C007177,Northstar Account 7177,United States,Healthcare,SMB,Organic,2024-06-04
C007178,Northstar Account 7178,United States,Other,Enterprise,Paid Search,2025-10-18
C007179,Northstar Account 7179,France,Other,Mid-Market,Partner,2026-01-05
C007180,Northstar Account 7180,Australia,Technology,SMB,Paid Search,2025-10-27
C007181,Northstar Account 7181,United Kingdom,Healthcare,SMB,Organic,2024-12-08
C007182,Northstar Account 7182,United States,Education,SMB,Content,2026-03-15
C007183,Northstar Account 7183,United States,Manufacturing,Mid-Market,Content,2026-03-03
C007184,Northstar Account 7184,Australia,Other,SMB,Referral,2025-03-23
C007185,Northstar Account 7185,Canada,Education,SMB,Outbound,2024-12-07
C007186,Northstar Account 7186,United States,Education,SMB,Organic,2025-12-03
C007187,Northstar Account 7187,United States,Technology,SMB,Paid Search,2025-03-08
C007188,Northstar Account 7188,Germany,Healthcare,SMB,Content,2025-03-16
C007189,Northstar Account 7189,United Kingdom,Healthcare,SMB,Paid Search,2025-06-10
C007190,Northstar Account 7190,Netherlands,Education,Mid-Market,Paid Search,2025-06-10
C007191,Northstar Account 7191,United States,Healthcare,SMB,Paid Search,2026-04-03
C007192,Northstar Account 7192,United States,Retail,SMB,Organic,2026-07-21
C007193,Northstar Account 7193,United States,Retail,SMB,Organic,2026-01-10
C007194,Northstar Account 7194,United States,Other,SMB,Organic,2024-05-25
C007195,Northstar Account 7195,United States,Professional Services,Mid-Market,Referral,2025-02-12
C007196,Northstar Account 7196,United States,Manufacturing,Enterprise,Content,2024-09-20
C007197,Northstar Account 7197,United States,Healthcare,SMB,Outbound,2025-12-09
C007198,Northstar Account 7198,United States,Retail,Mid-Market,Paid Search,2025-10-03
C007199,Northstar Account 7199,Germany,Retail,Mid-Market,Paid Search,2026-08-18
C007200,Northstar Account 7200,United States,Healthcare,Mid-Market,Partner,2025-06-18
C007201,Northstar Account 7201,United States,Manufacturing,SMB,Paid Search,2024-05-28
C007202,Northstar Account 7202,Canada,Technology,SMB,Organic,2025-10-21
C007203,Northstar Account 7203,United States,Other,SMB,Referral,2025-03-18
C007204,Northstar Account 7204,United Kingdom,Manufacturing,Enterprise,Content,2024-08-01
C007205,Northstar Account 7205,Australia,Professional Services,SMB,Paid Search,2025-03-24
C007206,Northstar Account 7206,United Kingdom,Technology,SMB,Referral,2024-11-05
C007207,Northstar Account 7207,United States,Technology,SMB,Referral,2024-09-21
C007208,Northstar Account 7208,Australia,Technology,SMB,Content,2025-07-20
C007209,Northstar Account 7209,Netherlands,Technology,SMB,Organic,2026-04-23
C007210,Northstar Account 7210,Australia,Technology,SMB,Content,2026-06-09
C007211,Northstar Account 7211,United States,Other,SMB,Content,2024-12-14
C007212,Northstar Account 7212,United Kingdom,Education,Mid-Market,Paid Search,2025-06-02
C007213,Northstar Account 7213,United Kingdom,Financial Services,Mid-Market,Referral,2026-05-10
C007214,Northstar Account 7214,United States,Healthcare,SMB,Referral,2026-08-25
C007215,Northstar Account 7215,United States,Healthcare,Mid-Market,Organic,2026-05-06
C007216,Northstar Account 7216,Australia,Financial Services,SMB,Organic,2025-07-27
C007217,Northstar Account 7217,United States,Professional Services,Mid-Market,Organic,2026-05-02
C007218,Northstar Account 7218,France,Education,Mid-Market,Content,2026-01-11
C007219,Northstar Account 7219,Ireland,Financial Services,SMB,Paid Search,2024-06-11
C007220,Northstar Account 7220,United States,Other,SMB,Partner,2024-05-28
C007221,Northstar Account 7221,United States,Retail,SMB,Paid Search,2026-07-16
C007222,Northstar Account 7222,Netherlands,Financial Services,SMB,Referral,2026-07-24
C007223,Northstar Account 7223,United States,Retail,SMB,Referral,2025-06-24
C007224,Northstar Account 7224,Germany,Professional Services,SMB,Partner,2025-12-16
C007225,Northstar Account 7225,United States,Professional Services,Mid-Market,Partner,2025-01-21
C007226,Northstar Account 7226,United States,Retail,SMB,Organic,2026-01-21
C007227,Northstar Account 7227,United States,Professional Services,SMB,Organic,2025-06-15
C007228,Northstar Account 7228,United States,Technology,SMB,Content,2025-03-27
C007229,Northstar Account 7229,France,Technology,SMB,Paid Search,2025-06-13
C007230,Northstar Account 7230,United States,Financial Services,Enterprise,Content,2025-06-21
C007231,Northstar Account 7231,United States,Financial Services,SMB,Referral,2026-07-10
C007232,Northstar Account 7232,Canada,Financial Services,SMB,Content,2026-06-10
C007233,Northstar Account 7233,Netherlands,Healthcare,SMB,Organic,2024-09-11
C007234,Northstar Account 7234,United States,Other,SMB,Partner,2024-12-06
C007235,Northstar Account 7235,Germany,Retail,SMB,Paid Search,2025-01-23
C007236,Northstar Account 7236,United States,Retail,Mid-Market,Outbound,2024-01-13
C007237,Northstar Account 7237,Australia,Retail,SMB,Referral,2025-08-19
C007238,Northstar Account 7238,Canada,Professional Services,SMB,Referral,2025-07-06
C007239,Northstar Account 7239,France,Healthcare,SMB,Referral,2024-06-20
C007240,Northstar Account 7240,United Kingdom,Retail,Mid-Market,Organic,2026-08-01
C007241,Northstar Account 7241,Netherlands,Other,SMB,Referral,2026-03-19
C007242,Northstar Account 7242,United States,Technology,SMB,Content,2024-09-13
C007243,Northstar Account 7243,Canada,Technology,Mid-Market,Paid Search,2026-01-04
C007244,Northstar Account 7244,Canada,Professional Services,Mid-Market,Outbound,2025-02-10
C007245,Northstar Account 7245,United States,Technology,SMB,Content,2025-11-02
C007246,Northstar Account 7246,France,Other,Enterprise,Outbound,2025-07-03
C007247,Northstar Account 7247,Germany,Healthcare,Mid-Market,Content,2024-07-23
C007248,Northstar Account 7248,Australia,Professional Services,SMB,Organic,2025-06-25
C007249,Northstar Account 7249,United States,Education,Mid-Market,Partner,2026-08-24
C007250,Northstar Account 7250,Australia,Retail,SMB,Paid Search,2026-02-04
C007251,Northstar Account 7251,United States,Technology,SMB,Content,2025-11-17
C007252,Northstar Account 7252,Netherlands,Retail,SMB,Paid Search,2026-05-18
C007253,Northstar Account 7253,United States,Professional Services,Mid-Market,Content,2026-04-10
C007254,Northstar Account 7254,United Kingdom,Education,SMB,Organic,2026-06-16
C007255,Northstar Account 7255,United States,Manufacturing,SMB,Paid Search,2024-06-08
C007256,Northstar Account 7256,Canada,Professional Services,SMB,Paid Search,2024-06-28
C007257,Northstar Account 7257,United States,Healthcare,SMB,Referral,2026-04-07
C007258,Northstar Account 7258,Australia,Education,Mid-Market,Paid Search,2026-08-08
C007259,Northstar Account 7259,Australia,Professional Services,Mid-Market,Paid Search,2025-09-22
C007260,Northstar Account 7260,United States,Retail,SMB,Paid Search,2026-08-07
C007261,Northstar Account 7261,Germany,Professional Services,Mid-Market,Organic,2025-12-26
C007262,Northstar Account 7262,Canada,Professional Services,Mid-Market,Outbound,2024-05-18
C007263,Northstar Account 7263,United States,Retail,SMB,Partner,2026-07-26
C007264,Northstar Account 7264,United States,Professional Services,SMB,Organic,2026-05-16
C007265,Northstar Account 7265,United States,Retail,SMB,Paid Search,2025-08-27
C007266,Northstar Account 7266,United States,Manufacturing,SMB,Paid Search,2026-02-23
C007267,Northstar Account 7267,United Kingdom,Retail,SMB,Organic,2025-03-23
C007268,Northstar Account 7268,United Kingdom,Other,SMB,Paid Search,2025-11-05
C007269,Northstar Account 7269,United States,Technology,Mid-Market,Paid Search,2025-05-23
C007270,Northstar Account 7270,Netherlands,Retail,SMB,Paid Search,2025-08-09
C007271,Northstar Account 7271,United States,Healthcare,Mid-Market,Organic,2025-11-24
C007272,Northstar Account 7272,Australia,Healthcare,Mid-Market,Content,2024-03-01
C007273,Northstar Account 7273,Germany,Other,SMB,Paid Search,2024-05-02
C007274,Northstar Account 7274,Germany,Professional Services,SMB,Referral,2024-04-21
C007275,Northstar Account 7275,United Kingdom,Professional Services,Mid-Market,Referral,2025-10-02
C007276,Northstar Account 7276,United States,Healthcare,Mid-Market,Content,2025-05-10
C007277,Northstar Account 7277,Australia,Healthcare,SMB,Paid Search,2025-07-13
C007278,Northstar Account 7278,Canada,Manufacturing,Mid-Market,Content,2025-07-07
C007279,Northstar Account 7279,Australia,Manufacturing,SMB,Content,2024-02-21
C007280,Northstar Account 7280,United States,Technology,Mid-Market,Outbound,2026-04-17
C007281,Northstar Account 7281,United Kingdom,Manufacturing,Mid-Market,Content,2026-01-19
C007282,Northstar Account 7282,United States,Education,SMB,Paid Search,2026-01-08
C007283,Northstar Account 7283,United Kingdom,Healthcare,SMB,Outbound,2024-02-01
C007284,Northstar Account 7284,Germany,Professional Services,SMB,Content,2025-12-02
C007285,Northstar Account 7285,United States,Other,Enterprise,Paid Search,2025-07-08
C007286,Northstar Account 7286,United States,Manufacturing,Mid-Market,Paid Search,2026-03-07
C007287,Northstar Account 7287,United States,Professional Services,Mid-Market,Outbound,2024-05-18
C007288,Northstar Account 7288,United States,Professional Services,SMB,Paid Search,2026-02-24
C007289,Northstar Account 7289,United States,Education,SMB,Content,2026-08-08
C007290,Northstar Account 7290,United States,Other,SMB,Organic,2026-05-17
C007291,Northstar Account 7291,United States,Retail,SMB,Referral,2026-06-26
C007292,Northstar Account 7292,Canada,Financial Services,SMB,Paid Search,2024-04-14
C007293,Northstar Account 7293,Germany,Professional Services,Mid-Market,Referral,2025-08-06
C007294,Northstar Account 7294,United States,Retail,SMB,Partner,2024-11-14
C007295,Northstar Account 7295,United States,Education,SMB,Outbound,2025-09-02
C007296,Northstar Account 7296,Germany,Technology,Enterprise,Paid Search,2026-01-28
C007297,Northstar Account 7297,United States,Technology,Mid-Market,Paid Search,2026-02-26
C007298,Northstar Account 7298,United States,Education,SMB,Paid Search,2026-08-01
C007299,Northstar Account 7299,United States,Professional Services,Mid-Market,Paid Search,2026-08-08
C007300,Northstar Account 7300,Netherlands,Technology,SMB,Outbound,2024-11-05
C007301,Northstar Account 7301,United States,Technology,SMB,Paid Search,2026-07-25
C007302,Northstar Account 7302,Netherlands,Professional Services,Mid-Market,Paid Search,2026-06-25
C007303,Northstar Account 7303,United States,Professional Services,Mid-Market,Content,2026-02-10
C007304,Northstar Account 7304,United States,Professional Services,SMB,Organic,2024-11-15
C007305,Northstar Account 7305,United States,Other,SMB,Paid Search,2024-09-19
C007306,Northstar Account 7306,Germany,Education,SMB,Referral,2025-05-28
C007307,Northstar Account 7307,United Kingdom,Education,SMB,Organic,2024-02-24
C007308,Northstar Account 7308,United Kingdom,Technology,Mid-Market,Content,2024-12-20
C007309,Northstar Account 7309,Netherlands,Technology,SMB,Referral,2024-04-13
C007310,Northstar Account 7310,United Kingdom,Financial Services,SMB,Organic,2025-08-21
C007311,Northstar Account 7311,United States,Education,SMB,Referral,2025-11-19
C007312,Northstar Account 7312,Canada,Manufacturing,SMB,Content,2024-06-17
C007313,Northstar Account 7313,United States,Professional Services,SMB,Organic,2026-05-06
C007314,Northstar Account 7314,United Kingdom,Healthcare,SMB,Referral,2024-05-01
C007315,Northstar Account 7315,Australia,Retail,SMB,Organic,2025-04-15
C007316,Northstar Account 7316,United States,Technology,SMB,Partner,2025-07-26
C007317,Northstar Account 7317,United States,Financial Services,Mid-Market,Referral,2025-10-28
C007318,Northstar Account 7318,United Kingdom,Professional Services,Enterprise,Paid Search,2025-02-15
C007319,Northstar Account 7319,United States,Retail,SMB,Organic,2026-01-28
C007320,Northstar Account 7320,United States,Technology,SMB,Paid Search,2025-02-01
C007321,Northstar Account 7321,United Kingdom,Education,SMB,Referral,2024-11-24
C007322,Northstar Account 7322,United States,Manufacturing,SMB,Referral,2025-06-06
C007323,Northstar Account 7323,United States,Retail,SMB,Organic,2024-06-10
C007324,Northstar Account 7324,United Kingdom,Other,Enterprise,Paid Search,2026-08-10
C007325,Northstar Account 7325,United States,Professional Services,Mid-Market,Outbound,2025-09-07
C007326,Northstar Account 7326,United States,Financial Services,SMB,Organic,2024-07-09
C007327,Northstar Account 7327,Ireland,Education,Enterprise,Organic,2026-04-16
C007328,Northstar Account 7328,United States,Other,SMB,Paid Search,2026-02-01
C007329,Northstar Account 7329,United States,Manufacturing,SMB,Partner,2025-05-07
C007330,Northstar Account 7330,Australia,Retail,SMB,Organic,2026-08-08
C007331,Northstar Account 7331,United States,Retail,SMB,Content,2025-07-03
C007332,Northstar Account 7332,France,Financial Services,Mid-Market,Referral,2024-10-26
C007333,Northstar Account 7333,Canada,Financial Services,SMB,Paid Search,2026-03-13
C007334,Northstar Account 7334,United Kingdom,Healthcare,Mid-Market,Partner,2026-07-17
C007335,Northstar Account 7335,United States,Education,SMB,Paid Search,2024-12-17
C007336,Northstar Account 7336,United States,Retail,Mid-Market,Paid Search,2024-01-10
C007337,Northstar Account 7337,Australia,Technology,SMB,Referral,2025-11-08
C007338,Northstar Account 7338,United States,Technology,SMB,Paid Search,2026-02-03
C007339,Northstar Account 7339,Germany,Education,SMB,Content,2024-12-23
C007340,Northstar Account 7340,Australia,Education,Mid-Market,Partner,2026-08-22
C007341,Northstar Account 7341,Canada,Education,SMB,Paid Search,2024-08-19
C007342,Northstar Account 7342,United States,Healthcare,SMB,Outbound,2026-04-21
C007343,Northstar Account 7343,Canada,Professional Services,Mid-Market,Partner,2026-06-23
C007344,Northstar Account 7344,Canada,Professional Services,SMB,Paid Search,2024-08-01
C007345,Northstar Account 7345,United States,Technology,SMB,Partner,2025-07-19
C007346,Northstar Account 7346,France,Technology,SMB,Outbound,2024-02-28
C007347,Northstar Account 7347,United States,Healthcare,SMB,Organic,2025-11-24
C007348,Northstar Account 7348,Netherlands,Manufacturing,SMB,Organic,2025-09-08
C007349,Northstar Account 7349,United States,Other,SMB,Organic,2026-03-17
C007350,Northstar Account 7350,United States,Technology,SMB,Organic,2025-07-08
C007351,Northstar Account 7351,Canada,Manufacturing,SMB,Paid Search,2025-03-04
C007352,Northstar Account 7352,United States,Healthcare,SMB,Partner,2024-07-09
C007353,Northstar Account 7353,United States,Professional Services,Enterprise,Content,2024-03-10
C007354,Northstar Account 7354,United States,Education,SMB,Referral,2025-08-27
C007355,Northstar Account 7355,Australia,Other,SMB,Paid Search,2026-07-14
C007356,Northstar Account 7356,United States,Professional Services,SMB,Organic,2026-03-24
C007357,Northstar Account 7357,United Kingdom,Healthcare,Mid-Market,Paid Search,2025-04-27
C007358,Northstar Account 7358,United Kingdom,Professional Services,SMB,Organic,2026-08-18
C007359,Northstar Account 7359,United Kingdom,Technology,SMB,Referral,2024-09-14
C007360,Northstar Account 7360,United States,Technology,Mid-Market,Organic,2026-08-14
C007361,Northstar Account 7361,United States,Technology,SMB,Content,2024-10-22
C007362,Northstar Account 7362,Netherlands,Education,Mid-Market,Partner,2024-08-10
C007363,Northstar Account 7363,Germany,Technology,Mid-Market,Referral,2026-05-13
C007364,Northstar Account 7364,France,Education,Mid-Market,Content,2025-06-10
C007365,Northstar Account 7365,Canada,Financial Services,SMB,Referral,2026-06-08
C007366,Northstar Account 7366,Australia,Financial Services,SMB,Content,2026-02-10
C007367,Northstar Account 7367,Netherlands,Professional Services,SMB,Content,2024-08-03
C007368,Northstar Account 7368,United States,Technology,Mid-Market,Partner,2024-06-25
C007369,Northstar Account 7369,France,Retail,Mid-Market,Organic,2025-06-25
C007370,Northstar Account 7370,United States,Technology,Mid-Market,Organic,2025-09-20
C007371,Northstar Account 7371,United States,Professional Services,SMB,Content,2025-05-22
C007372,Northstar Account 7372,United States,Healthcare,Mid-Market,Paid Search,2024-10-12
C007373,Northstar Account 7373,United States,Education,SMB,Outbound,2024-10-15
C007374,Northstar Account 7374,United States,Technology,Mid-Market,Organic,2025-08-28
C007375,Northstar Account 7375,United Kingdom,Professional Services,SMB,Referral,2024-01-02
C007376,Northstar Account 7376,United Kingdom,Financial Services,SMB,Organic,2025-06-05
C007377,Northstar Account 7377,Australia,Other,SMB,Outbound,2024-02-24
C007378,Northstar Account 7378,United States,Education,Enterprise,Paid Search,2026-05-03
C007379,Northstar Account 7379,United States,Healthcare,SMB,Organic,2025-11-22
C007380,Northstar Account 7380,Canada,Education,SMB,Content,2024-08-11
C007381,Northstar Account 7381,United Kingdom,Technology,SMB,Organic,2026-03-20
C007382,Northstar Account 7382,Australia,Financial Services,SMB,Organic,2025-07-28
C007383,Northstar Account 7383,United States,Technology,Enterprise,Content,2025-08-17
C007384,Northstar Account 7384,United States,Education,SMB,Content,2024-11-01
C007385,Northstar Account 7385,Netherlands,Professional Services,SMB,Paid Search,2025-04-15
C007386,Northstar Account 7386,United States,Education,Mid-Market,Partner,2026-06-03
C007387,Northstar Account 7387,Canada,Manufacturing,SMB,Paid Search,2024-07-27
C007388,Northstar Account 7388,United States,Manufacturing,SMB,Paid Search,2025-11-10
C007389,Northstar Account 7389,United States,Retail,SMB,Referral,2024-10-27
C007390,Northstar Account 7390,Australia,Healthcare,SMB,Paid Search,2025-06-28
C007391,Northstar Account 7391,United States,Healthcare,SMB,Organic,2025-08-09
C007392,Northstar Account 7392,United States,Education,SMB,Organic,2024-06-10
C007393,Northstar Account 7393,Germany,Retail,SMB,Content,2024-04-25
C007394,Northstar Account 7394,United States,Retail,Mid-Market,Partner,2025-07-19
C007395,Northstar Account 7395,United States,Education,Mid-Market,Paid Search,2025-05-15
C007396,Northstar Account 7396,United Kingdom,Technology,Mid-Market,Outbound,2026-07-25
C007397,Northstar Account 7397,United States,Education,SMB,Content,2026-01-08
C007398,Northstar Account 7398,United Kingdom,Technology,SMB,Organic,2026-06-19
C007399,Northstar Account 7399,United States,Education,Enterprise,Outbound,2026-07-10
C007400,Northstar Account 7400,United States,Professional Services,Mid-Market,Organic,2024-01-03
C007401,Northstar Account 7401,United States,Financial Services,SMB,Organic,2026-06-10
C007402,Northstar Account 7402,France,Technology,SMB,Organic,2026-08-05
C007403,Northstar Account 7403,United States,Retail,SMB,Paid Search,2025-06-28
C007404,Northstar Account 7404,Netherlands,Technology,SMB,Referral,2025-11-08
C007405,Northstar Account 7405,United States,Financial Services,SMB,Partner,2025-03-27
C007406,Northstar Account 7406,United States,Technology,SMB,Content,2024-05-23
C007407,Northstar Account 7407,Canada,Retail,Enterprise,Organic,2024-12-11
C007408,Northstar Account 7408,United States,Technology,SMB,Paid Search,2024-04-23
C007409,Northstar Account 7409,United Kingdom,Manufacturing,SMB,Organic,2025-07-02
C007410,Northstar Account 7410,France,Professional Services,SMB,Paid Search,2025-12-05
C007411,Northstar Account 7411,Australia,Healthcare,Mid-Market,Outbound,2024-01-23
C007412,Northstar Account 7412,United Kingdom,Technology,Mid-Market,Referral,2024-10-11
C007413,Northstar Account 7413,Canada,Professional Services,SMB,Content,2024-04-05
C007414,Northstar Account 7414,United States,Technology,SMB,Content,2026-08-04
C007415,Northstar Account 7415,Germany,Healthcare,Mid-Market,Organic,2026-04-23
C007416,Northstar Account 7416,United States,Technology,Mid-Market,Paid Search,2024-02-14
C007417,Northstar Account 7417,United States,Other,SMB,Organic,2026-04-13
C007418,Northstar Account 7418,United Kingdom,Retail,Mid-Market,Content,2026-04-11
C007419,Northstar Account 7419,United States,Healthcare,SMB,Organic,2026-04-03
C007420,Northstar Account 7420,Canada,Professional Services,SMB,Paid Search,2026-06-28
C007421,Northstar Account 7421,United States,Professional Services,SMB,Referral,2025-06-07
C007422,Northstar Account 7422,United States,Financial Services,SMB,Paid Search,2024-11-11
C007423,Northstar Account 7423,Canada,Manufacturing,SMB,Partner,2026-05-24
C007424,Northstar Account 7424,United Kingdom,Education,SMB,Paid Search,2026-05-02
C007425,Northstar Account 7425,Netherlands,Manufacturing,Mid-Market,Partner,2024-12-17
C007426,Northstar Account 7426,United States,Technology,SMB,Organic,2025-10-15
C007427,Northstar Account 7427,United States,Other,Enterprise,Content,2025-09-21
C007428,Northstar Account 7428,United States,Retail,SMB,Referral,2025-07-26
C007429,Northstar Account 7429,United States,Financial Services,SMB,Paid Search,2025-11-03
C007430,Northstar Account 7430,United States,Manufacturing,Mid-Market,Content,2024-05-11
C007431,Northstar Account 7431,Germany,Professional Services,Mid-Market,Content,2025-06-11
C007432,Northstar Account 7432,United States,Healthcare,SMB,Referral,2024-12-23
C007433,Northstar Account 7433,France,Other,Mid-Market,Outbound,2024-01-13
C007434,Northstar Account 7434,United Kingdom,Technology,SMB,Content,2025-08-12
C007435,Northstar Account 7435,Canada,Retail,SMB,Paid Search,2025-03-08
C007436,Northstar Account 7436,United States,Healthcare,SMB,Organic,2025-05-16
C007437,Northstar Account 7437,United States,Professional Services,SMB,Organic,2024-06-18
C007438,Northstar Account 7438,United States,Professional Services,SMB,Partner,2025-08-15
C007439,Northstar Account 7439,United Kingdom,Manufacturing,SMB,Outbound,2024-12-18
C007440,Northstar Account 7440,United Kingdom,Other,Mid-Market,Referral,2024-01-25
C007441,Northstar Account 7441,United States,Healthcare,Mid-Market,Organic,2026-03-25
C007442,Northstar Account 7442,United States,Other,Mid-Market,Outbound,2025-11-16
C007443,Northstar Account 7443,Ireland,Technology,Mid-Market,Referral,2025-08-27
C007444,Northstar Account 7444,United States,Professional Services,SMB,Organic,2025-11-11
C007445,Northstar Account 7445,United States,Technology,SMB,Outbound,2025-02-01
C007446,Northstar Account 7446,United States,Retail,Mid-Market,Organic,2024-06-22
C007447,Northstar Account 7447,United States,Healthcare,SMB,Partner,2025-03-22
C007448,Northstar Account 7448,United States,Technology,SMB,Partner,2026-03-02
C007449,Northstar Account 7449,United Kingdom,Retail,SMB,Outbound,2025-11-10
C007450,Northstar Account 7450,United Kingdom,Education,SMB,Organic,2026-03-08
C007451,Northstar Account 7451,Canada,Education,SMB,Organic,2026-06-15
C007452,Northstar Account 7452,United States,Healthcare,SMB,Referral,2024-11-09
C007453,Northstar Account 7453,United States,Healthcare,SMB,Content,2026-06-21
C007454,Northstar Account 7454,Germany,Other,SMB,Paid Search,2025-12-16
C007455,Northstar Account 7455,United States,Education,Enterprise,Paid Search,2025-09-25
C007456,Northstar Account 7456,United States,Other,SMB,Outbound,2025-08-24
C007457,Northstar Account 7457,United States,Other,Mid-Market,Content,2025-06-09
C007458,Northstar Account 7458,Canada,Financial Services,Mid-Market,Organic,2024-04-16
C007459,Northstar Account 7459,United States,Technology,SMB,Organic,2024-03-18
C007460,Northstar Account 7460,France,Retail,Mid-Market,Organic,2025-02-13
C007461,Northstar Account 7461,United States,Professional Services,SMB,Referral,2024-09-27
C007462,Northstar Account 7462,Ireland,Technology,SMB,Partner,2024-05-02
C007463,Northstar Account 7463,United States,Healthcare,SMB,Content,2024-02-26
C007464,Northstar Account 7464,Canada,Technology,Mid-Market,Paid Search,2026-08-28
C007465,Northstar Account 7465,United States,Healthcare,Enterprise,Content,2024-10-11
C007466,Northstar Account 7466,Australia,Manufacturing,SMB,Paid Search,2026-08-09
C007467,Northstar Account 7467,United States,Retail,SMB,Content,2025-09-02
C007468,Northstar Account 7468,Australia,Other,SMB,Paid Search,2024-09-04
C007469,Northstar Account 7469,Germany,Manufacturing,Mid-Market,Paid Search,2024-07-07
C007470,Northstar Account 7470,United Kingdom,Manufacturing,SMB,Paid Search,2024-09-24
C007471,Northstar Account 7471,United States,Technology,SMB,Paid Search,2025-03-22
C007472,Northstar Account 7472,United States,Other,Mid-Market,Organic,2024-09-25
C007473,Northstar Account 7473,Ireland,Technology,SMB,Referral,2026-04-09
C007474,Northstar Account 7474,France,Financial Services,SMB,Content,2025-03-09
C007475,Northstar Account 7475,United States,Technology,SMB,Partner,2025-08-23
C007476,Northstar Account 7476,United States,Technology,SMB,Partner,2025-07-16
C007477,Northstar Account 7477,United States,Professional Services,SMB,Organic,2025-12-02
C007478,Northstar Account 7478,United States,Manufacturing,SMB,Content,2026-08-22
C007479,Northstar Account 7479,United States,Financial Services,SMB,Paid Search,2025-06-03
C007480,Northstar Account 7480,Australia,Education,Mid-Market,Organic,2025-02-01
C007481,Northstar Account 7481,United States,Education,SMB,Paid Search,2026-08-26
C007482,Northstar Account 7482,France,Professional Services,Mid-Market,Paid Search,2026-08-28
C007483,Northstar Account 7483,Ireland,Other,SMB,Partner,2026-03-20
C007484,Northstar Account 7484,United States,Retail,Mid-Market,Paid Search,2026-04-10
C007485,Northstar Account 7485,United States,Other,SMB,Paid Search,2025-05-05
C007486,Northstar Account 7486,United Kingdom,Manufacturing,Mid-Market,Content,2025-09-14
C007487,Northstar Account 7487,United States,Professional Services,SMB,Paid Search,2025-03-15
C007488,Northstar Account 7488,Canada,Professional Services,SMB,Referral,2025-11-02
C007489,Northstar Account 7489,United Kingdom,Education,SMB,Organic,2026-04-19
C007490,Northstar Account 7490,United States,Other,SMB,Content,2025-03-02
C007491,Northstar Account 7491,France,Education,Enterprise,Referral,2025-08-14
C007492,Northstar Account 7492,United States,Financial Services,Enterprise,Paid Search,2026-03-04
C007493,Northstar Account 7493,United States,Other,Mid-Market,Content,2024-10-02
C007494,Northstar Account 7494,Ireland,Professional Services,SMB,Organic,2025-11-09
C007495,Northstar Account 7495,United States,Healthcare,Mid-Market,Organic,2026-03-17
C007496,Northstar Account 7496,United States,Healthcare,Mid-Market,Referral,2024-03-26
C007497,Northstar Account 7497,United States,Technology,SMB,Referral,2024-11-02
C007498,Northstar Account 7498,United States,Manufacturing,SMB,Organic,2024-02-15
C007499,Northstar Account 7499,United States,Professional Services,Mid-Market,Organic,2024-01-22
C007500,Northstar Account 7500,Canada,Education,SMB,Paid Search,2025-07-10
C007501,Northstar Account 7501,United States,Retail,SMB,Referral,2026-01-23
C007502,Northstar Account 7502,United Kingdom,Financial Services,Mid-Market,Outbound,2025-04-13
C007503,Northstar Account 7503,United States,Retail,SMB,Organic,2025-11-01
C007504,Northstar Account 7504,United States,Healthcare,SMB,Outbound,2024-09-08
C007505,Northstar Account 7505,Netherlands,Technology,SMB,Paid Search,2026-05-12
C007506,Northstar Account 7506,Germany,Manufacturing,Mid-Market,Content,2025-03-18
C007507,Northstar Account 7507,Canada,Retail,Enterprise,Outbound,2026-01-05
C007508,Northstar Account 7508,United States,Healthcare,Mid-Market,Referral,2024-06-15
C007509,Northstar Account 7509,United States,Financial Services,SMB,Paid Search,2026-04-23
C007510,Northstar Account 7510,Australia,Retail,SMB,Organic,2025-08-11
C007511,Northstar Account 7511,France,Professional Services,SMB,Paid Search,2026-08-06
C007512,Northstar Account 7512,Canada,Professional Services,SMB,Referral,2025-04-20
C007513,Northstar Account 7513,United States,Healthcare,SMB,Outbound,2026-05-18
C007514,Northstar Account 7514,United States,Professional Services,Mid-Market,Organic,2025-05-11
C007515,Northstar Account 7515,United States,Professional Services,Mid-Market,Paid Search,2024-06-24
C007516,Northstar Account 7516,United States,Professional Services,SMB,Organic,2026-01-23
C007517,Northstar Account 7517,United States,Retail,Mid-Market,Partner,2024-09-03
C007518,Northstar Account 7518,United States,Retail,Mid-Market,Partner,2026-04-17
C007519,Northstar Account 7519,United States,Retail,SMB,Paid Search,2025-02-18
C007520,Northstar Account 7520,United Kingdom,Healthcare,SMB,Content,2026-03-06
C007521,Northstar Account 7521,United Kingdom,Healthcare,SMB,Paid Search,2025-07-06
C007522,Northstar Account 7522,United Kingdom,Professional Services,SMB,Referral,2025-08-05
C007523,Northstar Account 7523,United States,Other,SMB,Organic,2026-02-10
C007524,Northstar Account 7524,United Kingdom,Retail,SMB,Paid Search,2025-12-08
C007525,Northstar Account 7525,Ireland,Financial Services,SMB,Referral,2025-12-20
C007526,Northstar Account 7526,United States,Healthcare,SMB,Referral,2025-12-26
C007527,Northstar Account 7527,Australia,Professional Services,Mid-Market,Organic,2025-10-13
C007528,Northstar Account 7528,United States,Manufacturing,Mid-Market,Content,2026-04-24
C007529,Northstar Account 7529,United Kingdom,Technology,SMB,Partner,2025-01-15
C007530,Northstar Account 7530,United States,Other,SMB,Organic,2024-09-28
C007531,Northstar Account 7531,Canada,Healthcare,SMB,Outbound,2026-02-11
C007532,Northstar Account 7532,France,Technology,SMB,Outbound,2025-09-21
C007533,Northstar Account 7533,United States,Retail,SMB,Paid Search,2026-06-24
C007534,Northstar Account 7534,Germany,Education,SMB,Outbound,2026-08-26
C007535,Northstar Account 7535,France,Technology,SMB,Content,2026-05-12
C007536,Northstar Account 7536,Germany,Professional Services,Enterprise,Paid Search,2025-09-10
C007537,Northstar Account 7537,United States,Other,SMB,Partner,2026-02-01
C007538,Northstar Account 7538,United States,Professional Services,Mid-Market,Paid Search,2025-02-18
C007539,Northstar Account 7539,France,Technology,SMB,Partner,2024-01-16
C007540,Northstar Account 7540,Canada,Technology,SMB,Outbound,2026-03-11
C007541,Northstar Account 7541,Netherlands,Healthcare,Enterprise,Organic,2026-03-07
C007542,Northstar Account 7542,United States,Healthcare,SMB,Partner,2024-01-25
C007543,Northstar Account 7543,Germany,Education,SMB,Paid Search,2026-05-28
C007544,Northstar Account 7544,Germany,Other,Enterprise,Partner,2026-06-28
C007545,Northstar Account 7545,Australia,Technology,SMB,Content,2025-02-13
C007546,Northstar Account 7546,Canada,Technology,SMB,Paid Search,2024-01-21
C007547,Northstar Account 7547,United States,Professional Services,SMB,Partner,2026-06-24
C007548,Northstar Account 7548,Canada,Retail,SMB,Organic,2024-04-22
C007549,Northstar Account 7549,United Kingdom,Technology,SMB,Content,2024-11-10
C007550,Northstar Account 7550,United States,Retail,SMB,Referral,2025-09-25
C007551,Northstar Account 7551,United States,Manufacturing,Mid-Market,Referral,2026-04-19
C007552,Northstar Account 7552,France,Technology,Mid-Market,Organic,2026-03-03
C007553,Northstar Account 7553,United States,Other,SMB,Referral,2026-01-05
C007554,Northstar Account 7554,United States,Other,SMB,Referral,2026-04-14
C007555,Northstar Account 7555,United Kingdom,Retail,Mid-Market,Referral,2026-01-27
C007556,Northstar Account 7556,Ireland,Financial Services,Mid-Market,Partner,2025-11-21
C007557,Northstar Account 7557,Canada,Education,SMB,Content,2024-08-19
C007558,Northstar Account 7558,United States,Professional Services,SMB,Organic,2025-06-17
C007559,Northstar Account 7559,United States,Healthcare,Mid-Market,Paid Search,2025-06-26
C007560,Northstar Account 7560,United States,Technology,Mid-Market,Outbound,2024-01-16
C007561,Northstar Account 7561,United States,Retail,Mid-Market,Paid Search,2025-04-12
C007562,Northstar Account 7562,Germany,Financial Services,SMB,Outbound,2024-10-11
C007563,Northstar Account 7563,United States,Healthcare,SMB,Referral,2024-05-15
C007564,Northstar Account 7564,United States,Professional Services,SMB,Outbound,2025-09-07
C007565,Northstar Account 7565,Australia,Education,SMB,Partner,2024-11-27
C007566,Northstar Account 7566,United States,Other,Mid-Market,Content,2024-09-26
C007567,Northstar Account 7567,United States,Technology,SMB,Referral,2026-03-11
C007568,Northstar Account 7568,United States,Professional Services,SMB,Partner,2026-04-21
C007569,Northstar Account 7569,United States,Technology,Mid-Market,Organic,2025-12-22
C007570,Northstar Account 7570,United States,Other,Enterprise,Paid Search,2024-09-18
C007571,Northstar Account 7571,Ireland,Healthcare,Mid-Market,Organic,2025-11-04
C007572,Northstar Account 7572,Australia,Technology,Enterprise,Outbound,2026-01-03
C007573,Northstar Account 7573,Germany,Healthcare,SMB,Organic,2024-11-21
C007574,Northstar Account 7574,Canada,Retail,SMB,Content,2024-07-04
C007575,Northstar Account 7575,United States,Technology,SMB,Partner,2025-05-23
C007576,Northstar Account 7576,Australia,Financial Services,Enterprise,Organic,2025-05-13
C007577,Northstar Account 7577,United States,Education,Mid-Market,Outbound,2024-07-23
C007578,Northstar Account 7578,United States,Technology,SMB,Paid Search,2024-09-04
C007579,Northstar Account 7579,United States,Other,SMB,Partner,2025-07-12
C007580,Northstar Account 7580,United Kingdom,Technology,SMB,Organic,2025-08-05
C007581,Northstar Account 7581,United States,Technology,SMB,Paid Search,2025-09-14
C007582,Northstar Account 7582,United States,Retail,Mid-Market,Paid Search,2026-08-03
C007583,Northstar Account 7583,United States,Technology,SMB,Referral,2024-02-08
C007584,Northstar Account 7584,United States,Healthcare,Mid-Market,Paid Search,2026-03-09
C007585,Northstar Account 7585,United States,Professional Services,SMB,Content,2025-03-15
C007586,Northstar Account 7586,United Kingdom,Technology,SMB,Referral,2026-02-01
C007587,Northstar Account 7587,United States,Other,SMB,Paid Search,2026-02-09
C007588,Northstar Account 7588,United Kingdom,Professional Services,Enterprise,Organic,2025-11-21
C007589,Northstar Account 7589,United States,Retail,SMB,Paid Search,2025-11-12
C007590,Northstar Account 7590,United States,Professional Services,SMB,Content,2025-12-17
C007591,Northstar Account 7591,United Kingdom,Financial Services,SMB,Partner,2026-02-25
C007592,Northstar Account 7592,Canada,Technology,Mid-Market,Paid Search,2024-07-15
C007593,Northstar Account 7593,United States,Technology,Mid-Market,Partner,2025-03-25
C007594,Northstar Account 7594,United Kingdom,Financial Services,Mid-Market,Partner,2026-05-28
C007595,Northstar Account 7595,Germany,Technology,SMB,Referral,2025-09-15
C007596,Northstar Account 7596,United States,Financial Services,Mid-Market,Paid Search,2024-07-14
C007597,Northstar Account 7597,United Kingdom,Healthcare,SMB,Paid Search,2026-08-09
C007598,Northstar Account 7598,United States,Financial Services,Mid-Market,Organic,2026-08-25
C007599,Northstar Account 7599,Australia,Technology,SMB,Referral,2025-08-22
C007600,Northstar Account 7600,United States,Other,SMB,Referral,2025-08-06
C007601,Northstar Account 7601,Netherlands,Professional Services,Enterprise,Organic,2025-01-19
C007602,Northstar Account 7602,Canada,Technology,Enterprise,Paid Search,2025-08-08
C007603,Northstar Account 7603,United Kingdom,Manufacturing,SMB,Referral,2026-08-28
C007604,Northstar Account 7604,United States,Technology,SMB,Paid Search,2024-11-10
C007605,Northstar Account 7605,United Kingdom,Professional Services,Mid-Market,Partner,2025-01-03
C007606,Northstar Account 7606,United States,Healthcare,Enterprise,Organic,2026-06-28
C007607,Northstar Account 7607,United States,Technology,Mid-Market,Paid Search,2025-04-18
C007608,Northstar Account 7608,United States,Technology,SMB,Partner,2026-08-26
C007609,Northstar Account 7609,Canada,Retail,SMB,Paid Search,2025-03-25
C007610,Northstar Account 7610,Germany,Retail,Mid-Market,Partner,2024-01-13
C007611,Northstar Account 7611,France,Healthcare,Mid-Market,Paid Search,2026-07-13
C007612,Northstar Account 7612,United States,Education,Mid-Market,Organic,2024-11-24
C007613,Northstar Account 7613,France,Professional Services,Mid-Market,Partner,2026-01-11
C007614,Northstar Account 7614,Australia,Retail,SMB,Paid Search,2024-03-07
C007615,Northstar Account 7615,Australia,Professional Services,SMB,Referral,2026-02-16
C007616,Northstar Account 7616,Canada,Professional Services,Mid-Market,Content,2024-10-17
C007617,Northstar Account 7617,United States,Technology,SMB,Outbound,2026-04-24
C007618,Northstar Account 7618,Australia,Healthcare,Mid-Market,Paid Search,2026-08-05
C007619,Northstar Account 7619,United Kingdom,Technology,Mid-Market,Paid Search,2024-03-14
C007620,Northstar Account 7620,Canada,Education,Mid-Market,Organic,2025-03-17
C007621,Northstar Account 7621,United States,Technology,SMB,Content,2026-01-27
C007622,Northstar Account 7622,United States,Technology,Mid-Market,Organic,2026-08-07
C007623,Northstar Account 7623,United States,Professional Services,SMB,Organic,2025-03-18
C007624,Northstar Account 7624,United Kingdom,Retail,SMB,Content,2026-08-17
C007625,Northstar Account 7625,United States,Education,SMB,Paid Search,2026-06-27
C007626,Northstar Account 7626,France,Education,SMB,Partner,2026-02-13
C007627,Northstar Account 7627,United States,Other,Enterprise,Organic,2025-04-06
C007628,Northstar Account 7628,United States,Professional Services,Mid-Market,Referral,2025-08-16
C007629,Northstar Account 7629,United States,Technology,SMB,Referral,2026-02-24
C007630,Northstar Account 7630,United States,Financial Services,Mid-Market,Organic,2026-01-05
C007631,Northstar Account 7631,United States,Manufacturing,SMB,Referral,2025-01-21
C007632,Northstar Account 7632,Canada,Technology,Mid-Market,Partner,2025-09-15
C007633,Northstar Account 7633,Ireland,Technology,Mid-Market,Paid Search,2026-05-23
C007634,Northstar Account 7634,United States,Retail,SMB,Content,2025-07-09
C007635,Northstar Account 7635,United States,Professional Services,SMB,Content,2025-09-24
C007636,Northstar Account 7636,Germany,Healthcare,SMB,Outbound,2025-02-05
C007637,Northstar Account 7637,United States,Technology,SMB,Referral,2024-08-15
C007638,Northstar Account 7638,Canada,Other,Enterprise,Organic,2024-04-15
C007639,Northstar Account 7639,United Kingdom,Retail,SMB,Organic,2025-04-08
C007640,Northstar Account 7640,Australia,Manufacturing,SMB,Organic,2025-11-04
C007641,Northstar Account 7641,United States,Technology,SMB,Paid Search,2026-03-27
C007642,Northstar Account 7642,Ireland,Healthcare,Mid-Market,Organic,2024-05-12
C007643,Northstar Account 7643,Netherlands,Financial Services,SMB,Organic,2025-02-26
C007644,Northstar Account 7644,United States,Technology,Mid-Market,Paid Search,2026-04-10
C007645,Northstar Account 7645,United States,Healthcare,Mid-Market,Content,2024-06-19
C007646,Northstar Account 7646,United States,Professional Services,SMB,Paid Search,2026-08-16
C007647,Northstar Account 7647,United States,Retail,SMB,Partner,2025-11-12
C007648,Northstar Account 7648,Ireland,Manufacturing,SMB,Content,2026-07-14
C007649,Northstar Account 7649,United States,Education,SMB,Referral,2026-02-08
C007650,Northstar Account 7650,United States,Manufacturing,Mid-Market,Paid Search,2026-08-04
C007651,Northstar Account 7651,United States,Technology,Mid-Market,Referral,2025-12-19
C007652,Northstar Account 7652,United Kingdom,Financial Services,SMB,Content,2024-12-08
C007653,Northstar Account 7653,Australia,Healthcare,SMB,Content,2026-04-15
C007654,Northstar Account 7654,United Kingdom,Technology,SMB,Organic,2024-10-16
C007655,Northstar Account 7655,Canada,Financial Services,SMB,Paid Search,2025-09-28
C007656,Northstar Account 7656,United States,Technology,Mid-Market,Referral,2025-03-24
C007657,Northstar Account 7657,Canada,Technology,Mid-Market,Paid Search,2026-04-06
C007658,Northstar Account 7658,United States,Financial Services,Mid-Market,Content,2026-03-02
C007659,Northstar Account 7659,United States,Technology,SMB,Referral,2026-05-28
C007660,Northstar Account 7660,United Kingdom,Technology,SMB,Content,2024-11-03
C007661,Northstar Account 7661,Ireland,Technology,SMB,Outbound,2026-08-21
C007662,Northstar Account 7662,Canada,Financial Services,Enterprise,Partner,2026-04-23
C007663,Northstar Account 7663,Canada,Technology,Mid-Market,Outbound,2025-04-25
C007664,Northstar Account 7664,United States,Professional Services,Enterprise,Referral,2024-06-10
C007665,Northstar Account 7665,United States,Technology,SMB,Paid Search,2025-03-10
C007666,Northstar Account 7666,United Kingdom,Professional Services,SMB,Content,2024-05-08
C007667,Northstar Account 7667,Canada,Professional Services,Mid-Market,Referral,2025-11-05
C007668,Northstar Account 7668,Canada,Financial Services,SMB,Outbound,2024-06-07
C007669,Northstar Account 7669,United Kingdom,Manufacturing,SMB,Organic,2025-05-06
C007670,Northstar Account 7670,United States,Financial Services,SMB,Organic,2025-12-28
C007671,Northstar Account 7671,United States,Education,Enterprise,Content,2025-06-14
C007672,Northstar Account 7672,United States,Professional Services,SMB,Paid Search,2026-06-15
C007673,Northstar Account 7673,Canada,Technology,Enterprise,Referral,2024-11-18
C007674,Northstar Account 7674,Ireland,Retail,SMB,Partner,2025-08-05
C007675,Northstar Account 7675,United Kingdom,Professional Services,SMB,Paid Search,2026-06-28
C007676,Northstar Account 7676,Canada,Education,SMB,Paid Search,2025-03-12
C007677,Northstar Account 7677,Canada,Technology,SMB,Content,2025-07-15
C007678,Northstar Account 7678,United States,Education,Enterprise,Paid Search,2026-07-08
C007679,Northstar Account 7679,United States,Professional Services,Mid-Market,Content,2025-07-09
C007680,Northstar Account 7680,United States,Retail,Enterprise,Referral,2026-05-05
C007681,Northstar Account 7681,Netherlands,Other,Enterprise,Referral,2026-07-15
C007682,Northstar Account 7682,United States,Technology,Mid-Market,Organic,2024-11-28
C007683,Northstar Account 7683,United Kingdom,Technology,SMB,Paid Search,2026-03-01
C007684,Northstar Account 7684,United States,Technology,Mid-Market,Content,2025-12-13
C007685,Northstar Account 7685,Canada,Professional Services,SMB,Paid Search,2026-08-11
C007686,Northstar Account 7686,United States,Healthcare,Mid-Market,Organic,2025-10-20
C007687,Northstar Account 7687,Netherlands,Other,SMB,Outbound,2026-03-21
C007688,Northstar Account 7688,United States,Financial Services,Mid-Market,Organic,2025-03-26
C007689,Northstar Account 7689,France,Education,SMB,Organic,2025-10-08
C007690,Northstar Account 7690,United Kingdom,Education,SMB,Outbound,2026-03-06
C007691,Northstar Account 7691,United States,Professional Services,SMB,Paid Search,2026-08-14
C007692,Northstar Account 7692,Canada,Other,SMB,Paid Search,2024-11-04
C007693,Northstar Account 7693,United Kingdom,Healthcare,SMB,Organic,2024-04-14
C007694,Northstar Account 7694,United States,Technology,SMB,Content,2026-08-08
C007695,Northstar Account 7695,Canada,Other,SMB,Content,2025-10-09
C007696,Northstar Account 7696,United Kingdom,Retail,SMB,Content,2024-01-20
C007697,Northstar Account 7697,United Kingdom,Technology,SMB,Outbound,2025-08-05
C007698,Northstar Account 7698,Canada,Manufacturing,Mid-Market,Paid Search,2026-07-11
C007699,Northstar Account 7699,Canada,Professional Services,SMB,Referral,2026-08-19
C007700,Northstar Account 7700,United States,Technology,SMB,Paid Search,2025-02-14
C007701,Northstar Account 7701,United States,Professional Services,SMB,Outbound,2026-03-24
C007702,Northstar Account 7702,United States,Healthcare,SMB,Outbound,2025-06-01
C007703,Northstar Account 7703,United Kingdom,Professional Services,SMB,Organic,2025-04-12
C007704,Northstar Account 7704,United States,Technology,SMB,Content,2026-03-01
C007705,Northstar Account 7705,United States,Professional Services,SMB,Referral,2024-12-02
C007706,Northstar Account 7706,Germany,Professional Services,SMB,Paid Search,2025-05-12
C007707,Northstar Account 7707,United States,Retail,SMB,Referral,2024-11-08
C007708,Northstar Account 7708,United States,Retail,SMB,Outbound,2024-07-05
C007709,Northstar Account 7709,Australia,Technology,SMB,Organic,2025-04-27
C007710,Northstar Account 7710,Canada,Professional Services,Mid-Market,Paid Search,2026-08-23
C007711,Northstar Account 7711,Germany,Professional Services,SMB,Outbound,2025-05-13
C007712,Northstar Account 7712,United States,Retail,Mid-Market,Organic,2026-01-27
C007713,Northstar Account 7713,United Kingdom,Financial Services,SMB,Organic,2024-12-03
C007714,Northstar Account 7714,Netherlands,Technology,SMB,Referral,2026-05-26
C007715,Northstar Account 7715,United States,Technology,SMB,Referral,2025-11-25
C007716,Northstar Account 7716,United States,Technology,SMB,Organic,2026-07-14
C007717,Northstar Account 7717,United States,Healthcare,SMB,Paid Search,2025-02-20
C007718,Northstar Account 7718,France,Professional Services,Mid-Market,Content,2025-09-09
C007719,Northstar Account 7719,United States,Education,Mid-Market,Partner,2024-09-28
C007720,Northstar Account 7720,United States,Education,SMB,Referral,2024-07-14
C007721,Northstar Account 7721,United Kingdom,Technology,SMB,Content,2025-10-07
C007722,Northstar Account 7722,Netherlands,Retail,Mid-Market,Paid Search,2026-04-03
C007723,Northstar Account 7723,United States,Other,SMB,Content,2024-09-20
C007724,Northstar Account 7724,United Kingdom,Professional Services,SMB,Content,2026-01-27
C007725,Northstar Account 7725,Netherlands,Retail,Mid-Market,Outbound,2025-12-20
C007726,Northstar Account 7726,United States,Healthcare,SMB,Paid Search,2025-07-19
C007727,Northstar Account 7727,United Kingdom,Professional Services,SMB,Organic,2026-03-23
C007728,Northstar Account 7728,United States,Manufacturing,SMB,Referral,2025-10-09
C007729,Northstar Account 7729,United States,Technology,SMB,Outbound,2026-07-10
C007730,Northstar Account 7730,United States,Professional Services,SMB,Outbound,2026-03-22
C007731,Northstar Account 7731,United States,Healthcare,Mid-Market,Organic,2026-06-19
C007732,Northstar Account 7732,United States,Other,SMB,Partner,2025-03-07
C007733,Northstar Account 7733,Germany,Technology,SMB,Paid Search,2026-04-02
C007734,Northstar Account 7734,United States,Healthcare,SMB,Referral,2026-08-22
C007735,Northstar Account 7735,United States,Technology,Mid-Market,Content,2024-08-25
C007736,Northstar Account 7736,Canada,Healthcare,SMB,Content,2025-08-12
C007737,Northstar Account 7737,Netherlands,Retail,Mid-Market,Organic,2026-05-24
C007738,Northstar Account 7738,United States,Retail,SMB,Outbound,2025-04-25
C007739,Northstar Account 7739,United States,Other,SMB,Paid Search,2025-08-20
C007740,Northstar Account 7740,United States,Education,SMB,Partner,2026-02-28
C007741,Northstar Account 7741,Australia,Technology,SMB,Partner,2026-04-28
C007742,Northstar Account 7742,Australia,Other,SMB,Partner,2024-09-09
C007743,Northstar Account 7743,United States,Professional Services,Mid-Market,Content,2025-04-26
C007744,Northstar Account 7744,United States,Education,Mid-Market,Referral,2025-04-16
C007745,Northstar Account 7745,United Kingdom,Education,Mid-Market,Paid Search,2024-07-11
C007746,Northstar Account 7746,Canada,Financial Services,SMB,Paid Search,2024-05-07
C007747,Northstar Account 7747,United States,Retail,SMB,Partner,2026-02-20
C007748,Northstar Account 7748,United States,Education,SMB,Referral,2026-05-23
C007749,Northstar Account 7749,United States,Healthcare,SMB,Partner,2026-07-06
C007750,Northstar Account 7750,Canada,Retail,Mid-Market,Organic,2026-07-14
C007751,Northstar Account 7751,Ireland,Other,Mid-Market,Paid Search,2026-08-25
C007752,Northstar Account 7752,United States,Professional Services,SMB,Content,2024-04-28
C007753,Northstar Account 7753,France,Professional Services,Mid-Market,Partner,2025-04-13
C007754,Northstar Account 7754,United States,Education,Mid-Market,Partner,2024-04-25
C007755,Northstar Account 7755,Canada,Technology,SMB,Organic,2025-12-24
C007756,Northstar Account 7756,Australia,Financial Services,Mid-Market,Organic,2026-08-08
C007757,Northstar Account 7757,United Kingdom,Professional Services,SMB,Organic,2024-02-13
C007758,Northstar Account 7758,United States,Retail,SMB,Paid Search,2025-08-04
C007759,Northstar Account 7759,United States,Education,SMB,Referral,2025-08-01
C007760,Northstar Account 7760,Germany,Financial Services,SMB,Organic,2024-08-18
C007761,Northstar Account 7761,United Kingdom,Education,SMB,Organic,2026-04-01
C007762,Northstar Account 7762,United States,Technology,Enterprise,Outbound,2025-04-09
C007763,Northstar Account 7763,United Kingdom,Professional Services,SMB,Organic,2025-05-05
C007764,Northstar Account 7764,United States,Manufacturing,SMB,Partner,2026-08-08
C007765,Northstar Account 7765,United States,Other,SMB,Organic,2024-11-07
C007766,Northstar Account 7766,Australia,Education,SMB,Organic,2025-04-16
C007767,Northstar Account 7767,United States,Healthcare,Mid-Market,Paid Search,2026-03-22
C007768,Northstar Account 7768,United States,Professional Services,SMB,Content,2025-07-16
C007769,Northstar Account 7769,United States,Retail,Enterprise,Partner,2025-10-22
C007770,Northstar Account 7770,France,Retail,Mid-Market,Referral,2025-07-16
C007771,Northstar Account 7771,United States,Technology,SMB,Outbound,2024-12-20
C007772,Northstar Account 7772,United States,Technology,SMB,Paid Search,2024-08-09
C007773,Northstar Account 7773,United States,Healthcare,SMB,Referral,2026-05-10
C007774,Northstar Account 7774,United States,Retail,Enterprise,Paid Search,2024-12-05
C007775,Northstar Account 7775,United States,Professional Services,Mid-Market,Organic,2026-08-15
C007776,Northstar Account 7776,United States,Financial Services,SMB,Content,2024-01-06
C007777,Northstar Account 7777,United States,Technology,SMB,Paid Search,2026-06-18
C007778,Northstar Account 7778,United Kingdom,Education,Mid-Market,Outbound,2026-07-21
C007779,Northstar Account 7779,United States,Manufacturing,SMB,Partner,2024-03-25
C007780,Northstar Account 7780,United States,Financial Services,Mid-Market,Organic,2025-11-14
C007781,Northstar Account 7781,Canada,Financial Services,Mid-Market,Paid Search,2026-03-28
C007782,Northstar Account 7782,United States,Manufacturing,SMB,Partner,2025-11-14
C007783,Northstar Account 7783,United States,Retail,SMB,Partner,2026-06-20
C007784,Northstar Account 7784,Ireland,Healthcare,SMB,Paid Search,2024-07-28
C007785,Northstar Account 7785,United Kingdom,Financial Services,SMB,Partner,2026-07-15
C007786,Northstar Account 7786,Canada,Retail,Enterprise,Paid Search,2025-09-26
C007787,Northstar Account 7787,United Kingdom,Education,Mid-Market,Outbound,2025-02-17
C007788,Northstar Account 7788,Netherlands,Technology,Mid-Market,Organic,2025-08-02
C007789,Northstar Account 7789,United States,Healthcare,SMB,Partner,2025-02-14
C007790,Northstar Account 7790,United States,Technology,SMB,Content,2025-06-23
C007791,Northstar Account 7791,Germany,Education,Mid-Market,Referral,2024-08-19
C007792,Northstar Account 7792,United States,Professional Services,SMB,Content,2026-05-07
C007793,Northstar Account 7793,United Kingdom,Professional Services,SMB,Outbound,2025-04-09
C007794,Northstar Account 7794,United States,Professional Services,SMB,Paid Search,2025-06-21
C007795,Northstar Account 7795,United States,Education,SMB,Organic,2026-06-23
C007796,Northstar Account 7796,Canada,Other,Mid-Market,Referral,2026-06-05
C007797,Northstar Account 7797,United Kingdom,Technology,SMB,Paid Search,2026-03-13
C007798,Northstar Account 7798,United Kingdom,Technology,Mid-Market,Referral,2024-02-05
C007799,Northstar Account 7799,United States,Education,SMB,Paid Search,2026-06-09
C007800,Northstar Account 7800,United States,Healthcare,SMB,Outbound,2024-09-27
C007801,Northstar Account 7801,Canada,Professional Services,SMB,Referral,2025-06-01
C007802,Northstar Account 7802,United States,Education,Mid-Market,Partner,2026-06-16
C007803,Northstar Account 7803,United Kingdom,Financial Services,SMB,Organic,2024-05-13
C007804,Northstar Account 7804,United Kingdom,Professional Services,SMB,Outbound,2024-07-10
C007805,Northstar Account 7805,United States,Retail,SMB,Referral,2025-10-26
C007806,Northstar Account 7806,United States,Technology,Mid-Market,Content,2025-06-25
C007807,Northstar Account 7807,Germany,Other,Mid-Market,Content,2025-04-01
C007808,Northstar Account 7808,United States,Manufacturing,SMB,Paid Search,2026-04-09
C007809,Northstar Account 7809,United States,Retail,Enterprise,Paid Search,2026-06-07
C007810,Northstar Account 7810,Netherlands,Other,SMB,Paid Search,2026-08-02
C007811,Northstar Account 7811,United States,Professional Services,SMB,Referral,2024-06-15
C007812,Northstar Account 7812,Germany,Manufacturing,SMB,Referral,2025-12-12
C007813,Northstar Account 7813,United States,Manufacturing,Mid-Market,Organic,2026-05-12
C007814,Northstar Account 7814,United States,Financial Services,SMB,Outbound,2024-11-20
C007815,Northstar Account 7815,United Kingdom,Education,SMB,Paid Search,2025-07-28
C007816,Northstar Account 7816,United States,Technology,SMB,Content,2024-01-19
C007817,Northstar Account 7817,Canada,Technology,SMB,Partner,2024-07-18
C007818,Northstar Account 7818,United States,Technology,Mid-Market,Organic,2024-06-14
C007819,Northstar Account 7819,United Kingdom,Financial Services,Enterprise,Paid Search,2026-01-12
C007820,Northstar Account 7820,Germany,Retail,SMB,Referral,2025-11-15
C007821,Northstar Account 7821,United Kingdom,Healthcare,SMB,Content,2024-02-08
C007822,Northstar Account 7822,United States,Technology,SMB,Organic,2025-10-15
C007823,Northstar Account 7823,United States,Retail,SMB,Partner,2024-04-11
C007824,Northstar Account 7824,United States,Retail,SMB,Referral,2024-09-11
C007825,Northstar Account 7825,France,Healthcare,Enterprise,Organic,2026-06-25
C007826,Northstar Account 7826,United Kingdom,Professional Services,SMB,Referral,2025-06-03
C007827,Northstar Account 7827,United Kingdom,Technology,Mid-Market,Organic,2026-03-23
C007828,Northstar Account 7828,United States,Technology,SMB,Content,2025-01-05
C007829,Northstar Account 7829,United States,Other,Mid-Market,Referral,2024-06-11
C007830,Northstar Account 7830,United States,Healthcare,SMB,Paid Search,2026-06-21
C007831,Northstar Account 7831,United States,Education,Enterprise,Content,2024-08-26
C007832,Northstar Account 7832,United States,Other,Mid-Market,Organic,2025-03-23
C007833,Northstar Account 7833,United States,Healthcare,SMB,Outbound,2026-01-21
C007834,Northstar Account 7834,United States,Healthcare,Mid-Market,Referral,2025-10-12
C007835,Northstar Account 7835,United Kingdom,Retail,SMB,Paid Search,2026-07-11
C007836,Northstar Account 7836,United States,Technology,SMB,Referral,2026-08-10
C007837,Northstar Account 7837,United States,Professional Services,SMB,Paid Search,2024-07-24
C007838,Northstar Account 7838,Germany,Financial Services,Mid-Market,Content,2024-10-18
C007839,Northstar Account 7839,United Kingdom,Retail,Mid-Market,Outbound,2025-11-02
C007840,Northstar Account 7840,United States,Technology,SMB,Referral,2024-07-01
C007841,Northstar Account 7841,Germany,Financial Services,Mid-Market,Partner,2025-09-04
C007842,Northstar Account 7842,United States,Technology,SMB,Referral,2025-03-16
C007843,Northstar Account 7843,United Kingdom,Education,SMB,Organic,2026-06-28
C007844,Northstar Account 7844,France,Education,SMB,Paid Search,2026-07-14
C007845,Northstar Account 7845,United States,Professional Services,SMB,Outbound,2024-11-07
C007846,Northstar Account 7846,United Kingdom,Technology,SMB,Organic,2024-05-13
C007847,Northstar Account 7847,United States,Retail,SMB,Organic,2026-08-20
C007848,Northstar Account 7848,United States,Manufacturing,SMB,Paid Search,2024-07-01
C007849,Northstar Account 7849,United States,Financial Services,SMB,Outbound,2024-08-19
C007850,Northstar Account 7850,United States,Manufacturing,Mid-Market,Outbound,2024-11-27
C007851,Northstar Account 7851,United States,Technology,SMB,Organic,2025-02-27
C007852,Northstar Account 7852,United States,Professional Services,Mid-Market,Organic,2024-07-05
C007853,Northstar Account 7853,United States,Healthcare,SMB,Content,2025-02-28
C007854,Northstar Account 7854,United States,Education,SMB,Organic,2024-02-04
C007855,Northstar Account 7855,United States,Technology,SMB,Outbound,2026-04-14
C007856,Northstar Account 7856,United States,Technology,Mid-Market,Outbound,2024-12-11
C007857,Northstar Account 7857,United States,Technology,SMB,Content,2026-04-19
C007858,Northstar Account 7858,United States,Professional Services,SMB,Paid Search,2025-12-22
C007859,Northstar Account 7859,Canada,Education,Mid-Market,Referral,2025-07-18
C007860,Northstar Account 7860,Ireland,Other,Mid-Market,Outbound,2026-08-22
C007861,Northstar Account 7861,United States,Technology,SMB,Organic,2025-04-28
C007862,Northstar Account 7862,United States,Retail,SMB,Content,2024-08-15
C007863,Northstar Account 7863,Australia,Professional Services,SMB,Organic,2025-10-17
C007864,Northstar Account 7864,United Kingdom,Retail,SMB,Outbound,2024-07-16
C007865,Northstar Account 7865,Ireland,Technology,Mid-Market,Referral,2024-12-08
C007866,Northstar Account 7866,Canada,Professional Services,SMB,Paid Search,2026-06-13
C007867,Northstar Account 7867,Canada,Professional Services,SMB,Partner,2026-06-16
C007868,Northstar Account 7868,United States,Education,SMB,Paid Search,2025-06-01
C007869,Northstar Account 7869,United States,Education,SMB,Organic,2025-07-11
C007870,Northstar Account 7870,United Kingdom,Education,Mid-Market,Outbound,2025-09-08
C007871,Northstar Account 7871,United Kingdom,Retail,SMB,Paid Search,2024-05-19
C007872,Northstar Account 7872,Germany,Professional Services,SMB,Outbound,2024-11-11
C007873,Northstar Account 7873,Ireland,Professional Services,SMB,Paid Search,2025-10-04
C007874,Northstar Account 7874,United States,Technology,SMB,Referral,2025-02-16
C007875,Northstar Account 7875,United States,Technology,SMB,Outbound,2024-10-13
C007876,Northstar Account 7876,Australia,Technology,SMB,Referral,2025-12-19
C007877,Northstar Account 7877,Australia,Other,SMB,Content,2025-09-21
C007878,Northstar Account 7878,Germany,Other,Mid-Market,Outbound,2025-02-28
C007879,Northstar Account 7879,United Kingdom,Manufacturing,Enterprise,Referral,2026-07-18
C007880,Northstar Account 7880,Ireland,Healthcare,Enterprise,Content,2026-03-15
C007881,Northstar Account 7881,United States,Education,SMB,Paid Search,2025-10-08
C007882,Northstar Account 7882,United States,Healthcare,SMB,Organic,2024-10-19
C007883,Northstar Account 7883,United States,Education,SMB,Organic,2025-12-12
C007884,Northstar Account 7884,United States,Technology,Mid-Market,Content,2026-01-27
C007885,Northstar Account 7885,Germany,Other,SMB,Referral,2025-10-20
C007886,Northstar Account 7886,United States,Manufacturing,SMB,Referral,2025-11-08
C007887,Northstar Account 7887,United Kingdom,Professional Services,SMB,Outbound,2024-08-27
C007888,Northstar Account 7888,United States,Retail,SMB,Paid Search,2025-02-13
C007889,Northstar Account 7889,Canada,Manufacturing,Mid-Market,Outbound,2026-06-18
C007890,Northstar Account 7890,United States,Other,Mid-Market,Paid Search,2024-07-21
C007891,Northstar Account 7891,United Kingdom,Professional Services,SMB,Organic,2025-10-19
C007892,Northstar Account 7892,United States,Retail,Mid-Market,Referral,2026-06-16
C007893,Northstar Account 7893,United States,Professional Services,SMB,Organic,2024-01-21
C007894,Northstar Account 7894,United States,Professional Services,SMB,Referral,2026-08-26
C007895,Northstar Account 7895,United Kingdom,Professional Services,SMB,Content,2026-06-05
C007896,Northstar Account 7896,United Kingdom,Technology,Mid-Market,Content,2026-01-16
C007897,Northstar Account 7897,Ireland,Retail,SMB,Paid Search,2026-01-17
C007898,Northstar Account 7898,France,Retail,SMB,Paid Search,2026-05-26
C007899,Northstar Account 7899,United States,Manufacturing,Enterprise,Paid Search,2024-08-17
C007900,Northstar Account 7900,United States,Retail,SMB,Partner,2026-01-05
C007901,Northstar Account 7901,United States,Professional Services,SMB,Paid Search,2025-02-22
C007902,Northstar Account 7902,United States,Retail,SMB,Organic,2026-06-23
C007903,Northstar Account 7903,United States,Manufacturing,Enterprise,Content,2025-08-24
C007904,Northstar Account 7904,France,Retail,Mid-Market,Outbound,2026-03-06
C007905,Northstar Account 7905,France,Healthcare,Enterprise,Content,2024-08-05
C007906,Northstar Account 7906,United States,Technology,SMB,Paid Search,2024-11-02
C007907,Northstar Account 7907,Germany,Technology,SMB,Partner,2026-05-12
C007908,Northstar Account 7908,Australia,Other,Mid-Market,Paid Search,2025-04-04
C007909,Northstar Account 7909,United States,Professional Services,SMB,Organic,2025-08-22
C007910,Northstar Account 7910,Australia,Professional Services,SMB,Organic,2026-02-17
C007911,Northstar Account 7911,Ireland,Technology,Enterprise,Outbound,2024-08-09
C007912,Northstar Account 7912,Netherlands,Retail,SMB,Referral,2025-01-09
C007913,Northstar Account 7913,Canada,Manufacturing,SMB,Organic,2025-02-13
C007914,Northstar Account 7914,United States,Education,Mid-Market,Referral,2026-07-05
C007915,Northstar Account 7915,United States,Financial Services,Mid-Market,Outbound,2024-07-12
C007916,Northstar Account 7916,Ireland,Professional Services,Enterprise,Paid Search,2025-03-18
C007917,Northstar Account 7917,United States,Professional Services,Mid-Market,Content,2026-08-13
C007918,Northstar Account 7918,United States,Other,SMB,Paid Search,2026-05-14
C007919,Northstar Account 7919,United States,Retail,Mid-Market,Paid Search,2025-12-24
C007920,Northstar Account 7920,United States,Financial Services,SMB,Content,2025-09-11
C007921,Northstar Account 7921,United States,Healthcare,Mid-Market,Paid Search,2026-05-04
C007922,Northstar Account 7922,Germany,Technology,SMB,Content,2026-07-15
C007923,Northstar Account 7923,United Kingdom,Other,Mid-Market,Paid Search,2026-07-05
C007924,Northstar Account 7924,United States,Professional Services,SMB,Referral,2025-11-25
C007925,Northstar Account 7925,United States,Education,Mid-Market,Referral,2026-02-05
C007926,Northstar Account 7926,United Kingdom,Professional Services,SMB,Content,2026-03-21
C007927,Northstar Account 7927,Germany,Healthcare,SMB,Content,2026-04-13
C007928,Northstar Account 7928,France,Healthcare,SMB,Referral,2026-02-14
C007929,Northstar Account 7929,Australia,Professional Services,SMB,Organic,2024-09-25
C007930,Northstar Account 7930,United States,Other,Mid-Market,Paid Search,2026-03-24
C007931,Northstar Account 7931,Australia,Technology,SMB,Referral,2025-04-05
C007932,Northstar Account 7932,United Kingdom,Retail,SMB,Partner,2024-09-25
C007933,Northstar Account 7933,United Kingdom,Technology,SMB,Paid Search,2024-05-09
C007934,Northstar Account 7934,Canada,Education,SMB,Outbound,2024-11-11
C007935,Northstar Account 7935,United States,Retail,SMB,Organic,2025-08-24
C007936,Northstar Account 7936,United States,Healthcare,SMB,Paid Search,2024-11-05
C007937,Northstar Account 7937,Canada,Education,SMB,Outbound,2025-12-12
C007938,Northstar Account 7938,United States,Manufacturing,SMB,Partner,2026-08-04
C007939,Northstar Account 7939,Canada,Other,SMB,Referral,2024-03-16
C007940,Northstar Account 7940,United States,Financial Services,SMB,Paid Search,2024-07-18
C007941,Northstar Account 7941,United Kingdom,Professional Services,SMB,Organic,2024-11-17
C007942,Northstar Account 7942,Australia,Education,SMB,Referral,2026-04-27
C007943,Northstar Account 7943,United States,Technology,Mid-Market,Organic,2024-12-20
C007944,Northstar Account 7944,United States,Technology,SMB,Referral,2024-09-02
C007945,Northstar Account 7945,United Kingdom,Retail,SMB,Paid Search,2024-07-06
C007946,Northstar Account 7946,United States,Retail,SMB,Paid Search,2024-07-14
C007947,Northstar Account 7947,United States,Retail,Enterprise,Paid Search,2026-02-13
C007948,Northstar Account 7948,Canada,Retail,SMB,Organic,2026-01-06
C007949,Northstar Account 7949,United States,Education,SMB,Organic,2025-01-15
C007950,Northstar Account 7950,United Kingdom,Other,Mid-Market,Content,2025-06-15
C007951,Northstar Account 7951,United States,Technology,Mid-Market,Partner,2025-11-13
C007952,Northstar Account 7952,United States,Professional Services,SMB,Paid Search,2026-08-24
C007953,Northstar Account 7953,United States,Technology,Mid-Market,Partner,2026-02-11
C007954,Northstar Account 7954,Netherlands,Technology,SMB,Paid Search,2026-04-23
C007955,Northstar Account 7955,United Kingdom,Other,Mid-Market,Organic,2026-08-20
C007956,Northstar Account 7956,United States,Technology,Mid-Market,Content,2025-04-28
C007957,Northstar Account 7957,United States,Technology,SMB,Referral,2024-04-18
C007958,Northstar Account 7958,United Kingdom,Retail,SMB,Referral,2026-02-14
C007959,Northstar Account 7959,United Kingdom,Professional Services,SMB,Organic,2024-06-01
C007960,Northstar Account 7960,United States,Healthcare,Enterprise,Paid Search,2025-06-19
C007961,Northstar Account 7961,United States,Other,SMB,Content,2026-02-15
C007962,Northstar Account 7962,United States,Education,SMB,Partner,2025-09-26
C007963,Northstar Account 7963,United Kingdom,Retail,Mid-Market,Referral,2025-03-17
C007964,Northstar Account 7964,Germany,Education,Mid-Market,Outbound,2025-08-20
C007965,Northstar Account 7965,United Kingdom,Financial Services,SMB,Organic,2024-11-26
C007966,Northstar Account 7966,Canada,Professional Services,Mid-Market,Content,2024-04-27
C007967,Northstar Account 7967,United States,Education,SMB,Partner,2025-05-07
C007968,Northstar Account 7968,United Kingdom,Healthcare,Mid-Market,Paid Search,2024-03-07
C007969,Northstar Account 7969,United Kingdom,Manufacturing,SMB,Paid Search,2026-08-22
C007970,Northstar Account 7970,United States,Technology,SMB,Referral,2025-06-04
C007971,Northstar Account 7971,Netherlands,Manufacturing,SMB,Organic,2026-06-23
C007972,Northstar Account 7972,United States,Manufacturing,SMB,Referral,2026-07-05
C007973,Northstar Account 7973,United Kingdom,Education,SMB,Referral,2025-06-11
C007974,Northstar Account 7974,United Kingdom,Technology,SMB,Organic,2025-05-24
C007975,Northstar Account 7975,Australia,Technology,Mid-Market,Partner,2026-06-04
C007976,Northstar Account 7976,United States,Manufacturing,Mid-Market,Referral,2024-02-02
C007977,Northstar Account 7977,France,Education,Mid-Market,Organic,2025-07-22
C007978,Northstar Account 7978,United States,Other,Enterprise,Content,2024-12-23
C007979,Northstar Account 7979,United States,Retail,Mid-Market,Paid Search,2026-02-22
C007980,Northstar Account 7980,Australia,Professional Services,SMB,Outbound,2026-05-13
C007981,Northstar Account 7981,United States,Manufacturing,SMB,Paid Search,2025-11-22
C007982,Northstar Account 7982,United Kingdom,Manufacturing,Mid-Market,Paid Search,2025-05-20
C007983,Northstar Account 7983,United States,Retail,Mid-Market,Referral,2025-09-11
C007984,Northstar Account 7984,Netherlands,Manufacturing,Enterprise,Paid Search,2025-10-21
C007985,Northstar Account 7985,Germany,Professional Services,Mid-Market,Organic,2025-11-06
C007986,Northstar Account 7986,United States,Technology,SMB,Paid Search,2026-07-12
C007987,Northstar Account 7987,Germany,Technology,Enterprise,Referral,2024-11-24
C007988,Northstar Account 7988,United States,Professional Services,Enterprise,Partner,2024-09-05
C007989,Northstar Account 7989,United Kingdom,Education,Mid-Market,Paid Search,2024-09-12
C007990,Northstar Account 7990,Germany,Professional Services,Mid-Market,Organic,2026-01-18
C007991,Northstar Account 7991,Canada,Financial Services,SMB,Paid Search,2026-06-17
C007992,Northstar Account 7992,Canada,Professional Services,Enterprise,Outbound,2025-02-27
C007993,Northstar Account 7993,Australia,Education,SMB,Paid Search,2025-05-19
C007994,Northstar Account 7994,United Kingdom,Retail,Mid-Market,Referral,2026-08-01
C007995,Northstar Account 7995,France,Technology,SMB,Partner,2024-07-28
C007996,Northstar Account 7996,United States,Healthcare,SMB,Partner,2026-06-07
C007997,Northstar Account 7997,United States,Other,SMB,Outbound,2026-08-17
C007998,Northstar Account 7998,Germany,Other,SMB,Organic,2026-04-25
C007999,Northstar Account 7999,United States,Professional Services,SMB,Content,2025-02-18
C008000,Northstar Account 8000,United States,Healthcare,Enterprise,Organic,2025-12-02
