subscription_id,customer_id,plan_id,start_date,billing_cycle,monthly_recurring_revenue,status,churn_date,cancellation_reason
S000001,C000001,P2,2024-07-11,Annual,67.15,Active,,
S000002,C000002,P2,2025-06-09,Monthly,79.0,Active,,
S000003,C000003,P3,2025-02-01,Annual,169.15,Active,,
S000004,C000004,P2,2026-07-04,Annual,67.15,Active,,
S000005,C000005,P3,2025-11-06,Monthly,199.0,Active,,
S000006,C000006,P4,2024-09-04,Annual,424.15,Churned,2025-08-15,Low engagement
S000007,C000007,P2,2026-08-27,Annual,67.15,Active,,
S000008,C000008,P3,2026-01-01,Monthly,199.0,Active,,
S000009,C000009,P2,2024-07-11,Monthly,79.0,Active,,
S000010,C000010,P2,2026-04-28,Annual,67.15,Active,,
S000011,C000011,P2,2025-09-04,Monthly,79.0,Churned,2025-09-25,Support experience
S000012,C000012,P3,2025-04-19,Monthly,199.0,Active,,
S000013,C000013,P1,2024-09-08,Monthly,29.0,Churned,2025-06-12,Low engagement
S000014,C000014,P3,2024-12-09,Monthly,199.0,Churned,2025-10-25,Low engagement
S000015,C000015,P1,2024-08-13,Monthly,29.0,Active,,
S000016,C000016,P2,2026-04-17,Monthly,79.0,Active,,
S000017,C000017,P1,2024-12-22,Monthly,29.0,Active,,
S000018,C000018,P1,2025-06-18,Monthly,29.0,Active,,
S000019,C000019,P2,2026-08-01,Annual,67.15,Active,,
S000020,C000020,P2,2026-08-06,Monthly,79.0,Active,,
S000021,C000021,P3,2026-03-18,Monthly,199.0,Active,,
S000022,C000022,P1,2026-04-09,Monthly,29.0,Active,,
S000023,C000023,P4,2026-07-02,Annual,424.15,Active,,
S000024,C000024,P3,2026-04-16,Monthly,199.0,Active,,
S000025,C000025,P4,2025-06-09,Monthly,499.0,Active,,
S000026,C000026,P1,2024-03-24,Monthly,29.0,Active,,
S000027,C000027,P1,2024-10-25,Monthly,29.0,Active,,
S000028,C000028,P2,2025-06-04,Monthly,79.0,Active,,
S000029,C000029,P1,2024-12-22,Annual,24.65,Active,,
S000030,C000030,P3,2025-02-25,Monthly,199.0,Churned,2025-04-10,Price
S000031,C000031,P2,2024-03-18,Monthly,79.0,Active,,
S000032,C000032,P4,2025-09-18,Annual,424.15,Active,,
S000033,C000033,P2,2025-03-13,Monthly,79.0,Churned,2025-06-18,Price
S000034,C000034,P1,2024-11-14,Monthly,29.0,Active,,
S000035,C000035,P1,2025-11-03,Monthly,29.0,Active,,
S000036,C000036,P1,2024-12-05,Monthly,29.0,Active,,
S000037,C000037,P1,2025-07-20,Monthly,29.0,Active,,
S000038,C000038,P1,2024-11-16,Annual,24.65,Active,,
S000039,C000039,P1,2026-01-05,Annual,24.65,Active,,
S000040,C000040,P3,2026-05-10,Annual,169.15,Active,,
S000041,C000041,P1,2024-04-19,Monthly,29.0,Active,,
S000042,C000042,P2,2026-04-06,Annual,67.15,Active,,
S000043,C000043,P4,2026-05-06,Monthly,499.0,Active,,
S000044,C000044,P1,2026-08-25,Monthly,29.0,Active,,
S000045,C000045,P4,2026-04-13,Annual,424.15,Active,,
S000046,C000046,P3,2025-09-13,Annual,169.15,Active,,
S000047,C000047,P1,2024-04-03,Monthly,29.0,Churned,2024-08-20,Price
S000048,C000048,P2,2024-04-03,Monthly,79.0,Churned,2026-03-25,Other
S000049,C000049,P4,2024-09-19,Monthly,499.0,Churned,2025-08-09,Price
S000050,C000050,P2,2025-06-09,Monthly,79.0,Active,,
S000051,C000051,P1,2026-07-08,Annual,24.65,Active,,
S000052,C000052,P1,2024-08-06,Monthly,29.0,Active,,
S000053,C000053,P3,2025-09-22,Annual,169.15,Active,,
S000054,C000054,P2,2026-08-27,Annual,67.15,Active,,
S000055,C000055,P3,2024-01-08,Annual,169.15,Active,,
S000056,C000056,P4,2024-03-07,Monthly,499.0,Active,,
S000057,C000057,P2,2024-12-22,Monthly,79.0,Active,,
S000058,C000058,P2,2024-10-15,Annual,67.15,Active,,
S000059,C000059,P1,2025-07-23,Monthly,29.0,Active,,
S000060,C000060,P1,2025-05-21,Monthly,29.0,Churned,2025-10-19,Support experience
S000061,C000061,P2,2025-10-23,Monthly,79.0,Active,,
S000062,C000062,P2,2024-07-05,Monthly,79.0,Churned,2025-12-27,Payment issue
S000063,C000063,P1,2026-01-15,Monthly,29.0,Active,,
S000064,C000064,P3,2024-10-13,Monthly,199.0,Churned,2025-09-08,Support experience
S000065,C000065,P1,2025-06-25,Monthly,29.0,Churned,2026-01-27,Payment issue
S000066,C000066,P1,2024-02-19,Monthly,29.0,Churned,2024-11-18,Low engagement
S000067,C000067,P1,2026-04-21,Monthly,29.0,Active,,
S000068,C000068,P1,2025-11-25,Annual,24.65,Active,,
S000069,C000069,P2,2024-10-20,Monthly,79.0,Churned,2025-11-06,Missing feature
S000070,C000070,P2,2025-10-19,Monthly,79.0,Active,,
S000071,C000071,P2,2025-05-15,Monthly,79.0,Churned,2025-12-12,Low engagement
S000072,C000072,P2,2026-04-03,Monthly,79.0,Active,,
S000073,C000073,P3,2026-08-21,Monthly,199.0,Active,,
S000074,C000074,P1,2024-06-10,Monthly,29.0,Churned,2025-06-09,Low engagement
S000075,C000075,P1,2025-07-04,Monthly,29.0,Active,,
S000076,C000076,P1,2024-11-10,Monthly,29.0,Active,,
S000077,C000077,P2,2026-02-10,Monthly,79.0,Active,,
S000078,C000078,P3,2024-02-11,Monthly,199.0,Churned,2024-06-08,Support experience
S000079,C000079,P1,2025-09-08,Monthly,29.0,Active,,
S000080,C000080,P3,2026-05-27,Monthly,199.0,Active,,
S000081,C000081,P2,2025-04-25,Monthly,79.0,Active,,
S000082,C000082,P1,2026-05-01,Monthly,29.0,Active,,
S000083,C000083,P3,2024-07-14,Monthly,199.0,Active,,
S000084,C000084,P2,2026-07-09,Annual,67.15,Active,,
S000085,C000085,P1,2026-03-24,Monthly,29.0,Active,,
S000086,C000086,P2,2025-04-14,Monthly,79.0,Churned,2025-06-22,Price
S000087,C000087,P3,2024-07-18,Monthly,199.0,Active,,
S000088,C000088,P1,2025-08-03,Monthly,29.0,Churned,2026-08-15,Other
S000089,C000089,P1,2025-12-20,Monthly,29.0,Active,,
S000090,C000090,P1,2024-06-14,Monthly,29.0,Churned,2026-03-22,Price
S000091,C000091,P1,2026-07-25,Monthly,29.0,Active,,
S000092,C000092,P3,2026-03-03,Annual,169.15,Churned,2026-04-23,Support experience
S000093,C000093,P1,2026-07-09,Monthly,29.0,Active,,
S000094,C000094,P1,2025-01-24,Annual,24.65,Active,,
S000095,C000095,P1,2025-05-07,Monthly,29.0,Churned,2026-04-27,Missing feature
S000096,C000096,P1,2024-11-08,Monthly,29.0,Active,,
S000097,C000097,P2,2024-12-09,Monthly,79.0,Churned,2026-07-27,Low engagement
S000098,C000098,P2,2024-07-15,Monthly,79.0,Churned,2025-10-27,Payment issue
S000099,C000099,P1,2024-06-02,Monthly,29.0,Active,,
S000100,C000100,P4,2025-12-18,Monthly,499.0,Active,,
S000101,C000101,P2,2024-08-23,Monthly,79.0,Active,,
S000102,C000102,P3,2024-07-09,Monthly,199.0,Active,,
S000103,C000103,P1,2025-08-05,Monthly,29.0,Active,,
S000104,C000104,P4,2026-01-10,Monthly,499.0,Active,,
S000105,C000105,P2,2026-03-19,Annual,67.15,Active,,
S000106,C000106,P3,2025-10-15,Annual,169.15,Churned,2026-07-23,Payment issue
S000107,C000107,P2,2024-09-17,Monthly,79.0,Active,,
S000108,C000108,P1,2025-10-23,Annual,24.65,Active,,
S000109,C000109,P1,2025-11-27,Annual,24.65,Active,,
S000110,C000110,P3,2024-11-13,Monthly,199.0,Active,,
S000111,C000111,P1,2024-07-22,Monthly,29.0,Churned,2026-03-11,Low engagement
S000112,C000112,P2,2026-07-14,Annual,67.15,Active,,
S000113,C000113,P1,2024-05-04,Monthly,29.0,Active,,
S000114,C000114,P1,2024-12-17,Annual,24.65,Active,,
S000115,C000115,P2,2024-10-27,Annual,67.15,Active,,
S000116,C000116,P2,2026-06-12,Annual,67.15,Active,,
S000117,C000117,P2,2025-07-16,Monthly,79.0,Active,,
S000118,C000118,P2,2026-07-21,Annual,67.15,Active,,
S000119,C000119,P2,2026-04-24,Monthly,79.0,Active,,
S000120,C000120,P1,2026-02-01,Annual,24.65,Active,,
S000121,C000121,P1,2024-08-02,Annual,24.65,Active,,
S000122,C000122,P2,2025-02-14,Monthly,79.0,Churned,2026-08-26,Price
S000123,C000123,P1,2026-04-04,Monthly,29.0,Active,,
S000124,C000124,P1,2026-08-26,Monthly,29.0,Active,,
S000125,C000125,P1,2026-06-20,Monthly,29.0,Active,,
S000126,C000126,P1,2026-07-18,Monthly,29.0,Active,,
S000127,C000127,P2,2025-11-17,Annual,67.15,Active,,
S000128,C000128,P2,2025-07-14,Annual,67.15,Active,,
S000129,C000129,P2,2025-08-02,Annual,67.15,Churned,2026-01-15,Low engagement
S000130,C000130,P2,2025-06-22,Annual,67.15,Churned,2026-03-10,Other
S000131,C000131,P1,2024-08-14,Monthly,29.0,Churned,2025-04-14,Payment issue
S000132,C000132,P3,2025-01-12,Monthly,199.0,Active,,
S000133,C000133,P1,2024-05-13,Monthly,29.0,Active,,
S000134,C000134,P2,2024-05-14,Monthly,79.0,Active,,
S000135,C000135,P3,2025-01-27,Monthly,199.0,Active,,
S000136,C000136,P1,2025-12-06,Monthly,29.0,Active,,
S000137,C000137,P4,2025-11-05,Annual,424.15,Active,,
S000138,C000138,P1,2025-09-04,Annual,24.65,Active,,
S000139,C000139,P4,2026-02-18,Annual,424.15,Active,,
S000140,C000140,P1,2025-05-01,Annual,24.65,Active,,
S000141,C000141,P1,2025-06-23,Annual,24.65,Churned,2026-05-08,Company closed
S000142,C000142,P2,2025-08-21,Monthly,79.0,Churned,2026-07-12,Company closed
S000143,C000143,P3,2024-04-20,Annual,169.15,Active,,
S000144,C000144,P1,2025-10-14,Monthly,29.0,Active,,
S000145,C000145,P2,2026-02-12,Monthly,79.0,Active,,
S000146,C000146,P2,2024-12-27,Monthly,79.0,Active,,
S000147,C000147,P1,2026-05-24,Annual,24.65,Active,,
S000148,C000148,P1,2024-12-05,Monthly,29.0,Active,,
S000149,C000149,P1,2025-08-08,Monthly,29.0,Active,,
S000150,C000150,P1,2026-06-07,Monthly,29.0,Active,,
S000151,C000151,P4,2026-02-14,Monthly,499.0,Active,,
S000152,C000152,P3,2025-10-18,Annual,169.15,Churned,2026-01-07,Support experience
S000153,C000153,P2,2025-11-07,Monthly,79.0,Active,,
S000154,C000154,P1,2024-06-02,Monthly,29.0,Churned,2026-06-26,Missing feature
S000155,C000155,P2,2026-01-11,Monthly,79.0,Active,,
S000156,C000156,P2,2025-11-15,Annual,67.15,Active,,
S000157,C000157,P2,2024-05-19,Monthly,79.0,Churned,2024-09-26,Missing feature
S000158,C000158,P4,2024-06-04,Monthly,499.0,Active,,
S000159,C000159,P4,2026-08-20,Monthly,499.0,Active,,
S000160,C000160,P3,2024-08-05,Monthly,199.0,Active,,
S000161,C000161,P1,2026-06-09,Monthly,29.0,Active,,
S000162,C000162,P3,2024-12-15,Monthly,199.0,Churned,2025-05-08,Other
S000163,C000163,P1,2025-04-03,Monthly,29.0,Active,,
S000164,C000164,P1,2025-09-16,Monthly,29.0,Churned,2025-11-10,Price
S000165,C000165,P1,2025-11-02,Annual,24.65,Active,,
S000166,C000166,P2,2025-07-06,Monthly,79.0,Churned,2026-04-25,Low engagement
S000167,C000167,P3,2025-03-16,Annual,169.15,Active,,
S000168,C000168,P3,2025-07-08,Monthly,199.0,Churned,2025-11-13,Payment issue
S000169,C000169,P2,2026-01-13,Annual,67.15,Active,,
S000170,C000170,P3,2025-04-08,Annual,169.15,Active,,
S000171,C000171,P2,2025-09-15,Monthly,79.0,Active,,
S000172,C000172,P2,2025-04-04,Monthly,79.0,Active,,
S000173,C000173,P2,2025-02-05,Annual,67.15,Active,,
S000174,C000174,P4,2025-01-28,Annual,424.15,Active,,
S000175,C000175,P1,2024-10-10,Monthly,29.0,Active,,
S000176,C000176,P2,2026-03-20,Monthly,79.0,Active,,
S000177,C000177,P1,2026-08-01,Monthly,29.0,Active,,
S000178,C000178,P4,2024-02-04,Annual,424.15,Churned,2026-04-19,Missing feature
S000179,C000179,P2,2024-09-23,Monthly,79.0,Churned,2024-11-14,Payment issue
S000180,C000180,P3,2026-08-11,Annual,169.15,Active,,
S000181,C000181,P2,2025-02-09,Annual,67.15,Active,,
S000182,C000182,P2,2025-04-05,Monthly,79.0,Active,,
S000183,C000183,P1,2025-12-08,Annual,24.65,Active,,
S000184,C000184,P1,2025-03-07,Monthly,29.0,Churned,2026-02-09,Support experience
S000185,C000185,P3,2025-07-23,Monthly,199.0,Active,,
S000186,C000186,P3,2026-06-27,Monthly,199.0,Active,,
S000187,C000187,P1,2025-09-01,Monthly,29.0,Active,,
S000188,C000188,P2,2025-12-04,Monthly,79.0,Active,,
S000189,C000189,P3,2024-10-18,Monthly,199.0,Churned,2026-05-06,Payment issue
S000190,C000190,P1,2024-12-25,Monthly,29.0,Churned,2026-08-23,Low engagement
S000191,C000191,P4,2026-06-09,Monthly,499.0,Active,,
S000192,C000192,P1,2026-07-24,Monthly,29.0,Active,,
S000193,C000193,P1,2026-04-01,Monthly,29.0,Active,,
S000194,C000194,P3,2024-06-21,Annual,169.15,Active,,
S000195,C000195,P2,2026-04-27,Monthly,79.0,Active,,
S000196,C000196,P1,2024-01-14,Monthly,29.0,Active,,
S000197,C000197,P1,2025-10-17,Monthly,29.0,Churned,2025-10-19,Low engagement
S000198,C000198,P3,2025-12-08,Monthly,199.0,Active,,
S000199,C000199,P2,2025-05-22,Monthly,79.0,Active,,
S000200,C000200,P2,2025-07-24,Monthly,79.0,Churned,2026-01-17,Low engagement
S000201,C000201,P2,2026-02-24,Annual,67.15,Active,,
S000202,C000202,P4,2026-06-24,Annual,424.15,Active,,
S000203,C000203,P2,2024-09-03,Monthly,79.0,Churned,2025-09-13,Support experience
S000204,C000204,P2,2024-07-15,Monthly,79.0,Churned,2025-12-14,Other
S000205,C000205,P1,2025-11-15,Annual,24.65,Active,,
S000206,C000206,P2,2024-10-02,Monthly,79.0,Active,,
S000207,C000207,P1,2024-09-23,Monthly,29.0,Active,,
S000208,C000208,P2,2024-09-06,Monthly,79.0,Churned,2026-06-25,Missing feature
S000209,C000209,P1,2024-09-12,Monthly,29.0,Active,,
S000210,C000210,P2,2025-07-02,Monthly,79.0,Active,,
S000211,C000211,P3,2026-08-23,Monthly,199.0,Active,,
S000212,C000212,P1,2026-04-06,Monthly,29.0,Churned,2026-07-05,Other
S000213,C000213,P2,2025-09-15,Annual,67.15,Active,,
S000214,C000214,P3,2024-04-15,Monthly,199.0,Churned,2026-01-10,Payment issue
S000215,C000215,P2,2025-12-03,Monthly,79.0,Active,,
S000216,C000216,P3,2025-06-24,Annual,169.15,Churned,2025-11-15,Low engagement
S000217,C000217,P1,2026-03-01,Monthly,29.0,Active,,
S000218,C000218,P2,2025-07-19,Monthly,79.0,Active,,
S000219,C000219,P3,2025-12-05,Annual,169.15,Active,,
S000220,C000220,P2,2024-09-17,Monthly,79.0,Active,,
S000221,C000221,P2,2026-04-07,Annual,67.15,Active,,
S000222,C000222,P2,2026-03-21,Monthly,79.0,Active,,
S000223,C000223,P2,2025-03-16,Monthly,79.0,Active,,
S000224,C000224,P4,2026-08-18,Annual,424.15,Active,,
S000225,C000225,P1,2024-08-28,Annual,24.65,Churned,2025-02-21,Low engagement
S000226,C000226,P3,2024-02-13,Monthly,199.0,Active,,
S000227,C000227,P2,2026-03-22,Monthly,79.0,Active,,
S000228,C000228,P1,2025-10-23,Monthly,29.0,Active,,
S000229,C000229,P1,2024-06-10,Monthly,29.0,Active,,
S000230,C000230,P2,2024-08-09,Annual,67.15,Active,,
S000231,C000231,P2,2024-07-20,Monthly,79.0,Churned,2024-10-25,Payment issue
S000232,C000232,P2,2024-08-26,Monthly,79.0,Churned,2025-11-16,Low engagement
S000233,C000233,P4,2025-06-01,Annual,424.15,Active,,
S000234,C000234,P2,2024-03-04,Monthly,79.0,Churned,2025-04-18,Company closed
S000235,C000235,P4,2025-08-05,Annual,424.15,Active,,
S000236,C000236,P3,2025-10-18,Annual,169.15,Active,,
S000237,C000237,P1,2026-02-12,Monthly,29.0,Active,,
S000238,C000238,P3,2026-07-15,Annual,169.15,Active,,
S000239,C000239,P1,2024-04-09,Monthly,29.0,Active,,
S000240,C000240,P2,2024-02-12,Monthly,79.0,Active,,
S000241,C000241,P3,2024-07-22,Monthly,199.0,Active,,
S000242,C000242,P3,2025-02-13,Monthly,199.0,Active,,
S000243,C000243,P2,2025-08-11,Monthly,79.0,Active,,
S000244,C000244,P1,2024-01-02,Monthly,29.0,Churned,2025-07-22,Low engagement
S000245,C000245,P1,2026-01-11,Annual,24.65,Active,,
S000246,C000246,P2,2026-07-22,Monthly,79.0,Active,,
S000247,C000247,P2,2024-11-04,Monthly,79.0,Active,,
S000248,C000248,P1,2024-01-10,Monthly,29.0,Active,,
S000249,C000249,P1,2026-02-08,Monthly,29.0,Churned,2026-06-14,Other
S000250,C000250,P1,2026-03-14,Monthly,29.0,Active,,
S000251,C000251,P3,2024-03-23,Monthly,199.0,Churned,2026-01-23,Price
S000252,C000252,P3,2025-11-24,Monthly,199.0,Active,,
S000253,C000253,P1,2024-11-11,Monthly,29.0,Churned,2025-03-15,Support experience
S000254,C000254,P2,2025-11-17,Monthly,79.0,Active,,
S000255,C000255,P1,2026-02-23,Annual,24.65,Churned,2026-05-16,Missing feature
S000256,C000256,P3,2024-10-24,Monthly,199.0,Active,,
S000257,C000257,P3,2024-12-17,Monthly,199.0,Churned,2025-05-05,Payment issue
S000258,C000258,P1,2025-11-04,Monthly,29.0,Active,,
S000259,C000259,P1,2025-10-11,Monthly,29.0,Active,,
S000260,C000260,P1,2026-06-08,Monthly,29.0,Active,,
S000261,C000261,P1,2025-08-20,Annual,24.65,Active,,
S000262,C000262,P3,2026-04-07,Annual,169.15,Active,,
S000263,C000263,P2,2026-02-01,Monthly,79.0,Active,,
S000264,C000264,P2,2025-12-25,Monthly,79.0,Active,,
S000265,C000265,P4,2024-09-04,Monthly,499.0,Active,,
S000266,C000266,P2,2024-12-22,Monthly,79.0,Active,,
S000267,C000267,P1,2025-09-27,Monthly,29.0,Active,,
S000268,C000268,P2,2024-04-24,Monthly,79.0,Active,,
S000269,C000269,P2,2024-03-14,Monthly,79.0,Churned,2025-01-22,Company closed
S000270,C000270,P2,2024-03-16,Annual,67.15,Active,,
S000271,C000271,P1,2026-07-21,Annual,24.65,Active,,
S000272,C000272,P2,2026-01-07,Monthly,79.0,Active,,
S000273,C000273,P1,2026-05-12,Monthly,29.0,Churned,2026-07-13,Support experience
S000274,C000274,P2,2026-08-11,Monthly,79.0,Active,,
S000275,C000275,P3,2026-01-08,Monthly,199.0,Active,,
S000276,C000276,P2,2025-08-16,Monthly,79.0,Active,,
S000277,C000277,P1,2025-07-12,Monthly,29.0,Active,,
S000278,C000278,P1,2026-02-01,Annual,24.65,Active,,
S000279,C000279,P3,2026-05-03,Monthly,199.0,Active,,
S000280,C000280,P3,2026-04-18,Monthly,199.0,Active,,
S000281,C000281,P1,2025-07-16,Monthly,29.0,Active,,
S000282,C000282,P2,2026-03-24,Monthly,79.0,Active,,
S000283,C000283,P2,2025-07-03,Monthly,79.0,Active,,
S000284,C000284,P2,2025-04-10,Monthly,79.0,Active,,
S000285,C000285,P1,2025-01-11,Monthly,29.0,Active,,
S000286,C000286,P1,2024-03-20,Monthly,29.0,Active,,
S000287,C000287,P2,2024-09-13,Annual,67.15,Active,,
S000288,C000288,P3,2026-02-14,Annual,169.15,Active,,
S000289,C000289,P1,2024-08-26,Monthly,29.0,Active,,
S000290,C000290,P1,2026-06-01,Monthly,29.0,Active,,
S000291,C000291,P2,2024-04-26,Annual,67.15,Churned,2024-06-28,Missing feature
S000292,C000292,P1,2024-03-08,Monthly,29.0,Churned,2024-04-07,Payment issue
S000293,C000293,P3,2025-07-02,Monthly,199.0,Churned,2026-07-28,Low engagement
S000294,C000294,P1,2024-10-15,Monthly,29.0,Churned,2025-04-13,Low engagement
S000295,C000295,P3,2024-05-06,Annual,169.15,Churned,2025-05-05,Support experience
S000296,C000296,P2,2024-03-21,Monthly,79.0,Churned,2024-12-25,Payment issue
S000297,C000297,P3,2025-08-22,Annual,169.15,Active,,
S000298,C000298,P3,2024-12-12,Annual,169.15,Churned,2025-05-15,Low engagement
S000299,C000299,P3,2025-09-22,Annual,169.15,Active,,
S000300,C000300,P1,2024-07-06,Monthly,29.0,Churned,2026-08-15,Missing feature
S000301,C000301,P3,2024-02-10,Monthly,199.0,Churned,2024-09-14,Missing feature
S000302,C000302,P1,2024-02-02,Annual,24.65,Active,,
S000303,C000303,P2,2024-06-18,Annual,67.15,Active,,
S000304,C000304,P2,2026-04-21,Annual,67.15,Active,,
S000305,C000305,P3,2025-06-22,Annual,169.15,Churned,2025-06-23,Company closed
S000306,C000306,P3,2025-11-11,Monthly,199.0,Active,,
S000307,C000307,P2,2026-06-24,Monthly,79.0,Active,,
S000308,C000308,P1,2024-10-19,Monthly,29.0,Churned,2024-11-10,Payment issue
S000309,C000309,P1,2026-05-17,Monthly,29.0,Active,,
S000310,C000310,P2,2026-02-07,Monthly,79.0,Churned,2026-07-26,Payment issue
S000311,C000311,P2,2026-02-24,Annual,67.15,Active,,
S000312,C000312,P3,2026-05-22,Monthly,199.0,Active,,
S000313,C000313,P1,2024-06-25,Annual,24.65,Active,,
S000314,C000314,P2,2025-09-10,Annual,67.15,Active,,
S000315,C000315,P2,2025-07-16,Monthly,79.0,Churned,2025-12-11,Low engagement
S000316,C000316,P2,2025-12-02,Monthly,79.0,Active,,
S000317,C000317,P3,2024-11-17,Annual,169.15,Active,,
S000318,C000318,P3,2024-06-15,Annual,169.15,Active,,
S000319,C000319,P2,2026-08-23,Monthly,79.0,Active,,
S000320,C000320,P4,2025-06-21,Annual,424.15,Active,,
S000321,C000321,P3,2024-11-28,Annual,169.15,Churned,2026-08-06,Low engagement
S000322,C000322,P2,2024-06-27,Monthly,79.0,Churned,2025-08-28,Low engagement
S000323,C000323,P1,2025-10-05,Monthly,29.0,Active,,
S000324,C000324,P1,2024-07-28,Monthly,29.0,Churned,2024-12-22,Low engagement
S000325,C000325,P2,2024-09-01,Monthly,79.0,Churned,2025-03-12,Price
S000326,C000326,P3,2026-07-13,Monthly,199.0,Active,,
S000327,C000327,P2,2024-02-27,Monthly,79.0,Churned,2025-10-14,Low engagement
S000328,C000328,P3,2024-09-18,Monthly,199.0,Churned,2025-12-07,Payment issue
S000329,C000329,P2,2025-12-28,Monthly,79.0,Churned,2026-06-12,Low engagement
S000330,C000330,P3,2024-10-16,Monthly,199.0,Active,,
S000331,C000331,P2,2024-09-20,Annual,67.15,Churned,2024-12-13,Price
S000332,C000332,P1,2025-09-15,Monthly,29.0,Active,,
S000333,C000333,P4,2026-01-26,Annual,424.15,Churned,2026-07-21,Low engagement
S000334,C000334,P3,2025-05-04,Monthly,199.0,Churned,2025-07-05,Low engagement
S000335,C000335,P1,2026-03-11,Monthly,29.0,Active,,
S000336,C000336,P2,2026-04-19,Monthly,79.0,Active,,
S000337,C000337,P1,2025-11-14,Monthly,29.0,Active,,
S000338,C000338,P2,2025-10-28,Monthly,79.0,Active,,
S000339,C000339,P2,2026-04-17,Monthly,79.0,Active,,
S000340,C000340,P4,2024-01-04,Annual,424.15,Active,,
S000341,C000341,P2,2025-08-18,Monthly,79.0,Active,,
S000342,C000342,P3,2024-06-09,Annual,169.15,Active,,
S000343,C000343,P2,2024-10-14,Monthly,79.0,Active,,
S000344,C000344,P1,2026-07-03,Monthly,29.0,Active,,
S000345,C000345,P3,2024-01-25,Monthly,199.0,Churned,2025-04-28,Company closed
S000346,C000346,P2,2025-01-12,Monthly,79.0,Active,,
S000347,C000347,P4,2024-07-23,Monthly,499.0,Active,,
S000348,C000348,P2,2025-09-14,Monthly,79.0,Active,,
S000349,C000349,P3,2026-05-27,Monthly,199.0,Active,,
S000350,C000350,P2,2025-04-11,Monthly,79.0,Active,,
S000351,C000351,P1,2026-05-03,Monthly,29.0,Active,,
S000352,C000352,P1,2025-06-14,Monthly,29.0,Active,,
S000353,C000353,P2,2026-06-01,Monthly,79.0,Active,,
S000354,C000354,P1,2026-05-23,Monthly,29.0,Active,,
S000355,C000355,P1,2024-08-26,Annual,24.65,Active,,
S000356,C000356,P1,2026-06-06,Monthly,29.0,Active,,
S000357,C000357,P3,2024-09-02,Monthly,199.0,Active,,
S000358,C000358,P4,2025-07-22,Monthly,499.0,Active,,
S000359,C000359,P1,2024-09-20,Monthly,29.0,Active,,
S000360,C000360,P2,2025-04-23,Monthly,79.0,Active,,
S000361,C000361,P4,2026-08-16,Monthly,499.0,Active,,
S000362,C000362,P2,2026-03-17,Monthly,79.0,Active,,
S000363,C000363,P1,2025-09-08,Monthly,29.0,Active,,
S000364,C000364,P2,2026-07-09,Monthly,79.0,Active,,
S000365,C000365,P4,2025-03-18,Monthly,499.0,Churned,2026-01-19,Support experience
S000366,C000366,P2,2024-08-27,Monthly,79.0,Churned,2025-12-25,Support experience
S000367,C000367,P3,2026-04-09,Annual,169.15,Active,,
S000368,C000368,P2,2024-01-11,Annual,67.15,Churned,2024-07-24,Company closed
S000369,C000369,P2,2026-04-17,Monthly,79.0,Active,,
S000370,C000370,P4,2024-02-02,Monthly,499.0,Active,,
S000371,C000371,P2,2024-12-19,Monthly,79.0,Active,,
S000372,C000372,P1,2025-03-04,Annual,24.65,Active,,
S000373,C000373,P1,2025-02-20,Monthly,29.0,Churned,2025-04-18,Missing feature
S000374,C000374,P2,2024-11-25,Annual,67.15,Churned,2026-03-11,Support experience
S000375,C000375,P1,2024-06-26,Monthly,29.0,Churned,2025-08-16,Support experience
S000376,C000376,P1,2024-01-05,Annual,24.65,Churned,2024-02-28,Low engagement
S000377,C000377,P4,2026-03-17,Annual,424.15,Active,,
S000378,C000378,P1,2025-06-13,Monthly,29.0,Churned,2025-12-25,Missing feature
S000379,C000379,P3,2024-08-14,Monthly,199.0,Churned,2025-03-16,Missing feature
S000380,C000380,P3,2024-04-20,Annual,169.15,Active,,
S000381,C000381,P1,2024-12-28,Annual,24.65,Active,,
S000382,C000382,P4,2025-03-17,Monthly,499.0,Active,,
S000383,C000383,P2,2025-06-16,Monthly,79.0,Active,,
S000384,C000384,P1,2024-05-19,Monthly,29.0,Churned,2024-09-07,Low engagement
S000385,C000385,P1,2026-08-15,Monthly,29.0,Active,,
S000386,C000386,P4,2024-12-10,Annual,424.15,Active,,
S000387,C000387,P3,2025-06-24,Monthly,199.0,Churned,2025-12-12,Missing feature
S000388,C000388,P4,2026-01-19,Monthly,499.0,Active,,
S000389,C000389,P3,2025-01-16,Monthly,199.0,Churned,2025-09-28,Support experience
S000390,C000390,P2,2024-04-01,Annual,67.15,Churned,2025-04-24,Payment issue
S000391,C000391,P1,2025-04-08,Monthly,29.0,Churned,2025-09-10,Low engagement
S000392,C000392,P1,2025-09-08,Monthly,29.0,Active,,
S000393,C000393,P3,2026-05-19,Monthly,199.0,Active,,
S000394,C000394,P3,2025-03-04,Monthly,199.0,Active,,
S000395,C000395,P1,2026-06-11,Monthly,29.0,Active,,
S000396,C000396,P1,2025-09-13,Monthly,29.0,Churned,2025-10-25,Low engagement
S000397,C000397,P4,2026-02-21,Monthly,499.0,Active,,
S000398,C000398,P1,2024-02-05,Monthly,29.0,Churned,2024-11-16,Low engagement
S000399,C000399,P2,2026-06-17,Monthly,79.0,Active,,
S000400,C000400,P1,2024-10-16,Annual,24.65,Churned,2026-03-27,Support experience
S000401,C000401,P2,2025-02-21,Monthly,79.0,Active,,
S000402,C000402,P3,2025-08-06,Annual,169.15,Active,,
S000403,C000403,P3,2026-08-17,Monthly,199.0,Active,,
S000404,C000404,P1,2025-03-12,Monthly,29.0,Active,,
S000405,C000405,P3,2024-10-08,Monthly,199.0,Active,,
S000406,C000406,P2,2026-08-03,Monthly,79.0,Active,,
S000407,C000407,P2,2026-04-11,Annual,67.15,Active,,
S000408,C000408,P3,2025-12-13,Monthly,199.0,Active,,
S000409,C000409,P1,2025-05-02,Monthly,29.0,Active,,
S000410,C000410,P4,2025-05-23,Annual,424.15,Churned,2026-05-16,Low engagement
S000411,C000411,P3,2026-07-20,Monthly,199.0,Active,,
S000412,C000412,P2,2024-04-09,Monthly,79.0,Churned,2024-11-13,Missing feature
S000413,C000413,P2,2026-03-02,Monthly,79.0,Active,,
S000414,C000414,P3,2025-10-20,Annual,169.15,Active,,
S000415,C000415,P2,2026-08-01,Monthly,79.0,Active,,
S000416,C000416,P2,2025-09-12,Monthly,79.0,Active,,
S000417,C000417,P2,2024-12-06,Monthly,79.0,Active,,
S000418,C000418,P3,2026-03-07,Monthly,199.0,Active,,
S000419,C000419,P1,2026-08-22,Annual,24.65,Active,,
S000420,C000420,P2,2026-06-09,Monthly,79.0,Active,,
S000421,C000421,P3,2025-01-07,Annual,169.15,Active,,
S000422,C000422,P1,2025-03-09,Annual,24.65,Active,,
S000423,C000423,P1,2026-02-05,Annual,24.65,Active,,
S000424,C000424,P3,2025-10-21,Monthly,199.0,Active,,
S000425,C000425,P1,2024-01-14,Monthly,29.0,Churned,2025-10-18,Low engagement
S000426,C000426,P3,2024-07-06,Annual,169.15,Churned,2025-10-19,Support experience
S000427,C000427,P1,2024-05-09,Monthly,29.0,Active,,
S000428,C000428,P2,2024-08-28,Monthly,79.0,Active,,
S000429,C000429,P1,2025-01-17,Annual,24.65,Active,,
S000430,C000430,P2,2026-08-20,Monthly,79.0,Active,,
S000431,C000431,P3,2025-12-24,Monthly,199.0,Active,,
S000432,C000432,P4,2024-03-12,Monthly,499.0,Churned,2026-02-09,Payment issue
S000433,C000433,P3,2025-11-10,Monthly,199.0,Active,,
S000434,C000434,P2,2025-05-28,Annual,67.15,Active,,
S000435,C000435,P1,2026-02-16,Monthly,29.0,Active,,
S000436,C000436,P3,2026-06-07,Monthly,199.0,Active,,
S000437,C000437,P1,2024-04-25,Monthly,29.0,Active,,
S000438,C000438,P1,2026-08-22,Monthly,29.0,Active,,
S000439,C000439,P3,2024-03-12,Annual,169.15,Active,,
S000440,C000440,P1,2026-02-08,Monthly,29.0,Active,,
S000441,C000441,P2,2026-06-19,Annual,67.15,Active,,
S000442,C000442,P2,2026-02-16,Annual,67.15,Active,,
S000443,C000443,P3,2024-07-07,Monthly,199.0,Active,,
S000444,C000444,P2,2024-10-02,Monthly,79.0,Active,,
S000445,C000445,P1,2024-03-23,Monthly,29.0,Churned,2024-05-05,Low engagement
S000446,C000446,P4,2024-07-24,Monthly,499.0,Churned,2025-11-19,Low engagement
S000447,C000447,P4,2024-03-26,Monthly,499.0,Active,,
S000448,C000448,P1,2024-03-11,Monthly,29.0,Churned,2024-05-22,Payment issue
S000449,C000449,P1,2025-09-20,Monthly,29.0,Active,,
S000450,C000450,P1,2024-04-17,Monthly,29.0,Active,,
S000451,C000451,P2,2025-05-08,Monthly,79.0,Active,,
S000452,C000452,P2,2026-01-26,Annual,67.15,Active,,
S000453,C000453,P3,2024-01-10,Monthly,199.0,Active,,
S000454,C000454,P2,2025-11-01,Monthly,79.0,Active,,
S000455,C000455,P1,2026-03-05,Monthly,29.0,Active,,
S000456,C000456,P1,2025-08-28,Monthly,29.0,Active,,
S000457,C000457,P4,2025-07-02,Annual,424.15,Active,,
S000458,C000458,P2,2026-02-15,Annual,67.15,Churned,2026-07-07,Low engagement
S000459,C000459,P3,2025-08-14,Monthly,199.0,Active,,
S000460,C000460,P1,2025-08-22,Monthly,29.0,Active,,
S000461,C000461,P1,2026-04-23,Monthly,29.0,Active,,
S000462,C000462,P2,2026-05-14,Monthly,79.0,Active,,
S000463,C000463,P4,2025-03-18,Annual,424.15,Active,,
S000464,C000464,P2,2025-05-23,Monthly,79.0,Active,,
S000465,C000465,P2,2026-04-23,Monthly,79.0,Active,,
S000466,C000466,P3,2025-09-25,Monthly,199.0,Active,,
S000467,C000467,P1,2026-01-20,Monthly,29.0,Active,,
S000468,C000468,P4,2024-04-11,Annual,424.15,Active,,
S000469,C000469,P1,2024-05-16,Annual,24.65,Churned,2025-11-21,Company closed
S000470,C000470,P1,2025-08-21,Monthly,29.0,Churned,2026-05-19,Support experience
S000471,C000471,P1,2026-04-09,Monthly,29.0,Active,,
S000472,C000472,P2,2025-02-28,Monthly,79.0,Active,,
S000473,C000473,P2,2026-08-13,Monthly,79.0,Active,,
S000474,C000474,P2,2026-03-22,Annual,67.15,Active,,
S000475,C000475,P1,2026-03-15,Monthly,29.0,Active,,
S000476,C000476,P2,2026-05-27,Annual,67.15,Active,,
S000477,C000477,P1,2024-11-19,Monthly,29.0,Active,,
S000478,C000478,P2,2025-02-21,Monthly,79.0,Active,,
S000479,C000479,P2,2024-06-22,Monthly,79.0,Active,,
S000480,C000480,P1,2025-04-10,Monthly,29.0,Churned,2025-07-22,Payment issue
S000481,C000481,P2,2024-02-10,Monthly,79.0,Active,,
S000482,C000482,P1,2026-02-24,Monthly,29.0,Active,,
S000483,C000483,P1,2026-04-13,Monthly,29.0,Active,,
S000484,C000484,P1,2024-10-19,Annual,24.65,Churned,2025-07-13,Payment issue
S000485,C000485,P1,2025-07-15,Annual,24.65,Churned,2026-06-10,Price
S000486,C000486,P2,2025-12-01,Monthly,79.0,Active,,
S000487,C000487,P1,2026-02-14,Monthly,29.0,Active,,
S000488,C000488,P1,2026-08-05,Monthly,29.0,Active,,
S000489,C000489,P1,2024-09-03,Annual,24.65,Active,,
S000490,C000490,P2,2024-11-08,Monthly,79.0,Active,,
S000491,C000491,P3,2026-05-09,Annual,169.15,Active,,
S000492,C000492,P2,2024-05-21,Monthly,79.0,Active,,
S000493,C000493,P3,2026-03-08,Annual,169.15,Active,,
S000494,C000494,P2,2024-07-23,Annual,67.15,Active,,
S000495,C000495,P4,2025-06-06,Annual,424.15,Active,,
S000496,C000496,P1,2025-10-24,Monthly,29.0,Active,,
S000497,C000497,P1,2026-03-15,Monthly,29.0,Active,,
S000498,C000498,P3,2024-06-02,Monthly,199.0,Churned,2026-07-27,Support experience
S000499,C000499,P1,2026-04-04,Monthly,29.0,Active,,
S000500,C000500,P2,2026-05-03,Annual,67.15,Active,,
S000501,C000501,P3,2026-03-12,Monthly,199.0,Active,,
S000502,C000502,P2,2026-07-09,Monthly,79.0,Active,,
S000503,C000503,P3,2026-05-02,Monthly,199.0,Active,,
S000504,C000504,P1,2026-03-20,Monthly,29.0,Active,,
S000505,C000505,P2,2025-10-24,Monthly,79.0,Active,,
S000506,C000506,P3,2026-04-24,Monthly,199.0,Active,,
S000507,C000507,P1,2026-08-05,Monthly,29.0,Active,,
S000508,C000508,P2,2025-11-25,Monthly,79.0,Active,,
S000509,C000509,P2,2024-11-12,Monthly,79.0,Active,,
S000510,C000510,P1,2024-11-06,Monthly,29.0,Active,,
S000511,C000511,P1,2026-04-04,Monthly,29.0,Active,,
S000512,C000512,P2,2026-08-22,Annual,67.15,Active,,
S000513,C000513,P2,2024-10-08,Annual,67.15,Active,,
S000514,C000514,P1,2026-08-18,Monthly,29.0,Active,,
S000515,C000515,P2,2024-12-16,Monthly,79.0,Churned,2025-12-05,Low engagement
S000516,C000516,P1,2025-05-26,Monthly,29.0,Churned,2026-01-19,Low engagement
S000517,C000517,P1,2026-06-21,Monthly,29.0,Active,,
S000518,C000518,P3,2026-08-22,Monthly,199.0,Active,,
S000519,C000519,P1,2025-09-14,Annual,24.65,Churned,2026-05-16,Price
S000520,C000520,P3,2026-07-15,Monthly,199.0,Active,,
S000521,C000521,P4,2026-05-05,Monthly,499.0,Active,,
S000522,C000522,P2,2026-05-22,Monthly,79.0,Active,,
S000523,C000523,P2,2026-05-22,Monthly,79.0,Active,,
S000524,C000524,P2,2025-04-09,Annual,67.15,Active,,
S000525,C000525,P1,2024-02-04,Monthly,29.0,Churned,2026-03-17,Payment issue
S000526,C000526,P1,2024-08-23,Monthly,29.0,Churned,2025-11-20,Price
S000527,C000527,P4,2024-04-22,Monthly,499.0,Active,,
S000528,C000528,P4,2024-11-22,Annual,424.15,Active,,
S000529,C000529,P3,2024-03-01,Annual,169.15,Active,,
S000530,C000530,P2,2024-12-24,Monthly,79.0,Active,,
S000531,C000531,P2,2025-10-11,Annual,67.15,Churned,2026-03-26,Support experience
S000532,C000532,P3,2024-07-07,Annual,169.15,Active,,
S000533,C000533,P2,2025-02-15,Monthly,79.0,Active,,
S000534,C000534,P2,2024-10-24,Annual,67.15,Active,,
S000535,C000535,P2,2024-05-23,Monthly,79.0,Churned,2024-08-20,Missing feature
S000536,C000536,P1,2025-12-05,Monthly,29.0,Active,,
S000537,C000537,P2,2026-06-28,Monthly,79.0,Active,,
S000538,C000538,P1,2026-01-22,Monthly,29.0,Active,,
S000539,C000539,P1,2026-01-27,Monthly,29.0,Active,,
S000540,C000540,P3,2026-08-27,Monthly,199.0,Active,,
S000541,C000541,P4,2026-02-15,Annual,424.15,Active,,
S000542,C000542,P2,2024-03-02,Monthly,79.0,Churned,2026-03-28,Price
S000543,C000543,P2,2024-10-03,Annual,67.15,Active,,
S000544,C000544,P3,2025-11-18,Annual,169.15,Active,,
S000545,C000545,P1,2025-11-03,Annual,24.65,Active,,
S000546,C000546,P2,2026-04-19,Monthly,79.0,Active,,
S000547,C000547,P2,2024-08-03,Annual,67.15,Churned,2026-05-22,Price
S000548,C000548,P1,2026-08-23,Annual,24.65,Active,,
S000549,C000549,P3,2025-08-08,Monthly,199.0,Active,,
S000550,C000550,P2,2026-07-03,Monthly,79.0,Active,,
S000551,C000551,P1,2025-08-10,Annual,24.65,Active,,
S000552,C000552,P2,2024-09-26,Monthly,79.0,Churned,2025-11-13,Price
S000553,C000553,P2,2025-03-16,Monthly,79.0,Churned,2026-02-06,Support experience
S000554,C000554,P3,2024-10-28,Monthly,199.0,Active,,
S000555,C000555,P1,2024-12-08,Monthly,29.0,Churned,2025-03-14,Support experience
S000556,C000556,P2,2026-06-19,Monthly,79.0,Active,,
S000557,C000557,P1,2025-04-06,Monthly,29.0,Churned,2026-06-13,Low engagement
S000558,C000558,P1,2024-09-13,Monthly,29.0,Active,,
S000559,C000559,P2,2025-03-11,Monthly,79.0,Churned,2026-06-10,Low engagement
S000560,C000560,P1,2025-11-18,Monthly,29.0,Active,,
S000561,C000561,P2,2024-09-19,Monthly,79.0,Active,,
S000562,C000562,P1,2024-03-02,Annual,24.65,Active,,
S000563,C000563,P3,2026-05-20,Monthly,199.0,Active,,
S000564,C000564,P1,2024-11-22,Monthly,29.0,Churned,2025-07-18,Payment issue
S000565,C000565,P2,2026-07-11,Monthly,79.0,Active,,
S000566,C000566,P4,2024-03-02,Monthly,499.0,Churned,2024-07-25,Low engagement
S000567,C000567,P3,2025-12-12,Monthly,199.0,Churned,2026-07-26,Support experience
S000568,C000568,P2,2025-12-10,Monthly,79.0,Active,,
S000569,C000569,P2,2024-08-23,Monthly,79.0,Active,,
S000570,C000570,P3,2025-12-04,Monthly,199.0,Active,,
S000571,C000571,P2,2025-04-09,Monthly,79.0,Churned,2026-03-22,Low engagement
S000572,C000572,P3,2025-04-21,Annual,169.15,Active,,
S000573,C000573,P2,2026-06-27,Monthly,79.0,Active,,
S000574,C000574,P3,2026-07-17,Monthly,199.0,Active,,
S000575,C000575,P3,2024-08-01,Monthly,199.0,Churned,2026-03-27,Price
S000576,C000576,P1,2026-01-20,Monthly,29.0,Active,,
S000577,C000577,P2,2024-08-01,Monthly,79.0,Churned,2025-04-25,Price
S000578,C000578,P2,2024-02-02,Monthly,79.0,Active,,
S000579,C000579,P2,2024-07-19,Annual,67.15,Churned,2024-11-08,Price
S000580,C000580,P1,2025-11-11,Monthly,29.0,Active,,
S000581,C000581,P2,2026-02-01,Monthly,79.0,Active,,
S000582,C000582,P2,2025-08-12,Monthly,79.0,Active,,
S000583,C000583,P2,2026-07-11,Annual,67.15,Active,,
S000584,C000584,P1,2026-03-17,Monthly,29.0,Active,,
S000585,C000585,P3,2024-08-27,Annual,169.15,Active,,
S000586,C000586,P1,2024-10-03,Monthly,29.0,Churned,2025-01-18,Low engagement
S000587,C000587,P3,2025-10-19,Annual,169.15,Active,,
S000588,C000588,P1,2025-02-19,Monthly,29.0,Active,,
S000589,C000589,P2,2024-01-28,Monthly,79.0,Active,,
S000590,C000590,P1,2024-02-12,Monthly,29.0,Churned,2026-05-07,Missing feature
S000591,C000591,P3,2025-05-05,Annual,169.15,Active,,
S000592,C000592,P2,2025-08-26,Monthly,79.0,Active,,
S000593,C000593,P2,2025-12-02,Annual,67.15,Active,,
S000594,C000594,P1,2026-03-13,Annual,24.65,Active,,
S000595,C000595,P1,2026-08-19,Monthly,29.0,Active,,
S000596,C000596,P1,2026-05-03,Monthly,29.0,Active,,
S000597,C000597,P3,2025-03-09,Monthly,199.0,Churned,2026-06-22,Low engagement
S000598,C000598,P1,2025-08-03,Monthly,29.0,Active,,
S000599,C000599,P3,2024-10-24,Monthly,199.0,Active,,
S000600,C000600,P1,2026-08-08,Annual,24.65,Active,,
S000601,C000601,P1,2025-08-17,Monthly,29.0,Active,,
S000602,C000602,P3,2024-11-07,Annual,169.15,Churned,2025-10-15,Other
S000603,C000603,P3,2026-02-20,Monthly,199.0,Active,,
S000604,C000604,P4,2025-07-23,Monthly,499.0,Active,,
S000605,C000605,P4,2026-08-02,Annual,424.15,Active,,
S000606,C000606,P3,2024-04-21,Annual,169.15,Active,,
S000607,C000607,P3,2025-02-19,Annual,169.15,Active,,
S000608,C000608,P2,2026-07-03,Monthly,79.0,Active,,
S000609,C000609,P2,2025-06-08,Annual,67.15,Active,,
S000610,C000610,P1,2025-01-24,Annual,24.65,Churned,2026-05-09,Low engagement
S000611,C000611,P1,2025-10-13,Monthly,29.0,Active,,
S000612,C000612,P4,2025-12-03,Annual,424.15,Active,,
S000613,C000613,P3,2024-05-18,Annual,169.15,Active,,
S000614,C000614,P3,2024-12-22,Monthly,199.0,Active,,
S000615,C000615,P2,2025-01-13,Monthly,79.0,Active,,
S000616,C000616,P3,2024-11-04,Annual,169.15,Active,,
S000617,C000617,P3,2025-04-04,Monthly,199.0,Churned,2026-06-08,Other
S000618,C000618,P1,2025-02-11,Annual,24.65,Active,,
S000619,C000619,P2,2026-02-14,Monthly,79.0,Active,,
S000620,C000620,P1,2025-10-22,Monthly,29.0,Active,,
S000621,C000621,P3,2025-05-20,Monthly,199.0,Churned,2026-04-09,Low engagement
S000622,C000622,P1,2024-09-08,Annual,24.65,Active,,
S000623,C000623,P4,2025-05-20,Annual,424.15,Churned,2025-09-16,Low engagement
S000624,C000624,P1,2024-09-04,Monthly,29.0,Churned,2024-09-19,Price
S000625,C000625,P4,2026-07-06,Monthly,499.0,Active,,
S000626,C000626,P1,2024-08-23,Monthly,29.0,Churned,2026-02-19,Support experience
S000627,C000627,P2,2026-05-26,Annual,67.15,Active,,
S000628,C000628,P2,2025-11-20,Monthly,79.0,Active,,
S000629,C000629,P1,2026-04-13,Monthly,29.0,Churned,2026-04-09,Missing feature
S000630,C000630,P2,2026-06-25,Annual,67.15,Active,,
S000631,C000631,P4,2026-04-10,Annual,424.15,Active,,
S000632,C000632,P4,2025-10-18,Annual,424.15,Active,,
S000633,C000633,P2,2024-12-20,Monthly,79.0,Churned,2025-11-13,Low engagement
S000634,C000634,P2,2025-12-03,Monthly,79.0,Active,,
S000635,C000635,P2,2024-01-27,Annual,67.15,Churned,2025-12-19,Low engagement
S000636,C000636,P1,2025-04-18,Monthly,29.0,Active,,
S000637,C000637,P2,2026-05-07,Monthly,79.0,Active,,
S000638,C000638,P3,2025-10-24,Monthly,199.0,Active,,
S000639,C000639,P3,2024-12-11,Monthly,199.0,Churned,2026-01-20,Support experience
S000640,C000640,P3,2026-06-03,Monthly,199.0,Active,,
S000641,C000641,P4,2024-01-19,Annual,424.15,Active,,
S000642,C000642,P3,2026-06-04,Monthly,199.0,Active,,
S000643,C000643,P1,2026-03-17,Monthly,29.0,Active,,
S000644,C000644,P1,2024-07-19,Monthly,29.0,Active,,
S000645,C000645,P2,2024-04-05,Monthly,79.0,Churned,2025-03-10,Low engagement
S000646,C000646,P2,2026-07-23,Monthly,79.0,Active,,
S000647,C000647,P1,2024-04-13,Monthly,29.0,Active,,
S000648,C000648,P2,2026-08-10,Monthly,79.0,Active,,
S000649,C000649,P3,2025-05-03,Monthly,199.0,Active,,
S000650,C000650,P1,2025-03-21,Monthly,29.0,Active,,
S000651,C000651,P2,2025-12-05,Monthly,79.0,Active,,
S000652,C000652,P4,2025-07-05,Annual,424.15,Active,,
S000653,C000653,P3,2025-04-08,Monthly,199.0,Active,,
S000654,C000654,P2,2025-11-13,Annual,67.15,Active,,
S000655,C000655,P2,2025-03-25,Annual,67.15,Churned,2025-12-13,Company closed
S000656,C000656,P1,2024-02-21,Monthly,29.0,Active,,
S000657,C000657,P3,2026-04-21,Monthly,199.0,Active,,
S000658,C000658,P3,2025-08-06,Monthly,199.0,Active,,
S000659,C000659,P1,2026-01-19,Monthly,29.0,Active,,
S000660,C000660,P2,2025-10-10,Monthly,79.0,Active,,
S000661,C000661,P1,2025-11-14,Monthly,29.0,Active,,
S000662,C000662,P3,2024-10-18,Monthly,199.0,Active,,
S000663,C000663,P1,2026-07-05,Monthly,29.0,Active,,
S000664,C000664,P1,2025-06-10,Monthly,29.0,Active,,
S000665,C000665,P1,2026-07-12,Monthly,29.0,Active,,
S000666,C000666,P3,2026-04-25,Monthly,199.0,Churned,2026-06-06,Price
S000667,C000667,P3,2026-02-28,Monthly,199.0,Active,,
S000668,C000668,P4,2025-06-27,Annual,424.15,Active,,
S000669,C000669,P3,2024-02-15,Monthly,199.0,Churned,2025-07-19,Low engagement
S000670,C000670,P1,2025-01-18,Annual,24.65,Churned,2026-05-23,Price
S000671,C000671,P2,2025-12-21,Monthly,79.0,Active,,
S000672,C000672,P1,2025-02-22,Monthly,29.0,Active,,
S000673,C000673,P4,2024-05-19,Annual,424.15,Active,,
S000674,C000674,P2,2025-08-26,Monthly,79.0,Active,,
S000675,C000675,P2,2024-07-11,Monthly,79.0,Active,,
S000676,C000676,P1,2025-01-20,Monthly,29.0,Active,,
S000677,C000677,P3,2025-07-18,Annual,169.15,Active,,
S000678,C000678,P1,2024-06-22,Monthly,29.0,Churned,2024-08-15,Missing feature
S000679,C000679,P1,2024-06-27,Monthly,29.0,Active,,
S000680,C000680,P1,2024-10-03,Monthly,29.0,Churned,2026-07-18,Low engagement
S000681,C000681,P2,2025-10-24,Monthly,79.0,Active,,
S000682,C000682,P2,2026-07-24,Monthly,79.0,Active,,
S000683,C000683,P1,2024-11-25,Monthly,29.0,Active,,
S000684,C000684,P1,2026-02-08,Monthly,29.0,Active,,
S000685,C000685,P1,2024-09-17,Monthly,29.0,Active,,
S000686,C000686,P1,2025-11-02,Monthly,29.0,Active,,
S000687,C000687,P1,2024-07-02,Monthly,29.0,Active,,
S000688,C000688,P3,2026-05-17,Annual,169.15,Active,,
S000689,C000689,P2,2026-02-28,Annual,67.15,Active,,
S000690,C000690,P1,2026-01-07,Monthly,29.0,Active,,
S000691,C000691,P2,2024-01-23,Monthly,79.0,Active,,
S000692,C000692,P3,2026-05-03,Monthly,199.0,Active,,
S000693,C000693,P1,2024-07-02,Annual,24.65,Churned,2025-06-16,Low engagement
S000694,C000694,P1,2025-08-18,Monthly,29.0,Active,,
S000695,C000695,P3,2026-03-08,Monthly,199.0,Active,,
S000696,C000696,P1,2025-11-03,Monthly,29.0,Active,,
S000697,C000697,P4,2026-04-26,Annual,424.15,Active,,
S000698,C000698,P2,2026-01-25,Monthly,79.0,Active,,
S000699,C000699,P3,2026-03-01,Monthly,199.0,Churned,2026-04-16,Low engagement
S000700,C000700,P1,2025-01-28,Annual,24.65,Active,,
S000701,C000701,P1,2025-04-01,Monthly,29.0,Active,,
S000702,C000702,P1,2025-07-21,Monthly,29.0,Churned,2026-02-24,Payment issue
S000703,C000703,P1,2025-10-22,Monthly,29.0,Active,,
S000704,C000704,P3,2026-01-09,Monthly,199.0,Active,,
S000705,C000705,P2,2025-09-04,Annual,67.15,Active,,
S000706,C000706,P3,2026-01-16,Monthly,199.0,Churned,2026-01-13,Company closed
S000707,C000707,P3,2024-07-25,Monthly,199.0,Active,,
S000708,C000708,P4,2025-04-01,Annual,424.15,Churned,2026-07-21,Low engagement
S000709,C000709,P2,2026-06-24,Monthly,79.0,Active,,
S000710,C000710,P1,2024-10-18,Monthly,29.0,Churned,2025-08-20,Payment issue
S000711,C000711,P4,2024-07-28,Annual,424.15,Active,,
S000712,C000712,P4,2026-02-08,Annual,424.15,Active,,
S000713,C000713,P3,2024-09-19,Monthly,199.0,Active,,
S000714,C000714,P3,2025-06-13,Monthly,199.0,Active,,
S000715,C000715,P3,2026-01-18,Annual,169.15,Active,,
S000716,C000716,P2,2025-07-06,Annual,67.15,Churned,2026-01-25,Company closed
S000717,C000717,P1,2026-06-14,Monthly,29.0,Active,,
S000718,C000718,P1,2026-06-28,Monthly,29.0,Active,,
S000719,C000719,P4,2025-07-24,Monthly,499.0,Active,,
S000720,C000720,P3,2026-08-06,Annual,169.15,Active,,
S000721,C000721,P1,2025-01-02,Monthly,29.0,Active,,
S000722,C000722,P1,2024-11-12,Monthly,29.0,Churned,2025-06-25,Low engagement
S000723,C000723,P1,2025-12-07,Annual,24.65,Churned,2026-07-22,Missing feature
S000724,C000724,P4,2025-10-08,Monthly,499.0,Active,,
S000725,C000725,P1,2024-11-06,Monthly,29.0,Active,,
S000726,C000726,P2,2025-03-16,Monthly,79.0,Churned,2025-05-28,Low engagement
S000727,C000727,P1,2024-11-03,Monthly,29.0,Active,,
S000728,C000728,P3,2024-11-26,Monthly,199.0,Active,,
S000729,C000729,P2,2025-03-01,Annual,67.15,Active,,
S000730,C000730,P1,2026-07-05,Annual,24.65,Active,,
S000731,C000731,P1,2026-05-16,Monthly,29.0,Active,,
S000732,C000732,P1,2025-08-04,Monthly,29.0,Churned,2026-05-07,Support experience
S000733,C000733,P3,2025-07-15,Monthly,199.0,Active,,
S000734,C000734,P2,2024-02-03,Monthly,79.0,Active,,
S000735,C000735,P2,2025-06-25,Monthly,79.0,Active,,
S000736,C000736,P4,2025-11-17,Monthly,499.0,Churned,2026-06-18,Missing feature
S000737,C000737,P1,2026-03-09,Monthly,29.0,Active,,
S000738,C000738,P2,2025-03-17,Monthly,79.0,Churned,2026-06-07,Price
S000739,C000739,P2,2026-07-16,Monthly,79.0,Active,,
S000740,C000740,P1,2026-05-23,Annual,24.65,Active,,
S000741,C000741,P2,2024-04-21,Annual,67.15,Churned,2024-10-27,Low engagement
S000742,C000742,P2,2026-06-24,Monthly,79.0,Active,,
S000743,C000743,P3,2024-10-25,Annual,169.15,Churned,2026-05-09,Low engagement
S000744,C000744,P1,2026-07-03,Monthly,29.0,Active,,
S000745,C000745,P2,2025-11-22,Annual,67.15,Active,,
S000746,C000746,P2,2025-05-26,Monthly,79.0,Churned,2026-03-24,Price
S000747,C000747,P1,2025-05-06,Annual,24.65,Churned,2026-08-18,Low engagement
S000748,C000748,P1,2025-09-24,Monthly,29.0,Active,,
S000749,C000749,P2,2026-05-18,Annual,67.15,Active,,
S000750,C000750,P3,2026-05-19,Annual,169.15,Active,,
S000751,C000751,P2,2025-05-20,Monthly,79.0,Active,,
S000752,C000752,P2,2026-05-10,Monthly,79.0,Active,,
S000753,C000753,P1,2025-07-26,Monthly,29.0,Active,,
S000754,C000754,P1,2025-05-21,Monthly,29.0,Active,,
S000755,C000755,P2,2024-11-13,Monthly,79.0,Active,,
S000756,C000756,P2,2026-04-18,Monthly,79.0,Active,,
S000757,C000757,P1,2025-11-27,Monthly,29.0,Active,,
S000758,C000758,P3,2025-05-10,Annual,169.15,Active,,
S000759,C000759,P1,2025-12-26,Monthly,29.0,Active,,
S000760,C000760,P1,2026-05-01,Monthly,29.0,Active,,
S000761,C000761,P3,2024-09-23,Monthly,199.0,Active,,
S000762,C000762,P1,2025-04-17,Annual,24.65,Active,,
S000763,C000763,P2,2025-04-20,Monthly,79.0,Active,,
S000764,C000764,P1,2024-04-17,Annual,24.65,Active,,
S000765,C000765,P3,2025-02-14,Monthly,199.0,Churned,2025-04-05,Payment issue
S000766,C000766,P2,2026-03-05,Monthly,79.0,Active,,
S000767,C000767,P1,2024-11-07,Monthly,29.0,Churned,2026-08-17,Payment issue
S000768,C000768,P1,2026-04-26,Monthly,29.0,Active,,
S000769,C000769,P1,2026-07-12,Monthly,29.0,Active,,
S000770,C000770,P2,2024-10-05,Monthly,79.0,Active,,
S000771,C000771,P2,2025-05-04,Monthly,79.0,Active,,
S000772,C000772,P1,2024-07-09,Annual,24.65,Active,,
S000773,C000773,P2,2026-01-21,Monthly,79.0,Churned,2026-03-23,Payment issue
S000774,C000774,P2,2025-07-11,Monthly,79.0,Active,,
S000775,C000775,P2,2025-10-13,Monthly,79.0,Active,,
S000776,C000776,P3,2026-03-20,Monthly,199.0,Active,,
S000777,C000777,P1,2026-03-17,Monthly,29.0,Active,,
S000778,C000778,P2,2025-08-03,Annual,67.15,Active,,
S000779,C000779,P3,2026-06-11,Monthly,199.0,Active,,
S000780,C000780,P3,2026-07-20,Monthly,199.0,Active,,
S000781,C000781,P1,2025-11-20,Monthly,29.0,Active,,
S000782,C000782,P3,2024-02-12,Monthly,199.0,Active,,
S000783,C000783,P1,2026-03-07,Annual,24.65,Churned,2026-07-14,Payment issue
S000784,C000784,P1,2026-06-06,Monthly,29.0,Active,,
S000785,C000785,P4,2025-09-03,Annual,424.15,Churned,2026-06-10,Support experience
S000786,C000786,P2,2026-01-04,Monthly,79.0,Churned,2026-03-23,Support experience
S000787,C000787,P3,2025-03-28,Monthly,199.0,Active,,
S000788,C000788,P1,2025-07-12,Monthly,29.0,Active,,
S000789,C000789,P3,2026-04-09,Monthly,199.0,Active,,
S000790,C000790,P1,2026-06-13,Monthly,29.0,Active,,
S000791,C000791,P1,2024-06-15,Monthly,29.0,Churned,2025-11-28,Low engagement
S000792,C000792,P1,2024-01-04,Monthly,29.0,Churned,2024-02-15,Low engagement
S000793,C000793,P2,2025-03-26,Annual,67.15,Active,,
S000794,C000794,P1,2025-04-14,Annual,24.65,Active,,
S000795,C000795,P1,2026-03-16,Annual,24.65,Active,,
S000796,C000796,P1,2024-01-15,Monthly,29.0,Churned,2024-12-28,Other
S000797,C000797,P2,2026-03-27,Monthly,79.0,Churned,2026-06-23,Payment issue
S000798,C000798,P2,2025-08-28,Monthly,79.0,Active,,
S000799,C000799,P2,2026-01-04,Annual,67.15,Active,,
S000800,C000800,P3,2025-08-20,Monthly,199.0,Churned,2026-05-17,Other
S000801,C000801,P2,2026-03-05,Monthly,79.0,Active,,
S000802,C000802,P1,2025-05-01,Annual,24.65,Active,,
S000803,C000803,P2,2025-03-16,Monthly,79.0,Active,,
S000804,C000804,P1,2025-11-14,Monthly,29.0,Active,,
S000805,C000805,P3,2025-06-14,Monthly,199.0,Churned,2025-12-05,Low engagement
S000806,C000806,P2,2025-01-01,Monthly,79.0,Churned,2026-03-24,Price
S000807,C000807,P2,2026-06-19,Monthly,79.0,Active,,
S000808,C000808,P3,2026-02-15,Monthly,199.0,Active,,
S000809,C000809,P2,2024-09-02,Annual,67.15,Active,,
S000810,C000810,P4,2026-02-10,Annual,424.15,Active,,
S000811,C000811,P2,2024-11-04,Monthly,79.0,Active,,
S000812,C000812,P2,2025-05-26,Monthly,79.0,Active,,
S000813,C000813,P4,2024-10-21,Annual,424.15,Active,,
S000814,C000814,P1,2024-06-14,Monthly,29.0,Active,,
S000815,C000815,P1,2025-04-03,Annual,24.65,Active,,
S000816,C000816,P3,2025-09-24,Annual,169.15,Active,,
S000817,C000817,P3,2025-01-10,Monthly,199.0,Active,,
S000818,C000818,P2,2024-04-17,Monthly,79.0,Churned,2025-05-21,Low engagement
S000819,C000819,P2,2024-11-21,Monthly,79.0,Active,,
S000820,C000820,P2,2024-11-12,Monthly,79.0,Churned,2026-04-14,Missing feature
S000821,C000821,P1,2025-10-28,Annual,24.65,Active,,
S000822,C000822,P1,2024-12-07,Monthly,29.0,Active,,
S000823,C000823,P1,2025-08-10,Monthly,29.0,Active,,
S000824,C000824,P2,2025-07-06,Monthly,79.0,Active,,
S000825,C000825,P3,2024-12-10,Annual,169.15,Churned,2025-08-07,Price
S000826,C000826,P1,2026-02-23,Monthly,29.0,Active,,
S000827,C000827,P1,2025-12-14,Monthly,29.0,Active,,
S000828,C000828,P2,2026-01-25,Monthly,79.0,Active,,
S000829,C000829,P3,2025-05-25,Annual,169.15,Active,,
S000830,C000830,P1,2025-02-10,Monthly,29.0,Active,,
S000831,C000831,P1,2025-10-23,Monthly,29.0,Active,,
S000832,C000832,P1,2026-08-14,Monthly,29.0,Active,,
S000833,C000833,P2,2025-05-12,Monthly,79.0,Churned,2025-05-13,Low engagement
S000834,C000834,P3,2025-12-09,Annual,169.15,Active,,
S000835,C000835,P3,2025-06-02,Monthly,199.0,Active,,
S000836,C000836,P1,2026-07-13,Monthly,29.0,Active,,
S000837,C000837,P2,2024-12-19,Annual,67.15,Active,,
S000838,C000838,P4,2025-06-25,Monthly,499.0,Active,,
S000839,C000839,P3,2025-07-12,Monthly,199.0,Active,,
S000840,C000840,P1,2026-02-04,Monthly,29.0,Active,,
S000841,C000841,P1,2026-02-14,Monthly,29.0,Active,,
S000842,C000842,P3,2026-02-09,Monthly,199.0,Active,,
S000843,C000843,P2,2026-02-26,Annual,67.15,Active,,
S000844,C000844,P1,2025-06-20,Monthly,29.0,Active,,
S000845,C000845,P2,2024-08-26,Monthly,79.0,Active,,
S000846,C000846,P4,2026-05-09,Annual,424.15,Active,,
S000847,C000847,P1,2025-02-13,Monthly,29.0,Active,,
S000848,C000848,P3,2024-06-03,Monthly,199.0,Churned,2025-03-08,Low engagement
S000849,C000849,P2,2024-06-04,Monthly,79.0,Active,,
S000850,C000850,P3,2025-07-11,Monthly,199.0,Churned,2026-02-10,Support experience
S000851,C000851,P2,2025-05-12,Monthly,79.0,Churned,2026-03-11,Low engagement
S000852,C000852,P3,2025-12-19,Monthly,199.0,Active,,
S000853,C000853,P3,2025-11-07,Annual,169.15,Active,,
S000854,C000854,P3,2024-06-28,Monthly,199.0,Active,,
S000855,C000855,P2,2025-01-22,Annual,67.15,Active,,
S000856,C000856,P2,2026-06-25,Annual,67.15,Active,,
S000857,C000857,P2,2026-03-09,Annual,67.15,Active,,
S000858,C000858,P3,2026-05-16,Annual,169.15,Active,,
S000859,C000859,P1,2024-02-15,Monthly,29.0,Active,,
S000860,C000860,P1,2026-06-22,Monthly,29.0,Active,,
S000861,C000861,P3,2026-05-24,Monthly,199.0,Active,,
S000862,C000862,P4,2025-06-16,Monthly,499.0,Active,,
S000863,C000863,P3,2025-12-28,Annual,169.15,Active,,
S000864,C000864,P2,2024-12-14,Monthly,79.0,Active,,
S000865,C000865,P2,2025-12-08,Annual,67.15,Active,,
S000866,C000866,P3,2026-04-05,Annual,169.15,Active,,
S000867,C000867,P3,2025-07-11,Monthly,199.0,Churned,2026-05-18,Low engagement
S000868,C000868,P2,2024-02-09,Annual,67.15,Churned,2026-03-24,Company closed
S000869,C000869,P1,2025-05-06,Monthly,29.0,Churned,2025-08-16,Payment issue
S000870,C000870,P1,2026-02-13,Monthly,29.0,Active,,
S000871,C000871,P4,2026-01-08,Monthly,499.0,Active,,
S000872,C000872,P3,2025-07-28,Monthly,199.0,Active,,
S000873,C000873,P4,2026-08-09,Annual,424.15,Active,,
S000874,C000874,P2,2024-06-18,Monthly,79.0,Churned,2025-11-18,Low engagement
S000875,C000875,P3,2024-08-22,Monthly,199.0,Active,,
S000876,C000876,P3,2024-11-27,Annual,169.15,Churned,2025-08-06,Support experience
S000877,C000877,P1,2026-04-20,Monthly,29.0,Active,,
S000878,C000878,P1,2026-03-08,Monthly,29.0,Churned,2026-07-09,Price
S000879,C000879,P1,2026-03-16,Annual,24.65,Active,,
S000880,C000880,P3,2026-06-02,Annual,169.15,Active,,
S000881,C000881,P2,2025-06-08,Monthly,79.0,Active,,
S000882,C000882,P2,2025-02-28,Monthly,79.0,Churned,2026-03-26,Payment issue
S000883,C000883,P4,2025-10-01,Annual,424.15,Active,,
S000884,C000884,P2,2025-05-10,Monthly,79.0,Active,,
S000885,C000885,P2,2025-08-02,Annual,67.15,Active,,
S000886,C000886,P2,2024-07-15,Monthly,79.0,Active,,
S000887,C000887,P1,2025-04-22,Monthly,29.0,Active,,
S000888,C000888,P1,2025-07-02,Monthly,29.0,Active,,
S000889,C000889,P1,2024-05-04,Monthly,29.0,Churned,2024-08-28,Price
S000890,C000890,P2,2026-08-25,Monthly,79.0,Active,,
S000891,C000891,P2,2024-02-08,Monthly,79.0,Active,,
S000892,C000892,P4,2026-07-01,Annual,424.15,Active,,
S000893,C000893,P2,2024-04-03,Monthly,79.0,Active,,
S000894,C000894,P1,2026-05-26,Monthly,29.0,Active,,
S000895,C000895,P2,2025-09-26,Annual,67.15,Active,,
S000896,C000896,P4,2024-09-05,Annual,424.15,Active,,
S000897,C000897,P2,2024-10-08,Monthly,79.0,Active,,
S000898,C000898,P1,2025-03-06,Monthly,29.0,Active,,
S000899,C000899,P2,2026-03-14,Monthly,79.0,Active,,
S000900,C000900,P2,2024-07-24,Monthly,79.0,Active,,
S000901,C000901,P1,2024-11-22,Monthly,29.0,Churned,2025-02-05,Low engagement
S000902,C000902,P1,2026-01-11,Monthly,29.0,Active,,
S000903,C000903,P2,2025-11-20,Annual,67.15,Churned,2026-01-14,Support experience
S000904,C000904,P2,2025-05-08,Annual,67.15,Active,,
S000905,C000905,P4,2024-03-26,Annual,424.15,Active,,
S000906,C000906,P4,2025-09-17,Monthly,499.0,Active,,
S000907,C000907,P2,2024-10-26,Monthly,79.0,Churned,2026-02-11,Payment issue
S000908,C000908,P1,2025-11-08,Monthly,29.0,Active,,
S000909,C000909,P1,2024-12-27,Monthly,29.0,Active,,
S000910,C000910,P2,2026-08-09,Monthly,79.0,Active,,
S000911,C000911,P2,2025-10-20,Monthly,79.0,Active,,
S000912,C000912,P2,2025-09-02,Annual,67.15,Active,,
S000913,C000913,P3,2026-05-07,Monthly,199.0,Active,,
S000914,C000914,P4,2026-08-16,Monthly,499.0,Active,,
S000915,C000915,P3,2026-03-15,Annual,169.15,Active,,
S000916,C000916,P3,2025-10-04,Annual,169.15,Active,,
S000917,C000917,P2,2026-05-01,Annual,67.15,Active,,
S000918,C000918,P1,2024-09-24,Monthly,29.0,Churned,2025-08-07,Price
S000919,C000919,P1,2026-03-07,Monthly,29.0,Churned,2026-05-10,Low engagement
S000920,C000920,P2,2026-01-22,Annual,67.15,Active,,
S000921,C000921,P2,2025-09-05,Monthly,79.0,Active,,
S000922,C000922,P3,2026-05-08,Monthly,199.0,Active,,
S000923,C000923,P2,2026-01-01,Monthly,79.0,Active,,
S000924,C000924,P1,2026-01-15,Monthly,29.0,Churned,2026-08-11,Company closed
S000925,C000925,P1,2026-06-15,Annual,24.65,Active,,
S000926,C000926,P3,2026-01-17,Monthly,199.0,Active,,
S000927,C000927,P1,2024-11-21,Annual,24.65,Churned,2025-08-15,Missing feature
S000928,C000928,P3,2024-09-19,Annual,169.15,Active,,
S000929,C000929,P1,2025-08-06,Monthly,29.0,Active,,
S000930,C000930,P3,2024-11-12,Annual,169.15,Active,,
S000931,C000931,P1,2026-01-03,Monthly,29.0,Active,,
S000932,C000932,P1,2026-05-19,Monthly,29.0,Active,,
S000933,C000933,P2,2025-01-12,Monthly,79.0,Active,,
S000934,C000934,P3,2026-06-05,Annual,169.15,Active,,
S000935,C000935,P3,2026-02-25,Monthly,199.0,Active,,
S000936,C000936,P1,2026-08-14,Annual,24.65,Active,,
S000937,C000937,P4,2024-09-02,Monthly,499.0,Active,,
S000938,C000938,P1,2025-06-03,Monthly,29.0,Active,,
S000939,C000939,P3,2025-11-09,Monthly,199.0,Active,,
S000940,C000940,P2,2026-03-27,Monthly,79.0,Active,,
S000941,C000941,P2,2026-06-03,Monthly,79.0,Active,,
S000942,C000942,P3,2026-06-12,Annual,169.15,Active,,
S000943,C000943,P2,2024-11-12,Annual,67.15,Active,,
S000944,C000944,P1,2025-05-18,Monthly,29.0,Active,,
S000945,C000945,P1,2026-02-17,Monthly,29.0,Active,,
S000946,C000946,P1,2024-07-14,Monthly,29.0,Active,,
S000947,C000947,P3,2026-08-23,Annual,169.15,Active,,
S000948,C000948,P3,2026-02-01,Monthly,199.0,Active,,
S000949,C000949,P3,2026-04-12,Annual,169.15,Churned,2026-08-14,Missing feature
S000950,C000950,P2,2026-06-02,Monthly,79.0,Active,,
S000951,C000951,P1,2024-08-09,Monthly,29.0,Active,,
S000952,C000952,P1,2025-05-08,Monthly,29.0,Active,,
S000953,C000953,P1,2025-12-25,Annual,24.65,Active,,
S000954,C000954,P1,2026-04-19,Monthly,29.0,Active,,
S000955,C000955,P4,2026-02-07,Annual,424.15,Active,,
S000956,C000956,P2,2024-06-18,Annual,67.15,Active,,
S000957,C000957,P3,2025-12-24,Monthly,199.0,Active,,
S000958,C000958,P2,2025-01-06,Monthly,79.0,Active,,
S000959,C000959,P1,2025-05-16,Monthly,29.0,Active,,
S000960,C000960,P2,2026-08-14,Annual,67.15,Active,,
S000961,C000961,P1,2024-08-26,Annual,24.65,Active,,
S000962,C000962,P2,2024-05-11,Monthly,79.0,Churned,2024-06-21,Missing feature
S000963,C000963,P1,2025-05-20,Annual,24.65,Active,,
S000964,C000964,P3,2026-05-16,Annual,169.15,Active,,
S000965,C000965,P3,2024-08-10,Annual,169.15,Active,,
S000966,C000966,P3,2024-04-10,Annual,169.15,Churned,2026-05-19,Low engagement
S000967,C000967,P3,2025-05-25,Annual,169.15,Active,,
S000968,C000968,P2,2025-11-26,Annual,67.15,Active,,
S000969,C000969,P1,2024-08-08,Monthly,29.0,Churned,2024-12-25,Payment issue
S000970,C000970,P1,2026-04-14,Annual,24.65,Churned,2026-05-09,Low engagement
S000971,C000971,P1,2026-05-04,Monthly,29.0,Active,,
S000972,C000972,P1,2025-08-12,Monthly,29.0,Active,,
S000973,C000973,P1,2024-02-25,Annual,24.65,Churned,2024-03-26,Payment issue
S000974,C000974,P3,2025-08-20,Annual,169.15,Active,,
S000975,C000975,P1,2024-10-14,Annual,24.65,Churned,2026-05-09,Support experience
S000976,C000976,P2,2025-06-22,Monthly,79.0,Churned,2026-04-06,Price
S000977,C000977,P1,2026-03-16,Monthly,29.0,Active,,
S000978,C000978,P2,2024-03-13,Monthly,79.0,Active,,
S000979,C000979,P2,2024-01-01,Monthly,79.0,Active,,
S000980,C000980,P1,2024-07-04,Monthly,29.0,Active,,
S000981,C000981,P4,2024-03-16,Annual,424.15,Active,,
S000982,C000982,P2,2024-12-03,Monthly,79.0,Churned,2025-03-11,Missing feature
S000983,C000983,P3,2025-04-01,Monthly,199.0,Active,,
S000984,C000984,P2,2026-03-10,Monthly,79.0,Active,,
S000985,C000985,P2,2024-02-16,Annual,67.15,Active,,
S000986,C000986,P3,2025-03-21,Annual,169.15,Churned,2026-04-18,Low engagement
S000987,C000987,P1,2026-07-28,Monthly,29.0,Active,,
S000988,C000988,P2,2025-10-19,Annual,67.15,Churned,2026-06-12,Low engagement
S000989,C000989,P1,2026-04-28,Monthly,29.0,Active,,
S000990,C000990,P4,2025-07-09,Annual,424.15,Active,,
S000991,C000991,P2,2024-05-19,Monthly,79.0,Active,,
S000992,C000992,P2,2024-09-01,Monthly,79.0,Active,,
S000993,C000993,P3,2026-03-04,Monthly,199.0,Active,,
S000994,C000994,P2,2026-05-18,Monthly,79.0,Active,,
S000995,C000995,P3,2025-06-09,Monthly,199.0,Active,,
S000996,C000996,P1,2025-07-16,Monthly,29.0,Active,,
S000997,C000997,P2,2025-06-27,Monthly,79.0,Active,,
S000998,C000998,P2,2024-01-22,Monthly,79.0,Churned,2025-10-12,Price
S000999,C000999,P3,2024-05-10,Annual,169.15,Active,,
S001000,C001000,P1,2026-08-20,Monthly,29.0,Active,,
S001001,C001001,P2,2024-03-26,Annual,67.15,Churned,2025-03-08,Payment issue
S001002,C001002,P2,2025-03-07,Monthly,79.0,Active,,
S001003,C001003,P1,2026-01-16,Monthly,29.0,Active,,
S001004,C001004,P1,2025-05-21,Monthly,29.0,Active,,
S001005,C001005,P1,2026-08-19,Monthly,29.0,Active,,
S001006,C001006,P1,2024-02-14,Monthly,29.0,Active,,
S001007,C001007,P3,2026-06-13,Monthly,199.0,Active,,
S001008,C001008,P1,2024-07-17,Monthly,29.0,Active,,
S001009,C001009,P3,2024-09-14,Annual,169.15,Churned,2025-03-24,Support experience
S001010,C001010,P1,2025-08-10,Monthly,29.0,Active,,
S001011,C001011,P3,2026-05-25,Monthly,199.0,Active,,
S001012,C001012,P2,2025-05-23,Monthly,79.0,Active,,
S001013,C001013,P1,2025-01-18,Monthly,29.0,Active,,
S001014,C001014,P4,2025-04-06,Annual,424.15,Active,,
S001015,C001015,P2,2024-05-15,Monthly,79.0,Active,,
S001016,C001016,P2,2026-05-06,Monthly,79.0,Churned,2026-06-15,Low engagement
S001017,C001017,P3,2026-06-05,Annual,169.15,Active,,
S001018,C001018,P3,2025-12-07,Monthly,199.0,Active,,
S001019,C001019,P1,2025-06-05,Annual,24.65,Active,,
S001020,C001020,P1,2025-11-23,Monthly,29.0,Active,,
S001021,C001021,P4,2025-09-15,Annual,424.15,Active,,
S001022,C001022,P4,2024-03-21,Annual,424.15,Active,,
S001023,C001023,P3,2025-04-28,Monthly,199.0,Active,,
S001024,C001024,P1,2025-12-08,Monthly,29.0,Churned,2026-07-09,Price
S001025,C001025,P4,2026-05-06,Monthly,499.0,Active,,
S001026,C001026,P1,2025-03-05,Monthly,29.0,Active,,
S001027,C001027,P4,2026-04-01,Monthly,499.0,Churned,2026-08-20,Low engagement
S001028,C001028,P1,2026-03-01,Monthly,29.0,Active,,
S001029,C001029,P3,2026-07-17,Monthly,199.0,Active,,
S001030,C001030,P1,2026-08-20,Monthly,29.0,Active,,
S001031,C001031,P2,2024-03-09,Monthly,79.0,Churned,2026-02-13,Price
S001032,C001032,P3,2025-05-16,Annual,169.15,Active,,
S001033,C001033,P2,2026-03-06,Monthly,79.0,Active,,
S001034,C001034,P2,2026-04-20,Monthly,79.0,Active,,
S001035,C001035,P2,2024-04-20,Monthly,79.0,Active,,
S001036,C001036,P1,2025-10-20,Monthly,29.0,Active,,
S001037,C001037,P2,2026-06-15,Monthly,79.0,Active,,
S001038,C001038,P2,2024-10-24,Monthly,79.0,Active,,
S001039,C001039,P2,2025-03-03,Monthly,79.0,Active,,
S001040,C001040,P1,2025-04-12,Monthly,29.0,Active,,
S001041,C001041,P2,2025-04-02,Annual,67.15,Active,,
S001042,C001042,P2,2025-09-24,Monthly,79.0,Active,,
S001043,C001043,P2,2024-03-03,Monthly,79.0,Churned,2025-07-06,Low engagement
S001044,C001044,P3,2026-03-13,Monthly,199.0,Active,,
S001045,C001045,P1,2024-06-06,Annual,24.65,Active,,
S001046,C001046,P1,2026-04-20,Annual,24.65,Active,,
S001047,C001047,P2,2024-01-12,Monthly,79.0,Churned,2025-02-12,Price
S001048,C001048,P2,2026-03-16,Monthly,79.0,Active,,
S001049,C001049,P3,2025-03-27,Monthly,199.0,Active,,
S001050,C001050,P2,2025-12-26,Annual,67.15,Active,,
S001051,C001051,P3,2024-08-12,Annual,169.15,Active,,
S001052,C001052,P1,2025-08-11,Annual,24.65,Active,,
S001053,C001053,P1,2025-01-09,Annual,24.65,Active,,
S001054,C001054,P2,2024-01-20,Monthly,79.0,Active,,
S001055,C001055,P2,2026-02-28,Monthly,79.0,Active,,
S001056,C001056,P3,2024-07-17,Monthly,199.0,Churned,2024-07-10,Low engagement
S001057,C001057,P3,2026-07-16,Annual,169.15,Active,,
S001058,C001058,P1,2025-09-28,Monthly,29.0,Active,,
S001059,C001059,P2,2024-01-06,Annual,67.15,Active,,
S001060,C001060,P2,2026-07-03,Monthly,79.0,Active,,
S001061,C001061,P4,2024-07-03,Annual,424.15,Active,,
S001062,C001062,P1,2026-04-17,Monthly,29.0,Active,,
S001063,C001063,P2,2025-02-26,Monthly,79.0,Active,,
S001064,C001064,P1,2025-09-07,Monthly,29.0,Churned,2026-07-14,Other
S001065,C001065,P1,2026-05-21,Annual,24.65,Active,,
S001066,C001066,P4,2024-03-25,Annual,424.15,Active,,
S001067,C001067,P1,2026-01-26,Annual,24.65,Active,,
S001068,C001068,P3,2024-07-23,Monthly,199.0,Churned,2024-12-26,Missing feature
S001069,C001069,P1,2026-01-11,Monthly,29.0,Active,,
S001070,C001070,P2,2024-08-19,Monthly,79.0,Churned,2025-01-18,Low engagement
S001071,C001071,P2,2024-02-16,Monthly,79.0,Churned,2025-04-21,Low engagement
S001072,C001072,P2,2024-08-14,Monthly,79.0,Churned,2025-07-20,Missing feature
S001073,C001073,P1,2025-11-20,Monthly,29.0,Active,,
S001074,C001074,P4,2026-08-20,Annual,424.15,Active,,
S001075,C001075,P2,2026-08-23,Annual,67.15,Active,,
S001076,C001076,P2,2026-02-16,Annual,67.15,Active,,
S001077,C001077,P1,2026-04-19,Annual,24.65,Active,,
S001078,C001078,P1,2026-05-09,Annual,24.65,Active,,
S001079,C001079,P2,2025-08-14,Annual,67.15,Active,,
S001080,C001080,P1,2024-10-23,Monthly,29.0,Active,,
S001081,C001081,P2,2025-12-22,Monthly,79.0,Active,,
S001082,C001082,P3,2024-07-15,Monthly,199.0,Churned,2025-02-07,Low engagement
S001083,C001083,P3,2026-04-16,Monthly,199.0,Active,,
S001084,C001084,P2,2025-05-08,Monthly,79.0,Active,,
S001085,C001085,P4,2024-12-11,Annual,424.15,Active,,
S001086,C001086,P3,2026-05-19,Annual,169.15,Active,,
S001087,C001087,P4,2024-06-04,Monthly,499.0,Active,,
S001088,C001088,P3,2026-08-01,Monthly,199.0,Active,,
S001089,C001089,P2,2026-07-17,Monthly,79.0,Active,,
S001090,C001090,P2,2025-11-21,Annual,67.15,Active,,
S001091,C001091,P1,2026-01-28,Monthly,29.0,Active,,
S001092,C001092,P2,2024-02-14,Monthly,79.0,Churned,2025-09-22,Low engagement
S001093,C001093,P2,2025-05-04,Monthly,79.0,Active,,
S001094,C001094,P2,2026-06-18,Monthly,79.0,Active,,
S001095,C001095,P2,2024-01-09,Annual,67.15,Active,,
S001096,C001096,P1,2025-01-05,Monthly,29.0,Active,,
S001097,C001097,P1,2025-03-18,Monthly,29.0,Active,,
S001098,C001098,P2,2025-12-21,Annual,67.15,Churned,2026-05-20,Low engagement
S001099,C001099,P3,2026-01-02,Annual,169.15,Active,,
S001100,C001100,P1,2024-04-21,Monthly,29.0,Active,,
S001101,C001101,P1,2024-10-17,Annual,24.65,Churned,2026-06-23,Low engagement
S001102,C001102,P2,2026-04-21,Annual,67.15,Active,,
S001103,C001103,P3,2024-09-18,Monthly,199.0,Churned,2026-03-22,Low engagement
S001104,C001104,P3,2024-12-14,Monthly,199.0,Active,,
S001105,C001105,P1,2024-08-10,Monthly,29.0,Active,,
S001106,C001106,P2,2026-02-18,Annual,67.15,Active,,
S001107,C001107,P1,2024-02-06,Monthly,29.0,Churned,2025-10-15,Other
S001108,C001108,P1,2025-01-16,Monthly,29.0,Active,,
S001109,C001109,P4,2025-08-22,Annual,424.15,Churned,2026-01-06,Low engagement
S001110,C001110,P1,2024-01-07,Monthly,29.0,Churned,2024-12-12,Low engagement
S001111,C001111,P2,2026-07-03,Monthly,79.0,Churned,2026-08-05,Company closed
S001112,C001112,P1,2026-05-01,Monthly,29.0,Active,,
S001113,C001113,P1,2025-12-16,Monthly,29.0,Active,,
S001114,C001114,P4,2025-06-12,Annual,424.15,Active,,
S001115,C001115,P4,2024-08-19,Annual,424.15,Active,,
S001116,C001116,P1,2025-09-23,Monthly,29.0,Active,,
S001117,C001117,P2,2024-11-28,Monthly,79.0,Active,,
S001118,C001118,P2,2025-11-10,Annual,67.15,Active,,
S001119,C001119,P3,2024-07-04,Monthly,199.0,Active,,
S001120,C001120,P3,2026-02-21,Monthly,199.0,Active,,
S001121,C001121,P3,2025-02-01,Monthly,199.0,Active,,
S001122,C001122,P2,2025-07-18,Monthly,79.0,Churned,2025-12-12,Price
S001123,C001123,P3,2024-08-08,Monthly,199.0,Active,,
S001124,C001124,P1,2024-11-10,Monthly,29.0,Active,,
S001125,C001125,P1,2025-06-04,Monthly,29.0,Active,,
S001126,C001126,P1,2025-06-01,Monthly,29.0,Churned,2025-10-25,Price
S001127,C001127,P1,2026-08-06,Monthly,29.0,Active,,
S001128,C001128,P3,2025-02-13,Monthly,199.0,Active,,
S001129,C001129,P3,2024-05-09,Monthly,199.0,Churned,2025-01-06,Low engagement
S001130,C001130,P4,2025-08-11,Monthly,499.0,Active,,
S001131,C001131,P4,2025-02-04,Monthly,499.0,Churned,2025-05-20,Support experience
S001132,C001132,P1,2026-06-04,Annual,24.65,Active,,
S001133,C001133,P2,2024-10-21,Monthly,79.0,Active,,
S001134,C001134,P2,2026-05-23,Monthly,79.0,Active,,
S001135,C001135,P4,2025-12-21,Annual,424.15,Active,,
S001136,C001136,P1,2024-09-27,Monthly,29.0,Churned,2026-05-25,Low engagement
S001137,C001137,P2,2025-04-21,Monthly,79.0,Active,,
S001138,C001138,P1,2025-07-04,Monthly,29.0,Churned,2026-03-16,Price
S001139,C001139,P2,2025-08-21,Monthly,79.0,Active,,
S001140,C001140,P3,2025-04-07,Annual,169.15,Churned,2025-12-13,Low engagement
S001141,C001141,P1,2025-10-22,Monthly,29.0,Active,,
S001142,C001142,P3,2026-01-18,Monthly,199.0,Churned,2026-03-25,Payment issue
S001143,C001143,P3,2025-08-24,Annual,169.15,Active,,
S001144,C001144,P2,2025-10-27,Annual,67.15,Churned,2026-06-22,Missing feature
S001145,C001145,P2,2026-05-20,Monthly,79.0,Active,,
S001146,C001146,P1,2025-07-27,Monthly,29.0,Active,,
S001147,C001147,P3,2025-05-16,Monthly,199.0,Churned,2026-07-21,Payment issue
S001148,C001148,P3,2024-11-27,Monthly,199.0,Active,,
S001149,C001149,P2,2024-07-03,Monthly,79.0,Active,,
S001150,C001150,P2,2025-01-13,Monthly,79.0,Churned,2026-08-17,Low engagement
S001151,C001151,P1,2025-05-22,Monthly,29.0,Active,,
S001152,C001152,P3,2026-03-28,Annual,169.15,Active,,
S001153,C001153,P1,2024-10-25,Monthly,29.0,Churned,2026-01-28,Support experience
S001154,C001154,P2,2026-01-11,Annual,67.15,Active,,
S001155,C001155,P2,2024-04-18,Monthly,79.0,Churned,2024-06-25,Low engagement
S001156,C001156,P2,2024-08-03,Monthly,79.0,Active,,
S001157,C001157,P1,2025-02-04,Monthly,29.0,Active,,
S001158,C001158,P2,2025-06-20,Annual,67.15,Active,,
S001159,C001159,P1,2024-09-09,Monthly,29.0,Active,,
S001160,C001160,P2,2024-06-16,Monthly,79.0,Churned,2024-06-10,Other
S001161,C001161,P1,2025-09-06,Monthly,29.0,Active,,
S001162,C001162,P3,2025-05-23,Monthly,199.0,Churned,2026-06-13,Low engagement
S001163,C001163,P3,2025-05-03,Monthly,199.0,Churned,2025-07-27,Support experience
S001164,C001164,P2,2025-01-18,Monthly,79.0,Active,,
S001165,C001165,P1,2025-03-19,Monthly,29.0,Active,,
S001166,C001166,P3,2024-09-23,Monthly,199.0,Active,,
S001167,C001167,P2,2024-12-08,Monthly,79.0,Churned,2025-06-15,Other
S001168,C001168,P1,2025-09-10,Monthly,29.0,Churned,2026-01-25,Low engagement
S001169,C001169,P3,2025-08-16,Annual,169.15,Active,,
S001170,C001170,P2,2026-06-09,Monthly,79.0,Active,,
S001171,C001171,P1,2026-04-21,Monthly,29.0,Active,,
S001172,C001172,P3,2024-01-22,Annual,169.15,Active,,
S001173,C001173,P1,2024-10-22,Annual,24.65,Active,,
S001174,C001174,P3,2026-06-14,Monthly,199.0,Active,,
S001175,C001175,P1,2025-01-18,Monthly,29.0,Active,,
S001176,C001176,P3,2025-07-06,Monthly,199.0,Active,,
S001177,C001177,P2,2025-12-06,Monthly,79.0,Active,,
S001178,C001178,P2,2025-09-11,Annual,67.15,Active,,
S001179,C001179,P1,2024-01-06,Monthly,29.0,Churned,2024-05-20,Support experience
S001180,C001180,P1,2024-10-23,Monthly,29.0,Active,,
S001181,C001181,P3,2024-05-08,Monthly,199.0,Churned,2024-07-20,Missing feature
S001182,C001182,P2,2024-08-26,Monthly,79.0,Active,,
S001183,C001183,P1,2024-07-12,Annual,24.65,Active,,
S001184,C001184,P1,2025-11-22,Monthly,29.0,Churned,2026-06-19,Missing feature
S001185,C001185,P2,2025-05-03,Monthly,79.0,Active,,
S001186,C001186,P2,2024-04-21,Monthly,79.0,Active,,
S001187,C001187,P3,2024-04-13,Monthly,199.0,Churned,2025-02-20,Payment issue
S001188,C001188,P4,2026-07-23,Monthly,499.0,Active,,
S001189,C001189,P1,2024-08-06,Monthly,29.0,Churned,2025-09-27,Missing feature
S001190,C001190,P2,2024-11-06,Annual,67.15,Active,,
S001191,C001191,P2,2025-10-25,Monthly,79.0,Active,,
S001192,C001192,P1,2024-09-17,Monthly,29.0,Churned,2025-11-28,Price
S001193,C001193,P3,2024-09-16,Annual,169.15,Churned,2026-07-11,Missing feature
S001194,C001194,P3,2024-04-17,Annual,169.15,Active,,
S001195,C001195,P2,2026-08-11,Monthly,79.0,Active,,
S001196,C001196,P2,2025-10-27,Monthly,79.0,Active,,
S001197,C001197,P1,2025-08-16,Monthly,29.0,Active,,
S001198,C001198,P3,2026-06-01,Annual,169.15,Active,,
S001199,C001199,P2,2025-10-09,Monthly,79.0,Active,,
S001200,C001200,P3,2024-12-28,Monthly,199.0,Active,,
S001201,C001201,P2,2025-07-14,Monthly,79.0,Active,,
S001202,C001202,P1,2025-07-21,Annual,24.65,Active,,
S001203,C001203,P3,2025-04-01,Annual,169.15,Churned,2026-06-07,Company closed
S001204,C001204,P2,2026-02-01,Annual,67.15,Active,,
S001205,C001205,P2,2024-06-06,Monthly,79.0,Churned,2025-07-24,Price
S001206,C001206,P2,2024-08-15,Annual,67.15,Active,,
S001207,C001207,P2,2025-03-18,Monthly,79.0,Active,,
S001208,C001208,P1,2024-04-02,Monthly,29.0,Churned,2025-05-25,Missing feature
S001209,C001209,P1,2026-08-26,Monthly,29.0,Active,,
S001210,C001210,P2,2025-07-17,Monthly,79.0,Active,,
S001211,C001211,P3,2024-03-10,Monthly,199.0,Churned,2024-07-10,Support experience
S001212,C001212,P3,2025-11-13,Monthly,199.0,Active,,
S001213,C001213,P1,2026-03-15,Annual,24.65,Active,,
S001214,C001214,P1,2025-05-22,Monthly,29.0,Active,,
S001215,C001215,P3,2025-07-03,Monthly,199.0,Active,,
S001216,C001216,P1,2026-01-17,Annual,24.65,Active,,
S001217,C001217,P2,2024-11-15,Monthly,79.0,Active,,
S001218,C001218,P1,2025-10-23,Monthly,29.0,Churned,2026-04-06,Support experience
S001219,C001219,P3,2025-11-11,Annual,169.15,Active,,
S001220,C001220,P1,2026-04-11,Annual,24.65,Churned,2026-06-06,Low engagement
S001221,C001221,P1,2026-06-23,Monthly,29.0,Active,,
S001222,C001222,P1,2026-07-24,Annual,24.65,Active,,
S001223,C001223,P3,2024-06-24,Monthly,199.0,Active,,
S001224,C001224,P2,2026-04-25,Monthly,79.0,Active,,
S001225,C001225,P2,2025-12-03,Annual,67.15,Active,,
S001226,C001226,P4,2025-03-19,Annual,424.15,Active,,
S001227,C001227,P1,2026-07-20,Annual,24.65,Active,,
S001228,C001228,P2,2026-05-08,Annual,67.15,Active,,
S001229,C001229,P3,2026-03-13,Annual,169.15,Active,,
S001230,C001230,P1,2024-03-28,Monthly,29.0,Active,,
S001231,C001231,P1,2024-08-04,Monthly,29.0,Churned,2025-01-08,Low engagement
S001232,C001232,P3,2026-07-23,Monthly,199.0,Active,,
S001233,C001233,P2,2026-08-09,Monthly,79.0,Active,,
S001234,C001234,P2,2024-12-24,Monthly,79.0,Active,,
S001235,C001235,P3,2024-12-15,Monthly,199.0,Churned,2025-10-10,Support experience
S001236,C001236,P2,2025-11-01,Monthly,79.0,Active,,
S001237,C001237,P2,2024-04-04,Annual,67.15,Active,,
S001238,C001238,P1,2025-10-24,Monthly,29.0,Active,,
S001239,C001239,P1,2026-08-23,Monthly,29.0,Active,,
S001240,C001240,P1,2025-01-07,Monthly,29.0,Active,,
S001241,C001241,P3,2026-02-18,Monthly,199.0,Active,,
S001242,C001242,P1,2025-08-15,Monthly,29.0,Active,,
S001243,C001243,P2,2025-01-02,Monthly,79.0,Churned,2026-01-07,Missing feature
S001244,C001244,P1,2025-05-20,Monthly,29.0,Active,,
S001245,C001245,P2,2025-09-05,Monthly,79.0,Active,,
S001246,C001246,P2,2026-03-12,Annual,67.15,Active,,
S001247,C001247,P1,2025-09-01,Monthly,29.0,Active,,
S001248,C001248,P1,2026-07-07,Monthly,29.0,Active,,
S001249,C001249,P2,2024-06-27,Annual,67.15,Active,,
S001250,C001250,P3,2026-08-15,Monthly,199.0,Active,,
S001251,C001251,P1,2025-09-21,Monthly,29.0,Active,,
S001252,C001252,P1,2025-04-09,Monthly,29.0,Active,,
S001253,C001253,P1,2024-04-02,Monthly,29.0,Active,,
S001254,C001254,P1,2025-01-18,Monthly,29.0,Active,,
S001255,C001255,P2,2025-06-07,Monthly,79.0,Active,,
S001256,C001256,P2,2026-07-04,Annual,67.15,Active,,
S001257,C001257,P2,2026-03-14,Annual,67.15,Active,,
S001258,C001258,P3,2024-03-12,Monthly,199.0,Churned,2024-10-22,Other
S001259,C001259,P1,2025-02-04,Annual,24.65,Churned,2025-07-12,Low engagement
S001260,C001260,P4,2025-07-17,Annual,424.15,Active,,
S001261,C001261,P2,2026-05-13,Monthly,79.0,Active,,
S001262,C001262,P2,2026-03-28,Monthly,79.0,Churned,2026-08-25,Low engagement
S001263,C001263,P1,2024-10-03,Monthly,29.0,Active,,
S001264,C001264,P3,2024-03-14,Monthly,199.0,Active,,
S001265,C001265,P3,2024-07-23,Monthly,199.0,Active,,
S001266,C001266,P3,2025-08-12,Monthly,199.0,Active,,
S001267,C001267,P2,2024-05-06,Monthly,79.0,Active,,
S001268,C001268,P3,2024-11-28,Annual,169.15,Active,,
S001269,C001269,P1,2026-04-10,Annual,24.65,Active,,
S001270,C001270,P2,2025-04-26,Monthly,79.0,Active,,
S001271,C001271,P3,2026-08-24,Annual,169.15,Active,,
S001272,C001272,P3,2026-03-19,Monthly,199.0,Active,,
S001273,C001273,P3,2024-12-22,Monthly,199.0,Churned,2025-02-05,Price
S001274,C001274,P1,2024-01-16,Monthly,29.0,Churned,2024-06-23,Price
S001275,C001275,P1,2025-08-19,Annual,24.65,Active,,
S001276,C001276,P1,2026-01-08,Monthly,29.0,Active,,
S001277,C001277,P1,2025-06-02,Monthly,29.0,Active,,
S001278,C001278,P1,2026-06-18,Monthly,29.0,Active,,
S001279,C001279,P3,2026-03-23,Monthly,199.0,Active,,
S001280,C001280,P1,2025-08-24,Monthly,29.0,Active,,
S001281,C001281,P1,2024-01-22,Annual,24.65,Churned,2025-08-21,Price
S001282,C001282,P1,2025-02-28,Annual,24.65,Active,,
S001283,C001283,P1,2025-07-17,Monthly,29.0,Active,,
S001284,C001284,P1,2024-11-05,Monthly,29.0,Active,,
S001285,C001285,P4,2026-05-06,Monthly,499.0,Active,,
S001286,C001286,P3,2025-05-08,Annual,169.15,Active,,
S001287,C001287,P2,2024-09-28,Annual,67.15,Churned,2025-12-15,Low engagement
S001288,C001288,P1,2026-03-25,Annual,24.65,Active,,
S001289,C001289,P2,2025-11-21,Monthly,79.0,Active,,
S001290,C001290,P1,2024-09-25,Monthly,29.0,Active,,
S001291,C001291,P1,2025-08-10,Annual,24.65,Active,,
S001292,C001292,P3,2026-01-21,Annual,169.15,Active,,
S001293,C001293,P2,2025-06-05,Monthly,79.0,Churned,2025-08-05,Price
S001294,C001294,P1,2025-01-03,Monthly,29.0,Active,,
S001295,C001295,P1,2026-01-18,Annual,24.65,Active,,
S001296,C001296,P1,2026-01-20,Monthly,29.0,Churned,2026-04-14,Other
S001297,C001297,P2,2024-01-17,Annual,67.15,Churned,2024-06-20,Low engagement
S001298,C001298,P1,2024-11-14,Monthly,29.0,Active,,
S001299,C001299,P2,2025-12-17,Annual,67.15,Active,,
S001300,C001300,P2,2024-10-11,Monthly,79.0,Active,,
S001301,C001301,P1,2026-08-09,Monthly,29.0,Active,,
S001302,C001302,P1,2024-08-08,Monthly,29.0,Churned,2026-04-16,Payment issue
S001303,C001303,P2,2026-02-11,Annual,67.15,Active,,
S001304,C001304,P2,2026-08-09,Monthly,79.0,Active,,
S001305,C001305,P4,2025-03-05,Monthly,499.0,Active,,
S001306,C001306,P3,2025-10-16,Monthly,199.0,Active,,
S001307,C001307,P2,2024-05-12,Monthly,79.0,Active,,
S001308,C001308,P3,2025-11-05,Annual,169.15,Active,,
S001309,C001309,P1,2026-08-26,Monthly,29.0,Active,,
S001310,C001310,P4,2026-08-15,Annual,424.15,Active,,
S001311,C001311,P1,2025-05-04,Monthly,29.0,Active,,
S001312,C001312,P3,2026-04-02,Annual,169.15,Active,,
S001313,C001313,P1,2026-04-03,Monthly,29.0,Active,,
S001314,C001314,P2,2025-02-12,Annual,67.15,Active,,
S001315,C001315,P3,2026-04-07,Annual,169.15,Active,,
S001316,C001316,P3,2024-08-27,Monthly,199.0,Active,,
S001317,C001317,P2,2026-08-14,Annual,67.15,Active,,
S001318,C001318,P2,2026-05-21,Monthly,79.0,Active,,
S001319,C001319,P3,2025-08-07,Monthly,199.0,Active,,
S001320,C001320,P3,2025-04-02,Annual,169.15,Active,,
S001321,C001321,P1,2026-07-10,Monthly,29.0,Active,,
S001322,C001322,P1,2024-04-20,Monthly,29.0,Active,,
S001323,C001323,P1,2025-07-22,Monthly,29.0,Churned,2026-07-25,Missing feature
S001324,C001324,P2,2025-07-06,Annual,67.15,Active,,
S001325,C001325,P2,2025-04-09,Monthly,79.0,Active,,
S001326,C001326,P3,2024-06-14,Monthly,199.0,Churned,2026-02-10,Missing feature
S001327,C001327,P1,2024-11-10,Monthly,29.0,Active,,
S001328,C001328,P2,2026-08-09,Monthly,79.0,Active,,
S001329,C001329,P2,2026-04-28,Monthly,79.0,Active,,
S001330,C001330,P2,2026-05-27,Monthly,79.0,Active,,
S001331,C001331,P3,2025-08-10,Annual,169.15,Active,,
S001332,C001332,P2,2025-12-02,Monthly,79.0,Active,,
S001333,C001333,P1,2025-08-11,Monthly,29.0,Churned,2026-08-23,Payment issue
S001334,C001334,P4,2025-12-25,Annual,424.15,Active,,
S001335,C001335,P4,2026-05-26,Annual,424.15,Active,,
S001336,C001336,P2,2024-11-20,Annual,67.15,Active,,
S001337,C001337,P1,2026-07-19,Annual,24.65,Active,,
S001338,C001338,P1,2026-06-11,Monthly,29.0,Active,,
S001339,C001339,P3,2025-05-13,Monthly,199.0,Active,,
S001340,C001340,P1,2026-08-25,Monthly,29.0,Active,,
S001341,C001341,P2,2026-06-07,Monthly,79.0,Active,,
S001342,C001342,P3,2024-02-12,Annual,169.15,Active,,
S001343,C001343,P1,2024-03-25,Monthly,29.0,Churned,2025-01-24,Price
S001344,C001344,P2,2026-01-20,Monthly,79.0,Active,,
S001345,C001345,P4,2026-03-04,Monthly,499.0,Active,,
S001346,C001346,P1,2024-11-23,Monthly,29.0,Active,,
S001347,C001347,P2,2025-07-02,Monthly,79.0,Active,,
S001348,C001348,P2,2025-09-09,Monthly,79.0,Active,,
S001349,C001349,P1,2025-06-26,Annual,24.65,Churned,2026-06-22,Missing feature
S001350,C001350,P1,2024-04-03,Monthly,29.0,Churned,2026-01-14,Low engagement
S001351,C001351,P3,2024-10-06,Annual,169.15,Active,,
S001352,C001352,P2,2026-04-25,Monthly,79.0,Active,,
S001353,C001353,P1,2024-04-19,Annual,24.65,Churned,2025-11-16,Missing feature
S001354,C001354,P1,2025-11-07,Monthly,29.0,Active,,
S001355,C001355,P4,2025-11-10,Monthly,499.0,Active,,
S001356,C001356,P2,2026-07-27,Monthly,79.0,Active,,
S001357,C001357,P2,2026-08-17,Annual,67.15,Active,,
S001358,C001358,P1,2026-07-09,Monthly,29.0,Active,,
S001359,C001359,P3,2025-09-05,Annual,169.15,Active,,
S001360,C001360,P1,2024-03-12,Annual,24.65,Churned,2026-03-23,Missing feature
S001361,C001361,P4,2024-12-09,Monthly,499.0,Active,,
S001362,C001362,P2,2025-07-13,Monthly,79.0,Active,,
S001363,C001363,P2,2024-02-02,Monthly,79.0,Active,,
S001364,C001364,P2,2024-02-14,Monthly,79.0,Churned,2026-07-13,Support experience
S001365,C001365,P2,2025-02-07,Monthly,79.0,Active,,
S001366,C001366,P1,2025-04-27,Monthly,29.0,Active,,
S001367,C001367,P1,2025-10-08,Monthly,29.0,Active,,
S001368,C001368,P2,2026-07-07,Monthly,79.0,Active,,
S001369,C001369,P1,2025-04-09,Monthly,29.0,Churned,2026-01-09,Low engagement
S001370,C001370,P1,2024-03-18,Annual,24.65,Churned,2025-12-13,Low engagement
S001371,C001371,P1,2025-09-21,Monthly,29.0,Active,,
S001372,C001372,P4,2025-03-09,Annual,424.15,Churned,2025-03-13,Support experience
S001373,C001373,P2,2026-06-20,Annual,67.15,Active,,
S001374,C001374,P2,2025-05-04,Monthly,79.0,Churned,2025-12-08,Missing feature
S001375,C001375,P4,2025-02-06,Annual,424.15,Churned,2026-06-19,Low engagement
S001376,C001376,P1,2026-02-09,Monthly,29.0,Active,,
S001377,C001377,P4,2025-07-20,Monthly,499.0,Active,,
S001378,C001378,P2,2025-09-16,Annual,67.15,Churned,2026-06-22,Missing feature
S001379,C001379,P2,2024-07-13,Monthly,79.0,Active,,
S001380,C001380,P3,2025-03-17,Monthly,199.0,Churned,2025-04-27,Payment issue
S001381,C001381,P1,2024-03-06,Monthly,29.0,Churned,2024-05-16,Missing feature
S001382,C001382,P2,2026-02-08,Monthly,79.0,Active,,
S001383,C001383,P1,2024-11-20,Monthly,29.0,Active,,
S001384,C001384,P4,2024-06-28,Annual,424.15,Churned,2025-11-17,Low engagement
S001385,C001385,P3,2025-10-01,Annual,169.15,Churned,2026-02-05,Payment issue
S001386,C001386,P2,2025-10-11,Annual,67.15,Churned,2026-06-28,Other
S001387,C001387,P4,2025-02-25,Annual,424.15,Active,,
S001388,C001388,P1,2026-08-24,Annual,24.65,Active,,
S001389,C001389,P3,2025-11-08,Annual,169.15,Active,,
S001390,C001390,P2,2026-07-01,Monthly,79.0,Active,,
S001391,C001391,P4,2025-01-16,Annual,424.15,Active,,
S001392,C001392,P3,2025-09-20,Annual,169.15,Churned,2026-07-11,Company closed
S001393,C001393,P1,2025-05-08,Monthly,29.0,Active,,
S001394,C001394,P2,2025-05-09,Monthly,79.0,Churned,2025-08-20,Price
S001395,C001395,P2,2024-03-19,Annual,67.15,Churned,2026-06-15,Price
S001396,C001396,P1,2024-10-16,Annual,24.65,Active,,
S001397,C001397,P1,2026-05-08,Monthly,29.0,Active,,
S001398,C001398,P2,2026-05-24,Annual,67.15,Active,,
S001399,C001399,P1,2024-05-26,Annual,24.65,Churned,2024-07-06,Price
S001400,C001400,P1,2024-01-21,Monthly,29.0,Active,,
S001401,C001401,P2,2024-05-27,Monthly,79.0,Active,,
S001402,C001402,P2,2025-11-11,Monthly,79.0,Active,,
S001403,C001403,P4,2024-11-04,Annual,424.15,Active,,
S001404,C001404,P2,2026-03-21,Monthly,79.0,Active,,
S001405,C001405,P1,2024-01-16,Annual,24.65,Churned,2025-05-26,Low engagement
S001406,C001406,P1,2026-01-12,Monthly,29.0,Active,,
S001407,C001407,P4,2026-06-08,Annual,424.15,Active,,
S001408,C001408,P1,2024-03-02,Monthly,29.0,Active,,
S001409,C001409,P3,2026-05-05,Monthly,199.0,Churned,2026-07-12,Price
S001410,C001410,P3,2026-07-19,Annual,169.15,Active,,
S001411,C001411,P2,2025-08-07,Annual,67.15,Active,,
S001412,C001412,P4,2024-12-27,Annual,424.15,Churned,2025-08-06,Payment issue
S001413,C001413,P2,2025-09-14,Annual,67.15,Active,,
S001414,C001414,P4,2025-01-03,Annual,424.15,Active,,
S001415,C001415,P3,2026-07-19,Monthly,199.0,Active,,
S001416,C001416,P3,2025-09-20,Annual,169.15,Churned,2026-06-19,Price
S001417,C001417,P1,2026-04-06,Annual,24.65,Active,,
S001418,C001418,P1,2025-11-24,Monthly,29.0,Active,,
S001419,C001419,P3,2025-01-21,Monthly,199.0,Active,,
S001420,C001420,P4,2025-07-17,Monthly,499.0,Active,,
S001421,C001421,P4,2026-06-04,Monthly,499.0,Active,,
S001422,C001422,P1,2025-04-14,Monthly,29.0,Active,,
S001423,C001423,P3,2025-02-28,Monthly,199.0,Active,,
S001424,C001424,P1,2026-07-07,Monthly,29.0,Active,,
S001425,C001425,P1,2025-02-27,Monthly,29.0,Active,,
S001426,C001426,P2,2026-05-06,Annual,67.15,Active,,
S001427,C001427,P1,2024-08-17,Monthly,29.0,Active,,
S001428,C001428,P1,2026-03-12,Monthly,29.0,Active,,
S001429,C001429,P2,2025-11-02,Monthly,79.0,Active,,
S001430,C001430,P1,2024-06-18,Monthly,29.0,Churned,2025-10-20,Payment issue
S001431,C001431,P3,2024-04-14,Monthly,199.0,Churned,2026-06-13,Low engagement
S001432,C001432,P3,2025-01-09,Monthly,199.0,Active,,
S001433,C001433,P2,2025-12-07,Annual,67.15,Active,,
S001434,C001434,P2,2025-03-14,Monthly,79.0,Churned,2025-08-06,Missing feature
S001435,C001435,P1,2024-12-03,Monthly,29.0,Churned,2025-04-07,Support experience
S001436,C001436,P3,2025-10-17,Annual,169.15,Active,,
S001437,C001437,P2,2026-07-03,Monthly,79.0,Active,,
S001438,C001438,P1,2024-06-06,Annual,24.65,Churned,2024-10-14,Price
S001439,C001439,P4,2025-12-15,Annual,424.15,Active,,
S001440,C001440,P3,2026-06-21,Annual,169.15,Active,,
S001441,C001441,P1,2025-09-12,Annual,24.65,Active,,
S001442,C001442,P1,2026-08-18,Monthly,29.0,Active,,
S001443,C001443,P1,2025-10-27,Monthly,29.0,Active,,
S001444,C001444,P2,2025-12-17,Monthly,79.0,Churned,2026-02-17,Missing feature
S001445,C001445,P1,2026-03-22,Monthly,29.0,Active,,
S001446,C001446,P1,2024-09-14,Monthly,29.0,Active,,
S001447,C001447,P3,2025-09-08,Annual,169.15,Active,,
S001448,C001448,P2,2025-11-11,Monthly,79.0,Churned,2026-02-26,Low engagement
S001449,C001449,P1,2024-06-10,Monthly,29.0,Churned,2025-09-22,Missing feature
S001450,C001450,P2,2025-06-16,Annual,67.15,Active,,
S001451,C001451,P2,2026-03-05,Monthly,79.0,Active,,
S001452,C001452,P1,2024-03-22,Monthly,29.0,Active,,
S001453,C001453,P3,2025-05-05,Monthly,199.0,Active,,
S001454,C001454,P4,2024-07-20,Annual,424.15,Active,,
S001455,C001455,P1,2024-08-14,Monthly,29.0,Active,,
S001456,C001456,P1,2025-08-21,Annual,24.65,Active,,
S001457,C001457,P1,2024-02-05,Monthly,29.0,Active,,
S001458,C001458,P1,2025-05-06,Annual,24.65,Churned,2026-06-09,Low engagement
S001459,C001459,P3,2024-02-08,Annual,169.15,Churned,2024-06-14,Other
S001460,C001460,P1,2026-07-22,Monthly,29.0,Active,,
S001461,C001461,P3,2026-06-08,Annual,169.15,Active,,
S001462,C001462,P2,2024-10-10,Monthly,79.0,Churned,2024-10-18,Support experience
S001463,C001463,P1,2024-04-04,Annual,24.65,Churned,2025-08-11,Missing feature
S001464,C001464,P3,2024-11-07,Monthly,199.0,Active,,
S001465,C001465,P2,2024-02-24,Monthly,79.0,Active,,
S001466,C001466,P3,2026-02-04,Annual,169.15,Active,,
S001467,C001467,P3,2025-10-26,Monthly,199.0,Churned,2025-11-19,Company closed
S001468,C001468,P2,2025-09-24,Monthly,79.0,Active,,
S001469,C001469,P2,2026-05-27,Monthly,79.0,Active,,
S001470,C001470,P2,2026-04-18,Annual,67.15,Active,,
S001471,C001471,P4,2025-05-20,Annual,424.15,Active,,
S001472,C001472,P1,2025-11-24,Monthly,29.0,Active,,
S001473,C001473,P2,2025-06-20,Monthly,79.0,Active,,
S001474,C001474,P1,2025-11-16,Monthly,29.0,Active,,
S001475,C001475,P1,2024-07-12,Monthly,29.0,Active,,
S001476,C001476,P2,2025-01-25,Annual,67.15,Churned,2026-01-22,Price
S001477,C001477,P2,2024-11-09,Annual,67.15,Active,,
S001478,C001478,P4,2024-08-16,Annual,424.15,Active,,
S001479,C001479,P2,2025-05-02,Monthly,79.0,Active,,
S001480,C001480,P1,2026-02-19,Monthly,29.0,Churned,2026-06-09,Missing feature
S001481,C001481,P2,2025-04-04,Annual,67.15,Churned,2026-04-12,Price
S001482,C001482,P1,2026-08-02,Annual,24.65,Active,,
S001483,C001483,P1,2025-01-09,Monthly,29.0,Active,,
S001484,C001484,P1,2026-07-19,Monthly,29.0,Active,,
S001485,C001485,P1,2024-09-24,Monthly,29.0,Churned,2025-10-21,Missing feature
S001486,C001486,P1,2025-02-17,Annual,24.65,Churned,2025-12-12,Company closed
S001487,C001487,P4,2024-08-19,Annual,424.15,Active,,
S001488,C001488,P1,2024-11-07,Monthly,29.0,Active,,
S001489,C001489,P3,2024-08-03,Monthly,199.0,Active,,
S001490,C001490,P2,2025-11-04,Monthly,79.0,Active,,
S001491,C001491,P2,2024-09-03,Annual,67.15,Active,,
S001492,C001492,P3,2024-05-10,Monthly,199.0,Active,,
S001493,C001493,P2,2024-12-21,Monthly,79.0,Active,,
S001494,C001494,P4,2025-12-02,Monthly,499.0,Active,,
S001495,C001495,P2,2025-05-10,Monthly,79.0,Active,,
S001496,C001496,P1,2024-08-17,Monthly,29.0,Active,,
S001497,C001497,P3,2024-04-02,Annual,169.15,Active,,
S001498,C001498,P2,2026-02-16,Monthly,79.0,Active,,
S001499,C001499,P2,2026-01-12,Monthly,79.0,Active,,
S001500,C001500,P3,2025-06-26,Monthly,199.0,Active,,
S001501,C001501,P3,2025-08-14,Monthly,199.0,Churned,2026-08-22,Other
S001502,C001502,P4,2024-11-15,Annual,424.15,Active,,
S001503,C001503,P3,2025-07-24,Annual,169.15,Active,,
S001504,C001504,P1,2026-02-21,Monthly,29.0,Active,,
S001505,C001505,P3,2026-03-16,Annual,169.15,Active,,
S001506,C001506,P1,2025-02-19,Monthly,29.0,Churned,2025-09-19,Low engagement
S001507,C001507,P3,2025-12-12,Annual,169.15,Active,,
S001508,C001508,P1,2025-07-20,Monthly,29.0,Active,,
S001509,C001509,P3,2026-02-09,Monthly,199.0,Active,,
S001510,C001510,P3,2026-01-09,Annual,169.15,Churned,2026-03-23,Low engagement
S001511,C001511,P1,2026-02-24,Monthly,29.0,Active,,
S001512,C001512,P1,2024-08-12,Monthly,29.0,Active,,
S001513,C001513,P2,2025-02-15,Monthly,79.0,Churned,2025-03-16,Price
S001514,C001514,P3,2024-12-04,Monthly,199.0,Active,,
S001515,C001515,P3,2025-06-10,Annual,169.15,Active,,
S001516,C001516,P1,2025-06-19,Annual,24.65,Active,,
S001517,C001517,P1,2025-12-15,Monthly,29.0,Active,,
S001518,C001518,P4,2025-09-09,Annual,424.15,Churned,2026-01-16,Payment issue
S001519,C001519,P1,2025-10-01,Monthly,29.0,Active,,
S001520,C001520,P1,2025-11-16,Monthly,29.0,Active,,
S001521,C001521,P1,2024-12-10,Monthly,29.0,Active,,
S001522,C001522,P2,2024-10-26,Annual,67.15,Churned,2026-08-24,Support experience
S001523,C001523,P2,2024-10-02,Monthly,79.0,Active,,
S001524,C001524,P3,2026-03-20,Monthly,199.0,Active,,
S001525,C001525,P2,2024-05-11,Monthly,79.0,Active,,
S001526,C001526,P1,2025-02-08,Monthly,29.0,Active,,
S001527,C001527,P1,2024-12-20,Monthly,29.0,Churned,2025-06-28,Missing feature
S001528,C001528,P1,2025-10-15,Monthly,29.0,Churned,2026-08-14,Low engagement
S001529,C001529,P1,2026-07-03,Monthly,29.0,Active,,
S001530,C001530,P2,2026-06-17,Monthly,79.0,Active,,
S001531,C001531,P1,2024-05-06,Monthly,29.0,Churned,2024-09-07,Price
S001532,C001532,P1,2025-09-24,Monthly,29.0,Active,,
S001533,C001533,P3,2024-02-07,Monthly,199.0,Churned,2024-10-08,Price
S001534,C001534,P2,2026-03-23,Annual,67.15,Active,,
S001535,C001535,P2,2025-03-10,Monthly,79.0,Active,,
S001536,C001536,P2,2024-10-09,Monthly,79.0,Churned,2026-05-07,Payment issue
S001537,C001537,P3,2025-07-01,Monthly,199.0,Active,,
S001538,C001538,P2,2025-05-26,Monthly,79.0,Churned,2026-04-06,Support experience
S001539,C001539,P3,2026-07-16,Monthly,199.0,Active,,
S001540,C001540,P1,2024-02-05,Monthly,29.0,Churned,2025-09-26,Support experience
S001541,C001541,P3,2026-07-01,Monthly,199.0,Active,,
S001542,C001542,P1,2024-11-08,Annual,24.65,Churned,2025-04-11,Price
S001543,C001543,P1,2024-07-14,Monthly,29.0,Churned,2025-05-26,Low engagement
S001544,C001544,P2,2026-02-01,Monthly,79.0,Active,,
S001545,C001545,P2,2025-08-11,Annual,67.15,Active,,
S001546,C001546,P2,2026-06-09,Monthly,79.0,Active,,
S001547,C001547,P1,2025-09-25,Monthly,29.0,Active,,
S001548,C001548,P4,2025-08-12,Annual,424.15,Active,,
S001549,C001549,P2,2024-10-03,Annual,67.15,Active,,
S001550,C001550,P2,2026-07-07,Monthly,79.0,Active,,
S001551,C001551,P2,2025-12-24,Monthly,79.0,Active,,
S001552,C001552,P2,2025-10-01,Monthly,79.0,Churned,2026-08-14,Low engagement
S001553,C001553,P1,2026-03-04,Annual,24.65,Active,,
S001554,C001554,P2,2024-05-01,Monthly,79.0,Churned,2024-09-07,Other
S001555,C001555,P2,2026-05-02,Monthly,79.0,Active,,
S001556,C001556,P2,2025-07-26,Monthly,79.0,Active,,
S001557,C001557,P3,2026-04-28,Annual,169.15,Active,,
S001558,C001558,P1,2026-01-21,Monthly,29.0,Active,,
S001559,C001559,P1,2025-06-03,Monthly,29.0,Active,,
S001560,C001560,P3,2026-03-20,Annual,169.15,Active,,
S001561,C001561,P4,2026-02-22,Annual,424.15,Active,,
S001562,C001562,P2,2024-01-23,Annual,67.15,Churned,2026-03-20,Payment issue
S001563,C001563,P3,2026-01-21,Monthly,199.0,Active,,
S001564,C001564,P3,2025-08-20,Monthly,199.0,Churned,2026-05-07,Price
S001565,C001565,P2,2026-05-13,Annual,67.15,Active,,
S001566,C001566,P2,2026-04-02,Monthly,79.0,Active,,
S001567,C001567,P1,2024-08-24,Monthly,29.0,Active,,
S001568,C001568,P2,2024-02-26,Monthly,79.0,Active,,
S001569,C001569,P1,2024-09-15,Annual,24.65,Active,,
S001570,C001570,P2,2026-02-13,Monthly,79.0,Active,,
S001571,C001571,P1,2026-05-26,Monthly,29.0,Active,,
S001572,C001572,P1,2026-01-13,Annual,24.65,Active,,
S001573,C001573,P1,2026-04-11,Monthly,29.0,Active,,
S001574,C001574,P2,2025-10-25,Annual,67.15,Active,,
S001575,C001575,P1,2025-08-26,Monthly,29.0,Active,,
S001576,C001576,P1,2026-08-06,Monthly,29.0,Active,,
S001577,C001577,P3,2024-04-08,Monthly,199.0,Active,,
S001578,C001578,P3,2025-05-09,Monthly,199.0,Active,,
S001579,C001579,P4,2024-12-05,Monthly,499.0,Active,,
S001580,C001580,P2,2024-06-24,Annual,67.15,Active,,
S001581,C001581,P3,2025-10-28,Monthly,199.0,Active,,
S001582,C001582,P1,2024-12-15,Monthly,29.0,Churned,2024-12-08,Price
S001583,C001583,P2,2025-06-20,Monthly,79.0,Churned,2025-08-12,Price
S001584,C001584,P1,2024-07-12,Monthly,29.0,Active,,
S001585,C001585,P1,2025-04-28,Monthly,29.0,Active,,
S001586,C001586,P4,2024-09-27,Annual,424.15,Active,,
S001587,C001587,P1,2026-06-21,Monthly,29.0,Active,,
S001588,C001588,P1,2025-08-25,Monthly,29.0,Active,,
S001589,C001589,P2,2026-04-04,Monthly,79.0,Active,,
S001590,C001590,P2,2025-07-25,Monthly,79.0,Active,,
S001591,C001591,P1,2024-03-12,Monthly,29.0,Active,,
S001592,C001592,P1,2026-01-06,Monthly,29.0,Churned,2026-04-14,Support experience
S001593,C001593,P4,2024-03-27,Annual,424.15,Active,,
S001594,C001594,P1,2025-04-24,Annual,24.65,Active,,
S001595,C001595,P3,2025-09-04,Monthly,199.0,Churned,2026-01-11,Low engagement
S001596,C001596,P3,2026-03-19,Annual,169.15,Active,,
S001597,C001597,P1,2026-06-25,Monthly,29.0,Active,,
S001598,C001598,P2,2024-09-20,Annual,67.15,Churned,2026-01-20,Price
S001599,C001599,P3,2025-12-14,Monthly,199.0,Active,,
S001600,C001600,P2,2025-07-02,Monthly,79.0,Active,,
S001601,C001601,P2,2026-03-14,Monthly,79.0,Active,,
S001602,C001602,P2,2026-07-16,Monthly,79.0,Active,,
S001603,C001603,P2,2025-08-24,Monthly,79.0,Active,,
S001604,C001604,P3,2024-12-07,Annual,169.15,Churned,2026-01-12,Payment issue
S001605,C001605,P1,2026-04-06,Monthly,29.0,Active,,
S001606,C001606,P1,2025-08-26,Monthly,29.0,Active,,
S001607,C001607,P4,2026-06-24,Annual,424.15,Active,,
S001608,C001608,P1,2025-09-16,Monthly,29.0,Active,,
S001609,C001609,P2,2026-07-13,Monthly,79.0,Active,,
S001610,C001610,P2,2024-01-18,Monthly,79.0,Active,,
S001611,C001611,P2,2026-02-05,Monthly,79.0,Active,,
S001612,C001612,P3,2025-03-07,Monthly,199.0,Active,,
S001613,C001613,P2,2025-12-16,Monthly,79.0,Active,,
S001614,C001614,P2,2026-07-12,Monthly,79.0,Active,,
S001615,C001615,P3,2025-12-05,Monthly,199.0,Active,,
S001616,C001616,P1,2026-02-15,Monthly,29.0,Active,,
S001617,C001617,P3,2024-08-19,Monthly,199.0,Churned,2025-10-08,Payment issue
S001618,C001618,P2,2024-08-23,Monthly,79.0,Active,,
S001619,C001619,P4,2025-10-18,Annual,424.15,Churned,2026-07-13,Other
S001620,C001620,P2,2025-05-18,Monthly,79.0,Churned,2026-06-17,Other
S001621,C001621,P2,2024-06-16,Annual,67.15,Active,,
S001622,C001622,P2,2026-02-04,Annual,67.15,Active,,
S001623,C001623,P3,2026-01-11,Monthly,199.0,Active,,
S001624,C001624,P1,2024-05-13,Annual,24.65,Churned,2024-12-22,Low engagement
S001625,C001625,P1,2024-03-15,Annual,24.65,Churned,2024-11-06,Company closed
S001626,C001626,P2,2025-04-09,Annual,67.15,Active,,
S001627,C001627,P3,2025-11-21,Monthly,199.0,Active,,
S001628,C001628,P1,2026-06-16,Monthly,29.0,Active,,
S001629,C001629,P1,2025-05-09,Monthly,29.0,Active,,
S001630,C001630,P1,2024-05-14,Monthly,29.0,Active,,
S001631,C001631,P1,2026-05-20,Monthly,29.0,Active,,
S001632,C001632,P4,2024-06-01,Monthly,499.0,Churned,2025-10-10,Company closed
S001633,C001633,P2,2025-11-10,Monthly,79.0,Active,,
S001634,C001634,P2,2025-05-06,Monthly,79.0,Active,,
S001635,C001635,P4,2026-06-10,Annual,424.15,Active,,
S001636,C001636,P2,2026-01-19,Monthly,79.0,Active,,
S001637,C001637,P2,2024-01-06,Monthly,79.0,Churned,2026-01-12,Price
S001638,C001638,P3,2025-03-16,Monthly,199.0,Active,,
S001639,C001639,P2,2024-09-11,Monthly,79.0,Churned,2025-03-23,Low engagement
S001640,C001640,P3,2024-12-02,Annual,169.15,Active,,
S001641,C001641,P3,2025-04-25,Monthly,199.0,Churned,2026-05-10,Low engagement
S001642,C001642,P2,2025-09-17,Monthly,79.0,Active,,
S001643,C001643,P1,2026-04-09,Monthly,29.0,Active,,
S001644,C001644,P1,2024-05-15,Annual,24.65,Churned,2026-07-09,Price
S001645,C001645,P1,2025-06-28,Monthly,29.0,Churned,2026-02-18,Low engagement
S001646,C001646,P1,2026-05-05,Monthly,29.0,Active,,
S001647,C001647,P2,2025-05-24,Monthly,79.0,Active,,
S001648,C001648,P4,2025-08-01,Monthly,499.0,Active,,
S001649,C001649,P2,2026-03-25,Annual,67.15,Active,,
S001650,C001650,P3,2026-01-10,Monthly,199.0,Active,,
S001651,C001651,P2,2025-08-09,Monthly,79.0,Churned,2025-12-07,Company closed
S001652,C001652,P1,2026-08-22,Monthly,29.0,Active,,
S001653,C001653,P1,2024-02-05,Monthly,29.0,Active,,
S001654,C001654,P2,2024-03-04,Monthly,79.0,Active,,
S001655,C001655,P4,2025-05-14,Annual,424.15,Churned,2025-07-16,Missing feature
S001656,C001656,P2,2024-08-27,Monthly,79.0,Active,,
S001657,C001657,P2,2024-10-10,Monthly,79.0,Churned,2026-05-11,Company closed
S001658,C001658,P3,2024-07-16,Monthly,199.0,Active,,
S001659,C001659,P1,2026-01-12,Monthly,29.0,Churned,2026-08-27,Support experience
S001660,C001660,P1,2025-05-22,Monthly,29.0,Active,,
S001661,C001661,P1,2026-05-26,Monthly,29.0,Active,,
S001662,C001662,P1,2024-11-28,Monthly,29.0,Active,,
S001663,C001663,P2,2025-11-08,Annual,67.15,Churned,2026-04-23,Support experience
S001664,C001664,P2,2024-10-08,Annual,67.15,Churned,2025-09-17,Low engagement
S001665,C001665,P3,2024-01-26,Annual,169.15,Churned,2026-03-23,Other
S001666,C001666,P3,2026-01-17,Monthly,199.0,Active,,
S001667,C001667,P3,2024-07-10,Monthly,199.0,Churned,2025-01-06,Low engagement
S001668,C001668,P1,2026-01-10,Monthly,29.0,Churned,2026-05-16,Low engagement
S001669,C001669,P1,2026-01-05,Monthly,29.0,Active,,
S001670,C001670,P2,2025-12-03,Annual,67.15,Active,,
S001671,C001671,P2,2025-10-10,Monthly,79.0,Active,,
S001672,C001672,P1,2026-06-23,Monthly,29.0,Active,,
S001673,C001673,P3,2024-04-19,Annual,169.15,Active,,
S001674,C001674,P2,2026-07-01,Monthly,79.0,Active,,
S001675,C001675,P3,2024-04-02,Monthly,199.0,Active,,
S001676,C001676,P4,2025-07-25,Annual,424.15,Active,,
S001677,C001677,P3,2026-07-23,Annual,169.15,Active,,
S001678,C001678,P1,2024-12-23,Monthly,29.0,Active,,
S001679,C001679,P3,2026-05-25,Monthly,199.0,Active,,
S001680,C001680,P2,2025-10-18,Monthly,79.0,Active,,
S001681,C001681,P3,2026-05-10,Annual,169.15,Active,,
S001682,C001682,P3,2024-03-17,Annual,169.15,Active,,
S001683,C001683,P2,2025-09-18,Monthly,79.0,Active,,
S001684,C001684,P1,2024-09-24,Monthly,29.0,Churned,2024-11-16,Low engagement
S001685,C001685,P2,2024-01-15,Monthly,79.0,Churned,2025-01-10,Low engagement
S001686,C001686,P1,2026-01-02,Monthly,29.0,Churned,2026-04-08,Missing feature
S001687,C001687,P2,2026-02-18,Monthly,79.0,Active,,
S001688,C001688,P1,2026-02-21,Monthly,29.0,Active,,
S001689,C001689,P1,2026-02-27,Monthly,29.0,Churned,2026-06-22,Low engagement
S001690,C001690,P1,2026-04-06,Monthly,29.0,Active,,
S001691,C001691,P3,2025-06-25,Monthly,199.0,Active,,
S001692,C001692,P2,2025-03-01,Annual,67.15,Churned,2025-12-24,Low engagement
S001693,C001693,P2,2026-03-21,Monthly,79.0,Active,,
S001694,C001694,P2,2025-12-09,Annual,67.15,Active,,
S001695,C001695,P2,2024-09-04,Monthly,79.0,Churned,2025-10-13,Price
S001696,C001696,P2,2025-05-10,Monthly,79.0,Active,,
S001697,C001697,P1,2024-09-16,Monthly,29.0,Active,,
S001698,C001698,P3,2026-03-06,Monthly,199.0,Active,,
S001699,C001699,P4,2024-11-16,Annual,424.15,Active,,
S001700,C001700,P2,2025-11-20,Annual,67.15,Active,,
S001701,C001701,P3,2026-02-25,Annual,169.15,Active,,
S001702,C001702,P4,2026-08-16,Annual,424.15,Active,,
S001703,C001703,P1,2025-05-17,Monthly,29.0,Active,,
S001704,C001704,P2,2026-05-26,Monthly,79.0,Active,,
S001705,C001705,P1,2025-12-01,Monthly,29.0,Churned,2026-03-13,Payment issue
S001706,C001706,P4,2024-01-22,Annual,424.15,Active,,
S001707,C001707,P2,2025-04-28,Monthly,79.0,Active,,
S001708,C001708,P2,2025-04-24,Monthly,79.0,Churned,2025-07-15,Company closed
S001709,C001709,P3,2024-06-26,Monthly,199.0,Active,,
S001710,C001710,P2,2025-05-26,Monthly,79.0,Churned,2026-05-23,Price
S001711,C001711,P4,2024-06-17,Monthly,499.0,Churned,2025-06-18,Price
S001712,C001712,P2,2026-05-23,Annual,67.15,Active,,
S001713,C001713,P4,2025-03-11,Annual,424.15,Active,,
S001714,C001714,P2,2024-09-04,Annual,67.15,Active,,
S001715,C001715,P2,2025-10-03,Monthly,79.0,Active,,
S001716,C001716,P3,2026-05-06,Annual,169.15,Active,,
S001717,C001717,P3,2026-07-21,Monthly,199.0,Active,,
S001718,C001718,P2,2026-06-12,Monthly,79.0,Active,,
S001719,C001719,P2,2026-06-23,Monthly,79.0,Active,,
S001720,C001720,P2,2025-03-10,Monthly,79.0,Active,,
S001721,C001721,P1,2025-08-23,Annual,24.65,Active,,
S001722,C001722,P1,2025-03-25,Monthly,29.0,Active,,
S001723,C001723,P3,2026-07-10,Annual,169.15,Active,,
S001724,C001724,P1,2024-05-15,Monthly,29.0,Active,,
S001725,C001725,P1,2025-09-16,Monthly,29.0,Churned,2026-01-20,Missing feature
S001726,C001726,P1,2024-11-25,Monthly,29.0,Active,,
S001727,C001727,P2,2026-05-11,Annual,67.15,Active,,
S001728,C001728,P3,2025-02-11,Annual,169.15,Active,,
S001729,C001729,P1,2026-05-22,Monthly,29.0,Active,,
S001730,C001730,P1,2026-07-26,Monthly,29.0,Active,,
S001731,C001731,P3,2024-08-01,Annual,169.15,Active,,
S001732,C001732,P2,2026-02-03,Monthly,79.0,Active,,
S001733,C001733,P3,2025-03-27,Annual,169.15,Churned,2025-05-08,Company closed
S001734,C001734,P1,2025-04-13,Monthly,29.0,Churned,2025-08-14,Missing feature
S001735,C001735,P3,2024-12-16,Annual,169.15,Churned,2026-08-09,Missing feature
S001736,C001736,P3,2025-11-26,Monthly,199.0,Active,,
S001737,C001737,P2,2025-02-12,Monthly,79.0,Churned,2026-07-23,Payment issue
S001738,C001738,P1,2026-02-13,Monthly,29.0,Active,,
S001739,C001739,P1,2026-03-24,Monthly,29.0,Active,,
S001740,C001740,P2,2025-04-21,Monthly,79.0,Churned,2026-06-09,Low engagement
S001741,C001741,P1,2024-01-20,Monthly,29.0,Active,,
S001742,C001742,P2,2024-04-11,Monthly,79.0,Churned,2026-03-24,Missing feature
S001743,C001743,P1,2024-12-20,Monthly,29.0,Churned,2025-04-09,Low engagement
S001744,C001744,P4,2026-07-24,Monthly,499.0,Active,,
S001745,C001745,P3,2025-04-26,Monthly,199.0,Active,,
S001746,C001746,P1,2026-02-18,Monthly,29.0,Active,,
S001747,C001747,P3,2026-07-25,Monthly,199.0,Active,,
S001748,C001748,P2,2025-02-23,Monthly,79.0,Churned,2025-09-10,Price
S001749,C001749,P3,2025-09-21,Monthly,199.0,Active,,
S001750,C001750,P1,2026-05-16,Annual,24.65,Active,,
S001751,C001751,P1,2025-11-13,Monthly,29.0,Active,,
S001752,C001752,P1,2024-06-18,Annual,24.65,Active,,
S001753,C001753,P2,2026-03-25,Annual,67.15,Active,,
S001754,C001754,P2,2026-06-15,Annual,67.15,Active,,
S001755,C001755,P2,2026-03-20,Monthly,79.0,Active,,
S001756,C001756,P1,2026-02-16,Monthly,29.0,Active,,
S001757,C001757,P2,2026-03-19,Monthly,79.0,Churned,2026-05-09,Low engagement
S001758,C001758,P4,2025-11-20,Annual,424.15,Churned,2026-03-21,Support experience
S001759,C001759,P3,2024-11-02,Monthly,199.0,Active,,
S001760,C001760,P3,2026-06-04,Annual,169.15,Active,,
S001761,C001761,P2,2024-06-02,Monthly,79.0,Active,,
S001762,C001762,P1,2026-04-22,Monthly,29.0,Churned,2026-07-27,Low engagement
S001763,C001763,P1,2025-03-26,Annual,24.65,Active,,
S001764,C001764,P1,2025-12-10,Monthly,29.0,Active,,
S001765,C001765,P1,2026-04-03,Monthly,29.0,Active,,
S001766,C001766,P1,2026-04-01,Monthly,29.0,Active,,
S001767,C001767,P3,2024-08-13,Monthly,199.0,Churned,2026-03-26,Price
S001768,C001768,P1,2025-11-19,Monthly,29.0,Active,,
S001769,C001769,P2,2024-10-10,Annual,67.15,Active,,
S001770,C001770,P3,2024-06-18,Monthly,199.0,Active,,
S001771,C001771,P1,2025-08-05,Monthly,29.0,Active,,
S001772,C001772,P2,2026-08-21,Monthly,79.0,Active,,
S001773,C001773,P1,2026-08-10,Annual,24.65,Active,,
S001774,C001774,P3,2025-10-28,Annual,169.15,Active,,
S001775,C001775,P1,2026-03-22,Monthly,29.0,Active,,
S001776,C001776,P2,2024-11-13,Annual,67.15,Active,,
S001777,C001777,P2,2024-10-27,Annual,67.15,Churned,2025-06-05,Low engagement
S001778,C001778,P2,2026-01-28,Monthly,79.0,Active,,
S001779,C001779,P1,2026-03-06,Monthly,29.0,Active,,
S001780,C001780,P1,2026-02-17,Monthly,29.0,Churned,2026-05-15,Support experience
S001781,C001781,P2,2024-05-19,Monthly,79.0,Active,,
S001782,C001782,P3,2025-03-11,Monthly,199.0,Active,,
S001783,C001783,P1,2024-03-28,Monthly,29.0,Active,,
S001784,C001784,P1,2026-03-19,Monthly,29.0,Active,,
S001785,C001785,P2,2025-01-22,Annual,67.15,Active,,
S001786,C001786,P3,2025-05-06,Annual,169.15,Active,,
S001787,C001787,P1,2025-10-26,Annual,24.65,Active,,
S001788,C001788,P2,2024-01-28,Annual,67.15,Active,,
S001789,C001789,P3,2025-03-26,Monthly,199.0,Active,,
S001790,C001790,P2,2026-02-13,Annual,67.15,Active,,
S001791,C001791,P3,2024-12-27,Monthly,199.0,Active,,
S001792,C001792,P1,2025-09-01,Annual,24.65,Churned,2026-03-26,Other
S001793,C001793,P2,2026-08-06,Monthly,79.0,Active,,
S001794,C001794,P3,2024-06-19,Annual,169.15,Active,,
S001795,C001795,P3,2024-12-22,Annual,169.15,Active,,
S001796,C001796,P1,2026-01-04,Monthly,29.0,Active,,
S001797,C001797,P1,2025-10-09,Monthly,29.0,Active,,
S001798,C001798,P2,2026-08-03,Annual,67.15,Active,,
S001799,C001799,P2,2024-02-03,Monthly,79.0,Active,,
S001800,C001800,P1,2026-06-01,Monthly,29.0,Active,,
S001801,C001801,P1,2025-07-28,Monthly,29.0,Active,,
S001802,C001802,P2,2024-10-25,Monthly,79.0,Active,,
S001803,C001803,P1,2025-08-18,Monthly,29.0,Churned,2026-03-17,Low engagement
S001804,C001804,P4,2025-05-01,Annual,424.15,Churned,2026-03-28,Low engagement
S001805,C001805,P3,2024-08-21,Annual,169.15,Churned,2026-03-21,Low engagement
S001806,C001806,P3,2024-10-16,Annual,169.15,Active,,
S001807,C001807,P1,2025-01-22,Monthly,29.0,Churned,2026-08-19,Low engagement
S001808,C001808,P1,2025-09-14,Annual,24.65,Active,,
S001809,C001809,P3,2024-04-01,Annual,169.15,Active,,
S001810,C001810,P2,2024-05-26,Annual,67.15,Active,,
S001811,C001811,P1,2025-02-25,Monthly,29.0,Active,,
S001812,C001812,P1,2026-01-26,Monthly,29.0,Active,,
S001813,C001813,P2,2026-08-19,Monthly,79.0,Active,,
S001814,C001814,P2,2024-01-26,Monthly,79.0,Active,,
S001815,C001815,P2,2026-08-02,Monthly,79.0,Active,,
S001816,C001816,P1,2026-01-12,Annual,24.65,Active,,
S001817,C001817,P3,2026-06-09,Annual,169.15,Active,,
S001818,C001818,P2,2025-08-14,Monthly,79.0,Active,,
S001819,C001819,P1,2025-06-02,Annual,24.65,Active,,
S001820,C001820,P3,2026-03-24,Annual,169.15,Active,,
S001821,C001821,P3,2025-09-09,Monthly,199.0,Active,,
S001822,C001822,P3,2026-06-04,Monthly,199.0,Active,,
S001823,C001823,P1,2026-06-06,Monthly,29.0,Active,,
S001824,C001824,P1,2025-08-04,Monthly,29.0,Active,,
S001825,C001825,P4,2025-10-20,Monthly,499.0,Active,,
S001826,C001826,P1,2025-06-26,Monthly,29.0,Active,,
S001827,C001827,P2,2026-01-03,Monthly,79.0,Active,,
S001828,C001828,P1,2026-01-01,Monthly,29.0,Active,,
S001829,C001829,P3,2025-12-25,Monthly,199.0,Active,,
S001830,C001830,P2,2024-04-11,Annual,67.15,Churned,2026-03-24,Price
S001831,C001831,P2,2026-08-04,Monthly,79.0,Active,,
S001832,C001832,P4,2025-02-06,Annual,424.15,Active,,
S001833,C001833,P1,2024-11-19,Monthly,29.0,Active,,
S001834,C001834,P1,2024-10-03,Monthly,29.0,Active,,
S001835,C001835,P1,2024-04-12,Monthly,29.0,Churned,2025-03-15,Price
S001836,C001836,P3,2025-06-28,Monthly,199.0,Active,,
S001837,C001837,P1,2024-03-13,Annual,24.65,Active,,
S001838,C001838,P1,2024-08-05,Monthly,29.0,Churned,2026-05-07,Low engagement
S001839,C001839,P2,2024-01-22,Monthly,79.0,Active,,
S001840,C001840,P3,2024-08-13,Monthly,199.0,Active,,
S001841,C001841,P2,2026-08-12,Annual,67.15,Active,,
S001842,C001842,P2,2025-09-08,Monthly,79.0,Churned,2025-09-13,Payment issue
S001843,C001843,P1,2024-04-22,Monthly,29.0,Active,,
S001844,C001844,P4,2025-09-14,Monthly,499.0,Active,,
S001845,C001845,P1,2025-10-14,Monthly,29.0,Active,,
S001846,C001846,P2,2025-09-22,Monthly,79.0,Active,,
S001847,C001847,P2,2025-02-11,Annual,67.15,Active,,
S001848,C001848,P1,2025-12-19,Monthly,29.0,Churned,2026-08-22,Payment issue
S001849,C001849,P1,2024-07-05,Monthly,29.0,Churned,2025-02-15,Company closed
S001850,C001850,P3,2024-10-17,Monthly,199.0,Active,,
S001851,C001851,P1,2026-08-13,Monthly,29.0,Active,,
S001852,C001852,P3,2025-05-15,Monthly,199.0,Churned,2025-09-26,Low engagement
S001853,C001853,P1,2024-07-11,Monthly,29.0,Active,,
S001854,C001854,P3,2024-10-04,Monthly,199.0,Churned,2025-08-23,Missing feature
S001855,C001855,P3,2026-02-26,Monthly,199.0,Active,,
S001856,C001856,P4,2024-06-12,Annual,424.15,Churned,2024-12-27,Missing feature
S001857,C001857,P2,2025-03-21,Annual,67.15,Churned,2025-11-10,Low engagement
S001858,C001858,P2,2025-02-26,Monthly,79.0,Churned,2026-01-21,Support experience
S001859,C001859,P1,2024-10-13,Monthly,29.0,Churned,2025-08-09,Payment issue
S001860,C001860,P2,2025-07-23,Monthly,79.0,Active,,
S001861,C001861,P3,2024-06-13,Monthly,199.0,Active,,
S001862,C001862,P4,2025-06-02,Annual,424.15,Active,,
S001863,C001863,P4,2024-02-25,Monthly,499.0,Churned,2025-04-24,Payment issue
S001864,C001864,P3,2026-08-24,Monthly,199.0,Active,,
S001865,C001865,P2,2025-10-16,Annual,67.15,Active,,
S001866,C001866,P2,2024-04-24,Annual,67.15,Active,,
S001867,C001867,P3,2024-09-19,Monthly,199.0,Active,,
S001868,C001868,P1,2026-02-23,Monthly,29.0,Active,,
S001869,C001869,P2,2026-02-02,Monthly,79.0,Active,,
S001870,C001870,P3,2025-03-23,Monthly,199.0,Active,,
S001871,C001871,P1,2024-07-07,Monthly,29.0,Active,,
S001872,C001872,P1,2025-08-28,Annual,24.65,Active,,
S001873,C001873,P4,2024-12-28,Annual,424.15,Active,,
S001874,C001874,P4,2024-05-02,Monthly,499.0,Active,,
S001875,C001875,P2,2025-03-19,Annual,67.15,Churned,2026-02-08,Support experience
S001876,C001876,P2,2026-02-11,Monthly,79.0,Active,,
S001877,C001877,P2,2025-03-08,Monthly,79.0,Active,,
S001878,C001878,P1,2024-03-28,Annual,24.65,Active,,
S001879,C001879,P2,2024-06-12,Monthly,79.0,Active,,
S001880,C001880,P1,2025-10-16,Annual,24.65,Active,,
S001881,C001881,P1,2025-08-09,Annual,24.65,Active,,
S001882,C001882,P2,2025-12-20,Annual,67.15,Active,,
S001883,C001883,P1,2025-10-08,Monthly,29.0,Active,,
S001884,C001884,P2,2025-07-11,Monthly,79.0,Active,,
S001885,C001885,P2,2025-07-20,Monthly,79.0,Active,,
S001886,C001886,P2,2026-08-06,Monthly,79.0,Active,,
S001887,C001887,P1,2026-05-22,Monthly,29.0,Active,,
S001888,C001888,P2,2025-04-28,Monthly,79.0,Active,,
S001889,C001889,P3,2025-12-20,Annual,169.15,Active,,
S001890,C001890,P2,2024-02-11,Monthly,79.0,Active,,
S001891,C001891,P2,2024-02-06,Monthly,79.0,Churned,2024-05-26,Price
S001892,C001892,P2,2025-02-16,Monthly,79.0,Active,,
S001893,C001893,P2,2026-02-13,Monthly,79.0,Active,,
S001894,C001894,P1,2026-07-07,Monthly,29.0,Active,,
S001895,C001895,P1,2026-01-11,Monthly,29.0,Active,,
S001896,C001896,P1,2026-01-28,Monthly,29.0,Active,,
S001897,C001897,P4,2024-02-05,Monthly,499.0,Active,,
S001898,C001898,P2,2026-07-08,Monthly,79.0,Active,,
S001899,C001899,P2,2024-05-10,Monthly,79.0,Active,,
S001900,C001900,P1,2026-07-26,Annual,24.65,Active,,
S001901,C001901,P1,2024-07-11,Monthly,29.0,Churned,2025-01-11,Support experience
S001902,C001902,P2,2024-02-09,Monthly,79.0,Churned,2024-07-27,Other
S001903,C001903,P2,2025-09-09,Annual,67.15,Active,,
S001904,C001904,P3,2024-06-27,Monthly,199.0,Active,,
S001905,C001905,P2,2024-02-10,Annual,67.15,Churned,2026-03-14,Low engagement
S001906,C001906,P2,2025-12-11,Monthly,79.0,Churned,2026-03-10,Price
S001907,C001907,P1,2026-02-11,Monthly,29.0,Churned,2026-05-10,Missing feature
S001908,C001908,P1,2025-01-25,Monthly,29.0,Churned,2025-11-11,Low engagement
S001909,C001909,P3,2025-08-20,Monthly,199.0,Active,,
S001910,C001910,P4,2025-10-17,Annual,424.15,Active,,
S001911,C001911,P1,2024-08-06,Monthly,29.0,Active,,
S001912,C001912,P2,2025-06-04,Monthly,79.0,Active,,
S001913,C001913,P3,2025-11-03,Monthly,199.0,Churned,2026-04-15,Low engagement
S001914,C001914,P2,2026-06-09,Monthly,79.0,Churned,2026-08-20,Payment issue
S001915,C001915,P3,2025-05-23,Annual,169.15,Churned,2026-06-10,Low engagement
S001916,C001916,P2,2026-01-22,Monthly,79.0,Active,,
S001917,C001917,P2,2025-07-22,Monthly,79.0,Active,,
S001918,C001918,P3,2026-01-19,Annual,169.15,Active,,
S001919,C001919,P1,2026-03-15,Annual,24.65,Churned,2026-05-21,Low engagement
S001920,C001920,P4,2025-08-10,Annual,424.15,Active,,
S001921,C001921,P1,2024-03-21,Monthly,29.0,Active,,
S001922,C001922,P2,2026-06-06,Monthly,79.0,Active,,
S001923,C001923,P1,2025-10-02,Monthly,29.0,Active,,
S001924,C001924,P2,2025-10-24,Monthly,79.0,Active,,
S001925,C001925,P1,2025-08-14,Annual,24.65,Active,,
S001926,C001926,P2,2024-08-18,Monthly,79.0,Churned,2026-03-15,Payment issue
S001927,C001927,P1,2025-07-27,Annual,24.65,Active,,
S001928,C001928,P2,2025-08-20,Monthly,79.0,Active,,
S001929,C001929,P3,2025-04-22,Annual,169.15,Churned,2026-01-19,Low engagement
S001930,C001930,P2,2024-07-14,Monthly,79.0,Active,,
S001931,C001931,P1,2026-03-09,Annual,24.65,Active,,
S001932,C001932,P2,2025-06-10,Monthly,79.0,Active,,
S001933,C001933,P3,2026-01-26,Monthly,199.0,Churned,2026-03-05,Low engagement
S001934,C001934,P3,2024-03-11,Annual,169.15,Active,,
S001935,C001935,P3,2025-08-27,Monthly,199.0,Churned,2026-07-06,Low engagement
S001936,C001936,P2,2024-04-01,Monthly,79.0,Churned,2024-08-07,Price
S001937,C001937,P1,2026-02-09,Monthly,29.0,Active,,
S001938,C001938,P2,2025-10-27,Annual,67.15,Active,,
S001939,C001939,P1,2025-06-17,Annual,24.65,Churned,2026-06-11,Price
S001940,C001940,P2,2026-08-11,Monthly,79.0,Active,,
S001941,C001941,P1,2025-02-05,Monthly,29.0,Active,,
S001942,C001942,P1,2025-05-14,Monthly,29.0,Active,,
S001943,C001943,P3,2026-02-27,Monthly,199.0,Active,,
S001944,C001944,P2,2025-08-11,Monthly,79.0,Active,,
S001945,C001945,P4,2025-12-14,Annual,424.15,Active,,
S001946,C001946,P3,2026-08-10,Monthly,199.0,Active,,
S001947,C001947,P1,2026-01-25,Annual,24.65,Active,,
S001948,C001948,P3,2024-07-20,Annual,169.15,Active,,
S001949,C001949,P1,2024-10-18,Annual,24.65,Active,,
S001950,C001950,P3,2026-05-19,Monthly,199.0,Active,,
S001951,C001951,P3,2024-03-12,Annual,169.15,Active,,
S001952,C001952,P1,2025-08-23,Monthly,29.0,Churned,2025-09-16,Low engagement
S001953,C001953,P2,2026-06-18,Monthly,79.0,Active,,
S001954,C001954,P3,2026-03-03,Annual,169.15,Active,,
S001955,C001955,P3,2024-06-11,Annual,169.15,Active,,
S001956,C001956,P4,2026-02-25,Annual,424.15,Active,,
S001957,C001957,P1,2025-04-08,Monthly,29.0,Active,,
S001958,C001958,P1,2026-06-27,Annual,24.65,Active,,
S001959,C001959,P2,2025-10-23,Monthly,79.0,Active,,
S001960,C001960,P2,2025-09-28,Monthly,79.0,Active,,
S001961,C001961,P1,2024-01-23,Monthly,29.0,Churned,2025-11-08,Low engagement
S001962,C001962,P2,2024-11-04,Monthly,79.0,Churned,2026-08-13,Low engagement
S001963,C001963,P1,2025-05-06,Monthly,29.0,Active,,
S001964,C001964,P2,2026-02-14,Monthly,79.0,Active,,
S001965,C001965,P3,2025-08-11,Annual,169.15,Active,,
S001966,C001966,P1,2026-05-27,Annual,24.65,Active,,
S001967,C001967,P4,2024-02-24,Monthly,499.0,Churned,2025-08-18,Missing feature
S001968,C001968,P3,2025-02-22,Annual,169.15,Active,,
S001969,C001969,P1,2025-10-27,Annual,24.65,Active,,
S001970,C001970,P2,2025-12-02,Monthly,79.0,Churned,2026-03-18,Low engagement
S001971,C001971,P1,2025-07-20,Monthly,29.0,Active,,
S001972,C001972,P4,2025-04-25,Annual,424.15,Active,,
S001973,C001973,P3,2024-04-28,Annual,169.15,Active,,
S001974,C001974,P2,2026-01-24,Monthly,79.0,Active,,
S001975,C001975,P2,2026-06-23,Monthly,79.0,Active,,
S001976,C001976,P2,2026-04-22,Monthly,79.0,Active,,
S001977,C001977,P1,2026-01-04,Monthly,29.0,Active,,
S001978,C001978,P3,2025-11-12,Monthly,199.0,Active,,
S001979,C001979,P3,2026-03-25,Monthly,199.0,Active,,
S001980,C001980,P2,2026-03-18,Monthly,79.0,Active,,
S001981,C001981,P4,2024-01-08,Monthly,499.0,Active,,
S001982,C001982,P1,2025-03-21,Monthly,29.0,Churned,2025-07-25,Payment issue
S001983,C001983,P3,2026-05-01,Monthly,199.0,Active,,
S001984,C001984,P3,2026-05-12,Annual,169.15,Active,,
S001985,C001985,P2,2026-01-22,Monthly,79.0,Active,,
S001986,C001986,P3,2025-01-22,Annual,169.15,Active,,
S001987,C001987,P2,2026-04-15,Monthly,79.0,Active,,
S001988,C001988,P3,2024-10-08,Annual,169.15,Active,,
S001989,C001989,P4,2024-10-14,Annual,424.15,Active,,
S001990,C001990,P1,2025-08-06,Monthly,29.0,Active,,
S001991,C001991,P3,2025-09-27,Monthly,199.0,Active,,
S001992,C001992,P4,2025-03-25,Monthly,499.0,Active,,
S001993,C001993,P2,2025-10-21,Monthly,79.0,Active,,
S001994,C001994,P1,2026-01-10,Monthly,29.0,Active,,
S001995,C001995,P2,2024-09-05,Monthly,79.0,Active,,
S001996,C001996,P2,2025-01-02,Monthly,79.0,Churned,2026-04-21,Support experience
S001997,C001997,P1,2026-01-11,Monthly,29.0,Active,,
S001998,C001998,P2,2026-07-24,Monthly,79.0,Active,,
S001999,C001999,P2,2026-06-11,Monthly,79.0,Active,,
S002000,C002000,P1,2024-06-23,Monthly,29.0,Active,,
S002001,C002001,P3,2025-09-05,Annual,169.15,Active,,
S002002,C002002,P2,2026-04-23,Monthly,79.0,Active,,
S002003,C002003,P4,2024-11-03,Annual,424.15,Active,,
S002004,C002004,P3,2025-12-10,Annual,169.15,Active,,
S002005,C002005,P2,2025-05-05,Monthly,79.0,Active,,
S002006,C002006,P2,2025-12-17,Monthly,79.0,Active,,
S002007,C002007,P2,2024-02-06,Annual,67.15,Active,,
S002008,C002008,P2,2025-01-01,Monthly,79.0,Active,,
S002009,C002009,P1,2025-01-10,Monthly,29.0,Churned,2026-01-15,Missing feature
S002010,C002010,P2,2025-05-01,Annual,67.15,Churned,2026-08-10,Other
S002011,C002011,P1,2024-06-11,Annual,24.65,Active,,
S002012,C002012,P2,2025-05-08,Monthly,79.0,Churned,2026-06-06,Low engagement
S002013,C002013,P1,2025-09-27,Monthly,29.0,Active,,
S002014,C002014,P1,2024-02-15,Monthly,29.0,Active,,
S002015,C002015,P1,2025-01-13,Monthly,29.0,Churned,2026-05-11,Low engagement
S002016,C002016,P2,2024-08-17,Monthly,79.0,Churned,2026-06-20,Low engagement
S002017,C002017,P1,2026-08-04,Monthly,29.0,Active,,
S002018,C002018,P1,2024-06-04,Monthly,29.0,Active,,
S002019,C002019,P3,2025-11-05,Monthly,199.0,Active,,
S002020,C002020,P1,2025-04-25,Monthly,29.0,Churned,2025-04-09,Missing feature
S002021,C002021,P3,2025-01-21,Monthly,199.0,Active,,
S002022,C002022,P1,2026-05-27,Monthly,29.0,Active,,
S002023,C002023,P1,2025-12-23,Monthly,29.0,Active,,
S002024,C002024,P1,2025-11-04,Monthly,29.0,Churned,2026-01-12,Low engagement
S002025,C002025,P2,2024-05-05,Monthly,79.0,Churned,2026-01-18,Low engagement
S002026,C002026,P2,2024-11-24,Annual,67.15,Active,,
S002027,C002027,P3,2024-12-16,Monthly,199.0,Active,,
S002028,C002028,P2,2025-05-18,Annual,67.15,Active,,
S002029,C002029,P2,2026-07-07,Monthly,79.0,Active,,
S002030,C002030,P1,2025-04-15,Monthly,29.0,Active,,
S002031,C002031,P1,2025-02-26,Monthly,29.0,Active,,
S002032,C002032,P1,2024-04-14,Monthly,29.0,Active,,
S002033,C002033,P1,2025-04-20,Monthly,29.0,Churned,2025-11-11,Support experience
S002034,C002034,P2,2024-03-21,Monthly,79.0,Churned,2024-04-09,Low engagement
S002035,C002035,P2,2025-03-26,Monthly,79.0,Active,,
S002036,C002036,P3,2026-08-06,Annual,169.15,Active,,
S002037,C002037,P4,2025-09-26,Annual,424.15,Active,,
S002038,C002038,P2,2024-10-18,Monthly,79.0,Active,,
S002039,C002039,P2,2025-01-24,Monthly,79.0,Active,,
S002040,C002040,P4,2025-09-08,Monthly,499.0,Active,,
S002041,C002041,P2,2024-01-04,Monthly,79.0,Active,,
S002042,C002042,P3,2026-06-03,Monthly,199.0,Active,,
S002043,C002043,P2,2025-10-11,Annual,67.15,Active,,
S002044,C002044,P3,2025-07-16,Monthly,199.0,Active,,
S002045,C002045,P4,2026-01-09,Monthly,499.0,Active,,
S002046,C002046,P2,2024-09-08,Monthly,79.0,Churned,2025-02-06,Low engagement
S002047,C002047,P1,2024-02-23,Monthly,29.0,Active,,
S002048,C002048,P1,2025-11-21,Monthly,29.0,Active,,
S002049,C002049,P1,2024-08-18,Annual,24.65,Active,,
S002050,C002050,P1,2024-01-19,Monthly,29.0,Active,,
S002051,C002051,P4,2026-07-24,Annual,424.15,Active,,
S002052,C002052,P1,2026-03-07,Monthly,29.0,Active,,
S002053,C002053,P2,2024-06-27,Monthly,79.0,Active,,
S002054,C002054,P3,2026-06-25,Monthly,199.0,Active,,
S002055,C002055,P1,2024-04-10,Monthly,29.0,Active,,
S002056,C002056,P1,2026-04-10,Monthly,29.0,Active,,
S002057,C002057,P4,2025-05-06,Annual,424.15,Active,,
S002058,C002058,P1,2025-08-20,Monthly,29.0,Active,,
S002059,C002059,P2,2025-12-09,Monthly,79.0,Active,,
S002060,C002060,P2,2024-05-08,Annual,67.15,Churned,2024-10-07,Company closed
S002061,C002061,P3,2026-06-19,Monthly,199.0,Active,,
S002062,C002062,P1,2024-07-06,Annual,24.65,Active,,
S002063,C002063,P3,2026-07-04,Monthly,199.0,Active,,
S002064,C002064,P2,2024-05-25,Monthly,79.0,Churned,2026-06-25,Missing feature
S002065,C002065,P2,2024-08-02,Monthly,79.0,Churned,2024-10-27,Other
S002066,C002066,P4,2024-03-26,Annual,424.15,Active,,
S002067,C002067,P1,2025-04-20,Monthly,29.0,Churned,2025-08-24,Support experience
S002068,C002068,P4,2025-10-10,Annual,424.15,Churned,2026-05-09,Missing feature
S002069,C002069,P1,2025-11-16,Annual,24.65,Active,,
S002070,C002070,P2,2026-04-09,Monthly,79.0,Active,,
S002071,C002071,P2,2025-08-12,Monthly,79.0,Active,,
S002072,C002072,P2,2025-08-20,Annual,67.15,Churned,2025-11-28,Missing feature
S002073,C002073,P2,2025-02-26,Monthly,79.0,Churned,2025-12-26,Low engagement
S002074,C002074,P4,2025-12-07,Annual,424.15,Active,,
S002075,C002075,P2,2026-06-15,Monthly,79.0,Active,,
S002076,C002076,P1,2025-03-25,Monthly,29.0,Churned,2025-09-07,Support experience
S002077,C002077,P4,2025-03-01,Annual,424.15,Active,,
S002078,C002078,P2,2025-02-01,Monthly,79.0,Churned,2026-01-19,Other
S002079,C002079,P1,2024-10-18,Annual,24.65,Active,,
S002080,C002080,P1,2025-09-04,Monthly,29.0,Churned,2026-08-20,Low engagement
S002081,C002081,P1,2024-05-28,Annual,24.65,Churned,2025-09-14,Low engagement
S002082,C002082,P1,2026-05-04,Monthly,29.0,Active,,
S002083,C002083,P3,2024-07-21,Annual,169.15,Churned,2025-05-10,Price
S002084,C002084,P1,2024-08-09,Monthly,29.0,Active,,
S002085,C002085,P3,2024-04-26,Annual,169.15,Churned,2024-07-11,Low engagement
S002086,C002086,P2,2025-04-25,Annual,67.15,Active,,
S002087,C002087,P2,2026-03-23,Monthly,79.0,Active,,
S002088,C002088,P1,2026-06-18,Monthly,29.0,Active,,
S002089,C002089,P3,2025-05-07,Monthly,199.0,Active,,
S002090,C002090,P2,2024-11-04,Monthly,79.0,Active,,
S002091,C002091,P1,2026-02-08,Monthly,29.0,Active,,
S002092,C002092,P3,2026-01-03,Monthly,199.0,Active,,
S002093,C002093,P1,2026-01-22,Annual,24.65,Active,,
S002094,C002094,P2,2025-06-09,Monthly,79.0,Active,,
S002095,C002095,P3,2025-09-13,Monthly,199.0,Active,,
S002096,C002096,P1,2024-04-18,Annual,24.65,Active,,
S002097,C002097,P2,2024-11-20,Monthly,79.0,Active,,
S002098,C002098,P1,2026-07-17,Monthly,29.0,Active,,
S002099,C002099,P2,2024-03-21,Monthly,79.0,Churned,2025-09-09,Price
S002100,C002100,P1,2025-01-04,Annual,24.65,Active,,
S002101,C002101,P3,2024-10-08,Monthly,199.0,Active,,
S002102,C002102,P2,2024-06-22,Annual,67.15,Active,,
S002103,C002103,P3,2026-07-21,Annual,169.15,Active,,
S002104,C002104,P3,2024-06-18,Annual,169.15,Active,,
S002105,C002105,P2,2025-07-27,Monthly,79.0,Active,,
S002106,C002106,P2,2026-05-28,Annual,67.15,Active,,
S002107,C002107,P4,2024-01-03,Monthly,499.0,Churned,2026-02-06,Low engagement
S002108,C002108,P3,2024-06-16,Annual,169.15,Active,,
S002109,C002109,P1,2025-02-26,Monthly,29.0,Active,,
S002110,C002110,P1,2024-07-10,Monthly,29.0,Active,,
S002111,C002111,P2,2024-09-02,Monthly,79.0,Active,,
S002112,C002112,P1,2025-10-04,Monthly,29.0,Active,,
S002113,C002113,P1,2024-08-21,Monthly,29.0,Churned,2025-07-18,Price
S002114,C002114,P2,2025-11-26,Monthly,79.0,Active,,
S002115,C002115,P1,2026-07-20,Monthly,29.0,Active,,
S002116,C002116,P3,2024-10-02,Annual,169.15,Active,,
S002117,C002117,P1,2024-10-12,Monthly,29.0,Active,,
S002118,C002118,P2,2024-01-10,Annual,67.15,Churned,2025-09-05,Price
S002119,C002119,P2,2024-01-26,Monthly,79.0,Active,,
S002120,C002120,P2,2025-04-15,Monthly,79.0,Active,,
S002121,C002121,P1,2025-07-07,Monthly,29.0,Active,,
S002122,C002122,P2,2024-09-16,Monthly,79.0,Active,,
S002123,C002123,P2,2025-02-21,Annual,67.15,Active,,
S002124,C002124,P3,2024-07-17,Monthly,199.0,Churned,2025-12-06,Other
S002125,C002125,P1,2026-01-12,Monthly,29.0,Active,,
S002126,C002126,P2,2025-04-21,Monthly,79.0,Churned,2026-07-23,Low engagement
S002127,C002127,P2,2026-02-09,Monthly,79.0,Active,,
S002128,C002128,P3,2025-09-04,Annual,169.15,Active,,
S002129,C002129,P1,2025-04-25,Annual,24.65,Churned,2025-06-28,Payment issue
S002130,C002130,P1,2025-11-21,Annual,24.65,Churned,2026-08-17,Low engagement
S002131,C002131,P2,2024-01-21,Monthly,79.0,Active,,
S002132,C002132,P3,2026-01-25,Annual,169.15,Active,,
S002133,C002133,P4,2025-03-20,Annual,424.15,Active,,
S002134,C002134,P3,2025-08-01,Monthly,199.0,Churned,2025-10-21,Other
S002135,C002135,P2,2025-08-24,Monthly,79.0,Churned,2026-04-23,Low engagement
S002136,C002136,P1,2025-09-02,Monthly,29.0,Active,,
S002137,C002137,P1,2026-01-20,Monthly,29.0,Active,,
S002138,C002138,P3,2024-06-28,Annual,169.15,Active,,
S002139,C002139,P2,2025-07-12,Monthly,79.0,Active,,
S002140,C002140,P2,2024-04-09,Annual,67.15,Churned,2025-05-24,Low engagement
S002141,C002141,P3,2024-11-26,Monthly,199.0,Active,,
S002142,C002142,P1,2024-09-13,Monthly,29.0,Churned,2026-05-24,Low engagement
S002143,C002143,P2,2025-10-26,Annual,67.15,Churned,2026-03-10,Support experience
S002144,C002144,P3,2025-10-09,Annual,169.15,Active,,
S002145,C002145,P1,2026-04-06,Annual,24.65,Active,,
S002146,C002146,P4,2025-08-16,Monthly,499.0,Churned,2026-02-24,Missing feature
S002147,C002147,P2,2026-02-11,Annual,67.15,Active,,
S002148,C002148,P4,2026-06-20,Monthly,499.0,Active,,
S002149,C002149,P3,2024-07-09,Annual,169.15,Active,,
S002150,C002150,P2,2026-02-22,Monthly,79.0,Active,,
S002151,C002151,P3,2025-02-10,Annual,169.15,Active,,
S002152,C002152,P2,2024-12-10,Monthly,79.0,Active,,
S002153,C002153,P4,2026-08-20,Monthly,499.0,Active,,
S002154,C002154,P3,2024-10-08,Annual,169.15,Active,,
S002155,C002155,P3,2026-06-08,Monthly,199.0,Active,,
S002156,C002156,P3,2026-04-16,Annual,169.15,Active,,
S002157,C002157,P1,2026-06-10,Monthly,29.0,Active,,
S002158,C002158,P1,2025-10-11,Monthly,29.0,Active,,
S002159,C002159,P1,2025-10-10,Annual,24.65,Active,,
S002160,C002160,P2,2025-04-18,Annual,67.15,Churned,2026-06-22,Low engagement
S002161,C002161,P2,2025-04-10,Monthly,79.0,Active,,
S002162,C002162,P2,2026-05-18,Monthly,79.0,Active,,
S002163,C002163,P1,2025-04-07,Monthly,29.0,Active,,
S002164,C002164,P1,2025-07-26,Monthly,29.0,Active,,
S002165,C002165,P2,2026-08-27,Annual,67.15,Active,,
S002166,C002166,P1,2025-03-01,Monthly,29.0,Churned,2026-04-27,Support experience
S002167,C002167,P4,2026-04-03,Monthly,499.0,Active,,
S002168,C002168,P1,2024-12-03,Monthly,29.0,Churned,2025-04-25,Support experience
S002169,C002169,P2,2024-02-06,Monthly,79.0,Churned,2024-09-24,Company closed
S002170,C002170,P2,2025-10-23,Monthly,79.0,Active,,
S002171,C002171,P2,2025-07-07,Annual,67.15,Active,,
S002172,C002172,P1,2026-03-17,Annual,24.65,Active,,
S002173,C002173,P1,2024-01-08,Monthly,29.0,Churned,2024-07-08,Low engagement
S002174,C002174,P1,2024-04-02,Annual,24.65,Churned,2025-08-07,Missing feature
S002175,C002175,P1,2026-05-03,Monthly,29.0,Active,,
S002176,C002176,P1,2025-07-27,Monthly,29.0,Active,,
S002177,C002177,P1,2025-08-16,Monthly,29.0,Active,,
S002178,C002178,P3,2024-10-19,Annual,169.15,Active,,
S002179,C002179,P1,2026-07-06,Monthly,29.0,Active,,
S002180,C002180,P4,2026-06-14,Annual,424.15,Active,,
S002181,C002181,P3,2025-08-19,Annual,169.15,Active,,
S002182,C002182,P3,2024-10-22,Monthly,199.0,Active,,
S002183,C002183,P2,2026-08-19,Annual,67.15,Active,,
S002184,C002184,P1,2026-06-17,Monthly,29.0,Active,,
S002185,C002185,P1,2025-08-18,Annual,24.65,Active,,
S002186,C002186,P2,2025-11-11,Annual,67.15,Active,,
S002187,C002187,P3,2025-06-20,Annual,169.15,Active,,
S002188,C002188,P1,2024-10-09,Annual,24.65,Churned,2026-05-18,Low engagement
S002189,C002189,P1,2026-01-21,Monthly,29.0,Active,,
S002190,C002190,P2,2025-12-13,Annual,67.15,Churned,2026-07-27,Low engagement
S002191,C002191,P2,2025-09-17,Monthly,79.0,Active,,
S002192,C002192,P2,2026-04-14,Monthly,79.0,Active,,
S002193,C002193,P3,2025-06-16,Annual,169.15,Active,,
S002194,C002194,P2,2026-05-20,Annual,67.15,Active,,
S002195,C002195,P1,2024-10-08,Monthly,29.0,Churned,2025-08-11,Price
S002196,C002196,P2,2026-08-14,Annual,67.15,Active,,
S002197,C002197,P2,2024-09-12,Monthly,79.0,Active,,
S002198,C002198,P2,2024-08-01,Monthly,79.0,Active,,
S002199,C002199,P2,2025-10-24,Monthly,79.0,Active,,
S002200,C002200,P3,2024-05-20,Annual,169.15,Churned,2024-12-07,Low engagement
S002201,C002201,P2,2024-08-02,Monthly,79.0,Churned,2026-05-08,Other
S002202,C002202,P4,2026-02-02,Annual,424.15,Active,,
S002203,C002203,P3,2025-01-26,Annual,169.15,Active,,
S002204,C002204,P2,2026-04-24,Monthly,79.0,Active,,
S002205,C002205,P1,2024-08-21,Monthly,29.0,Active,,
S002206,C002206,P1,2025-04-20,Monthly,29.0,Active,,
S002207,C002207,P3,2025-04-24,Annual,169.15,Active,,
S002208,C002208,P1,2025-07-17,Monthly,29.0,Active,,
S002209,C002209,P1,2025-05-01,Monthly,29.0,Active,,
S002210,C002210,P2,2025-04-13,Monthly,79.0,Active,,
S002211,C002211,P4,2025-02-10,Annual,424.15,Active,,
S002212,C002212,P1,2024-01-05,Monthly,29.0,Churned,2024-02-07,Missing feature
S002213,C002213,P2,2025-11-25,Monthly,79.0,Active,,
S002214,C002214,P1,2025-07-19,Annual,24.65,Active,,
S002215,C002215,P3,2025-03-26,Monthly,199.0,Churned,2026-03-20,Low engagement
S002216,C002216,P1,2024-10-04,Monthly,29.0,Active,,
S002217,C002217,P1,2026-06-28,Monthly,29.0,Active,,
S002218,C002218,P3,2024-11-17,Annual,169.15,Active,,
S002219,C002219,P4,2026-07-16,Monthly,499.0,Active,,
S002220,C002220,P1,2024-10-06,Annual,24.65,Active,,
S002221,C002221,P1,2026-08-18,Monthly,29.0,Active,,
S002222,C002222,P1,2025-05-17,Monthly,29.0,Active,,
S002223,C002223,P1,2025-08-20,Monthly,29.0,Active,,
S002224,C002224,P2,2025-01-05,Monthly,79.0,Active,,
S002225,C002225,P3,2026-07-18,Monthly,199.0,Active,,
S002226,C002226,P1,2024-12-03,Monthly,29.0,Active,,
S002227,C002227,P4,2026-02-02,Annual,424.15,Active,,
S002228,C002228,P1,2024-02-14,Monthly,29.0,Churned,2025-12-13,Low engagement
S002229,C002229,P1,2025-09-04,Monthly,29.0,Active,,
S002230,C002230,P4,2026-02-20,Annual,424.15,Active,,
S002231,C002231,P1,2025-07-14,Monthly,29.0,Active,,
S002232,C002232,P2,2025-12-07,Annual,67.15,Churned,2026-07-21,Other
S002233,C002233,P1,2026-03-08,Monthly,29.0,Active,,
S002234,C002234,P4,2025-07-14,Monthly,499.0,Active,,
S002235,C002235,P4,2024-10-17,Monthly,499.0,Churned,2026-04-26,Low engagement
S002236,C002236,P2,2025-04-23,Annual,67.15,Active,,
S002237,C002237,P2,2026-02-17,Monthly,79.0,Active,,
S002238,C002238,P1,2024-12-16,Monthly,29.0,Active,,
S002239,C002239,P1,2025-11-17,Monthly,29.0,Active,,
S002240,C002240,P2,2024-07-17,Annual,67.15,Churned,2025-03-16,Other
S002241,C002241,P1,2026-07-10,Annual,24.65,Active,,
S002242,C002242,P1,2025-10-07,Monthly,29.0,Active,,
S002243,C002243,P1,2025-06-15,Annual,24.65,Active,,
S002244,C002244,P2,2026-04-04,Monthly,79.0,Active,,
S002245,C002245,P2,2026-04-07,Monthly,79.0,Active,,
S002246,C002246,P2,2024-05-05,Monthly,79.0,Active,,
S002247,C002247,P2,2025-01-14,Monthly,79.0,Churned,2025-03-18,Other
S002248,C002248,P2,2025-06-28,Annual,67.15,Active,,
S002249,C002249,P3,2025-02-25,Monthly,199.0,Active,,
S002250,C002250,P2,2025-02-03,Monthly,79.0,Active,,
S002251,C002251,P2,2025-03-23,Annual,67.15,Active,,
S002252,C002252,P4,2024-07-05,Monthly,499.0,Active,,
S002253,C002253,P1,2024-06-26,Annual,24.65,Active,,
S002254,C002254,P1,2024-12-06,Annual,24.65,Active,,
S002255,C002255,P4,2024-04-04,Annual,424.15,Active,,
S002256,C002256,P3,2025-08-23,Monthly,199.0,Active,,
S002257,C002257,P3,2024-07-24,Monthly,199.0,Active,,
S002258,C002258,P3,2024-04-12,Annual,169.15,Active,,
S002259,C002259,P2,2026-05-16,Monthly,79.0,Active,,
S002260,C002260,P1,2025-10-23,Annual,24.65,Churned,2025-11-14,Payment issue
S002261,C002261,P3,2026-06-24,Annual,169.15,Active,,
S002262,C002262,P3,2026-08-12,Annual,169.15,Active,,
S002263,C002263,P1,2025-10-22,Monthly,29.0,Active,,
S002264,C002264,P1,2026-04-23,Monthly,29.0,Active,,
S002265,C002265,P1,2024-08-23,Monthly,29.0,Active,,
S002266,C002266,P2,2026-01-26,Monthly,79.0,Active,,
S002267,C002267,P2,2025-09-24,Monthly,79.0,Active,,
S002268,C002268,P1,2025-12-13,Annual,24.65,Active,,
S002269,C002269,P3,2024-05-09,Monthly,199.0,Active,,
S002270,C002270,P2,2026-07-28,Annual,67.15,Active,,
S002271,C002271,P2,2025-05-13,Monthly,79.0,Active,,
S002272,C002272,P1,2026-03-27,Annual,24.65,Active,,
S002273,C002273,P3,2026-08-28,Monthly,199.0,Active,,
S002274,C002274,P3,2026-05-01,Monthly,199.0,Active,,
S002275,C002275,P4,2025-01-04,Annual,424.15,Active,,
S002276,C002276,P1,2025-04-16,Monthly,29.0,Active,,
S002277,C002277,P3,2025-12-03,Monthly,199.0,Active,,
S002278,C002278,P1,2025-09-19,Monthly,29.0,Active,,
S002279,C002279,P3,2025-05-01,Annual,169.15,Active,,
S002280,C002280,P1,2025-12-24,Monthly,29.0,Churned,2026-04-23,Low engagement
S002281,C002281,P1,2026-06-12,Monthly,29.0,Active,,
S002282,C002282,P1,2025-01-19,Annual,24.65,Active,,
S002283,C002283,P2,2024-06-14,Monthly,79.0,Active,,
S002284,C002284,P3,2025-12-20,Monthly,199.0,Active,,
S002285,C002285,P2,2025-10-20,Monthly,79.0,Active,,
S002286,C002286,P1,2026-06-09,Monthly,29.0,Active,,
S002287,C002287,P2,2026-02-23,Annual,67.15,Active,,
S002288,C002288,P3,2025-04-23,Monthly,199.0,Active,,
S002289,C002289,P1,2025-11-09,Monthly,29.0,Active,,
S002290,C002290,P1,2026-05-02,Monthly,29.0,Active,,
S002291,C002291,P4,2025-03-13,Annual,424.15,Active,,
S002292,C002292,P2,2024-01-19,Monthly,79.0,Churned,2025-06-28,Payment issue
S002293,C002293,P2,2025-11-22,Monthly,79.0,Active,,
S002294,C002294,P1,2024-02-06,Monthly,29.0,Churned,2025-12-19,Payment issue
S002295,C002295,P2,2026-07-14,Monthly,79.0,Active,,
S002296,C002296,P1,2024-08-22,Monthly,29.0,Active,,
S002297,C002297,P3,2025-03-15,Monthly,199.0,Active,,
S002298,C002298,P2,2026-07-23,Monthly,79.0,Active,,
S002299,C002299,P1,2024-04-19,Monthly,29.0,Churned,2024-10-27,Support experience
S002300,C002300,P3,2024-01-05,Annual,169.15,Active,,
S002301,C002301,P4,2024-05-06,Monthly,499.0,Active,,
S002302,C002302,P3,2026-08-23,Monthly,199.0,Active,,
S002303,C002303,P1,2026-08-20,Monthly,29.0,Active,,
S002304,C002304,P1,2025-04-24,Monthly,29.0,Active,,
S002305,C002305,P1,2026-02-09,Monthly,29.0,Active,,
S002306,C002306,P2,2026-02-02,Annual,67.15,Active,,
S002307,C002307,P1,2024-05-07,Monthly,29.0,Active,,
S002308,C002308,P2,2024-11-13,Monthly,79.0,Churned,2026-06-05,Payment issue
S002309,C002309,P3,2026-06-04,Monthly,199.0,Active,,
S002310,C002310,P3,2024-08-06,Annual,169.15,Churned,2025-07-20,Low engagement
S002311,C002311,P4,2025-08-05,Monthly,499.0,Active,,
S002312,C002312,P2,2024-11-04,Annual,67.15,Churned,2026-05-28,Low engagement
S002313,C002313,P1,2025-09-11,Monthly,29.0,Active,,
S002314,C002314,P2,2024-09-23,Monthly,79.0,Active,,
S002315,C002315,P1,2024-10-11,Annual,24.65,Active,,
S002316,C002316,P2,2024-03-09,Annual,67.15,Active,,
S002317,C002317,P2,2026-08-16,Monthly,79.0,Active,,
S002318,C002318,P3,2024-06-19,Annual,169.15,Churned,2024-11-08,Payment issue
S002319,C002319,P2,2025-05-10,Monthly,79.0,Active,,
S002320,C002320,P3,2025-05-01,Monthly,199.0,Churned,2025-12-27,Payment issue
S002321,C002321,P1,2025-01-09,Monthly,29.0,Active,,
S002322,C002322,P1,2026-03-03,Monthly,29.0,Active,,
S002323,C002323,P2,2025-02-05,Monthly,79.0,Churned,2025-05-07,Price
S002324,C002324,P2,2025-11-18,Monthly,79.0,Churned,2026-01-10,Missing feature
S002325,C002325,P2,2025-09-06,Monthly,79.0,Active,,
S002326,C002326,P3,2026-05-11,Annual,169.15,Active,,
S002327,C002327,P1,2026-04-11,Monthly,29.0,Active,,
S002328,C002328,P1,2024-10-25,Monthly,29.0,Churned,2025-03-27,Payment issue
S002329,C002329,P2,2026-02-05,Monthly,79.0,Active,,
S002330,C002330,P1,2026-03-03,Monthly,29.0,Active,,
S002331,C002331,P1,2026-07-15,Monthly,29.0,Active,,
S002332,C002332,P2,2026-08-18,Monthly,79.0,Active,,
S002333,C002333,P3,2026-02-15,Monthly,199.0,Active,,
S002334,C002334,P1,2025-06-20,Annual,24.65,Churned,2026-08-27,Low engagement
S002335,C002335,P2,2025-01-25,Monthly,79.0,Churned,2026-01-07,Company closed
S002336,C002336,P3,2026-05-18,Annual,169.15,Active,,
S002337,C002337,P3,2026-07-16,Annual,169.15,Active,,
S002338,C002338,P1,2024-05-20,Monthly,29.0,Active,,
S002339,C002339,P1,2025-09-06,Monthly,29.0,Churned,2026-05-15,Price
S002340,C002340,P2,2024-06-07,Monthly,79.0,Active,,
S002341,C002341,P1,2024-11-11,Monthly,29.0,Active,,
S002342,C002342,P2,2025-04-22,Monthly,79.0,Active,,
S002343,C002343,P2,2025-01-24,Annual,67.15,Active,,
S002344,C002344,P1,2026-01-16,Monthly,29.0,Active,,
S002345,C002345,P4,2024-04-18,Annual,424.15,Active,,
S002346,C002346,P1,2025-11-23,Monthly,29.0,Active,,
S002347,C002347,P2,2025-10-07,Monthly,79.0,Active,,
S002348,C002348,P3,2026-03-04,Monthly,199.0,Active,,
S002349,C002349,P1,2024-05-21,Annual,24.65,Active,,
S002350,C002350,P2,2025-02-04,Monthly,79.0,Active,,
S002351,C002351,P1,2026-01-05,Monthly,29.0,Active,,
S002352,C002352,P4,2026-01-12,Annual,424.15,Active,,
S002353,C002353,P1,2025-06-22,Monthly,29.0,Active,,
S002354,C002354,P1,2025-06-11,Monthly,29.0,Active,,
S002355,C002355,P1,2026-08-04,Monthly,29.0,Active,,
S002356,C002356,P2,2025-02-04,Annual,67.15,Churned,2025-12-08,Missing feature
S002357,C002357,P1,2024-07-08,Annual,24.65,Active,,
S002358,C002358,P1,2026-07-03,Annual,24.65,Active,,
S002359,C002359,P3,2026-04-10,Annual,169.15,Active,,
S002360,C002360,P2,2024-11-03,Annual,67.15,Churned,2025-11-19,Price
S002361,C002361,P3,2026-05-24,Monthly,199.0,Active,,
S002362,C002362,P1,2024-11-02,Annual,24.65,Churned,2025-04-11,Low engagement
S002363,C002363,P1,2026-04-06,Annual,24.65,Active,,
S002364,C002364,P3,2025-11-01,Monthly,199.0,Active,,
S002365,C002365,P2,2025-07-09,Monthly,79.0,Active,,
S002366,C002366,P3,2026-07-23,Monthly,199.0,Active,,
S002367,C002367,P3,2026-04-17,Monthly,199.0,Active,,
S002368,C002368,P1,2024-06-27,Monthly,29.0,Churned,2025-08-19,Support experience
S002369,C002369,P1,2026-01-18,Annual,24.65,Active,,
S002370,C002370,P1,2026-03-12,Monthly,29.0,Active,,
S002371,C002371,P1,2025-09-27,Monthly,29.0,Active,,
S002372,C002372,P2,2024-12-06,Monthly,79.0,Churned,2025-11-07,Support experience
S002373,C002373,P1,2024-11-04,Monthly,29.0,Churned,2025-07-05,Support experience
S002374,C002374,P1,2026-08-10,Monthly,29.0,Active,,
S002375,C002375,P1,2025-05-27,Monthly,29.0,Churned,2026-06-26,Payment issue
S002376,C002376,P2,2025-08-23,Annual,67.15,Active,,
S002377,C002377,P3,2025-10-16,Monthly,199.0,Active,,
S002378,C002378,P1,2024-05-27,Monthly,29.0,Active,,
S002379,C002379,P1,2024-04-19,Annual,24.65,Churned,2024-12-28,Low engagement
S002380,C002380,P2,2024-09-07,Annual,67.15,Active,,
S002381,C002381,P4,2024-04-01,Monthly,499.0,Churned,2025-11-06,Payment issue
S002382,C002382,P1,2026-06-01,Monthly,29.0,Active,,
S002383,C002383,P1,2024-07-24,Monthly,29.0,Churned,2025-06-08,Low engagement
S002384,C002384,P2,2024-10-09,Monthly,79.0,Active,,
S002385,C002385,P3,2025-09-12,Annual,169.15,Active,,
S002386,C002386,P2,2026-06-11,Annual,67.15,Active,,
S002387,C002387,P4,2024-03-03,Annual,424.15,Active,,
S002388,C002388,P3,2024-10-01,Annual,169.15,Churned,2025-06-27,Missing feature
S002389,C002389,P2,2026-02-21,Monthly,79.0,Churned,2026-04-17,Missing feature
S002390,C002390,P1,2025-08-20,Monthly,29.0,Active,,
S002391,C002391,P1,2025-10-07,Monthly,29.0,Active,,
S002392,C002392,P3,2024-01-04,Annual,169.15,Churned,2024-12-22,Low engagement
S002393,C002393,P1,2026-05-15,Annual,24.65,Active,,
S002394,C002394,P1,2025-10-03,Annual,24.65,Active,,
S002395,C002395,P2,2026-05-09,Monthly,79.0,Active,,
S002396,C002396,P4,2026-08-21,Monthly,499.0,Active,,
S002397,C002397,P1,2026-02-05,Monthly,29.0,Active,,
S002398,C002398,P1,2024-02-22,Monthly,29.0,Active,,
S002399,C002399,P2,2026-01-25,Monthly,79.0,Active,,
S002400,C002400,P1,2025-09-06,Monthly,29.0,Active,,
S002401,C002401,P2,2024-05-19,Monthly,79.0,Active,,
S002402,C002402,P2,2024-12-22,Annual,67.15,Churned,2025-06-20,Price
S002403,C002403,P3,2024-08-15,Monthly,199.0,Active,,
S002404,C002404,P3,2026-07-09,Monthly,199.0,Active,,
S002405,C002405,P3,2026-04-28,Annual,169.15,Active,,
S002406,C002406,P1,2026-01-09,Monthly,29.0,Active,,
S002407,C002407,P1,2026-03-07,Monthly,29.0,Active,,
S002408,C002408,P2,2025-10-04,Monthly,79.0,Active,,
S002409,C002409,P2,2026-05-26,Monthly,79.0,Active,,
S002410,C002410,P4,2024-10-07,Monthly,499.0,Churned,2026-01-16,Low engagement
S002411,C002411,P3,2024-11-04,Monthly,199.0,Active,,
S002412,C002412,P4,2025-10-02,Annual,424.15,Active,,
S002413,C002413,P2,2026-04-09,Monthly,79.0,Active,,
S002414,C002414,P1,2026-05-19,Annual,24.65,Active,,
S002415,C002415,P2,2026-08-20,Annual,67.15,Active,,
S002416,C002416,P1,2026-03-24,Monthly,29.0,Churned,2026-07-27,Low engagement
S002417,C002417,P1,2024-11-19,Monthly,29.0,Active,,
S002418,C002418,P2,2024-10-02,Monthly,79.0,Active,,
S002419,C002419,P3,2025-06-24,Annual,169.15,Churned,2025-11-06,Low engagement
S002420,C002420,P4,2025-12-08,Annual,424.15,Active,,
S002421,C002421,P2,2025-08-27,Annual,67.15,Active,,
S002422,C002422,P1,2024-04-10,Monthly,29.0,Active,,
S002423,C002423,P3,2025-07-01,Monthly,199.0,Active,,
S002424,C002424,P1,2026-04-11,Monthly,29.0,Active,,
S002425,C002425,P2,2024-11-13,Monthly,79.0,Active,,
S002426,C002426,P2,2025-11-24,Monthly,79.0,Active,,
S002427,C002427,P2,2024-12-16,Monthly,79.0,Active,,
S002428,C002428,P3,2025-09-02,Annual,169.15,Active,,
S002429,C002429,P1,2026-01-02,Monthly,29.0,Active,,
S002430,C002430,P2,2024-10-18,Annual,67.15,Churned,2025-01-14,Payment issue
S002431,C002431,P2,2026-02-03,Annual,67.15,Active,,
S002432,C002432,P3,2025-12-15,Monthly,199.0,Active,,
S002433,C002433,P2,2025-01-26,Monthly,79.0,Churned,2025-09-17,Price
S002434,C002434,P1,2026-06-24,Monthly,29.0,Active,,
S002435,C002435,P3,2026-03-18,Annual,169.15,Active,,
S002436,C002436,P4,2025-08-09,Monthly,499.0,Active,,
S002437,C002437,P1,2024-04-15,Monthly,29.0,Active,,
S002438,C002438,P2,2025-06-03,Annual,67.15,Active,,
S002439,C002439,P1,2025-02-21,Monthly,29.0,Active,,
S002440,C002440,P3,2024-12-04,Monthly,199.0,Active,,
S002441,C002441,P3,2025-12-02,Annual,169.15,Churned,2026-07-12,Other
S002442,C002442,P1,2026-07-18,Monthly,29.0,Active,,
S002443,C002443,P1,2024-07-17,Monthly,29.0,Churned,2026-07-23,Missing feature
S002444,C002444,P1,2026-02-16,Annual,24.65,Active,,
S002445,C002445,P1,2025-11-14,Annual,24.65,Active,,
S002446,C002446,P3,2025-12-17,Monthly,199.0,Active,,
S002447,C002447,P2,2026-05-13,Annual,67.15,Active,,
S002448,C002448,P3,2025-04-04,Monthly,199.0,Active,,
S002449,C002449,P2,2025-10-16,Annual,67.15,Active,,
S002450,C002450,P3,2024-12-02,Annual,169.15,Active,,
S002451,C002451,P2,2024-12-02,Monthly,79.0,Churned,2026-06-06,Payment issue
S002452,C002452,P3,2025-08-16,Monthly,199.0,Active,,
S002453,C002453,P2,2024-01-20,Monthly,79.0,Churned,2025-12-17,Other
S002454,C002454,P3,2024-11-03,Annual,169.15,Churned,2026-03-16,Low engagement
S002455,C002455,P1,2024-07-11,Monthly,29.0,Churned,2026-01-25,Price
S002456,C002456,P2,2024-06-27,Monthly,79.0,Active,,
S002457,C002457,P3,2025-04-22,Monthly,199.0,Active,,
S002458,C002458,P1,2024-05-23,Monthly,29.0,Churned,2025-05-06,Low engagement
S002459,C002459,P1,2024-07-19,Monthly,29.0,Active,,
S002460,C002460,P1,2025-12-06,Monthly,29.0,Active,,
S002461,C002461,P2,2025-12-11,Monthly,79.0,Active,,
S002462,C002462,P3,2026-07-17,Annual,169.15,Active,,
S002463,C002463,P1,2026-07-19,Monthly,29.0,Active,,
S002464,C002464,P1,2026-05-04,Monthly,29.0,Active,,
S002465,C002465,P2,2026-01-28,Monthly,79.0,Active,,
S002466,C002466,P3,2024-12-27,Monthly,199.0,Active,,
S002467,C002467,P3,2024-08-02,Monthly,199.0,Active,,
S002468,C002468,P2,2026-07-17,Monthly,79.0,Active,,
S002469,C002469,P2,2026-08-05,Monthly,79.0,Active,,
S002470,C002470,P3,2025-08-09,Monthly,199.0,Active,,
S002471,C002471,P2,2025-09-25,Monthly,79.0,Churned,2025-11-07,Price
S002472,C002472,P2,2024-01-20,Monthly,79.0,Active,,
S002473,C002473,P3,2024-07-10,Annual,169.15,Active,,
S002474,C002474,P3,2025-09-01,Monthly,199.0,Active,,
S002475,C002475,P2,2024-09-24,Monthly,79.0,Active,,
S002476,C002476,P1,2025-07-09,Annual,24.65,Active,,
S002477,C002477,P2,2026-04-17,Monthly,79.0,Active,,
S002478,C002478,P2,2026-04-07,Monthly,79.0,Active,,
S002479,C002479,P1,2026-05-23,Annual,24.65,Active,,
S002480,C002480,P4,2024-11-10,Annual,424.15,Active,,
S002481,C002481,P2,2025-05-21,Annual,67.15,Active,,
S002482,C002482,P2,2025-11-03,Monthly,79.0,Active,,
S002483,C002483,P2,2025-10-18,Monthly,79.0,Active,,
S002484,C002484,P2,2026-08-28,Annual,67.15,Active,,
S002485,C002485,P2,2024-12-14,Monthly,79.0,Churned,2025-06-24,Company closed
S002486,C002486,P1,2024-04-14,Annual,24.65,Churned,2025-05-19,Support experience
S002487,C002487,P3,2025-04-20,Annual,169.15,Active,,
S002488,C002488,P2,2025-08-24,Annual,67.15,Active,,
S002489,C002489,P2,2025-04-23,Annual,67.15,Active,,
S002490,C002490,P1,2025-02-02,Monthly,29.0,Active,,
S002491,C002491,P4,2024-11-09,Monthly,499.0,Active,,
S002492,C002492,P2,2025-05-24,Monthly,79.0,Active,,
S002493,C002493,P2,2026-01-28,Monthly,79.0,Active,,
S002494,C002494,P2,2024-07-19,Annual,67.15,Active,,
S002495,C002495,P2,2026-05-01,Annual,67.15,Active,,
S002496,C002496,P1,2025-11-20,Annual,24.65,Active,,
S002497,C002497,P2,2024-06-27,Monthly,79.0,Active,,
S002498,C002498,P2,2024-02-23,Monthly,79.0,Churned,2024-07-17,Payment issue
S002499,C002499,P3,2024-03-21,Annual,169.15,Churned,2025-09-22,Low engagement
S002500,C002500,P1,2024-05-15,Monthly,29.0,Churned,2024-12-12,Low engagement
S002501,C002501,P2,2025-12-26,Monthly,79.0,Active,,
S002502,C002502,P3,2026-07-18,Monthly,199.0,Active,,
S002503,C002503,P4,2024-07-15,Monthly,499.0,Churned,2025-02-18,Missing feature
S002504,C002504,P2,2024-12-26,Monthly,79.0,Active,,
S002505,C002505,P1,2026-05-01,Monthly,29.0,Active,,
S002506,C002506,P1,2025-08-04,Monthly,29.0,Active,,
S002507,C002507,P4,2025-05-24,Monthly,499.0,Active,,
S002508,C002508,P4,2025-07-02,Monthly,499.0,Active,,
S002509,C002509,P1,2024-05-26,Monthly,29.0,Active,,
S002510,C002510,P2,2024-10-28,Annual,67.15,Active,,
S002511,C002511,P1,2026-08-08,Monthly,29.0,Active,,
S002512,C002512,P1,2025-12-25,Monthly,29.0,Active,,
S002513,C002513,P1,2024-12-16,Monthly,29.0,Active,,
S002514,C002514,P1,2026-07-15,Monthly,29.0,Active,,
S002515,C002515,P1,2025-04-26,Monthly,29.0,Active,,
S002516,C002516,P2,2024-07-22,Monthly,79.0,Churned,2024-10-17,Low engagement
S002517,C002517,P1,2026-08-25,Monthly,29.0,Active,,
S002518,C002518,P3,2025-12-25,Annual,169.15,Active,,
S002519,C002519,P1,2026-02-21,Monthly,29.0,Active,,
S002520,C002520,P2,2024-02-14,Monthly,79.0,Active,,
S002521,C002521,P2,2024-12-06,Monthly,79.0,Churned,2025-04-07,Support experience
S002522,C002522,P1,2026-07-03,Monthly,29.0,Active,,
S002523,C002523,P1,2024-08-08,Monthly,29.0,Churned,2024-11-20,Low engagement
S002524,C002524,P2,2026-05-14,Monthly,79.0,Active,,
S002525,C002525,P2,2026-03-04,Annual,67.15,Active,,
S002526,C002526,P1,2025-04-10,Monthly,29.0,Churned,2026-03-07,Support experience
S002527,C002527,P2,2026-06-23,Monthly,79.0,Active,,
S002528,C002528,P2,2026-07-01,Annual,67.15,Active,,
S002529,C002529,P3,2026-05-09,Monthly,199.0,Active,,
S002530,C002530,P1,2025-05-27,Monthly,29.0,Active,,
S002531,C002531,P1,2025-10-10,Monthly,29.0,Active,,
S002532,C002532,P1,2025-01-21,Monthly,29.0,Active,,
S002533,C002533,P3,2024-06-18,Monthly,199.0,Active,,
S002534,C002534,P1,2026-06-23,Monthly,29.0,Active,,
S002535,C002535,P4,2026-08-21,Annual,424.15,Active,,
S002536,C002536,P2,2024-03-17,Annual,67.15,Churned,2025-11-18,Company closed
S002537,C002537,P3,2026-01-28,Monthly,199.0,Active,,
S002538,C002538,P1,2026-07-08,Monthly,29.0,Active,,
S002539,C002539,P1,2025-11-08,Monthly,29.0,Active,,
S002540,C002540,P1,2024-03-17,Monthly,29.0,Active,,
S002541,C002541,P1,2024-01-21,Monthly,29.0,Active,,
S002542,C002542,P2,2025-08-20,Monthly,79.0,Active,,
S002543,C002543,P2,2026-07-27,Monthly,79.0,Active,,
S002544,C002544,P1,2024-12-17,Monthly,29.0,Active,,
S002545,C002545,P3,2025-03-22,Monthly,199.0,Active,,
S002546,C002546,P2,2026-04-04,Monthly,79.0,Active,,
S002547,C002547,P4,2026-04-02,Annual,424.15,Active,,
S002548,C002548,P2,2026-07-23,Monthly,79.0,Active,,
S002549,C002549,P1,2026-05-13,Annual,24.65,Active,,
S002550,C002550,P2,2025-10-09,Monthly,79.0,Active,,
S002551,C002551,P2,2026-07-22,Monthly,79.0,Active,,
S002552,C002552,P1,2025-11-12,Monthly,29.0,Active,,
S002553,C002553,P1,2025-10-01,Annual,24.65,Active,,
S002554,C002554,P4,2024-01-16,Annual,424.15,Churned,2025-11-20,Low engagement
S002555,C002555,P1,2025-06-04,Annual,24.65,Churned,2026-03-08,Other
S002556,C002556,P3,2024-03-28,Annual,169.15,Active,,
S002557,C002557,P2,2026-06-10,Monthly,79.0,Active,,
S002558,C002558,P1,2024-01-09,Monthly,29.0,Churned,2025-07-05,Other
S002559,C002559,P1,2025-01-24,Monthly,29.0,Churned,2026-08-26,Company closed
S002560,C002560,P1,2026-08-02,Monthly,29.0,Active,,
S002561,C002561,P2,2026-04-19,Annual,67.15,Active,,
S002562,C002562,P3,2026-03-28,Monthly,199.0,Active,,
S002563,C002563,P2,2026-01-01,Annual,67.15,Active,,
S002564,C002564,P2,2024-03-27,Annual,67.15,Active,,
S002565,C002565,P1,2025-01-18,Monthly,29.0,Active,,
S002566,C002566,P1,2026-04-06,Monthly,29.0,Active,,
S002567,C002567,P1,2026-06-24,Monthly,29.0,Active,,
S002568,C002568,P2,2025-03-24,Annual,67.15,Active,,
S002569,C002569,P3,2024-12-28,Monthly,199.0,Churned,2025-06-07,Missing feature
S002570,C002570,P4,2024-11-26,Monthly,499.0,Active,,
S002571,C002571,P2,2025-09-18,Monthly,79.0,Churned,2026-04-12,Low engagement
S002572,C002572,P1,2025-01-01,Monthly,29.0,Churned,2025-05-23,Low engagement
S002573,C002573,P3,2024-02-21,Annual,169.15,Active,,
S002574,C002574,P3,2025-04-22,Annual,169.15,Active,,
S002575,C002575,P2,2025-09-22,Annual,67.15,Active,,
S002576,C002576,P2,2025-11-06,Monthly,79.0,Active,,
S002577,C002577,P2,2025-02-21,Monthly,79.0,Active,,
S002578,C002578,P2,2025-01-24,Monthly,79.0,Active,,
S002579,C002579,P2,2024-12-03,Annual,67.15,Active,,
S002580,C002580,P2,2025-11-01,Annual,67.15,Active,,
S002581,C002581,P1,2024-12-03,Monthly,29.0,Active,,
S002582,C002582,P4,2026-07-20,Monthly,499.0,Active,,
S002583,C002583,P3,2024-12-09,Monthly,199.0,Churned,2026-06-19,Low engagement
S002584,C002584,P1,2026-03-23,Monthly,29.0,Active,,
S002585,C002585,P1,2025-02-27,Monthly,29.0,Active,,
S002586,C002586,P1,2025-11-01,Monthly,29.0,Active,,
S002587,C002587,P1,2026-01-21,Monthly,29.0,Active,,
S002588,C002588,P1,2024-08-22,Monthly,29.0,Churned,2026-08-28,Low engagement
S002589,C002589,P1,2025-04-03,Monthly,29.0,Active,,
S002590,C002590,P2,2024-06-04,Monthly,79.0,Active,,
S002591,C002591,P3,2025-08-23,Monthly,199.0,Active,,
S002592,C002592,P2,2026-06-03,Monthly,79.0,Active,,
S002593,C002593,P3,2025-10-06,Monthly,199.0,Active,,
S002594,C002594,P1,2026-01-26,Annual,24.65,Active,,
S002595,C002595,P2,2024-12-21,Annual,67.15,Active,,
S002596,C002596,P2,2025-06-26,Monthly,79.0,Active,,
S002597,C002597,P1,2026-02-08,Monthly,29.0,Active,,
S002598,C002598,P1,2024-07-21,Monthly,29.0,Active,,
S002599,C002599,P3,2024-06-18,Annual,169.15,Active,,
S002600,C002600,P3,2024-10-25,Monthly,199.0,Churned,2026-08-19,Support experience
S002601,C002601,P2,2024-11-07,Annual,67.15,Active,,
S002602,C002602,P3,2026-08-01,Monthly,199.0,Active,,
S002603,C002603,P2,2024-08-12,Monthly,79.0,Active,,
S002604,C002604,P3,2024-05-15,Monthly,199.0,Churned,2024-12-05,Low engagement
S002605,C002605,P1,2024-07-17,Annual,24.65,Churned,2026-03-07,Low engagement
S002606,C002606,P3,2024-09-25,Monthly,199.0,Active,,
S002607,C002607,P2,2025-03-20,Annual,67.15,Active,,
S002608,C002608,P1,2024-09-25,Monthly,29.0,Active,,
S002609,C002609,P3,2024-05-21,Annual,169.15,Churned,2024-11-27,Low engagement
S002610,C002610,P2,2024-07-11,Monthly,79.0,Churned,2024-10-06,Payment issue
S002611,C002611,P3,2026-03-23,Annual,169.15,Active,,
S002612,C002612,P3,2025-08-10,Monthly,199.0,Active,,
S002613,C002613,P2,2026-02-23,Monthly,79.0,Active,,
S002614,C002614,P3,2024-08-20,Annual,169.15,Active,,
S002615,C002615,P2,2025-01-07,Monthly,79.0,Active,,
S002616,C002616,P2,2026-08-02,Annual,67.15,Active,,
S002617,C002617,P1,2024-05-25,Monthly,29.0,Churned,2024-08-11,Low engagement
S002618,C002618,P3,2025-06-22,Monthly,199.0,Active,,
S002619,C002619,P3,2025-01-02,Annual,169.15,Active,,
S002620,C002620,P2,2024-01-07,Annual,67.15,Active,,
S002621,C002621,P3,2025-09-14,Monthly,199.0,Active,,
S002622,C002622,P4,2025-09-15,Monthly,499.0,Active,,
S002623,C002623,P1,2025-02-11,Monthly,29.0,Churned,2026-03-12,Low engagement
S002624,C002624,P4,2025-07-06,Annual,424.15,Active,,
S002625,C002625,P2,2025-04-19,Monthly,79.0,Active,,
S002626,C002626,P1,2025-06-21,Annual,24.65,Churned,2026-08-22,Low engagement
S002627,C002627,P2,2026-05-18,Monthly,79.0,Churned,2026-06-24,Low engagement
S002628,C002628,P1,2026-01-27,Monthly,29.0,Active,,
S002629,C002629,P2,2024-12-12,Monthly,79.0,Churned,2026-04-12,Price
S002630,C002630,P2,2024-11-16,Monthly,79.0,Active,,
S002631,C002631,P2,2026-02-09,Monthly,79.0,Active,,
S002632,C002632,P1,2024-10-27,Monthly,29.0,Churned,2025-05-14,Price
S002633,C002633,P3,2026-06-12,Monthly,199.0,Active,,
S002634,C002634,P2,2026-04-12,Monthly,79.0,Active,,
S002635,C002635,P1,2024-11-21,Monthly,29.0,Active,,
S002636,C002636,P1,2026-04-09,Monthly,29.0,Active,,
S002637,C002637,P2,2024-09-11,Monthly,79.0,Active,,
S002638,C002638,P1,2024-02-24,Monthly,29.0,Active,,
S002639,C002639,P3,2026-08-01,Monthly,199.0,Active,,
S002640,C002640,P1,2026-03-02,Monthly,29.0,Active,,
S002641,C002641,P3,2025-07-25,Monthly,199.0,Active,,
S002642,C002642,P3,2026-05-08,Monthly,199.0,Active,,
S002643,C002643,P1,2024-04-22,Monthly,29.0,Churned,2025-01-11,Missing feature
S002644,C002644,P3,2026-02-20,Annual,169.15,Churned,2026-02-19,Missing feature
S002645,C002645,P2,2026-07-06,Annual,67.15,Active,,
S002646,C002646,P3,2026-04-06,Monthly,199.0,Active,,
S002647,C002647,P3,2025-05-28,Annual,169.15,Active,,
S002648,C002648,P3,2025-03-25,Monthly,199.0,Active,,
S002649,C002649,P2,2026-06-08,Annual,67.15,Active,,
S002650,C002650,P2,2025-01-14,Monthly,79.0,Active,,
S002651,C002651,P4,2026-07-25,Annual,424.15,Active,,
S002652,C002652,P1,2025-02-07,Annual,24.65,Active,,
S002653,C002653,P2,2024-06-19,Monthly,79.0,Active,,
S002654,C002654,P3,2024-11-11,Annual,169.15,Churned,2025-10-23,Missing feature
S002655,C002655,P2,2025-08-25,Monthly,79.0,Active,,
S002656,C002656,P3,2024-07-08,Monthly,199.0,Active,,
S002657,C002657,P1,2025-04-13,Monthly,29.0,Active,,
S002658,C002658,P2,2026-06-20,Monthly,79.0,Active,,
S002659,C002659,P2,2024-05-19,Monthly,79.0,Churned,2025-04-18,Payment issue
S002660,C002660,P1,2025-11-04,Monthly,29.0,Active,,
S002661,C002661,P3,2025-04-03,Monthly,199.0,Churned,2026-02-17,Low engagement
S002662,C002662,P3,2025-12-24,Monthly,199.0,Active,,
S002663,C002663,P1,2025-07-22,Monthly,29.0,Churned,2025-09-13,Price
S002664,C002664,P1,2026-06-05,Annual,24.65,Active,,
S002665,C002665,P2,2025-04-19,Monthly,79.0,Active,,
S002666,C002666,P2,2025-08-08,Monthly,79.0,Active,,
S002667,C002667,P3,2024-06-12,Monthly,199.0,Churned,2024-07-19,Other
S002668,C002668,P2,2025-07-18,Monthly,79.0,Active,,
S002669,C002669,P2,2024-06-18,Monthly,79.0,Active,,
S002670,C002670,P2,2025-10-10,Annual,67.15,Churned,2026-05-07,Missing feature
S002671,C002671,P2,2025-05-24,Annual,67.15,Active,,
S002672,C002672,P1,2026-03-15,Monthly,29.0,Active,,
S002673,C002673,P2,2025-05-23,Monthly,79.0,Churned,2026-05-16,Price
S002674,C002674,P2,2025-11-16,Monthly,79.0,Active,,
S002675,C002675,P2,2024-03-10,Monthly,79.0,Churned,2024-11-26,Support experience
S002676,C002676,P1,2026-01-08,Monthly,29.0,Active,,
S002677,C002677,P2,2026-08-01,Monthly,79.0,Active,,
S002678,C002678,P3,2025-06-15,Annual,169.15,Active,,
S002679,C002679,P3,2024-01-16,Monthly,199.0,Active,,
S002680,C002680,P1,2025-10-27,Monthly,29.0,Active,,
S002681,C002681,P3,2024-07-08,Monthly,199.0,Active,,
S002682,C002682,P3,2025-06-01,Annual,169.15,Active,,
S002683,C002683,P1,2024-02-26,Monthly,29.0,Active,,
S002684,C002684,P1,2025-06-17,Monthly,29.0,Active,,
S002685,C002685,P1,2026-06-02,Annual,24.65,Active,,
S002686,C002686,P2,2024-07-09,Monthly,79.0,Active,,
S002687,C002687,P2,2025-07-28,Monthly,79.0,Active,,
S002688,C002688,P3,2024-11-25,Monthly,199.0,Active,,
S002689,C002689,P2,2024-12-16,Annual,67.15,Active,,
S002690,C002690,P2,2025-12-03,Monthly,79.0,Active,,
S002691,C002691,P4,2026-02-19,Annual,424.15,Active,,
S002692,C002692,P2,2026-05-02,Monthly,79.0,Active,,
S002693,C002693,P3,2024-12-11,Annual,169.15,Churned,2026-06-08,Low engagement
S002694,C002694,P4,2024-04-12,Annual,424.15,Active,,
S002695,C002695,P3,2025-06-22,Monthly,199.0,Active,,
S002696,C002696,P1,2025-10-19,Monthly,29.0,Active,,
S002697,C002697,P3,2026-02-14,Monthly,199.0,Active,,
S002698,C002698,P2,2026-03-01,Annual,67.15,Active,,
S002699,C002699,P1,2026-05-01,Monthly,29.0,Active,,
S002700,C002700,P2,2024-02-23,Annual,67.15,Churned,2024-09-18,Price
S002701,C002701,P3,2026-08-19,Monthly,199.0,Active,,
S002702,C002702,P1,2026-08-10,Monthly,29.0,Active,,
S002703,C002703,P2,2024-02-22,Monthly,79.0,Churned,2024-08-27,Support experience
S002704,C002704,P3,2025-01-26,Annual,169.15,Active,,
S002705,C002705,P2,2026-03-01,Monthly,79.0,Churned,2026-05-14,Low engagement
S002706,C002706,P1,2025-07-26,Monthly,29.0,Active,,
S002707,C002707,P3,2024-01-07,Monthly,199.0,Churned,2026-06-12,Support experience
S002708,C002708,P2,2025-03-22,Monthly,79.0,Active,,
S002709,C002709,P1,2025-10-17,Monthly,29.0,Active,,
S002710,C002710,P1,2026-06-21,Annual,24.65,Active,,
S002711,C002711,P4,2026-04-04,Annual,424.15,Active,,
S002712,C002712,P1,2026-07-17,Monthly,29.0,Active,,
S002713,C002713,P1,2025-06-28,Monthly,29.0,Active,,
S002714,C002714,P1,2026-04-23,Monthly,29.0,Active,,
S002715,C002715,P3,2024-05-23,Monthly,199.0,Active,,
S002716,C002716,P2,2025-08-05,Monthly,79.0,Active,,
S002717,C002717,P1,2026-07-08,Monthly,29.0,Active,,
S002718,C002718,P4,2026-05-23,Annual,424.15,Active,,
S002719,C002719,P2,2025-12-12,Monthly,79.0,Active,,
S002720,C002720,P1,2024-07-16,Annual,24.65,Active,,
S002721,C002721,P1,2024-09-05,Monthly,29.0,Churned,2026-05-13,Low engagement
S002722,C002722,P3,2025-12-22,Annual,169.15,Churned,2026-06-17,Payment issue
S002723,C002723,P1,2025-02-13,Monthly,29.0,Active,,
S002724,C002724,P2,2025-02-14,Monthly,79.0,Active,,
S002725,C002725,P1,2026-05-27,Monthly,29.0,Active,,
S002726,C002726,P2,2024-02-18,Monthly,79.0,Churned,2025-10-16,Support experience
S002727,C002727,P2,2025-04-13,Monthly,79.0,Churned,2025-04-22,Payment issue
S002728,C002728,P1,2024-11-10,Monthly,29.0,Active,,
S002729,C002729,P1,2024-02-17,Monthly,29.0,Active,,
S002730,C002730,P4,2024-10-12,Annual,424.15,Active,,
S002731,C002731,P1,2024-09-07,Monthly,29.0,Active,,
S002732,C002732,P1,2025-08-11,Monthly,29.0,Active,,
S002733,C002733,P1,2025-05-09,Monthly,29.0,Churned,2026-05-18,Company closed
S002734,C002734,P2,2025-07-21,Annual,67.15,Active,,
S002735,C002735,P2,2026-06-15,Monthly,79.0,Active,,
S002736,C002736,P3,2025-07-06,Monthly,199.0,Active,,
S002737,C002737,P1,2025-11-05,Annual,24.65,Active,,
S002738,C002738,P2,2025-12-27,Annual,67.15,Active,,
S002739,C002739,P3,2025-08-25,Monthly,199.0,Active,,
S002740,C002740,P1,2025-01-24,Monthly,29.0,Churned,2026-08-17,Other
S002741,C002741,P2,2026-06-21,Annual,67.15,Active,,
S002742,C002742,P3,2025-06-25,Monthly,199.0,Active,,
S002743,C002743,P2,2025-09-19,Monthly,79.0,Active,,
S002744,C002744,P2,2025-09-26,Annual,67.15,Active,,
S002745,C002745,P1,2026-04-26,Annual,24.65,Active,,
S002746,C002746,P3,2025-08-13,Annual,169.15,Active,,
S002747,C002747,P1,2025-06-07,Monthly,29.0,Active,,
S002748,C002748,P1,2025-06-25,Monthly,29.0,Churned,2025-10-17,Missing feature
S002749,C002749,P2,2026-03-24,Monthly,79.0,Active,,
S002750,C002750,P1,2025-02-13,Monthly,29.0,Churned,2026-02-12,Low engagement
S002751,C002751,P1,2026-07-26,Annual,24.65,Active,,
S002752,C002752,P2,2026-05-03,Monthly,79.0,Active,,
S002753,C002753,P2,2024-07-24,Monthly,79.0,Churned,2025-01-11,Company closed
S002754,C002754,P1,2025-02-02,Monthly,29.0,Churned,2026-07-10,Support experience
S002755,C002755,P3,2026-06-03,Annual,169.15,Active,,
S002756,C002756,P3,2024-12-02,Annual,169.15,Active,,
S002757,C002757,P2,2025-02-03,Monthly,79.0,Active,,
S002758,C002758,P3,2024-10-06,Annual,169.15,Churned,2025-11-23,Price
S002759,C002759,P2,2024-03-11,Monthly,79.0,Active,,
S002760,C002760,P1,2025-07-11,Monthly,29.0,Active,,
S002761,C002761,P3,2026-02-12,Monthly,199.0,Active,,
S002762,C002762,P4,2025-12-28,Annual,424.15,Active,,
S002763,C002763,P1,2024-02-15,Monthly,29.0,Active,,
S002764,C002764,P2,2025-08-07,Monthly,79.0,Active,,
S002765,C002765,P1,2025-02-04,Annual,24.65,Active,,
S002766,C002766,P4,2025-11-26,Annual,424.15,Active,,
S002767,C002767,P2,2025-04-08,Monthly,79.0,Active,,
S002768,C002768,P3,2026-08-23,Annual,169.15,Active,,
S002769,C002769,P3,2026-04-23,Annual,169.15,Active,,
S002770,C002770,P4,2026-01-25,Annual,424.15,Active,,
S002771,C002771,P3,2025-08-05,Monthly,199.0,Active,,
S002772,C002772,P3,2025-10-22,Annual,169.15,Active,,
S002773,C002773,P4,2025-06-22,Monthly,499.0,Active,,
S002774,C002774,P2,2026-04-28,Annual,67.15,Active,,
S002775,C002775,P3,2026-06-20,Monthly,199.0,Active,,
S002776,C002776,P1,2026-08-04,Monthly,29.0,Active,,
S002777,C002777,P2,2025-10-13,Annual,67.15,Active,,
S002778,C002778,P2,2026-01-14,Annual,67.15,Active,,
S002779,C002779,P1,2025-04-14,Annual,24.65,Active,,
S002780,C002780,P1,2024-01-10,Monthly,29.0,Churned,2024-03-14,Low engagement
S002781,C002781,P1,2026-01-23,Monthly,29.0,Active,,
S002782,C002782,P1,2026-07-08,Monthly,29.0,Active,,
S002783,C002783,P1,2026-05-13,Monthly,29.0,Active,,
S002784,C002784,P2,2026-06-13,Monthly,79.0,Active,,
S002785,C002785,P1,2025-04-19,Monthly,29.0,Churned,2026-04-26,Low engagement
S002786,C002786,P2,2026-01-14,Monthly,79.0,Active,,
S002787,C002787,P3,2025-11-28,Monthly,199.0,Active,,
S002788,C002788,P1,2025-09-28,Monthly,29.0,Active,,
S002789,C002789,P4,2024-07-14,Monthly,499.0,Churned,2025-05-27,Low engagement
S002790,C002790,P1,2025-10-08,Monthly,29.0,Active,,
S002791,C002791,P4,2025-01-22,Annual,424.15,Active,,
S002792,C002792,P2,2026-01-26,Monthly,79.0,Churned,2026-02-09,Payment issue
S002793,C002793,P3,2026-07-25,Annual,169.15,Active,,
S002794,C002794,P4,2026-02-05,Annual,424.15,Active,,
S002795,C002795,P3,2024-12-02,Annual,169.15,Churned,2026-01-18,Payment issue
S002796,C002796,P2,2025-06-19,Monthly,79.0,Churned,2025-08-13,Other
S002797,C002797,P3,2025-09-09,Annual,169.15,Active,,
S002798,C002798,P2,2026-02-09,Annual,67.15,Active,,
S002799,C002799,P4,2024-07-01,Annual,424.15,Active,,
S002800,C002800,P3,2025-08-27,Monthly,199.0,Active,,
S002801,C002801,P4,2026-05-01,Annual,424.15,Active,,
S002802,C002802,P2,2024-02-18,Annual,67.15,Churned,2024-09-17,Support experience
S002803,C002803,P1,2026-02-26,Monthly,29.0,Active,,
S002804,C002804,P2,2026-06-02,Monthly,79.0,Active,,
S002805,C002805,P2,2026-04-18,Monthly,79.0,Active,,
S002806,C002806,P3,2026-07-26,Monthly,199.0,Active,,
S002807,C002807,P2,2026-03-12,Monthly,79.0,Active,,
S002808,C002808,P3,2025-08-09,Annual,169.15,Active,,
S002809,C002809,P2,2025-07-20,Monthly,79.0,Churned,2026-03-14,Payment issue
S002810,C002810,P1,2024-02-26,Annual,24.65,Churned,2026-05-18,Low engagement
S002811,C002811,P2,2024-01-16,Monthly,79.0,Churned,2024-03-20,Missing feature
S002812,C002812,P3,2025-11-01,Monthly,199.0,Active,,
S002813,C002813,P3,2024-12-20,Annual,169.15,Active,,
S002814,C002814,P1,2025-01-07,Monthly,29.0,Active,,
S002815,C002815,P1,2026-04-28,Monthly,29.0,Active,,
S002816,C002816,P1,2024-06-08,Monthly,29.0,Active,,
S002817,C002817,P2,2024-12-18,Annual,67.15,Active,,
S002818,C002818,P1,2026-01-20,Annual,24.65,Active,,
S002819,C002819,P2,2024-02-13,Monthly,79.0,Active,,
S002820,C002820,P2,2025-08-23,Monthly,79.0,Active,,
S002821,C002821,P1,2024-05-26,Monthly,29.0,Active,,
S002822,C002822,P2,2026-03-18,Annual,67.15,Active,,
S002823,C002823,P1,2025-11-22,Monthly,29.0,Active,,
S002824,C002824,P4,2025-11-02,Annual,424.15,Active,,
S002825,C002825,P4,2024-10-07,Annual,424.15,Active,,
S002826,C002826,P3,2026-02-13,Annual,169.15,Churned,2026-07-16,Low engagement
S002827,C002827,P2,2025-01-04,Monthly,79.0,Active,,
S002828,C002828,P2,2025-09-14,Monthly,79.0,Active,,
S002829,C002829,P3,2024-05-03,Annual,169.15,Active,,
S002830,C002830,P3,2024-05-11,Annual,169.15,Churned,2024-06-18,Low engagement
S002831,C002831,P1,2024-09-02,Monthly,29.0,Active,,
S002832,C002832,P2,2024-10-12,Monthly,79.0,Churned,2025-11-18,Missing feature
S002833,C002833,P1,2024-06-12,Annual,24.65,Churned,2025-12-06,Missing feature
S002834,C002834,P4,2024-06-14,Monthly,499.0,Churned,2024-10-14,Other
S002835,C002835,P4,2026-06-28,Monthly,499.0,Active,,
S002836,C002836,P1,2025-09-16,Monthly,29.0,Churned,2026-01-18,Low engagement
S002837,C002837,P2,2025-11-05,Monthly,79.0,Active,,
S002838,C002838,P1,2025-01-18,Monthly,29.0,Active,,
S002839,C002839,P2,2024-03-28,Monthly,79.0,Active,,
S002840,C002840,P2,2026-08-06,Monthly,79.0,Active,,
S002841,C002841,P3,2024-03-03,Monthly,199.0,Churned,2026-01-18,Support experience
S002842,C002842,P1,2026-04-26,Monthly,29.0,Churned,2026-07-13,Low engagement
S002843,C002843,P1,2025-12-05,Monthly,29.0,Active,,
S002844,C002844,P1,2025-05-24,Monthly,29.0,Active,,
S002845,C002845,P1,2026-02-12,Monthly,29.0,Active,,
S002846,C002846,P1,2026-03-23,Annual,24.65,Active,,
S002847,C002847,P1,2026-06-20,Monthly,29.0,Active,,
S002848,C002848,P2,2025-09-23,Monthly,79.0,Active,,
S002849,C002849,P3,2024-10-22,Monthly,199.0,Churned,2024-11-08,Low engagement
S002850,C002850,P1,2025-10-15,Monthly,29.0,Active,,
S002851,C002851,P1,2024-05-07,Monthly,29.0,Active,,
S002852,C002852,P2,2025-04-27,Monthly,79.0,Churned,2026-06-08,Support experience
S002853,C002853,P3,2025-11-06,Monthly,199.0,Active,,
S002854,C002854,P1,2024-11-11,Annual,24.65,Active,,
S002855,C002855,P3,2026-05-08,Annual,169.15,Active,,
S002856,C002856,P3,2026-08-12,Annual,169.15,Active,,
S002857,C002857,P2,2024-04-07,Monthly,79.0,Churned,2024-06-21,Other
S002858,C002858,P2,2024-10-23,Monthly,79.0,Churned,2025-01-20,Support experience
S002859,C002859,P2,2025-07-13,Annual,67.15,Active,,
S002860,C002860,P1,2024-02-25,Annual,24.65,Active,,
S002861,C002861,P1,2024-05-01,Monthly,29.0,Churned,2026-01-18,Price
S002862,C002862,P2,2026-06-13,Annual,67.15,Active,,
S002863,C002863,P1,2024-03-17,Monthly,29.0,Churned,2026-07-23,Low engagement
S002864,C002864,P2,2024-11-24,Monthly,79.0,Active,,
S002865,C002865,P2,2025-05-21,Monthly,79.0,Active,,
S002866,C002866,P2,2024-02-18,Annual,67.15,Churned,2024-07-07,Payment issue
S002867,C002867,P1,2026-04-24,Monthly,29.0,Active,,
S002868,C002868,P1,2026-04-11,Monthly,29.0,Active,,
S002869,C002869,P4,2025-04-27,Annual,424.15,Active,,
S002870,C002870,P2,2024-09-26,Monthly,79.0,Churned,2025-09-14,Support experience
S002871,C002871,P2,2026-06-26,Monthly,79.0,Active,,
S002872,C002872,P3,2025-12-15,Monthly,199.0,Churned,2026-03-16,Support experience
S002873,C002873,P2,2025-08-03,Monthly,79.0,Active,,
S002874,C002874,P1,2025-04-24,Monthly,29.0,Active,,
S002875,C002875,P1,2025-09-12,Annual,24.65,Active,,
S002876,C002876,P2,2024-11-23,Monthly,79.0,Active,,
S002877,C002877,P1,2025-06-02,Monthly,29.0,Active,,
S002878,C002878,P2,2026-01-03,Annual,67.15,Active,,
S002879,C002879,P1,2025-05-10,Monthly,29.0,Active,,
S002880,C002880,P1,2026-01-25,Annual,24.65,Active,,
S002881,C002881,P2,2026-02-01,Monthly,79.0,Active,,
S002882,C002882,P1,2026-02-05,Monthly,29.0,Active,,
S002883,C002883,P2,2025-09-14,Monthly,79.0,Churned,2026-06-15,Price
S002884,C002884,P1,2024-09-23,Monthly,29.0,Active,,
S002885,C002885,P2,2026-01-05,Annual,67.15,Active,,
S002886,C002886,P1,2026-04-22,Monthly,29.0,Active,,
S002887,C002887,P1,2024-05-14,Monthly,29.0,Active,,
S002888,C002888,P3,2026-06-21,Annual,169.15,Active,,
S002889,C002889,P1,2026-07-21,Monthly,29.0,Active,,
S002890,C002890,P2,2025-12-26,Annual,67.15,Active,,
S002891,C002891,P1,2024-06-02,Monthly,29.0,Churned,2026-07-24,Price
S002892,C002892,P3,2025-12-17,Annual,169.15,Churned,2026-05-14,Missing feature
S002893,C002893,P2,2025-03-13,Monthly,79.0,Churned,2026-04-23,Payment issue
S002894,C002894,P2,2025-01-10,Monthly,79.0,Churned,2025-03-22,Low engagement
S002895,C002895,P4,2024-02-21,Annual,424.15,Active,,
S002896,C002896,P2,2026-02-17,Monthly,79.0,Churned,2026-08-08,Payment issue
S002897,C002897,P4,2025-09-13,Annual,424.15,Active,,
S002898,C002898,P1,2025-06-20,Monthly,29.0,Active,,
S002899,C002899,P2,2025-04-17,Monthly,79.0,Churned,2025-09-08,Support experience
S002900,C002900,P1,2025-05-11,Monthly,29.0,Active,,
S002901,C002901,P1,2025-06-10,Monthly,29.0,Active,,
S002902,C002902,P4,2025-07-08,Annual,424.15,Active,,
S002903,C002903,P1,2024-05-09,Monthly,29.0,Active,,
S002904,C002904,P4,2025-04-14,Annual,424.15,Churned,2025-10-21,Payment issue
S002905,C002905,P1,2024-04-06,Annual,24.65,Churned,2026-06-10,Payment issue
S002906,C002906,P1,2026-03-26,Annual,24.65,Active,,
S002907,C002907,P4,2025-08-17,Annual,424.15,Active,,
S002908,C002908,P2,2026-04-18,Monthly,79.0,Active,,
S002909,C002909,P4,2025-05-17,Monthly,499.0,Churned,2026-04-11,Payment issue
S002910,C002910,P2,2024-07-26,Monthly,79.0,Active,,
S002911,C002911,P3,2025-01-23,Monthly,199.0,Churned,2026-01-08,Low engagement
S002912,C002912,P1,2024-11-14,Monthly,29.0,Active,,
S002913,C002913,P1,2025-06-10,Annual,24.65,Churned,2026-05-16,Company closed
S002914,C002914,P2,2026-03-27,Annual,67.15,Churned,2026-06-24,Price
S002915,C002915,P2,2024-06-17,Monthly,79.0,Active,,
S002916,C002916,P2,2025-04-23,Monthly,79.0,Churned,2026-08-24,Company closed
S002917,C002917,P1,2024-05-04,Monthly,29.0,Active,,
S002918,C002918,P3,2025-04-10,Annual,169.15,Active,,
S002919,C002919,P3,2025-10-08,Monthly,199.0,Active,,
S002920,C002920,P3,2024-04-13,Annual,169.15,Active,,
S002921,C002921,P4,2024-04-15,Annual,424.15,Active,,
S002922,C002922,P1,2026-02-28,Monthly,29.0,Active,,
S002923,C002923,P1,2025-05-03,Monthly,29.0,Churned,2026-01-11,Payment issue
S002924,C002924,P3,2025-03-27,Monthly,199.0,Churned,2025-11-21,Low engagement
S002925,C002925,P2,2026-01-23,Monthly,79.0,Churned,2026-07-20,Low engagement
S002926,C002926,P1,2024-05-12,Monthly,29.0,Churned,2024-08-13,Company closed
S002927,C002927,P3,2026-05-08,Monthly,199.0,Active,,
S002928,C002928,P1,2026-03-24,Monthly,29.0,Active,,
S002929,C002929,P1,2025-04-04,Monthly,29.0,Churned,2026-02-05,Low engagement
S002930,C002930,P2,2025-06-26,Annual,67.15,Active,,
S002931,C002931,P1,2025-04-27,Monthly,29.0,Churned,2026-07-25,Support experience
S002932,C002932,P1,2026-03-08,Monthly,29.0,Churned,2026-06-15,Low engagement
S002933,C002933,P1,2024-02-16,Monthly,29.0,Churned,2024-12-18,Payment issue
S002934,C002934,P4,2025-12-15,Annual,424.15,Active,,
S002935,C002935,P3,2025-01-22,Monthly,199.0,Churned,2025-06-28,Company closed
S002936,C002936,P2,2026-03-22,Monthly,79.0,Active,,
S002937,C002937,P2,2026-08-28,Monthly,79.0,Active,,
S002938,C002938,P1,2024-12-03,Annual,24.65,Active,,
S002939,C002939,P1,2025-06-23,Annual,24.65,Active,,
S002940,C002940,P1,2025-09-23,Monthly,29.0,Active,,
S002941,C002941,P4,2025-09-21,Monthly,499.0,Active,,
S002942,C002942,P1,2024-08-06,Monthly,29.0,Active,,
S002943,C002943,P3,2025-10-21,Annual,169.15,Active,,
S002944,C002944,P1,2026-02-14,Monthly,29.0,Churned,2026-06-11,Low engagement
S002945,C002945,P1,2026-07-08,Monthly,29.0,Active,,
S002946,C002946,P2,2026-02-11,Monthly,79.0,Churned,2026-02-20,Low engagement
S002947,C002947,P2,2025-10-12,Monthly,79.0,Active,,
S002948,C002948,P3,2024-11-21,Annual,169.15,Churned,2026-04-10,Payment issue
S002949,C002949,P4,2024-05-06,Annual,424.15,Active,,
S002950,C002950,P3,2025-11-07,Monthly,199.0,Active,,
S002951,C002951,P2,2025-11-11,Annual,67.15,Active,,
S002952,C002952,P3,2026-05-14,Monthly,199.0,Active,,
S002953,C002953,P2,2025-06-27,Monthly,79.0,Active,,
S002954,C002954,P3,2024-08-08,Monthly,199.0,Churned,2025-11-19,Support experience
S002955,C002955,P1,2024-10-26,Monthly,29.0,Churned,2026-06-10,Price
S002956,C002956,P1,2025-07-02,Monthly,29.0,Active,,
S002957,C002957,P1,2025-01-15,Monthly,29.0,Active,,
S002958,C002958,P1,2024-09-24,Monthly,29.0,Active,,
S002959,C002959,P1,2024-06-09,Monthly,29.0,Churned,2025-11-22,Low engagement
S002960,C002960,P3,2025-05-07,Annual,169.15,Active,,
S002961,C002961,P3,2025-02-17,Annual,169.15,Active,,
S002962,C002962,P4,2026-08-07,Monthly,499.0,Active,,
S002963,C002963,P2,2026-05-01,Monthly,79.0,Active,,
S002964,C002964,P2,2024-09-02,Monthly,79.0,Active,,
S002965,C002965,P2,2026-02-14,Monthly,79.0,Active,,
S002966,C002966,P2,2025-07-15,Monthly,79.0,Active,,
S002967,C002967,P2,2026-07-01,Monthly,79.0,Active,,
S002968,C002968,P1,2025-11-08,Monthly,29.0,Active,,
S002969,C002969,P2,2024-09-22,Monthly,79.0,Active,,
S002970,C002970,P3,2024-09-16,Monthly,199.0,Active,,
S002971,C002971,P1,2026-08-18,Monthly,29.0,Active,,
S002972,C002972,P3,2026-07-21,Annual,169.15,Active,,
S002973,C002973,P1,2025-07-26,Monthly,29.0,Active,,
S002974,C002974,P4,2025-09-02,Monthly,499.0,Active,,
S002975,C002975,P2,2025-09-14,Monthly,79.0,Churned,2026-05-14,Missing feature
S002976,C002976,P2,2026-03-06,Monthly,79.0,Active,,
S002977,C002977,P3,2025-07-19,Annual,169.15,Churned,2026-06-17,Low engagement
S002978,C002978,P3,2024-06-11,Monthly,199.0,Active,,
S002979,C002979,P2,2025-02-05,Annual,67.15,Active,,
S002980,C002980,P3,2025-09-25,Monthly,199.0,Active,,
S002981,C002981,P2,2025-03-15,Annual,67.15,Active,,
S002982,C002982,P1,2026-04-04,Annual,24.65,Active,,
S002983,C002983,P1,2026-07-07,Monthly,29.0,Active,,
S002984,C002984,P1,2024-11-21,Monthly,29.0,Churned,2025-09-11,Low engagement
S002985,C002985,P1,2026-06-14,Annual,24.65,Active,,
S002986,C002986,P1,2026-01-27,Monthly,29.0,Active,,
S002987,C002987,P1,2025-10-02,Monthly,29.0,Churned,2026-08-22,Other
S002988,C002988,P2,2024-07-03,Annual,67.15,Active,,
S002989,C002989,P1,2025-05-20,Monthly,29.0,Churned,2026-04-22,Company closed
S002990,C002990,P2,2026-08-10,Monthly,79.0,Active,,
S002991,C002991,P2,2025-12-25,Annual,67.15,Churned,2026-01-22,Price
S002992,C002992,P4,2025-10-22,Annual,424.15,Active,,
S002993,C002993,P1,2024-02-01,Monthly,29.0,Active,,
S002994,C002994,P1,2025-02-27,Monthly,29.0,Active,,
S002995,C002995,P1,2025-07-27,Monthly,29.0,Churned,2026-02-17,Payment issue
S002996,C002996,P1,2025-11-07,Monthly,29.0,Churned,2026-03-08,Low engagement
S002997,C002997,P4,2026-05-18,Monthly,499.0,Active,,
S002998,C002998,P1,2025-06-18,Monthly,29.0,Active,,
S002999,C002999,P4,2024-12-02,Monthly,499.0,Churned,2025-05-23,Other
S003000,C003000,P2,2024-12-21,Monthly,79.0,Active,,
S003001,C003001,P2,2024-07-28,Annual,67.15,Active,,
S003002,C003002,P2,2024-07-12,Annual,67.15,Active,,
S003003,C003003,P1,2025-01-28,Monthly,29.0,Active,,
S003004,C003004,P3,2026-03-19,Monthly,199.0,Active,,
S003005,C003005,P2,2025-05-21,Monthly,79.0,Churned,2026-08-08,Price
S003006,C003006,P2,2026-05-16,Monthly,79.0,Active,,
S003007,C003007,P1,2026-07-20,Monthly,29.0,Active,,
S003008,C003008,P2,2024-04-27,Monthly,79.0,Active,,
S003009,C003009,P2,2026-01-17,Monthly,79.0,Active,,
S003010,C003010,P3,2024-05-16,Annual,169.15,Churned,2024-12-19,Support experience
S003011,C003011,P1,2024-04-05,Monthly,29.0,Churned,2025-12-17,Support experience
S003012,C003012,P2,2024-12-15,Monthly,79.0,Active,,
S003013,C003013,P3,2024-05-25,Annual,169.15,Active,,
S003014,C003014,P2,2025-12-19,Monthly,79.0,Active,,
S003015,C003015,P1,2026-01-21,Monthly,29.0,Active,,
S003016,C003016,P3,2025-11-05,Annual,169.15,Active,,
S003017,C003017,P4,2025-10-24,Annual,424.15,Churned,2025-12-12,Low engagement
S003018,C003018,P2,2026-03-15,Annual,67.15,Active,,
S003019,C003019,P1,2026-03-13,Monthly,29.0,Churned,2026-07-25,Low engagement
S003020,C003020,P1,2026-05-02,Monthly,29.0,Active,,
S003021,C003021,P2,2026-01-26,Monthly,79.0,Active,,
S003022,C003022,P3,2025-03-18,Annual,169.15,Active,,
S003023,C003023,P2,2025-08-09,Monthly,79.0,Active,,
S003024,C003024,P2,2025-07-15,Monthly,79.0,Active,,
S003025,C003025,P2,2024-06-26,Monthly,79.0,Active,,
S003026,C003026,P1,2026-04-24,Annual,24.65,Churned,2026-05-23,Price
S003027,C003027,P1,2026-06-09,Monthly,29.0,Active,,
S003028,C003028,P3,2026-08-23,Monthly,199.0,Active,,
S003029,C003029,P1,2024-11-01,Monthly,29.0,Active,,
S003030,C003030,P1,2024-05-13,Monthly,29.0,Active,,
S003031,C003031,P2,2024-06-16,Monthly,79.0,Churned,2025-07-18,Support experience
S003032,C003032,P1,2026-04-19,Annual,24.65,Active,,
S003033,C003033,P1,2025-11-01,Monthly,29.0,Active,,
S003034,C003034,P1,2026-03-09,Monthly,29.0,Active,,
S003035,C003035,P3,2026-06-08,Monthly,199.0,Active,,
S003036,C003036,P3,2024-10-11,Annual,169.15,Churned,2025-05-17,Payment issue
S003037,C003037,P2,2025-03-20,Monthly,79.0,Churned,2026-01-18,Low engagement
S003038,C003038,P2,2026-03-03,Monthly,79.0,Active,,
S003039,C003039,P2,2024-12-21,Annual,67.15,Churned,2025-02-10,Other
S003040,C003040,P1,2025-08-03,Monthly,29.0,Active,,
S003041,C003041,P2,2025-06-15,Monthly,79.0,Churned,2025-06-22,Price
S003042,C003042,P3,2025-10-23,Annual,169.15,Active,,
S003043,C003043,P3,2026-08-25,Monthly,199.0,Active,,
S003044,C003044,P2,2024-05-28,Monthly,79.0,Active,,
S003045,C003045,P3,2025-07-13,Monthly,199.0,Active,,
S003046,C003046,P3,2026-08-14,Annual,169.15,Active,,
S003047,C003047,P1,2025-03-26,Annual,24.65,Active,,
S003048,C003048,P2,2026-02-04,Monthly,79.0,Active,,
S003049,C003049,P3,2026-07-26,Monthly,199.0,Active,,
S003050,C003050,P1,2024-11-03,Monthly,29.0,Active,,
S003051,C003051,P2,2024-04-03,Monthly,79.0,Active,,
S003052,C003052,P1,2024-04-02,Annual,24.65,Active,,
S003053,C003053,P1,2024-04-07,Monthly,29.0,Active,,
S003054,C003054,P3,2025-03-25,Monthly,199.0,Active,,
S003055,C003055,P1,2024-06-06,Annual,24.65,Active,,
S003056,C003056,P2,2025-04-13,Monthly,79.0,Active,,
S003057,C003057,P2,2026-02-23,Monthly,79.0,Active,,
S003058,C003058,P1,2025-01-25,Monthly,29.0,Active,,
S003059,C003059,P1,2025-07-13,Monthly,29.0,Active,,
S003060,C003060,P2,2024-06-11,Monthly,79.0,Active,,
S003061,C003061,P2,2026-01-14,Annual,67.15,Active,,
S003062,C003062,P3,2025-02-17,Monthly,199.0,Churned,2025-04-14,Support experience
S003063,C003063,P2,2024-07-10,Annual,67.15,Churned,2025-08-23,Low engagement
S003064,C003064,P4,2026-07-19,Annual,424.15,Active,,
S003065,C003065,P1,2026-03-23,Annual,24.65,Active,,
S003066,C003066,P1,2025-12-02,Monthly,29.0,Active,,
S003067,C003067,P1,2026-02-24,Monthly,29.0,Active,,
S003068,C003068,P1,2025-05-20,Monthly,29.0,Active,,
S003069,C003069,P2,2025-01-02,Monthly,79.0,Active,,
S003070,C003070,P2,2025-07-23,Monthly,79.0,Active,,
S003071,C003071,P1,2026-04-14,Monthly,29.0,Active,,
S003072,C003072,P4,2026-08-01,Annual,424.15,Active,,
S003073,C003073,P4,2025-10-03,Monthly,499.0,Active,,
S003074,C003074,P3,2025-04-02,Monthly,199.0,Churned,2026-02-21,Low engagement
S003075,C003075,P3,2026-02-12,Annual,169.15,Active,,
S003076,C003076,P2,2026-01-15,Annual,67.15,Active,,
S003077,C003077,P1,2024-11-07,Monthly,29.0,Churned,2025-04-20,Low engagement
S003078,C003078,P1,2025-05-28,Monthly,29.0,Active,,
S003079,C003079,P1,2024-07-01,Annual,24.65,Churned,2024-10-06,Company closed
S003080,C003080,P2,2025-04-28,Monthly,79.0,Active,,
S003081,C003081,P2,2026-03-05,Monthly,79.0,Active,,
S003082,C003082,P1,2025-01-04,Monthly,29.0,Active,,
S003083,C003083,P2,2025-11-14,Annual,67.15,Active,,
S003084,C003084,P2,2025-02-22,Monthly,79.0,Active,,
S003085,C003085,P3,2024-07-19,Annual,169.15,Churned,2025-04-06,Price
S003086,C003086,P1,2026-02-23,Annual,24.65,Active,,
S003087,C003087,P2,2025-10-13,Annual,67.15,Active,,
S003088,C003088,P1,2026-04-25,Monthly,29.0,Active,,
S003089,C003089,P1,2025-12-22,Monthly,29.0,Active,,
S003090,C003090,P3,2026-04-02,Annual,169.15,Active,,
S003091,C003091,P3,2024-08-15,Monthly,199.0,Active,,
S003092,C003092,P3,2025-11-28,Monthly,199.0,Active,,
S003093,C003093,P2,2025-03-21,Monthly,79.0,Active,,
S003094,C003094,P4,2026-02-24,Annual,424.15,Active,,
S003095,C003095,P2,2025-10-21,Monthly,79.0,Active,,
S003096,C003096,P1,2024-03-18,Monthly,29.0,Active,,
S003097,C003097,P1,2025-08-10,Monthly,29.0,Active,,
S003098,C003098,P2,2026-02-02,Monthly,79.0,Active,,
S003099,C003099,P1,2024-12-09,Annual,24.65,Active,,
S003100,C003100,P1,2025-12-07,Annual,24.65,Active,,
S003101,C003101,P4,2026-05-21,Monthly,499.0,Active,,
S003102,C003102,P2,2024-04-10,Monthly,79.0,Active,,
S003103,C003103,P4,2025-10-10,Annual,424.15,Active,,
S003104,C003104,P3,2026-06-25,Monthly,199.0,Active,,
S003105,C003105,P2,2024-06-06,Monthly,79.0,Active,,
S003106,C003106,P3,2024-12-22,Monthly,199.0,Active,,
S003107,C003107,P1,2025-11-10,Annual,24.65,Active,,
S003108,C003108,P1,2025-10-27,Annual,24.65,Churned,2026-07-27,Low engagement
S003109,C003109,P1,2026-03-27,Monthly,29.0,Active,,
S003110,C003110,P4,2025-11-12,Annual,424.15,Active,,
S003111,C003111,P1,2025-10-22,Monthly,29.0,Churned,2026-05-27,Low engagement
S003112,C003112,P1,2025-06-26,Annual,24.65,Active,,
S003113,C003113,P3,2024-04-17,Monthly,199.0,Churned,2024-07-11,Payment issue
S003114,C003114,P3,2025-10-26,Monthly,199.0,Churned,2026-01-20,Price
S003115,C003115,P1,2024-08-20,Annual,24.65,Active,,
S003116,C003116,P1,2026-08-01,Annual,24.65,Active,,
S003117,C003117,P1,2024-04-18,Monthly,29.0,Active,,
S003118,C003118,P3,2024-04-07,Monthly,199.0,Active,,
S003119,C003119,P2,2026-03-17,Monthly,79.0,Active,,
S003120,C003120,P2,2024-05-23,Monthly,79.0,Churned,2025-03-23,Company closed
S003121,C003121,P2,2025-04-06,Annual,67.15,Active,,
S003122,C003122,P1,2026-07-19,Monthly,29.0,Active,,
S003123,C003123,P3,2026-03-16,Monthly,199.0,Active,,
S003124,C003124,P1,2024-11-07,Monthly,29.0,Active,,
S003125,C003125,P2,2024-11-22,Monthly,79.0,Active,,
S003126,C003126,P2,2025-10-22,Monthly,79.0,Active,,
S003127,C003127,P1,2025-07-01,Monthly,29.0,Active,,
S003128,C003128,P1,2024-06-09,Annual,24.65,Active,,
S003129,C003129,P3,2024-08-03,Annual,169.15,Churned,2026-05-18,Low engagement
S003130,C003130,P4,2026-04-17,Annual,424.15,Active,,
S003131,C003131,P3,2025-02-25,Monthly,199.0,Active,,
S003132,C003132,P3,2026-04-27,Annual,169.15,Active,,
S003133,C003133,P2,2024-09-12,Monthly,79.0,Active,,
S003134,C003134,P2,2025-10-07,Monthly,79.0,Active,,
S003135,C003135,P3,2025-08-09,Monthly,199.0,Active,,
S003136,C003136,P4,2025-02-02,Monthly,499.0,Active,,
S003137,C003137,P3,2025-11-10,Annual,169.15,Active,,
S003138,C003138,P1,2024-06-19,Annual,24.65,Active,,
S003139,C003139,P3,2026-05-01,Monthly,199.0,Active,,
S003140,C003140,P1,2026-02-21,Annual,24.65,Active,,
S003141,C003141,P2,2024-12-24,Monthly,79.0,Active,,
S003142,C003142,P2,2025-10-09,Annual,67.15,Churned,2025-10-16,Payment issue
S003143,C003143,P4,2026-06-22,Annual,424.15,Active,,
S003144,C003144,P3,2025-05-14,Monthly,199.0,Churned,2025-08-14,Low engagement
S003145,C003145,P3,2025-03-28,Monthly,199.0,Active,,
S003146,C003146,P1,2026-04-15,Monthly,29.0,Active,,
S003147,C003147,P3,2024-01-17,Annual,169.15,Active,,
S003148,C003148,P2,2026-01-23,Monthly,79.0,Active,,
S003149,C003149,P2,2024-10-08,Monthly,79.0,Active,,
S003150,C003150,P2,2026-01-20,Monthly,79.0,Active,,
S003151,C003151,P1,2025-06-24,Monthly,29.0,Active,,
S003152,C003152,P2,2024-02-08,Monthly,79.0,Churned,2024-03-28,Price
S003153,C003153,P1,2026-05-23,Annual,24.65,Active,,
S003154,C003154,P1,2025-09-08,Annual,24.65,Active,,
S003155,C003155,P1,2025-01-18,Monthly,29.0,Churned,2025-11-28,Company closed
S003156,C003156,P1,2026-01-10,Monthly,29.0,Active,,
S003157,C003157,P2,2025-07-18,Monthly,79.0,Active,,
S003158,C003158,P3,2024-02-05,Annual,169.15,Churned,2024-02-27,Price
S003159,C003159,P2,2025-12-23,Monthly,79.0,Churned,2026-02-09,Missing feature
S003160,C003160,P1,2026-08-04,Monthly,29.0,Active,,
S003161,C003161,P3,2024-10-10,Annual,169.15,Active,,
S003162,C003162,P4,2026-05-23,Annual,424.15,Active,,
S003163,C003163,P1,2025-11-03,Annual,24.65,Active,,
S003164,C003164,P2,2024-04-24,Monthly,79.0,Churned,2024-10-25,Support experience
S003165,C003165,P2,2026-02-12,Monthly,79.0,Active,,
S003166,C003166,P3,2025-06-08,Monthly,199.0,Active,,
S003167,C003167,P1,2026-03-24,Annual,24.65,Churned,2026-08-14,Support experience
S003168,C003168,P2,2025-11-24,Annual,67.15,Active,,
S003169,C003169,P2,2024-01-25,Monthly,79.0,Active,,
S003170,C003170,P1,2024-06-16,Monthly,29.0,Churned,2025-07-09,Support experience
S003171,C003171,P4,2025-03-06,Annual,424.15,Churned,2025-08-17,Payment issue
S003172,C003172,P3,2025-07-20,Monthly,199.0,Active,,
S003173,C003173,P3,2026-07-20,Monthly,199.0,Active,,
S003174,C003174,P4,2026-04-25,Annual,424.15,Active,,
S003175,C003175,P3,2026-04-21,Monthly,199.0,Active,,
S003176,C003176,P1,2025-09-09,Monthly,29.0,Churned,2026-03-14,Other
S003177,C003177,P3,2024-05-13,Monthly,199.0,Active,,
S003178,C003178,P1,2026-02-19,Monthly,29.0,Active,,
S003179,C003179,P1,2024-05-22,Annual,24.65,Active,,
S003180,C003180,P2,2024-05-09,Monthly,79.0,Active,,
S003181,C003181,P4,2024-11-08,Annual,424.15,Active,,
S003182,C003182,P2,2026-07-26,Monthly,79.0,Active,,
S003183,C003183,P2,2026-02-28,Monthly,79.0,Active,,
S003184,C003184,P2,2024-04-09,Monthly,79.0,Active,,
S003185,C003185,P2,2026-07-02,Monthly,79.0,Active,,
S003186,C003186,P2,2026-03-18,Monthly,79.0,Active,,
S003187,C003187,P3,2025-10-01,Monthly,199.0,Active,,
S003188,C003188,P4,2024-06-06,Annual,424.15,Active,,
S003189,C003189,P2,2025-02-15,Monthly,79.0,Active,,
S003190,C003190,P1,2025-01-11,Monthly,29.0,Active,,
S003191,C003191,P2,2025-11-02,Annual,67.15,Active,,
S003192,C003192,P1,2025-10-10,Monthly,29.0,Active,,
S003193,C003193,P1,2024-12-19,Monthly,29.0,Churned,2026-02-11,Other
S003194,C003194,P3,2025-01-22,Annual,169.15,Active,,
S003195,C003195,P1,2025-08-22,Monthly,29.0,Active,,
S003196,C003196,P2,2026-05-09,Monthly,79.0,Active,,
S003197,C003197,P1,2024-06-19,Monthly,29.0,Churned,2024-08-06,Missing feature
S003198,C003198,P2,2026-02-10,Annual,67.15,Active,,
S003199,C003199,P1,2026-08-19,Monthly,29.0,Active,,
S003200,C003200,P3,2026-02-01,Annual,169.15,Active,,
S003201,C003201,P3,2025-06-12,Annual,169.15,Active,,
S003202,C003202,P3,2026-02-09,Annual,169.15,Active,,
S003203,C003203,P3,2026-05-19,Annual,169.15,Churned,2026-05-11,Low engagement
S003204,C003204,P2,2026-03-08,Monthly,79.0,Active,,
S003205,C003205,P3,2024-01-09,Annual,169.15,Active,,
S003206,C003206,P1,2024-07-16,Monthly,29.0,Churned,2025-10-05,Low engagement
S003207,C003207,P1,2024-06-19,Monthly,29.0,Churned,2025-09-25,Low engagement
S003208,C003208,P1,2024-02-12,Monthly,29.0,Active,,
S003209,C003209,P1,2026-01-25,Monthly,29.0,Active,,
S003210,C003210,P2,2024-12-28,Annual,67.15,Active,,
S003211,C003211,P1,2026-02-17,Annual,24.65,Active,,
S003212,C003212,P3,2025-12-16,Annual,169.15,Churned,2025-12-05,Other
S003213,C003213,P3,2025-08-15,Monthly,199.0,Active,,
S003214,C003214,P2,2024-03-03,Monthly,79.0,Active,,
S003215,C003215,P3,2025-01-12,Annual,169.15,Active,,
S003216,C003216,P3,2024-02-23,Monthly,199.0,Active,,
S003217,C003217,P1,2026-06-20,Monthly,29.0,Active,,
S003218,C003218,P1,2025-01-02,Monthly,29.0,Active,,
S003219,C003219,P1,2024-05-04,Monthly,29.0,Active,,
S003220,C003220,P1,2024-01-24,Annual,24.65,Churned,2025-06-20,Company closed
S003221,C003221,P2,2025-11-21,Monthly,79.0,Churned,2026-04-13,Low engagement
S003222,C003222,P4,2025-11-12,Monthly,499.0,Active,,
S003223,C003223,P2,2026-08-27,Monthly,79.0,Active,,
S003224,C003224,P2,2025-01-02,Annual,67.15,Churned,2026-08-08,Payment issue
S003225,C003225,P1,2024-03-22,Monthly,29.0,Active,,
S003226,C003226,P3,2026-03-28,Monthly,199.0,Active,,
S003227,C003227,P4,2025-01-13,Annual,424.15,Active,,
S003228,C003228,P1,2025-02-14,Monthly,29.0,Active,,
S003229,C003229,P1,2026-06-06,Annual,24.65,Churned,2026-08-10,Low engagement
S003230,C003230,P1,2025-10-24,Monthly,29.0,Active,,
S003231,C003231,P2,2025-04-21,Annual,67.15,Churned,2025-09-21,Missing feature
S003232,C003232,P1,2026-07-12,Monthly,29.0,Active,,
S003233,C003233,P1,2024-12-07,Annual,24.65,Active,,
S003234,C003234,P2,2024-02-13,Monthly,79.0,Churned,2025-04-15,Missing feature
S003235,C003235,P1,2024-10-13,Monthly,29.0,Active,,
S003236,C003236,P1,2024-03-11,Monthly,29.0,Active,,
S003237,C003237,P3,2025-05-24,Monthly,199.0,Churned,2025-09-08,Price
S003238,C003238,P1,2026-04-11,Annual,24.65,Active,,
S003239,C003239,P2,2026-08-04,Annual,67.15,Active,,
S003240,C003240,P1,2026-01-23,Monthly,29.0,Active,,
S003241,C003241,P3,2026-07-21,Annual,169.15,Active,,
S003242,C003242,P1,2025-05-01,Annual,24.65,Active,,
S003243,C003243,P3,2025-01-20,Annual,169.15,Active,,
S003244,C003244,P1,2024-07-14,Monthly,29.0,Churned,2026-01-07,Support experience
S003245,C003245,P2,2025-07-19,Monthly,79.0,Active,,
S003246,C003246,P1,2025-02-08,Monthly,29.0,Churned,2025-08-10,Missing feature
S003247,C003247,P2,2024-06-05,Monthly,79.0,Active,,
S003248,C003248,P3,2026-07-16,Annual,169.15,Active,,
S003249,C003249,P3,2024-06-02,Annual,169.15,Active,,
S003250,C003250,P1,2026-02-07,Monthly,29.0,Active,,
S003251,C003251,P4,2024-04-02,Annual,424.15,Active,,
S003252,C003252,P1,2025-08-10,Monthly,29.0,Churned,2026-08-27,Low engagement
S003253,C003253,P3,2025-12-26,Monthly,199.0,Active,,
S003254,C003254,P2,2024-11-15,Monthly,79.0,Active,,
S003255,C003255,P1,2024-04-21,Monthly,29.0,Active,,
S003256,C003256,P3,2025-10-21,Annual,169.15,Churned,2026-03-09,Other
S003257,C003257,P1,2025-10-04,Monthly,29.0,Active,,
S003258,C003258,P2,2025-01-27,Monthly,79.0,Active,,
S003259,C003259,P1,2025-04-05,Monthly,29.0,Active,,
S003260,C003260,P1,2024-03-07,Monthly,29.0,Churned,2024-07-11,Payment issue
S003261,C003261,P1,2025-01-19,Monthly,29.0,Active,,
S003262,C003262,P3,2026-06-14,Monthly,199.0,Active,,
S003263,C003263,P2,2024-08-07,Monthly,79.0,Active,,
S003264,C003264,P1,2025-06-10,Monthly,29.0,Active,,
S003265,C003265,P1,2025-12-12,Monthly,29.0,Active,,
S003266,C003266,P2,2026-04-17,Monthly,79.0,Active,,
S003267,C003267,P1,2024-04-23,Monthly,29.0,Active,,
S003268,C003268,P4,2025-10-11,Monthly,499.0,Active,,
S003269,C003269,P4,2025-11-11,Annual,424.15,Churned,2026-01-19,Low engagement
S003270,C003270,P2,2024-09-03,Monthly,79.0,Churned,2024-12-21,Other
S003271,C003271,P3,2024-02-27,Annual,169.15,Active,,
S003272,C003272,P3,2026-05-18,Monthly,199.0,Active,,
S003273,C003273,P2,2025-06-08,Monthly,79.0,Churned,2025-10-11,Missing feature
S003274,C003274,P4,2024-03-01,Annual,424.15,Churned,2025-09-11,Payment issue
S003275,C003275,P3,2025-10-27,Monthly,199.0,Active,,
S003276,C003276,P3,2025-04-02,Monthly,199.0,Churned,2025-06-06,Missing feature
S003277,C003277,P1,2024-04-06,Monthly,29.0,Active,,
S003278,C003278,P2,2025-01-25,Annual,67.15,Churned,2026-02-16,Support experience
S003279,C003279,P1,2025-02-10,Annual,24.65,Active,,
S003280,C003280,P1,2025-10-25,Monthly,29.0,Churned,2025-12-18,Low engagement
S003281,C003281,P3,2025-04-16,Monthly,199.0,Churned,2026-05-27,Company closed
S003282,C003282,P1,2024-06-16,Monthly,29.0,Churned,2026-08-23,Missing feature
S003283,C003283,P2,2025-11-27,Monthly,79.0,Active,,
S003284,C003284,P2,2026-02-01,Monthly,79.0,Active,,
S003285,C003285,P1,2025-08-10,Monthly,29.0,Active,,
S003286,C003286,P2,2024-04-10,Annual,67.15,Churned,2026-03-24,Company closed
S003287,C003287,P1,2024-05-21,Monthly,29.0,Active,,
S003288,C003288,P1,2026-07-10,Monthly,29.0,Active,,
S003289,C003289,P2,2024-09-25,Annual,67.15,Active,,
S003290,C003290,P1,2025-01-21,Monthly,29.0,Active,,
S003291,C003291,P3,2026-01-26,Annual,169.15,Active,,
S003292,C003292,P3,2026-03-23,Annual,169.15,Active,,
S003293,C003293,P1,2026-06-21,Monthly,29.0,Active,,
S003294,C003294,P1,2025-04-10,Monthly,29.0,Active,,
S003295,C003295,P1,2026-08-21,Monthly,29.0,Active,,
S003296,C003296,P4,2024-05-12,Annual,424.15,Churned,2024-07-22,Low engagement
S003297,C003297,P3,2026-04-10,Annual,169.15,Active,,
S003298,C003298,P2,2024-12-07,Annual,67.15,Churned,2025-10-16,Other
S003299,C003299,P3,2026-07-26,Monthly,199.0,Active,,
S003300,C003300,P1,2026-05-21,Monthly,29.0,Active,,
S003301,C003301,P4,2026-03-02,Annual,424.15,Active,,
S003302,C003302,P2,2025-10-10,Monthly,79.0,Active,,
S003303,C003303,P2,2024-10-17,Monthly,79.0,Active,,
S003304,C003304,P3,2025-06-20,Annual,169.15,Churned,2025-07-05,Missing feature
S003305,C003305,P3,2024-02-09,Annual,169.15,Active,,
S003306,C003306,P1,2026-01-20,Monthly,29.0,Active,,
S003307,C003307,P1,2024-06-08,Monthly,29.0,Churned,2024-09-19,Price
S003308,C003308,P2,2024-11-05,Monthly,79.0,Churned,2025-01-08,Support experience
S003309,C003309,P1,2024-11-03,Monthly,29.0,Active,,
S003310,C003310,P2,2026-03-25,Monthly,79.0,Active,,
S003311,C003311,P4,2025-04-19,Annual,424.15,Active,,
S003312,C003312,P4,2025-08-24,Monthly,499.0,Active,,
S003313,C003313,P1,2024-10-16,Monthly,29.0,Active,,
S003314,C003314,P2,2025-02-17,Monthly,79.0,Active,,
S003315,C003315,P1,2025-08-09,Monthly,29.0,Active,,
S003316,C003316,P1,2024-09-03,Monthly,29.0,Churned,2026-06-25,Price
S003317,C003317,P2,2026-01-21,Monthly,79.0,Active,,
S003318,C003318,P1,2025-06-05,Monthly,29.0,Churned,2026-05-13,Payment issue
S003319,C003319,P1,2026-08-25,Monthly,29.0,Active,,
S003320,C003320,P2,2024-11-03,Monthly,79.0,Active,,
S003321,C003321,P1,2025-04-28,Monthly,29.0,Active,,
S003322,C003322,P1,2026-07-13,Monthly,29.0,Active,,
S003323,C003323,P4,2026-06-08,Annual,424.15,Active,,
S003324,C003324,P3,2025-07-08,Monthly,199.0,Churned,2025-08-27,Missing feature
S003325,C003325,P1,2024-06-19,Monthly,29.0,Active,,
S003326,C003326,P4,2025-05-24,Monthly,499.0,Active,,
S003327,C003327,P1,2025-10-14,Monthly,29.0,Active,,
S003328,C003328,P3,2024-11-13,Annual,169.15,Active,,
S003329,C003329,P2,2024-09-25,Monthly,79.0,Churned,2026-01-23,Payment issue
S003330,C003330,P1,2025-08-13,Monthly,29.0,Active,,
S003331,C003331,P4,2024-08-10,Annual,424.15,Active,,
S003332,C003332,P2,2026-06-26,Monthly,79.0,Active,,
S003333,C003333,P1,2024-04-23,Annual,24.65,Active,,
S003334,C003334,P2,2026-08-17,Annual,67.15,Active,,
S003335,C003335,P1,2025-09-01,Monthly,29.0,Active,,
S003336,C003336,P2,2026-08-11,Monthly,79.0,Active,,
S003337,C003337,P1,2026-02-28,Monthly,29.0,Active,,
S003338,C003338,P3,2024-07-28,Monthly,199.0,Active,,
S003339,C003339,P1,2024-10-19,Monthly,29.0,Active,,
S003340,C003340,P1,2024-06-13,Monthly,29.0,Churned,2024-06-13,Payment issue
S003341,C003341,P1,2026-02-25,Monthly,29.0,Churned,2026-08-15,Missing feature
S003342,C003342,P3,2024-08-17,Monthly,199.0,Active,,
S003343,C003343,P2,2026-01-02,Annual,67.15,Active,,
S003344,C003344,P1,2026-05-11,Annual,24.65,Active,,
S003345,C003345,P2,2025-05-10,Monthly,79.0,Active,,
S003346,C003346,P3,2025-12-19,Annual,169.15,Active,,
S003347,C003347,P3,2026-06-07,Monthly,199.0,Active,,
S003348,C003348,P1,2026-02-22,Monthly,29.0,Active,,
S003349,C003349,P3,2024-07-07,Annual,169.15,Active,,
S003350,C003350,P1,2025-01-18,Monthly,29.0,Active,,
S003351,C003351,P1,2025-08-09,Monthly,29.0,Churned,2025-11-12,Low engagement
S003352,C003352,P1,2024-12-07,Monthly,29.0,Active,,
S003353,C003353,P1,2025-08-20,Annual,24.65,Active,,
S003354,C003354,P2,2026-07-27,Annual,67.15,Active,,
S003355,C003355,P1,2025-06-23,Monthly,29.0,Active,,
S003356,C003356,P1,2024-12-15,Monthly,29.0,Churned,2026-01-14,Payment issue
S003357,C003357,P1,2024-07-26,Annual,24.65,Active,,
S003358,C003358,P1,2026-06-24,Monthly,29.0,Active,,
S003359,C003359,P3,2024-10-26,Annual,169.15,Active,,
S003360,C003360,P4,2024-09-01,Monthly,499.0,Churned,2025-03-16,Support experience
S003361,C003361,P1,2025-09-23,Monthly,29.0,Active,,
S003362,C003362,P1,2025-06-15,Monthly,29.0,Active,,
S003363,C003363,P1,2025-04-20,Monthly,29.0,Active,,
S003364,C003364,P2,2025-10-27,Monthly,79.0,Active,,
S003365,C003365,P2,2025-09-15,Monthly,79.0,Active,,
S003366,C003366,P1,2024-04-20,Monthly,29.0,Churned,2026-07-09,Price
S003367,C003367,P2,2025-05-28,Annual,67.15,Active,,
S003368,C003368,P2,2026-02-04,Monthly,79.0,Active,,
S003369,C003369,P1,2025-04-21,Monthly,29.0,Churned,2026-04-17,Support experience
S003370,C003370,P2,2026-08-20,Monthly,79.0,Active,,
S003371,C003371,P3,2024-11-06,Annual,169.15,Active,,
S003372,C003372,P2,2025-07-01,Annual,67.15,Active,,
S003373,C003373,P3,2025-12-18,Monthly,199.0,Active,,
S003374,C003374,P1,2025-09-11,Monthly,29.0,Active,,
S003375,C003375,P1,2024-02-09,Monthly,29.0,Active,,
S003376,C003376,P1,2025-08-07,Monthly,29.0,Active,,
S003377,C003377,P2,2026-08-16,Monthly,79.0,Active,,
S003378,C003378,P2,2025-05-08,Monthly,79.0,Active,,
S003379,C003379,P1,2024-06-03,Annual,24.65,Active,,
S003380,C003380,P4,2024-02-02,Monthly,499.0,Churned,2025-05-09,Support experience
S003381,C003381,P2,2025-05-08,Monthly,79.0,Active,,
S003382,C003382,P3,2024-09-18,Monthly,199.0,Active,,
S003383,C003383,P3,2026-05-15,Monthly,199.0,Active,,
S003384,C003384,P1,2026-07-21,Annual,24.65,Active,,
S003385,C003385,P1,2026-07-17,Monthly,29.0,Active,,
S003386,C003386,P2,2025-03-09,Monthly,79.0,Churned,2025-11-19,Low engagement
S003387,C003387,P2,2025-06-26,Monthly,79.0,Churned,2025-12-09,Low engagement
S003388,C003388,P4,2025-01-17,Annual,424.15,Active,,
S003389,C003389,P2,2024-06-18,Monthly,79.0,Churned,2025-01-28,Low engagement
S003390,C003390,P1,2025-09-14,Monthly,29.0,Active,,
S003391,C003391,P1,2024-09-12,Monthly,29.0,Active,,
S003392,C003392,P3,2024-03-28,Annual,169.15,Active,,
S003393,C003393,P3,2026-05-11,Annual,169.15,Active,,
S003394,C003394,P2,2026-04-23,Annual,67.15,Active,,
S003395,C003395,P3,2026-07-03,Monthly,199.0,Active,,
S003396,C003396,P4,2025-02-27,Annual,424.15,Active,,
S003397,C003397,P2,2026-05-22,Annual,67.15,Active,,
S003398,C003398,P1,2025-04-24,Annual,24.65,Active,,
S003399,C003399,P3,2024-04-09,Annual,169.15,Active,,
S003400,C003400,P2,2025-06-19,Monthly,79.0,Active,,
S003401,C003401,P2,2025-09-22,Monthly,79.0,Active,,
S003402,C003402,P3,2025-05-02,Monthly,199.0,Active,,
S003403,C003403,P1,2026-03-19,Monthly,29.0,Active,,
S003404,C003404,P3,2025-03-25,Monthly,199.0,Active,,
S003405,C003405,P3,2026-07-24,Monthly,199.0,Active,,
S003406,C003406,P2,2024-04-22,Monthly,79.0,Churned,2025-05-19,Support experience
S003407,C003407,P1,2026-02-26,Monthly,29.0,Active,,
S003408,C003408,P1,2026-07-08,Annual,24.65,Active,,
S003409,C003409,P1,2025-09-20,Monthly,29.0,Active,,
S003410,C003410,P1,2026-06-08,Annual,24.65,Active,,
S003411,C003411,P2,2026-01-25,Monthly,79.0,Active,,
S003412,C003412,P2,2024-01-15,Monthly,79.0,Churned,2026-07-17,Payment issue
S003413,C003413,P1,2025-12-24,Annual,24.65,Active,,
S003414,C003414,P2,2025-12-08,Annual,67.15,Active,,
S003415,C003415,P1,2024-01-09,Monthly,29.0,Churned,2024-12-26,Missing feature
S003416,C003416,P2,2025-05-28,Monthly,79.0,Active,,
S003417,C003417,P1,2024-02-26,Monthly,29.0,Churned,2025-06-20,Company closed
S003418,C003418,P3,2025-01-06,Monthly,199.0,Active,,
S003419,C003419,P2,2026-08-11,Monthly,79.0,Active,,
S003420,C003420,P3,2026-07-05,Monthly,199.0,Active,,
S003421,C003421,P3,2026-01-18,Monthly,199.0,Churned,2026-05-20,Low engagement
S003422,C003422,P1,2025-03-02,Monthly,29.0,Active,,
S003423,C003423,P3,2025-04-01,Annual,169.15,Churned,2026-03-06,Support experience
S003424,C003424,P1,2024-02-16,Monthly,29.0,Churned,2024-04-14,Other
S003425,C003425,P2,2025-02-26,Monthly,79.0,Churned,2026-07-19,Low engagement
S003426,C003426,P2,2026-03-21,Monthly,79.0,Active,,
S003427,C003427,P2,2025-08-20,Monthly,79.0,Churned,2026-01-17,Price
S003428,C003428,P2,2025-07-17,Annual,67.15,Churned,2026-02-11,Low engagement
S003429,C003429,P2,2024-05-06,Annual,67.15,Active,,
S003430,C003430,P3,2026-07-06,Monthly,199.0,Active,,
S003431,C003431,P2,2024-12-18,Monthly,79.0,Churned,2025-11-10,Payment issue
S003432,C003432,P1,2025-04-26,Monthly,29.0,Churned,2026-02-15,Low engagement
S003433,C003433,P4,2025-02-02,Annual,424.15,Active,,
S003434,C003434,P3,2025-02-11,Monthly,199.0,Active,,
S003435,C003435,P1,2025-10-06,Annual,24.65,Active,,
S003436,C003436,P1,2025-11-04,Monthly,29.0,Active,,
S003437,C003437,P1,2025-10-10,Monthly,29.0,Active,,
S003438,C003438,P1,2024-04-06,Monthly,29.0,Churned,2026-04-12,Payment issue
S003439,C003439,P1,2026-08-07,Annual,24.65,Active,,
S003440,C003440,P1,2026-01-13,Monthly,29.0,Active,,
S003441,C003441,P1,2026-06-21,Monthly,29.0,Active,,
S003442,C003442,P1,2024-08-16,Monthly,29.0,Churned,2024-11-19,Support experience
S003443,C003443,P1,2026-07-16,Annual,24.65,Active,,
S003444,C003444,P1,2026-02-17,Monthly,29.0,Active,,
S003445,C003445,P4,2025-07-07,Annual,424.15,Active,,
S003446,C003446,P1,2024-02-03,Monthly,29.0,Active,,
S003447,C003447,P2,2024-11-01,Annual,67.15,Active,,
S003448,C003448,P3,2026-05-25,Monthly,199.0,Active,,
S003449,C003449,P2,2025-04-25,Monthly,79.0,Active,,
S003450,C003450,P3,2025-12-10,Monthly,199.0,Active,,
S003451,C003451,P3,2026-02-22,Monthly,199.0,Active,,
S003452,C003452,P2,2026-03-08,Monthly,79.0,Active,,
S003453,C003453,P2,2025-04-09,Monthly,79.0,Active,,
S003454,C003454,P1,2026-06-20,Monthly,29.0,Active,,
S003455,C003455,P4,2025-01-26,Annual,424.15,Churned,2025-06-15,Payment issue
S003456,C003456,P2,2026-05-18,Monthly,79.0,Churned,2026-08-15,Low engagement
S003457,C003457,P3,2025-05-27,Annual,169.15,Active,,
S003458,C003458,P2,2024-11-28,Monthly,79.0,Active,,
S003459,C003459,P1,2025-02-01,Monthly,29.0,Active,,
S003460,C003460,P4,2026-04-12,Annual,424.15,Active,,
S003461,C003461,P2,2025-11-14,Monthly,79.0,Active,,
S003462,C003462,P2,2024-07-06,Monthly,79.0,Churned,2025-03-12,Low engagement
S003463,C003463,P1,2024-06-06,Monthly,29.0,Active,,
S003464,C003464,P2,2026-01-28,Annual,67.15,Active,,
S003465,C003465,P3,2024-11-06,Annual,169.15,Churned,2025-07-10,Low engagement
S003466,C003466,P3,2024-10-14,Monthly,199.0,Churned,2026-07-07,Low engagement
S003467,C003467,P3,2026-02-14,Monthly,199.0,Active,,
S003468,C003468,P1,2025-02-19,Monthly,29.0,Active,,
S003469,C003469,P1,2024-04-16,Monthly,29.0,Churned,2024-06-16,Low engagement
S003470,C003470,P4,2025-05-02,Annual,424.15,Churned,2026-01-10,Company closed
S003471,C003471,P1,2025-09-13,Monthly,29.0,Active,,
S003472,C003472,P1,2025-10-10,Monthly,29.0,Active,,
S003473,C003473,P2,2024-03-04,Monthly,79.0,Churned,2025-09-08,Price
S003474,C003474,P1,2025-06-28,Monthly,29.0,Active,,
S003475,C003475,P1,2025-03-16,Monthly,29.0,Active,,
S003476,C003476,P2,2025-06-28,Annual,67.15,Churned,2025-10-28,Support experience
S003477,C003477,P2,2024-03-26,Annual,67.15,Active,,
S003478,C003478,P2,2025-01-28,Annual,67.15,Active,,
S003479,C003479,P4,2025-12-07,Monthly,499.0,Active,,
S003480,C003480,P1,2024-06-24,Monthly,29.0,Active,,
S003481,C003481,P2,2026-08-02,Monthly,79.0,Active,,
S003482,C003482,P4,2026-08-15,Annual,424.15,Active,,
S003483,C003483,P4,2025-03-25,Monthly,499.0,Churned,2025-08-28,Support experience
S003484,C003484,P1,2026-01-17,Monthly,29.0,Active,,
S003485,C003485,P4,2025-11-06,Monthly,499.0,Active,,
S003486,C003486,P2,2024-08-03,Monthly,79.0,Churned,2026-02-12,Price
S003487,C003487,P3,2025-04-13,Monthly,199.0,Active,,
S003488,C003488,P2,2026-08-23,Annual,67.15,Active,,
S003489,C003489,P2,2024-06-26,Monthly,79.0,Active,,
S003490,C003490,P1,2025-10-21,Annual,24.65,Churned,2026-01-21,Price
S003491,C003491,P2,2025-10-13,Monthly,79.0,Active,,
S003492,C003492,P2,2024-08-20,Monthly,79.0,Active,,
S003493,C003493,P3,2025-08-22,Annual,169.15,Active,,
S003494,C003494,P2,2026-07-11,Monthly,79.0,Active,,
S003495,C003495,P1,2024-06-08,Annual,24.65,Active,,
S003496,C003496,P2,2024-09-08,Monthly,79.0,Active,,
S003497,C003497,P3,2024-11-21,Annual,169.15,Churned,2025-11-15,Price
S003498,C003498,P3,2026-02-23,Monthly,199.0,Active,,
S003499,C003499,P1,2025-10-06,Monthly,29.0,Active,,
S003500,C003500,P3,2025-08-28,Monthly,199.0,Active,,
S003501,C003501,P1,2026-03-01,Monthly,29.0,Active,,
S003502,C003502,P2,2026-08-12,Monthly,79.0,Active,,
S003503,C003503,P1,2024-09-14,Monthly,29.0,Active,,
S003504,C003504,P1,2026-04-02,Monthly,29.0,Active,,
S003505,C003505,P3,2025-03-21,Monthly,199.0,Active,,
S003506,C003506,P1,2024-07-26,Monthly,29.0,Churned,2026-01-05,Support experience
S003507,C003507,P1,2024-11-07,Monthly,29.0,Active,,
S003508,C003508,P3,2025-04-20,Monthly,199.0,Active,,
S003509,C003509,P3,2026-06-27,Annual,169.15,Active,,
S003510,C003510,P1,2025-07-19,Monthly,29.0,Churned,2025-12-19,Price
S003511,C003511,P3,2025-11-13,Annual,169.15,Active,,
S003512,C003512,P4,2024-02-27,Monthly,499.0,Churned,2026-08-26,Low engagement
S003513,C003513,P3,2024-04-12,Monthly,199.0,Churned,2024-09-17,Other
S003514,C003514,P4,2026-07-19,Annual,424.15,Active,,
S003515,C003515,P2,2026-05-22,Annual,67.15,Active,,
S003516,C003516,P3,2025-07-18,Monthly,199.0,Active,,
S003517,C003517,P1,2024-09-09,Monthly,29.0,Churned,2024-09-25,Payment issue
S003518,C003518,P1,2024-02-20,Monthly,29.0,Churned,2025-01-14,Missing feature
S003519,C003519,P3,2026-08-09,Annual,169.15,Active,,
S003520,C003520,P4,2024-01-14,Monthly,499.0,Active,,
S003521,C003521,P1,2024-11-16,Monthly,29.0,Churned,2026-02-21,Company closed
S003522,C003522,P3,2026-01-09,Monthly,199.0,Active,,
S003523,C003523,P2,2026-07-22,Monthly,79.0,Active,,
S003524,C003524,P3,2024-06-08,Monthly,199.0,Active,,
S003525,C003525,P1,2026-03-05,Monthly,29.0,Active,,
S003526,C003526,P2,2025-02-21,Monthly,79.0,Active,,
S003527,C003527,P1,2026-01-25,Monthly,29.0,Active,,
S003528,C003528,P2,2024-05-07,Monthly,79.0,Active,,
S003529,C003529,P3,2026-05-15,Annual,169.15,Active,,
S003530,C003530,P2,2026-01-27,Monthly,79.0,Active,,
S003531,C003531,P2,2026-07-11,Monthly,79.0,Active,,
S003532,C003532,P1,2025-07-12,Monthly,29.0,Churned,2025-08-07,Missing feature
S003533,C003533,P1,2026-06-20,Monthly,29.0,Active,,
S003534,C003534,P2,2025-09-18,Monthly,79.0,Active,,
S003535,C003535,P3,2025-08-04,Monthly,199.0,Active,,
S003536,C003536,P3,2024-05-02,Monthly,199.0,Active,,
S003537,C003537,P2,2026-04-11,Monthly,79.0,Active,,
S003538,C003538,P2,2025-05-13,Monthly,79.0,Active,,
S003539,C003539,P2,2025-10-18,Monthly,79.0,Active,,
S003540,C003540,P1,2025-12-12,Monthly,29.0,Active,,
S003541,C003541,P2,2026-03-04,Annual,67.15,Active,,
S003542,C003542,P2,2025-10-22,Monthly,79.0,Active,,
S003543,C003543,P3,2025-11-13,Monthly,199.0,Active,,
S003544,C003544,P2,2025-08-02,Monthly,79.0,Active,,
S003545,C003545,P1,2025-11-17,Monthly,29.0,Active,,
S003546,C003546,P2,2025-06-12,Annual,67.15,Churned,2026-04-27,Missing feature
S003547,C003547,P1,2026-03-15,Monthly,29.0,Churned,2026-07-23,Missing feature
S003548,C003548,P4,2026-04-25,Annual,424.15,Active,,
S003549,C003549,P1,2025-08-06,Monthly,29.0,Churned,2026-03-22,Missing feature
S003550,C003550,P2,2024-07-19,Monthly,79.0,Active,,
S003551,C003551,P3,2025-03-04,Annual,169.15,Active,,
S003552,C003552,P1,2026-05-22,Monthly,29.0,Active,,
S003553,C003553,P3,2026-07-11,Monthly,199.0,Active,,
S003554,C003554,P1,2024-12-22,Monthly,29.0,Churned,2025-09-20,Other
S003555,C003555,P1,2026-07-02,Annual,24.65,Active,,
S003556,C003556,P2,2024-12-19,Monthly,79.0,Active,,
S003557,C003557,P1,2026-07-08,Monthly,29.0,Active,,
S003558,C003558,P2,2026-07-11,Monthly,79.0,Active,,
S003559,C003559,P2,2025-08-07,Monthly,79.0,Churned,2026-01-26,Price
S003560,C003560,P3,2026-07-12,Monthly,199.0,Active,,
S003561,C003561,P3,2025-09-23,Monthly,199.0,Churned,2026-07-22,Price
S003562,C003562,P2,2025-04-02,Monthly,79.0,Active,,
S003563,C003563,P4,2026-04-17,Annual,424.15,Active,,
S003564,C003564,P3,2024-06-06,Monthly,199.0,Active,,
S003565,C003565,P4,2024-10-12,Annual,424.15,Churned,2025-10-20,Price
S003566,C003566,P3,2024-10-16,Monthly,199.0,Active,,
S003567,C003567,P3,2025-11-03,Monthly,199.0,Active,,
S003568,C003568,P2,2026-01-26,Monthly,79.0,Active,,
S003569,C003569,P3,2026-05-20,Monthly,199.0,Active,,
S003570,C003570,P1,2026-06-18,Monthly,29.0,Active,,
S003571,C003571,P3,2026-06-27,Annual,169.15,Active,,
S003572,C003572,P1,2026-01-11,Monthly,29.0,Active,,
S003573,C003573,P1,2026-06-04,Monthly,29.0,Active,,
S003574,C003574,P1,2024-12-24,Monthly,29.0,Churned,2026-06-09,Missing feature
S003575,C003575,P2,2026-02-18,Annual,67.15,Active,,
S003576,C003576,P2,2024-04-13,Monthly,79.0,Churned,2026-05-11,Low engagement
S003577,C003577,P3,2024-06-03,Monthly,199.0,Active,,
S003578,C003578,P2,2024-10-08,Monthly,79.0,Active,,
S003579,C003579,P2,2024-05-17,Monthly,79.0,Churned,2026-07-27,Low engagement
S003580,C003580,P1,2026-08-03,Monthly,29.0,Active,,
S003581,C003581,P2,2025-06-16,Annual,67.15,Active,,
S003582,C003582,P4,2026-06-24,Monthly,499.0,Active,,
S003583,C003583,P2,2025-07-13,Monthly,79.0,Active,,
S003584,C003584,P3,2026-01-18,Monthly,199.0,Active,,
S003585,C003585,P3,2025-02-07,Monthly,199.0,Active,,
S003586,C003586,P4,2026-07-17,Monthly,499.0,Active,,
S003587,C003587,P1,2024-02-06,Annual,24.65,Active,,
S003588,C003588,P1,2026-01-21,Monthly,29.0,Churned,2026-08-13,Support experience
S003589,C003589,P3,2026-07-15,Monthly,199.0,Active,,
S003590,C003590,P1,2026-03-17,Monthly,29.0,Active,,
S003591,C003591,P4,2026-04-09,Monthly,499.0,Active,,
S003592,C003592,P2,2025-01-10,Monthly,79.0,Active,,
S003593,C003593,P4,2025-06-19,Monthly,499.0,Active,,
S003594,C003594,P2,2024-07-18,Monthly,79.0,Active,,
S003595,C003595,P2,2025-04-20,Annual,67.15,Churned,2025-04-11,Missing feature
S003596,C003596,P4,2024-01-04,Annual,424.15,Active,,
S003597,C003597,P3,2026-03-06,Annual,169.15,Active,,
S003598,C003598,P3,2026-07-09,Monthly,199.0,Active,,
S003599,C003599,P4,2026-01-11,Annual,424.15,Active,,
S003600,C003600,P1,2026-04-16,Annual,24.65,Active,,
S003601,C003601,P2,2025-08-15,Monthly,79.0,Active,,
S003602,C003602,P1,2024-09-02,Monthly,29.0,Active,,
S003603,C003603,P2,2026-02-01,Monthly,79.0,Active,,
S003604,C003604,P2,2025-01-24,Monthly,79.0,Active,,
S003605,C003605,P4,2025-06-17,Annual,424.15,Active,,
S003606,C003606,P2,2026-06-02,Monthly,79.0,Active,,
S003607,C003607,P1,2025-03-24,Monthly,29.0,Active,,
S003608,C003608,P1,2025-01-11,Monthly,29.0,Active,,
S003609,C003609,P2,2024-02-19,Monthly,79.0,Active,,
S003610,C003610,P1,2026-01-13,Monthly,29.0,Active,,
S003611,C003611,P3,2024-10-06,Monthly,199.0,Active,,
S003612,C003612,P2,2025-11-20,Monthly,79.0,Active,,
S003613,C003613,P1,2025-03-11,Monthly,29.0,Churned,2026-06-21,Payment issue
S003614,C003614,P2,2026-03-05,Monthly,79.0,Active,,
S003615,C003615,P1,2026-06-07,Monthly,29.0,Active,,
S003616,C003616,P3,2024-11-23,Monthly,199.0,Active,,
S003617,C003617,P1,2026-03-15,Monthly,29.0,Active,,
S003618,C003618,P1,2024-07-12,Annual,24.65,Active,,
S003619,C003619,P1,2024-07-22,Monthly,29.0,Active,,
S003620,C003620,P4,2025-05-08,Annual,424.15,Active,,
S003621,C003621,P2,2025-02-05,Monthly,79.0,Churned,2025-06-08,Low engagement
S003622,C003622,P1,2026-08-03,Monthly,29.0,Active,,
S003623,C003623,P1,2026-04-03,Monthly,29.0,Active,,
S003624,C003624,P3,2026-06-26,Monthly,199.0,Active,,
S003625,C003625,P3,2024-07-26,Monthly,199.0,Active,,
S003626,C003626,P1,2026-01-12,Annual,24.65,Active,,
S003627,C003627,P2,2025-10-14,Annual,67.15,Active,,
S003628,C003628,P2,2024-05-11,Monthly,79.0,Active,,
S003629,C003629,P1,2026-03-16,Monthly,29.0,Active,,
S003630,C003630,P2,2026-05-06,Monthly,79.0,Active,,
S003631,C003631,P2,2026-06-19,Monthly,79.0,Active,,
S003632,C003632,P4,2026-07-15,Annual,424.15,Active,,
S003633,C003633,P1,2024-06-26,Monthly,29.0,Active,,
S003634,C003634,P1,2026-06-09,Monthly,29.0,Active,,
S003635,C003635,P2,2026-07-22,Annual,67.15,Active,,
S003636,C003636,P1,2026-01-05,Monthly,29.0,Active,,
S003637,C003637,P3,2024-09-03,Annual,169.15,Active,,
S003638,C003638,P1,2025-04-22,Monthly,29.0,Active,,
S003639,C003639,P3,2024-05-25,Annual,169.15,Churned,2025-12-11,Low engagement
S003640,C003640,P1,2024-01-26,Monthly,29.0,Churned,2026-08-10,Other
S003641,C003641,P1,2026-07-02,Monthly,29.0,Active,,
S003642,C003642,P1,2026-08-10,Monthly,29.0,Active,,
S003643,C003643,P4,2026-07-14,Monthly,499.0,Active,,
S003644,C003644,P1,2024-11-09,Annual,24.65,Active,,
S003645,C003645,P1,2025-11-09,Annual,24.65,Active,,
S003646,C003646,P3,2025-07-11,Monthly,199.0,Active,,
S003647,C003647,P3,2025-07-01,Annual,169.15,Active,,
S003648,C003648,P1,2025-05-26,Monthly,29.0,Churned,2025-05-17,Low engagement
S003649,C003649,P2,2026-07-09,Monthly,79.0,Active,,
S003650,C003650,P2,2026-03-17,Monthly,79.0,Active,,
S003651,C003651,P1,2026-05-23,Monthly,29.0,Active,,
S003652,C003652,P2,2024-02-05,Monthly,79.0,Churned,2025-01-24,Low engagement
S003653,C003653,P2,2025-05-06,Monthly,79.0,Churned,2026-03-18,Missing feature
S003654,C003654,P1,2025-10-18,Annual,24.65,Active,,
S003655,C003655,P1,2025-12-28,Monthly,29.0,Active,,
S003656,C003656,P1,2026-06-12,Monthly,29.0,Active,,
S003657,C003657,P1,2024-08-26,Monthly,29.0,Active,,
S003658,C003658,P1,2024-05-01,Monthly,29.0,Active,,
S003659,C003659,P3,2026-06-21,Monthly,199.0,Active,,
S003660,C003660,P2,2025-08-28,Monthly,79.0,Churned,2025-10-05,Low engagement
S003661,C003661,P2,2025-09-21,Monthly,79.0,Active,,
S003662,C003662,P2,2026-06-04,Annual,67.15,Active,,
S003663,C003663,P3,2026-02-01,Annual,169.15,Active,,
S003664,C003664,P4,2026-02-12,Annual,424.15,Active,,
S003665,C003665,P2,2024-09-16,Monthly,79.0,Churned,2025-10-07,Low engagement
S003666,C003666,P1,2025-11-19,Monthly,29.0,Active,,
S003667,C003667,P1,2025-06-26,Monthly,29.0,Active,,
S003668,C003668,P1,2025-11-17,Monthly,29.0,Churned,2026-06-19,Support experience
S003669,C003669,P1,2025-10-08,Annual,24.65,Active,,
S003670,C003670,P2,2024-02-01,Monthly,79.0,Churned,2025-01-19,Support experience
S003671,C003671,P1,2025-02-27,Annual,24.65,Active,,
S003672,C003672,P1,2025-06-18,Monthly,29.0,Active,,
S003673,C003673,P1,2025-07-20,Monthly,29.0,Churned,2026-05-15,Support experience
S003674,C003674,P2,2024-05-21,Annual,67.15,Churned,2024-11-17,Low engagement
S003675,C003675,P2,2026-06-23,Annual,67.15,Active,,
S003676,C003676,P4,2025-02-24,Annual,424.15,Active,,
S003677,C003677,P2,2025-07-25,Monthly,79.0,Active,,
S003678,C003678,P1,2025-12-06,Monthly,29.0,Active,,
S003679,C003679,P2,2026-02-09,Monthly,79.0,Churned,2026-07-11,Price
S003680,C003680,P1,2025-04-02,Monthly,29.0,Active,,
S003681,C003681,P2,2024-06-04,Monthly,79.0,Churned,2026-05-21,Low engagement
S003682,C003682,P1,2024-10-27,Monthly,29.0,Churned,2025-02-15,Price
S003683,C003683,P2,2024-08-12,Monthly,79.0,Active,,
S003684,C003684,P1,2024-11-20,Monthly,29.0,Active,,
S003685,C003685,P1,2025-10-16,Monthly,29.0,Active,,
S003686,C003686,P1,2025-08-13,Monthly,29.0,Active,,
S003687,C003687,P1,2024-08-05,Monthly,29.0,Churned,2026-08-17,Support experience
S003688,C003688,P3,2026-01-21,Annual,169.15,Active,,
S003689,C003689,P1,2024-04-22,Monthly,29.0,Active,,
S003690,C003690,P1,2026-06-05,Monthly,29.0,Active,,
S003691,C003691,P1,2025-09-09,Monthly,29.0,Active,,
S003692,C003692,P2,2025-10-27,Monthly,79.0,Churned,2026-04-23,Low engagement
S003693,C003693,P2,2024-12-24,Annual,67.15,Active,,
S003694,C003694,P1,2025-08-19,Monthly,29.0,Active,,
S003695,C003695,P3,2025-05-27,Annual,169.15,Active,,
S003696,C003696,P1,2026-07-25,Monthly,29.0,Active,,
S003697,C003697,P1,2024-04-18,Annual,24.65,Active,,
S003698,C003698,P2,2025-06-16,Monthly,79.0,Churned,2026-02-15,Low engagement
S003699,C003699,P2,2026-03-19,Monthly,79.0,Active,,
S003700,C003700,P2,2025-09-23,Monthly,79.0,Churned,2026-04-21,Other
S003701,C003701,P2,2025-09-27,Monthly,79.0,Churned,2026-02-16,Support experience
S003702,C003702,P1,2026-06-10,Monthly,29.0,Active,,
S003703,C003703,P2,2025-04-09,Monthly,79.0,Active,,
S003704,C003704,P3,2024-01-04,Monthly,199.0,Active,,
S003705,C003705,P2,2026-07-01,Annual,67.15,Active,,
S003706,C003706,P1,2024-02-10,Monthly,29.0,Churned,2025-09-15,Low engagement
S003707,C003707,P2,2026-04-07,Annual,67.15,Active,,
S003708,C003708,P3,2024-07-26,Annual,169.15,Active,,
S003709,C003709,P1,2024-02-14,Annual,24.65,Churned,2026-04-10,Low engagement
S003710,C003710,P3,2025-03-20,Annual,169.15,Active,,
S003711,C003711,P3,2026-05-06,Monthly,199.0,Active,,
S003712,C003712,P3,2024-02-13,Annual,169.15,Churned,2024-12-06,Low engagement
S003713,C003713,P3,2024-12-23,Annual,169.15,Churned,2024-12-18,Low engagement
S003714,C003714,P2,2024-12-07,Monthly,79.0,Active,,
S003715,C003715,P3,2024-05-12,Annual,169.15,Churned,2025-02-07,Low engagement
S003716,C003716,P3,2024-05-17,Monthly,199.0,Active,,
S003717,C003717,P3,2026-06-06,Monthly,199.0,Active,,
S003718,C003718,P3,2026-01-17,Annual,169.15,Active,,
S003719,C003719,P4,2025-01-18,Annual,424.15,Churned,2025-01-24,Low engagement
S003720,C003720,P2,2024-11-15,Monthly,79.0,Active,,
S003721,C003721,P1,2024-03-05,Monthly,29.0,Active,,
S003722,C003722,P1,2025-03-21,Monthly,29.0,Churned,2025-05-26,Price
S003723,C003723,P3,2025-01-24,Monthly,199.0,Churned,2025-04-22,Low engagement
S003724,C003724,P1,2026-07-07,Monthly,29.0,Active,,
S003725,C003725,P3,2024-10-04,Annual,169.15,Active,,
S003726,C003726,P4,2025-04-15,Annual,424.15,Churned,2026-06-28,Price
S003727,C003727,P3,2026-01-05,Annual,169.15,Active,,
S003728,C003728,P3,2025-02-09,Annual,169.15,Active,,
S003729,C003729,P3,2026-03-19,Monthly,199.0,Active,,
S003730,C003730,P3,2026-02-06,Monthly,199.0,Churned,2026-08-16,Support experience
S003731,C003731,P3,2024-02-11,Annual,169.15,Active,,
S003732,C003732,P3,2026-05-10,Annual,169.15,Active,,
S003733,C003733,P1,2025-03-21,Monthly,29.0,Active,,
S003734,C003734,P2,2024-05-23,Monthly,79.0,Active,,
S003735,C003735,P1,2026-01-25,Annual,24.65,Active,,
S003736,C003736,P4,2026-02-04,Annual,424.15,Active,,
S003737,C003737,P2,2024-04-22,Annual,67.15,Active,,
S003738,C003738,P2,2025-03-08,Monthly,79.0,Active,,
S003739,C003739,P3,2026-06-26,Annual,169.15,Active,,
S003740,C003740,P2,2025-12-15,Monthly,79.0,Active,,
S003741,C003741,P1,2025-08-26,Monthly,29.0,Active,,
S003742,C003742,P1,2025-08-12,Monthly,29.0,Active,,
S003743,C003743,P3,2025-11-09,Monthly,199.0,Active,,
S003744,C003744,P1,2025-12-24,Monthly,29.0,Active,,
S003745,C003745,P1,2024-04-10,Monthly,29.0,Active,,
S003746,C003746,P3,2025-02-22,Annual,169.15,Active,,
S003747,C003747,P1,2025-08-02,Monthly,29.0,Active,,
S003748,C003748,P3,2026-02-19,Annual,169.15,Active,,
S003749,C003749,P1,2026-02-26,Monthly,29.0,Active,,
S003750,C003750,P1,2025-10-08,Annual,24.65,Active,,
S003751,C003751,P1,2025-10-28,Annual,24.65,Active,,
S003752,C003752,P1,2025-03-01,Monthly,29.0,Active,,
S003753,C003753,P1,2026-05-04,Monthly,29.0,Active,,
S003754,C003754,P3,2026-07-09,Annual,169.15,Active,,
S003755,C003755,P1,2026-05-09,Monthly,29.0,Active,,
S003756,C003756,P1,2026-05-17,Monthly,29.0,Active,,
S003757,C003757,P2,2026-06-25,Annual,67.15,Active,,
S003758,C003758,P3,2024-09-03,Monthly,199.0,Active,,
S003759,C003759,P4,2025-08-21,Monthly,499.0,Churned,2025-10-15,Low engagement
S003760,C003760,P2,2025-08-24,Monthly,79.0,Active,,
S003761,C003761,P4,2025-07-17,Annual,424.15,Churned,2026-01-26,Payment issue
S003762,C003762,P2,2026-05-28,Monthly,79.0,Active,,
S003763,C003763,P2,2025-02-03,Monthly,79.0,Active,,
S003764,C003764,P3,2024-08-21,Monthly,199.0,Active,,
S003765,C003765,P1,2024-12-12,Monthly,29.0,Active,,
S003766,C003766,P3,2024-07-12,Annual,169.15,Active,,
S003767,C003767,P1,2025-04-17,Monthly,29.0,Active,,
S003768,C003768,P1,2024-06-23,Monthly,29.0,Churned,2024-07-24,Other
S003769,C003769,P3,2024-05-14,Monthly,199.0,Active,,
S003770,C003770,P3,2025-06-08,Monthly,199.0,Active,,
S003771,C003771,P4,2025-10-08,Annual,424.15,Active,,
S003772,C003772,P3,2025-11-27,Monthly,199.0,Active,,
S003773,C003773,P3,2024-05-12,Annual,169.15,Churned,2025-10-08,Missing feature
S003774,C003774,P2,2026-08-11,Annual,67.15,Active,,
S003775,C003775,P4,2024-06-16,Monthly,499.0,Active,,
S003776,C003776,P1,2025-12-20,Monthly,29.0,Active,,
S003777,C003777,P2,2026-06-02,Annual,67.15,Active,,
S003778,C003778,P1,2026-06-01,Annual,24.65,Active,,
S003779,C003779,P3,2025-08-17,Monthly,199.0,Active,,
S003780,C003780,P4,2024-12-18,Monthly,499.0,Active,,
S003781,C003781,P1,2026-04-14,Monthly,29.0,Active,,
S003782,C003782,P4,2025-11-09,Monthly,499.0,Active,,
S003783,C003783,P4,2026-03-22,Monthly,499.0,Active,,
S003784,C003784,P1,2025-04-03,Monthly,29.0,Active,,
S003785,C003785,P1,2026-06-18,Monthly,29.0,Active,,
S003786,C003786,P3,2026-07-13,Annual,169.15,Active,,
S003787,C003787,P4,2026-02-11,Annual,424.15,Active,,
S003788,C003788,P1,2026-07-03,Monthly,29.0,Active,,
S003789,C003789,P1,2025-06-19,Monthly,29.0,Active,,
S003790,C003790,P2,2024-09-06,Annual,67.15,Active,,
S003791,C003791,P1,2025-12-16,Monthly,29.0,Active,,
S003792,C003792,P2,2025-12-26,Annual,67.15,Active,,
S003793,C003793,P2,2025-07-21,Monthly,79.0,Active,,
S003794,C003794,P1,2024-12-02,Monthly,29.0,Active,,
S003795,C003795,P1,2025-11-28,Monthly,29.0,Churned,2026-04-24,Payment issue
S003796,C003796,P4,2024-09-18,Monthly,499.0,Churned,2026-07-23,Price
S003797,C003797,P1,2026-02-24,Monthly,29.0,Active,,
S003798,C003798,P2,2026-06-02,Monthly,79.0,Active,,
S003799,C003799,P1,2024-08-26,Annual,24.65,Active,,
S003800,C003800,P1,2026-04-21,Monthly,29.0,Active,,
S003801,C003801,P1,2024-09-25,Annual,24.65,Active,,
S003802,C003802,P3,2025-07-28,Annual,169.15,Active,,
S003803,C003803,P2,2026-07-24,Monthly,79.0,Active,,
S003804,C003804,P2,2024-04-13,Annual,67.15,Active,,
S003805,C003805,P2,2024-05-24,Annual,67.15,Active,,
S003806,C003806,P1,2026-08-28,Annual,24.65,Active,,
S003807,C003807,P4,2024-08-26,Monthly,499.0,Active,,
S003808,C003808,P3,2025-02-18,Annual,169.15,Active,,
S003809,C003809,P4,2025-06-27,Annual,424.15,Churned,2025-12-12,Low engagement
S003810,C003810,P4,2024-01-17,Monthly,499.0,Churned,2026-08-19,Low engagement
S003811,C003811,P2,2024-09-13,Monthly,79.0,Churned,2026-03-13,Support experience
S003812,C003812,P1,2026-04-05,Monthly,29.0,Active,,
S003813,C003813,P1,2025-08-14,Annual,24.65,Active,,
S003814,C003814,P2,2025-04-27,Annual,67.15,Active,,
S003815,C003815,P1,2026-01-04,Annual,24.65,Active,,
S003816,C003816,P1,2025-02-25,Monthly,29.0,Active,,
S003817,C003817,P1,2025-06-18,Monthly,29.0,Active,,
S003818,C003818,P1,2026-08-04,Monthly,29.0,Active,,
S003819,C003819,P2,2026-03-07,Monthly,79.0,Active,,
S003820,C003820,P3,2025-09-01,Monthly,199.0,Active,,
S003821,C003821,P2,2025-08-21,Annual,67.15,Active,,
S003822,C003822,P1,2026-05-11,Monthly,29.0,Active,,
S003823,C003823,P3,2025-10-06,Annual,169.15,Churned,2025-12-05,Low engagement
S003824,C003824,P1,2025-02-05,Monthly,29.0,Churned,2026-05-23,Price
S003825,C003825,P4,2025-05-15,Monthly,499.0,Active,,
S003826,C003826,P1,2024-09-10,Monthly,29.0,Active,,
S003827,C003827,P1,2026-08-26,Monthly,29.0,Active,,
S003828,C003828,P2,2025-12-27,Monthly,79.0,Churned,2026-05-23,Missing feature
S003829,C003829,P4,2025-04-06,Annual,424.15,Active,,
S003830,C003830,P2,2025-03-25,Monthly,79.0,Active,,
S003831,C003831,P2,2026-06-02,Monthly,79.0,Active,,
S003832,C003832,P1,2025-03-13,Monthly,29.0,Active,,
S003833,C003833,P1,2026-03-17,Monthly,29.0,Active,,
S003834,C003834,P2,2026-05-08,Annual,67.15,Active,,
S003835,C003835,P1,2026-06-19,Monthly,29.0,Active,,
S003836,C003836,P1,2025-03-17,Annual,24.65,Active,,
S003837,C003837,P2,2026-03-27,Monthly,79.0,Active,,
S003838,C003838,P2,2025-02-27,Annual,67.15,Active,,
S003839,C003839,P2,2026-07-23,Monthly,79.0,Active,,
S003840,C003840,P1,2024-01-23,Monthly,29.0,Active,,
S003841,C003841,P2,2025-09-10,Annual,67.15,Active,,
S003842,C003842,P1,2025-08-25,Monthly,29.0,Active,,
S003843,C003843,P3,2026-06-11,Monthly,199.0,Active,,
S003844,C003844,P1,2024-10-22,Annual,24.65,Active,,
S003845,C003845,P4,2024-05-14,Annual,424.15,Active,,
S003846,C003846,P1,2026-05-15,Monthly,29.0,Active,,
S003847,C003847,P3,2025-03-23,Annual,169.15,Active,,
S003848,C003848,P3,2025-02-04,Monthly,199.0,Active,,
S003849,C003849,P1,2024-05-24,Monthly,29.0,Churned,2025-08-07,Low engagement
S003850,C003850,P2,2026-07-23,Monthly,79.0,Active,,
S003851,C003851,P1,2025-11-14,Monthly,29.0,Active,,
S003852,C003852,P1,2026-01-19,Monthly,29.0,Active,,
S003853,C003853,P1,2026-06-08,Annual,24.65,Active,,
S003854,C003854,P1,2026-05-22,Monthly,29.0,Active,,
S003855,C003855,P1,2025-06-04,Annual,24.65,Active,,
S003856,C003856,P2,2024-08-21,Monthly,79.0,Churned,2026-04-10,Low engagement
S003857,C003857,P3,2025-12-19,Monthly,199.0,Active,,
S003858,C003858,P1,2025-12-07,Monthly,29.0,Active,,
S003859,C003859,P2,2024-03-23,Annual,67.15,Churned,2025-11-11,Payment issue
S003860,C003860,P1,2026-06-08,Monthly,29.0,Active,,
S003861,C003861,P1,2025-02-16,Monthly,29.0,Churned,2026-02-05,Low engagement
S003862,C003862,P1,2025-05-24,Monthly,29.0,Churned,2026-05-15,Low engagement
S003863,C003863,P2,2025-08-02,Monthly,79.0,Active,,
S003864,C003864,P1,2026-06-12,Annual,24.65,Active,,
S003865,C003865,P3,2024-08-18,Annual,169.15,Active,,
S003866,C003866,P3,2025-03-05,Monthly,199.0,Active,,
S003867,C003867,P2,2025-07-15,Monthly,79.0,Active,,
S003868,C003868,P2,2026-08-18,Monthly,79.0,Active,,
S003869,C003869,P1,2025-06-25,Monthly,29.0,Active,,
S003870,C003870,P1,2025-04-09,Monthly,29.0,Active,,
S003871,C003871,P1,2026-07-24,Monthly,29.0,Active,,
S003872,C003872,P1,2025-12-18,Monthly,29.0,Active,,
S003873,C003873,P2,2024-08-15,Monthly,79.0,Active,,
S003874,C003874,P2,2024-08-17,Monthly,79.0,Active,,
S003875,C003875,P3,2025-12-28,Annual,169.15,Active,,
S003876,C003876,P1,2025-06-19,Annual,24.65,Active,,
S003877,C003877,P2,2024-01-13,Monthly,79.0,Churned,2024-07-08,Other
S003878,C003878,P3,2025-06-28,Annual,169.15,Active,,
S003879,C003879,P2,2026-07-20,Monthly,79.0,Active,,
S003880,C003880,P2,2026-02-08,Monthly,79.0,Active,,
S003881,C003881,P3,2025-09-18,Annual,169.15,Active,,
S003882,C003882,P2,2024-09-28,Annual,67.15,Active,,
S003883,C003883,P2,2025-02-20,Annual,67.15,Active,,
S003884,C003884,P1,2026-08-22,Monthly,29.0,Active,,
S003885,C003885,P4,2025-12-19,Monthly,499.0,Active,,
S003886,C003886,P2,2024-12-24,Monthly,79.0,Active,,
S003887,C003887,P4,2026-02-03,Annual,424.15,Active,,
S003888,C003888,P3,2024-05-23,Annual,169.15,Active,,
S003889,C003889,P2,2025-03-26,Monthly,79.0,Active,,
S003890,C003890,P2,2024-10-01,Annual,67.15,Active,,
S003891,C003891,P1,2026-06-23,Monthly,29.0,Active,,
S003892,C003892,P3,2026-02-15,Monthly,199.0,Active,,
S003893,C003893,P1,2025-07-11,Monthly,29.0,Active,,
S003894,C003894,P2,2025-05-03,Monthly,79.0,Active,,
S003895,C003895,P3,2026-05-09,Annual,169.15,Active,,
S003896,C003896,P1,2024-09-19,Monthly,29.0,Active,,
S003897,C003897,P1,2024-04-15,Monthly,29.0,Churned,2025-08-07,Missing feature
S003898,C003898,P2,2026-05-02,Monthly,79.0,Active,,
S003899,C003899,P2,2026-05-09,Monthly,79.0,Active,,
S003900,C003900,P1,2024-11-01,Monthly,29.0,Active,,
S003901,C003901,P1,2024-09-11,Monthly,29.0,Active,,
S003902,C003902,P3,2026-02-26,Monthly,199.0,Active,,
S003903,C003903,P3,2024-07-22,Monthly,199.0,Churned,2025-07-16,Price
S003904,C003904,P1,2025-11-26,Monthly,29.0,Active,,
S003905,C003905,P1,2026-01-05,Annual,24.65,Churned,2026-07-28,Low engagement
S003906,C003906,P3,2025-11-18,Monthly,199.0,Active,,
S003907,C003907,P3,2025-05-09,Monthly,199.0,Active,,
S003908,C003908,P3,2026-04-13,Monthly,199.0,Active,,
S003909,C003909,P2,2026-07-28,Annual,67.15,Active,,
S003910,C003910,P3,2026-01-24,Monthly,199.0,Active,,
S003911,C003911,P1,2025-05-20,Annual,24.65,Active,,
S003912,C003912,P1,2026-08-27,Annual,24.65,Active,,
S003913,C003913,P3,2025-06-14,Monthly,199.0,Active,,
S003914,C003914,P2,2024-06-02,Monthly,79.0,Churned,2024-07-26,Support experience
S003915,C003915,P3,2024-09-26,Monthly,199.0,Active,,
S003916,C003916,P2,2025-03-03,Monthly,79.0,Churned,2026-06-11,Other
S003917,C003917,P2,2024-08-08,Monthly,79.0,Churned,2025-08-14,Company closed
S003918,C003918,P2,2026-03-26,Monthly,79.0,Active,,
S003919,C003919,P3,2024-01-25,Monthly,199.0,Active,,
S003920,C003920,P2,2025-04-03,Monthly,79.0,Churned,2025-11-16,Price
S003921,C003921,P1,2026-06-24,Monthly,29.0,Active,,
S003922,C003922,P3,2024-06-20,Annual,169.15,Active,,
S003923,C003923,P1,2025-10-04,Monthly,29.0,Churned,2026-06-23,Price
S003924,C003924,P3,2026-07-16,Monthly,199.0,Active,,
S003925,C003925,P1,2024-04-08,Annual,24.65,Churned,2025-10-05,Missing feature
S003926,C003926,P1,2025-03-15,Monthly,29.0,Active,,
S003927,C003927,P2,2024-02-06,Annual,67.15,Active,,
S003928,C003928,P4,2026-01-03,Annual,424.15,Active,,
S003929,C003929,P2,2025-05-19,Monthly,79.0,Active,,
S003930,C003930,P3,2026-07-21,Monthly,199.0,Active,,
S003931,C003931,P2,2026-01-06,Monthly,79.0,Active,,
S003932,C003932,P1,2025-10-17,Annual,24.65,Active,,
S003933,C003933,P1,2026-06-14,Annual,24.65,Active,,
S003934,C003934,P2,2024-06-27,Monthly,79.0,Active,,
S003935,C003935,P1,2026-03-16,Annual,24.65,Active,,
S003936,C003936,P2,2026-02-14,Monthly,79.0,Active,,
S003937,C003937,P1,2025-12-01,Annual,24.65,Active,,
S003938,C003938,P2,2025-11-26,Monthly,79.0,Active,,
S003939,C003939,P2,2024-06-19,Monthly,79.0,Churned,2025-05-13,Payment issue
S003940,C003940,P1,2026-04-06,Monthly,29.0,Active,,
S003941,C003941,P1,2025-11-01,Monthly,29.0,Active,,
S003942,C003942,P1,2026-03-06,Monthly,29.0,Churned,2026-07-20,Missing feature
S003943,C003943,P1,2026-06-15,Monthly,29.0,Active,,
S003944,C003944,P2,2025-09-27,Monthly,79.0,Active,,
S003945,C003945,P2,2026-07-18,Annual,67.15,Active,,
S003946,C003946,P2,2024-06-03,Annual,67.15,Active,,
S003947,C003947,P1,2024-01-06,Monthly,29.0,Active,,
S003948,C003948,P1,2025-02-07,Monthly,29.0,Active,,
S003949,C003949,P3,2024-10-03,Monthly,199.0,Active,,
S003950,C003950,P1,2025-09-04,Monthly,29.0,Churned,2026-01-24,Support experience
S003951,C003951,P2,2024-12-03,Monthly,79.0,Active,,
S003952,C003952,P4,2026-01-20,Annual,424.15,Active,,
S003953,C003953,P3,2026-07-20,Annual,169.15,Active,,
S003954,C003954,P3,2026-03-22,Annual,169.15,Churned,2026-05-20,Low engagement
S003955,C003955,P1,2025-05-06,Monthly,29.0,Active,,
S003956,C003956,P2,2026-08-26,Monthly,79.0,Active,,
S003957,C003957,P3,2026-03-11,Annual,169.15,Active,,
S003958,C003958,P4,2026-04-05,Monthly,499.0,Active,,
S003959,C003959,P2,2024-09-05,Monthly,79.0,Churned,2026-07-28,Price
S003960,C003960,P1,2026-01-10,Monthly,29.0,Active,,
S003961,C003961,P1,2024-04-03,Monthly,29.0,Churned,2026-08-24,Support experience
S003962,C003962,P1,2024-11-09,Monthly,29.0,Churned,2025-07-19,Missing feature
S003963,C003963,P2,2024-01-19,Monthly,79.0,Active,,
S003964,C003964,P2,2026-01-28,Monthly,79.0,Active,,
S003965,C003965,P2,2024-02-01,Annual,67.15,Active,,
S003966,C003966,P2,2025-06-17,Annual,67.15,Active,,
S003967,C003967,P1,2025-12-07,Monthly,29.0,Active,,
S003968,C003968,P1,2025-01-10,Monthly,29.0,Active,,
S003969,C003969,P1,2025-03-19,Monthly,29.0,Active,,
S003970,C003970,P1,2026-05-09,Monthly,29.0,Active,,
S003971,C003971,P4,2026-06-13,Monthly,499.0,Active,,
S003972,C003972,P1,2026-05-09,Monthly,29.0,Active,,
S003973,C003973,P1,2026-02-11,Monthly,29.0,Active,,
S003974,C003974,P1,2024-12-20,Annual,24.65,Active,,
S003975,C003975,P1,2024-04-09,Monthly,29.0,Active,,
S003976,C003976,P2,2025-07-16,Annual,67.15,Active,,
S003977,C003977,P3,2026-07-23,Annual,169.15,Active,,
S003978,C003978,P2,2024-10-18,Monthly,79.0,Active,,
S003979,C003979,P1,2024-10-22,Monthly,29.0,Active,,
S003980,C003980,P3,2026-03-14,Annual,169.15,Active,,
S003981,C003981,P2,2025-10-14,Monthly,79.0,Churned,2025-11-28,Price
S003982,C003982,P2,2025-04-01,Monthly,79.0,Churned,2026-05-18,Price
S003983,C003983,P2,2026-05-20,Monthly,79.0,Active,,
S003984,C003984,P1,2025-10-20,Monthly,29.0,Active,,
S003985,C003985,P2,2026-07-15,Annual,67.15,Active,,
S003986,C003986,P1,2025-03-21,Monthly,29.0,Active,,
S003987,C003987,P1,2025-06-19,Annual,24.65,Active,,
S003988,C003988,P3,2024-04-06,Monthly,199.0,Active,,
S003989,C003989,P4,2025-03-07,Annual,424.15,Active,,
S003990,C003990,P4,2024-09-19,Annual,424.15,Active,,
S003991,C003991,P4,2024-02-03,Monthly,499.0,Active,,
S003992,C003992,P1,2024-11-25,Annual,24.65,Active,,
S003993,C003993,P1,2025-07-10,Monthly,29.0,Churned,2026-02-20,Low engagement
S003994,C003994,P2,2024-11-17,Monthly,79.0,Churned,2025-06-26,Price
S003995,C003995,P2,2024-06-15,Monthly,79.0,Active,,
S003996,C003996,P1,2025-06-19,Monthly,29.0,Churned,2026-08-07,Low engagement
S003997,C003997,P2,2024-07-10,Monthly,79.0,Active,,
S003998,C003998,P1,2024-05-20,Monthly,29.0,Churned,2026-02-12,Low engagement
S003999,C003999,P1,2026-08-05,Monthly,29.0,Active,,
S004000,C004000,P3,2025-07-10,Monthly,199.0,Churned,2026-02-13,Missing feature
S004001,C004001,P3,2026-04-02,Annual,169.15,Active,,
S004002,C004002,P2,2024-08-05,Monthly,79.0,Active,,
S004003,C004003,P3,2025-06-02,Monthly,199.0,Active,,
S004004,C004004,P2,2024-05-14,Monthly,79.0,Active,,
S004005,C004005,P3,2025-05-03,Monthly,199.0,Active,,
S004006,C004006,P1,2026-04-07,Annual,24.65,Active,,
S004007,C004007,P1,2026-06-14,Monthly,29.0,Active,,
S004008,C004008,P1,2025-08-20,Monthly,29.0,Active,,
S004009,C004009,P1,2024-12-01,Monthly,29.0,Churned,2025-07-19,Support experience
S004010,C004010,P1,2026-02-21,Monthly,29.0,Active,,
S004011,C004011,P2,2025-11-15,Monthly,79.0,Active,,
S004012,C004012,P1,2025-07-01,Monthly,29.0,Active,,
S004013,C004013,P4,2025-07-03,Annual,424.15,Active,,
S004014,C004014,P1,2025-07-27,Monthly,29.0,Active,,
S004015,C004015,P2,2025-02-13,Annual,67.15,Active,,
S004016,C004016,P3,2025-08-26,Monthly,199.0,Active,,
S004017,C004017,P1,2024-03-15,Monthly,29.0,Churned,2024-12-27,Other
S004018,C004018,P1,2025-09-04,Annual,24.65,Active,,
S004019,C004019,P2,2025-07-21,Monthly,79.0,Churned,2025-12-24,Low engagement
S004020,C004020,P3,2025-05-14,Annual,169.15,Active,,
S004021,C004021,P1,2025-02-11,Monthly,29.0,Active,,
S004022,C004022,P1,2025-11-06,Monthly,29.0,Churned,2025-11-10,Payment issue
S004023,C004023,P1,2025-07-13,Annual,24.65,Churned,2026-07-12,Low engagement
S004024,C004024,P3,2024-05-27,Annual,169.15,Active,,
S004025,C004025,P3,2025-03-07,Monthly,199.0,Active,,
S004026,C004026,P4,2024-04-16,Annual,424.15,Churned,2025-01-08,Company closed
S004027,C004027,P3,2025-04-01,Monthly,199.0,Churned,2026-01-28,Price
S004028,C004028,P3,2025-08-20,Monthly,199.0,Active,,
S004029,C004029,P1,2025-04-25,Annual,24.65,Active,,
S004030,C004030,P2,2025-02-28,Annual,67.15,Active,,
S004031,C004031,P1,2024-12-23,Annual,24.65,Active,,
S004032,C004032,P1,2025-04-19,Monthly,29.0,Churned,2025-06-15,Price
S004033,C004033,P1,2024-04-17,Monthly,29.0,Active,,
S004034,C004034,P1,2026-08-25,Monthly,29.0,Active,,
S004035,C004035,P1,2025-09-01,Monthly,29.0,Active,,
S004036,C004036,P1,2025-11-07,Monthly,29.0,Churned,2026-03-07,Other
S004037,C004037,P2,2024-09-02,Annual,67.15,Active,,
S004038,C004038,P3,2026-07-07,Monthly,199.0,Active,,
S004039,C004039,P2,2025-09-07,Annual,67.15,Active,,
S004040,C004040,P4,2025-05-13,Monthly,499.0,Active,,
S004041,C004041,P2,2026-01-20,Monthly,79.0,Churned,2026-03-20,Support experience
S004042,C004042,P2,2025-01-25,Annual,67.15,Churned,2025-03-18,Missing feature
S004043,C004043,P1,2026-07-17,Monthly,29.0,Active,,
S004044,C004044,P3,2024-08-02,Annual,169.15,Active,,
S004045,C004045,P1,2026-04-03,Monthly,29.0,Active,,
S004046,C004046,P1,2026-08-13,Monthly,29.0,Active,,
S004047,C004047,P1,2025-07-18,Monthly,29.0,Churned,2026-01-16,Support experience
S004048,C004048,P2,2026-06-24,Monthly,79.0,Active,,
S004049,C004049,P2,2024-04-11,Monthly,79.0,Active,,
S004050,C004050,P3,2025-11-05,Monthly,199.0,Active,,
S004051,C004051,P4,2025-03-04,Monthly,499.0,Active,,
S004052,C004052,P3,2025-03-18,Monthly,199.0,Active,,
S004053,C004053,P2,2025-06-28,Monthly,79.0,Active,,
S004054,C004054,P2,2025-10-02,Annual,67.15,Active,,
S004055,C004055,P3,2025-11-01,Monthly,199.0,Active,,
S004056,C004056,P3,2024-12-01,Annual,169.15,Active,,
S004057,C004057,P1,2025-04-16,Monthly,29.0,Churned,2026-07-12,Payment issue
S004058,C004058,P4,2024-11-09,Monthly,499.0,Active,,
S004059,C004059,P1,2025-11-24,Monthly,29.0,Churned,2026-02-25,Support experience
S004060,C004060,P3,2024-05-23,Annual,169.15,Churned,2026-02-08,Missing feature
S004061,C004061,P4,2025-05-15,Monthly,499.0,Active,,
S004062,C004062,P3,2026-08-02,Annual,169.15,Active,,
S004063,C004063,P2,2026-08-16,Annual,67.15,Active,,
S004064,C004064,P1,2025-08-11,Monthly,29.0,Churned,2026-05-17,Support experience
S004065,C004065,P2,2024-11-24,Annual,67.15,Active,,
S004066,C004066,P2,2025-10-21,Annual,67.15,Active,,
S004067,C004067,P1,2025-07-27,Annual,24.65,Active,,
S004068,C004068,P3,2024-03-11,Monthly,199.0,Active,,
S004069,C004069,P2,2026-08-10,Monthly,79.0,Active,,
S004070,C004070,P1,2025-02-14,Monthly,29.0,Churned,2025-08-19,Payment issue
S004071,C004071,P1,2025-04-24,Monthly,29.0,Churned,2026-07-06,Low engagement
S004072,C004072,P1,2025-08-15,Monthly,29.0,Active,,
S004073,C004073,P1,2026-06-10,Monthly,29.0,Active,,
S004074,C004074,P2,2026-04-26,Annual,67.15,Active,,
S004075,C004075,P1,2024-10-11,Annual,24.65,Active,,
S004076,C004076,P1,2026-01-25,Monthly,29.0,Active,,
S004077,C004077,P1,2026-06-18,Annual,24.65,Active,,
S004078,C004078,P1,2026-01-02,Monthly,29.0,Active,,
S004079,C004079,P2,2024-07-14,Annual,67.15,Active,,
S004080,C004080,P2,2025-09-20,Monthly,79.0,Active,,
S004081,C004081,P2,2026-05-26,Monthly,79.0,Active,,
S004082,C004082,P2,2024-09-16,Monthly,79.0,Active,,
S004083,C004083,P3,2025-09-01,Monthly,199.0,Churned,2026-05-20,Payment issue
S004084,C004084,P1,2025-12-10,Monthly,29.0,Churned,2025-12-24,Low engagement
S004085,C004085,P2,2025-11-28,Monthly,79.0,Active,,
S004086,C004086,P3,2024-05-14,Monthly,199.0,Churned,2025-03-18,Low engagement
S004087,C004087,P1,2024-12-11,Monthly,29.0,Churned,2025-11-05,Missing feature
S004088,C004088,P2,2025-09-25,Monthly,79.0,Churned,2025-11-13,Payment issue
S004089,C004089,P2,2024-10-12,Monthly,79.0,Churned,2025-11-19,Low engagement
S004090,C004090,P1,2025-02-22,Monthly,29.0,Churned,2025-09-07,Low engagement
S004091,C004091,P2,2025-05-01,Annual,67.15,Active,,
S004092,C004092,P3,2024-01-16,Annual,169.15,Churned,2025-02-17,Payment issue
S004093,C004093,P3,2025-08-01,Monthly,199.0,Active,,
S004094,C004094,P1,2026-08-05,Monthly,29.0,Active,,
S004095,C004095,P2,2025-05-16,Monthly,79.0,Churned,2025-10-07,Payment issue
S004096,C004096,P3,2024-12-18,Monthly,199.0,Active,,
S004097,C004097,P2,2024-11-04,Monthly,79.0,Churned,2026-07-16,Missing feature
S004098,C004098,P1,2025-08-14,Monthly,29.0,Churned,2026-04-21,Other
S004099,C004099,P3,2025-06-12,Monthly,199.0,Active,,
S004100,C004100,P3,2026-05-13,Monthly,199.0,Active,,
S004101,C004101,P2,2025-11-23,Monthly,79.0,Active,,
S004102,C004102,P4,2025-04-27,Annual,424.15,Active,,
S004103,C004103,P2,2025-04-03,Monthly,79.0,Churned,2026-04-12,Missing feature
S004104,C004104,P1,2025-09-28,Monthly,29.0,Active,,
S004105,C004105,P3,2024-11-02,Monthly,199.0,Active,,
S004106,C004106,P1,2025-05-27,Monthly,29.0,Active,,
S004107,C004107,P3,2024-12-18,Annual,169.15,Active,,
S004108,C004108,P4,2025-08-21,Annual,424.15,Churned,2026-01-13,Low engagement
S004109,C004109,P2,2025-09-07,Annual,67.15,Active,,
S004110,C004110,P2,2026-05-17,Monthly,79.0,Active,,
S004111,C004111,P1,2024-11-17,Annual,24.65,Active,,
S004112,C004112,P3,2026-06-09,Monthly,199.0,Active,,
S004113,C004113,P4,2025-08-15,Monthly,499.0,Churned,2026-02-22,Payment issue
S004114,C004114,P2,2026-02-27,Monthly,79.0,Active,,
S004115,C004115,P3,2025-11-04,Monthly,199.0,Active,,
S004116,C004116,P1,2026-04-13,Monthly,29.0,Active,,
S004117,C004117,P1,2025-12-10,Annual,24.65,Churned,2025-12-10,Other
S004118,C004118,P3,2024-01-06,Annual,169.15,Active,,
S004119,C004119,P1,2025-04-14,Monthly,29.0,Active,,
S004120,C004120,P2,2026-07-04,Monthly,79.0,Active,,
S004121,C004121,P4,2025-06-04,Monthly,499.0,Active,,
S004122,C004122,P2,2026-04-24,Monthly,79.0,Active,,
S004123,C004123,P3,2026-05-09,Annual,169.15,Active,,
S004124,C004124,P2,2025-02-10,Monthly,79.0,Churned,2025-11-16,Low engagement
S004125,C004125,P4,2026-05-19,Annual,424.15,Active,,
S004126,C004126,P1,2025-04-22,Monthly,29.0,Active,,
S004127,C004127,P1,2024-02-25,Monthly,29.0,Active,,
S004128,C004128,P1,2026-01-18,Monthly,29.0,Active,,
S004129,C004129,P4,2026-04-08,Monthly,499.0,Active,,
S004130,C004130,P3,2025-06-08,Annual,169.15,Active,,
S004131,C004131,P4,2024-08-20,Monthly,499.0,Churned,2025-08-17,Price
S004132,C004132,P2,2025-11-24,Monthly,79.0,Active,,
S004133,C004133,P1,2026-02-26,Monthly,29.0,Churned,2026-08-27,Low engagement
S004134,C004134,P1,2025-12-24,Monthly,29.0,Churned,2026-04-11,Low engagement
S004135,C004135,P1,2025-03-18,Annual,24.65,Active,,
S004136,C004136,P1,2025-03-05,Annual,24.65,Churned,2025-10-07,Missing feature
S004137,C004137,P3,2025-09-12,Annual,169.15,Active,,
S004138,C004138,P2,2024-09-04,Monthly,79.0,Active,,
S004139,C004139,P3,2026-05-13,Monthly,199.0,Active,,
S004140,C004140,P2,2024-05-17,Monthly,79.0,Active,,
S004141,C004141,P2,2025-07-19,Monthly,79.0,Active,,
S004142,C004142,P1,2026-05-07,Monthly,29.0,Active,,
S004143,C004143,P1,2025-08-20,Annual,24.65,Active,,
S004144,C004144,P2,2026-03-10,Annual,67.15,Active,,
S004145,C004145,P1,2024-11-20,Monthly,29.0,Churned,2026-08-25,Other
S004146,C004146,P3,2025-06-27,Annual,169.15,Active,,
S004147,C004147,P2,2026-01-09,Annual,67.15,Active,,
S004148,C004148,P2,2026-06-05,Annual,67.15,Active,,
S004149,C004149,P1,2025-12-28,Monthly,29.0,Active,,
S004150,C004150,P1,2024-11-14,Monthly,29.0,Churned,2026-05-25,Low engagement
S004151,C004151,P1,2024-07-07,Monthly,29.0,Active,,
S004152,C004152,P1,2026-05-09,Annual,24.65,Active,,
S004153,C004153,P1,2025-09-14,Monthly,29.0,Active,,
S004154,C004154,P2,2024-09-10,Monthly,79.0,Active,,
S004155,C004155,P3,2025-07-26,Annual,169.15,Active,,
S004156,C004156,P1,2024-06-11,Monthly,29.0,Active,,
S004157,C004157,P3,2024-05-14,Annual,169.15,Churned,2024-11-25,Payment issue
S004158,C004158,P1,2026-07-08,Monthly,29.0,Active,,
S004159,C004159,P1,2025-09-20,Monthly,29.0,Churned,2026-03-15,Support experience
S004160,C004160,P1,2024-11-22,Monthly,29.0,Churned,2025-02-13,Low engagement
S004161,C004161,P1,2026-06-16,Monthly,29.0,Active,,
S004162,C004162,P1,2026-08-23,Monthly,29.0,Active,,
S004163,C004163,P3,2026-06-08,Monthly,199.0,Active,,
S004164,C004164,P1,2026-02-16,Monthly,29.0,Active,,
S004165,C004165,P2,2026-08-21,Monthly,79.0,Active,,
S004166,C004166,P1,2024-09-26,Monthly,29.0,Churned,2025-12-16,Low engagement
S004167,C004167,P2,2026-06-10,Annual,67.15,Active,,
S004168,C004168,P1,2025-03-04,Monthly,29.0,Active,,
S004169,C004169,P1,2024-02-22,Monthly,29.0,Churned,2025-12-25,Other
S004170,C004170,P1,2024-02-15,Monthly,29.0,Churned,2024-06-22,Price
S004171,C004171,P3,2024-09-02,Annual,169.15,Active,,
S004172,C004172,P3,2026-03-24,Annual,169.15,Active,,
S004173,C004173,P4,2026-06-14,Annual,424.15,Active,,
S004174,C004174,P2,2024-06-18,Monthly,79.0,Active,,
S004175,C004175,P2,2026-05-11,Annual,67.15,Active,,
S004176,C004176,P1,2026-03-28,Monthly,29.0,Active,,
S004177,C004177,P1,2024-03-13,Monthly,29.0,Active,,
S004178,C004178,P3,2026-02-17,Annual,169.15,Churned,2026-07-19,Low engagement
S004179,C004179,P2,2024-02-16,Monthly,79.0,Active,,
S004180,C004180,P2,2024-12-27,Monthly,79.0,Churned,2026-06-18,Price
S004181,C004181,P4,2025-08-18,Monthly,499.0,Churned,2026-04-23,Missing feature
S004182,C004182,P1,2026-06-03,Monthly,29.0,Active,,
S004183,C004183,P2,2024-05-24,Annual,67.15,Active,,
S004184,C004184,P1,2025-03-02,Annual,24.65,Active,,
S004185,C004185,P4,2025-10-15,Monthly,499.0,Active,,
S004186,C004186,P2,2026-02-10,Monthly,79.0,Active,,
S004187,C004187,P1,2026-06-14,Monthly,29.0,Active,,
S004188,C004188,P3,2025-06-24,Monthly,199.0,Active,,
S004189,C004189,P2,2026-05-04,Monthly,79.0,Active,,
S004190,C004190,P1,2025-11-02,Monthly,29.0,Active,,
S004191,C004191,P1,2024-09-26,Monthly,29.0,Churned,2025-11-16,Low engagement
S004192,C004192,P2,2025-10-08,Annual,67.15,Active,,
S004193,C004193,P2,2025-01-13,Monthly,79.0,Active,,
S004194,C004194,P3,2026-01-28,Monthly,199.0,Active,,
S004195,C004195,P1,2024-12-21,Annual,24.65,Active,,
S004196,C004196,P1,2024-12-18,Annual,24.65,Active,,
S004197,C004197,P1,2026-07-01,Monthly,29.0,Active,,
S004198,C004198,P3,2026-06-12,Monthly,199.0,Active,,
S004199,C004199,P2,2025-06-15,Monthly,79.0,Churned,2026-06-28,Low engagement
S004200,C004200,P1,2026-03-03,Monthly,29.0,Active,,
S004201,C004201,P2,2026-08-19,Monthly,79.0,Active,,
S004202,C004202,P3,2024-05-22,Monthly,199.0,Churned,2024-07-09,Price
S004203,C004203,P2,2025-10-11,Monthly,79.0,Active,,
S004204,C004204,P1,2024-11-26,Monthly,29.0,Active,,
S004205,C004205,P4,2026-04-27,Monthly,499.0,Active,,
S004206,C004206,P2,2024-05-21,Annual,67.15,Active,,
S004207,C004207,P1,2026-03-09,Monthly,29.0,Active,,
S004208,C004208,P1,2024-09-04,Monthly,29.0,Churned,2026-03-11,Support experience
S004209,C004209,P2,2025-06-20,Monthly,79.0,Active,,
S004210,C004210,P2,2026-04-15,Monthly,79.0,Active,,
S004211,C004211,P2,2024-04-21,Monthly,79.0,Active,,
S004212,C004212,P1,2026-07-12,Annual,24.65,Active,,
S004213,C004213,P1,2024-10-05,Monthly,29.0,Active,,
S004214,C004214,P1,2025-07-26,Monthly,29.0,Active,,
S004215,C004215,P1,2026-02-27,Monthly,29.0,Active,,
S004216,C004216,P1,2024-06-22,Annual,24.65,Active,,
S004217,C004217,P4,2025-11-01,Monthly,499.0,Active,,
S004218,C004218,P1,2025-08-23,Monthly,29.0,Active,,
S004219,C004219,P4,2025-10-28,Annual,424.15,Active,,
S004220,C004220,P3,2025-12-12,Annual,169.15,Churned,2026-08-28,Payment issue
S004221,C004221,P2,2025-05-15,Monthly,79.0,Churned,2026-08-18,Payment issue
S004222,C004222,P2,2025-01-01,Monthly,79.0,Active,,
S004223,C004223,P2,2024-09-17,Monthly,79.0,Churned,2025-08-13,Missing feature
S004224,C004224,P2,2026-07-22,Monthly,79.0,Active,,
S004225,C004225,P1,2025-04-06,Monthly,29.0,Churned,2026-06-14,Payment issue
S004226,C004226,P4,2024-12-18,Annual,424.15,Active,,
S004227,C004227,P2,2024-03-08,Monthly,79.0,Active,,
S004228,C004228,P2,2026-02-04,Monthly,79.0,Active,,
S004229,C004229,P2,2025-08-01,Monthly,79.0,Churned,2025-10-13,Payment issue
S004230,C004230,P1,2024-09-22,Monthly,29.0,Churned,2026-05-12,Low engagement
S004231,C004231,P4,2026-06-06,Monthly,499.0,Churned,2026-07-27,Support experience
S004232,C004232,P2,2026-07-05,Monthly,79.0,Active,,
S004233,C004233,P4,2026-06-27,Monthly,499.0,Active,,
S004234,C004234,P4,2025-09-21,Monthly,499.0,Active,,
S004235,C004235,P1,2025-03-08,Monthly,29.0,Active,,
S004236,C004236,P2,2024-08-20,Monthly,79.0,Active,,
S004237,C004237,P1,2025-04-14,Monthly,29.0,Active,,
S004238,C004238,P3,2025-11-01,Monthly,199.0,Active,,
S004239,C004239,P2,2024-10-08,Monthly,79.0,Active,,
S004240,C004240,P4,2025-06-22,Annual,424.15,Active,,
S004241,C004241,P3,2025-10-21,Annual,169.15,Churned,2025-12-20,Low engagement
S004242,C004242,P3,2026-02-12,Monthly,199.0,Active,,
S004243,C004243,P1,2024-05-28,Monthly,29.0,Churned,2024-07-27,Missing feature
S004244,C004244,P2,2026-05-15,Monthly,79.0,Active,,
S004245,C004245,P3,2025-06-01,Annual,169.15,Churned,2025-06-09,Other
S004246,C004246,P1,2025-10-28,Monthly,29.0,Active,,
S004247,C004247,P3,2026-07-01,Monthly,199.0,Active,,
S004248,C004248,P1,2024-08-26,Monthly,29.0,Churned,2025-09-17,Missing feature
S004249,C004249,P2,2026-06-03,Monthly,79.0,Active,,
S004250,C004250,P3,2026-04-11,Monthly,199.0,Active,,
S004251,C004251,P1,2026-08-02,Monthly,29.0,Active,,
S004252,C004252,P2,2025-04-20,Annual,67.15,Active,,
S004253,C004253,P1,2024-06-09,Monthly,29.0,Active,,
S004254,C004254,P1,2024-01-15,Monthly,29.0,Churned,2026-02-05,Price
S004255,C004255,P3,2026-03-06,Annual,169.15,Active,,
S004256,C004256,P1,2024-07-24,Annual,24.65,Active,,
S004257,C004257,P2,2025-01-13,Monthly,79.0,Active,,
S004258,C004258,P2,2026-08-09,Monthly,79.0,Active,,
S004259,C004259,P4,2025-06-01,Annual,424.15,Active,,
S004260,C004260,P2,2024-10-14,Annual,67.15,Active,,
S004261,C004261,P4,2026-02-21,Annual,424.15,Active,,
S004262,C004262,P3,2024-12-04,Monthly,199.0,Churned,2025-11-22,Low engagement
S004263,C004263,P2,2025-08-15,Monthly,79.0,Active,,
S004264,C004264,P3,2024-08-26,Monthly,199.0,Active,,
S004265,C004265,P3,2025-06-25,Monthly,199.0,Active,,
S004266,C004266,P1,2024-06-26,Monthly,29.0,Churned,2024-12-06,Low engagement
S004267,C004267,P1,2026-03-26,Monthly,29.0,Active,,
S004268,C004268,P2,2025-03-08,Annual,67.15,Active,,
S004269,C004269,P3,2025-02-05,Monthly,199.0,Active,,
S004270,C004270,P3,2026-08-17,Annual,169.15,Active,,
S004271,C004271,P4,2026-04-21,Annual,424.15,Active,,
S004272,C004272,P1,2025-09-11,Annual,24.65,Churned,2026-08-27,Low engagement
S004273,C004273,P3,2026-07-07,Monthly,199.0,Active,,
S004274,C004274,P3,2024-10-05,Monthly,199.0,Active,,
S004275,C004275,P1,2025-10-15,Monthly,29.0,Active,,
S004276,C004276,P3,2026-07-02,Monthly,199.0,Active,,
S004277,C004277,P1,2025-09-20,Monthly,29.0,Active,,
S004278,C004278,P3,2025-01-24,Annual,169.15,Churned,2025-07-21,Low engagement
S004279,C004279,P1,2026-04-24,Monthly,29.0,Active,,
S004280,C004280,P3,2024-07-09,Annual,169.15,Active,,
S004281,C004281,P1,2024-07-03,Monthly,29.0,Churned,2025-08-28,Price
S004282,C004282,P1,2026-02-15,Monthly,29.0,Active,,
S004283,C004283,P1,2024-04-21,Annual,24.65,Churned,2026-02-11,Low engagement
S004284,C004284,P1,2024-03-26,Monthly,29.0,Active,,
S004285,C004285,P3,2025-04-04,Monthly,199.0,Active,,
S004286,C004286,P1,2025-04-01,Monthly,29.0,Active,,
S004287,C004287,P2,2025-06-04,Annual,67.15,Active,,
S004288,C004288,P1,2026-02-16,Annual,24.65,Active,,
S004289,C004289,P4,2025-09-05,Monthly,499.0,Active,,
S004290,C004290,P1,2026-01-27,Monthly,29.0,Active,,
S004291,C004291,P2,2024-03-10,Annual,67.15,Churned,2024-07-11,Low engagement
S004292,C004292,P1,2025-01-23,Monthly,29.0,Active,,
S004293,C004293,P1,2026-08-10,Monthly,29.0,Active,,
S004294,C004294,P1,2025-05-07,Monthly,29.0,Active,,
S004295,C004295,P4,2024-10-03,Monthly,499.0,Churned,2025-08-27,Low engagement
S004296,C004296,P1,2026-08-06,Monthly,29.0,Active,,
S004297,C004297,P1,2025-05-22,Monthly,29.0,Active,,
S004298,C004298,P2,2025-07-22,Monthly,79.0,Churned,2026-08-05,Other
S004299,C004299,P1,2024-10-19,Monthly,29.0,Active,,
S004300,C004300,P4,2025-12-03,Monthly,499.0,Churned,2026-03-24,Payment issue
S004301,C004301,P1,2024-10-09,Monthly,29.0,Churned,2025-05-28,Price
S004302,C004302,P4,2025-11-17,Monthly,499.0,Active,,
S004303,C004303,P4,2026-03-27,Annual,424.15,Active,,
S004304,C004304,P1,2025-12-07,Annual,24.65,Active,,
S004305,C004305,P3,2024-05-06,Monthly,199.0,Churned,2026-03-06,Other
S004306,C004306,P3,2024-04-24,Monthly,199.0,Active,,
S004307,C004307,P2,2026-05-14,Monthly,79.0,Active,,
S004308,C004308,P1,2026-06-11,Annual,24.65,Active,,
S004309,C004309,P4,2024-07-11,Monthly,499.0,Churned,2026-01-23,Company closed
S004310,C004310,P1,2025-04-12,Annual,24.65,Active,,
S004311,C004311,P2,2025-12-14,Annual,67.15,Active,,
S004312,C004312,P2,2026-05-23,Monthly,79.0,Active,,
S004313,C004313,P2,2026-06-20,Monthly,79.0,Active,,
S004314,C004314,P3,2026-01-03,Annual,169.15,Active,,
S004315,C004315,P3,2024-07-04,Monthly,199.0,Active,,
S004316,C004316,P2,2026-03-17,Monthly,79.0,Active,,
S004317,C004317,P4,2026-05-24,Monthly,499.0,Active,,
S004318,C004318,P3,2025-03-27,Monthly,199.0,Active,,
S004319,C004319,P3,2025-07-26,Monthly,199.0,Active,,
S004320,C004320,P1,2024-08-19,Monthly,29.0,Active,,
S004321,C004321,P4,2025-01-07,Annual,424.15,Active,,
S004322,C004322,P1,2026-05-03,Monthly,29.0,Active,,
S004323,C004323,P2,2024-05-21,Annual,67.15,Churned,2024-11-05,Support experience
S004324,C004324,P1,2026-03-26,Annual,24.65,Active,,
S004325,C004325,P1,2024-05-12,Monthly,29.0,Churned,2025-01-28,Payment issue
S004326,C004326,P1,2025-01-04,Monthly,29.0,Active,,
S004327,C004327,P3,2025-10-21,Monthly,199.0,Active,,
S004328,C004328,P2,2024-01-11,Monthly,79.0,Active,,
S004329,C004329,P3,2025-12-18,Monthly,199.0,Active,,
S004330,C004330,P2,2025-02-06,Annual,67.15,Active,,
S004331,C004331,P1,2026-02-10,Annual,24.65,Active,,
S004332,C004332,P4,2026-08-21,Annual,424.15,Active,,
S004333,C004333,P1,2025-05-24,Monthly,29.0,Churned,2026-04-22,Support experience
S004334,C004334,P2,2024-02-08,Monthly,79.0,Churned,2025-11-19,Payment issue
S004335,C004335,P3,2026-05-23,Monthly,199.0,Active,,
S004336,C004336,P2,2024-12-08,Monthly,79.0,Active,,
S004337,C004337,P2,2024-07-21,Monthly,79.0,Churned,2025-12-14,Missing feature
S004338,C004338,P1,2026-06-12,Monthly,29.0,Active,,
S004339,C004339,P2,2024-11-20,Annual,67.15,Active,,
S004340,C004340,P3,2025-10-09,Annual,169.15,Active,,
S004341,C004341,P2,2024-11-03,Annual,67.15,Churned,2024-12-16,Support experience
S004342,C004342,P2,2026-01-22,Monthly,79.0,Active,,
S004343,C004343,P2,2025-12-01,Annual,67.15,Active,,
S004344,C004344,P2,2025-08-15,Annual,67.15,Active,,
S004345,C004345,P3,2025-09-02,Monthly,199.0,Active,,
S004346,C004346,P4,2024-10-16,Annual,424.15,Churned,2025-04-27,Missing feature
S004347,C004347,P2,2024-02-04,Annual,67.15,Active,,
S004348,C004348,P3,2026-04-05,Annual,169.15,Active,,
S004349,C004349,P2,2026-06-28,Annual,67.15,Active,,
S004350,C004350,P3,2026-03-26,Monthly,199.0,Active,,
S004351,C004351,P1,2026-01-13,Monthly,29.0,Active,,
S004352,C004352,P1,2025-07-10,Monthly,29.0,Active,,
S004353,C004353,P3,2025-10-20,Annual,169.15,Active,,
S004354,C004354,P1,2026-01-11,Annual,24.65,Active,,
S004355,C004355,P3,2024-02-05,Monthly,199.0,Active,,
S004356,C004356,P3,2025-05-07,Annual,169.15,Churned,2026-01-05,Price
S004357,C004357,P3,2024-10-18,Annual,169.15,Active,,
S004358,C004358,P2,2025-03-27,Monthly,79.0,Active,,
S004359,C004359,P1,2026-02-19,Monthly,29.0,Active,,
S004360,C004360,P2,2025-03-17,Monthly,79.0,Active,,
S004361,C004361,P3,2026-02-22,Monthly,199.0,Active,,
S004362,C004362,P2,2026-08-02,Monthly,79.0,Active,,
S004363,C004363,P4,2026-07-18,Monthly,499.0,Active,,
S004364,C004364,P4,2026-04-06,Annual,424.15,Active,,
S004365,C004365,P3,2026-05-12,Monthly,199.0,Active,,
S004366,C004366,P1,2025-04-14,Annual,24.65,Active,,
S004367,C004367,P1,2026-02-21,Monthly,29.0,Active,,
S004368,C004368,P1,2025-12-06,Monthly,29.0,Churned,2026-06-27,Support experience
S004369,C004369,P1,2026-08-27,Monthly,29.0,Active,,
S004370,C004370,P3,2025-10-17,Monthly,199.0,Active,,
S004371,C004371,P1,2025-05-10,Monthly,29.0,Active,,
S004372,C004372,P2,2026-05-09,Monthly,79.0,Active,,
S004373,C004373,P1,2026-02-03,Monthly,29.0,Active,,
S004374,C004374,P1,2024-06-10,Monthly,29.0,Active,,
S004375,C004375,P2,2025-10-04,Annual,67.15,Active,,
S004376,C004376,P2,2025-10-23,Monthly,79.0,Churned,2026-01-22,Low engagement
S004377,C004377,P2,2025-11-23,Monthly,79.0,Active,,
S004378,C004378,P1,2026-07-15,Monthly,29.0,Active,,
S004379,C004379,P2,2025-10-28,Monthly,79.0,Active,,
S004380,C004380,P2,2026-05-04,Monthly,79.0,Active,,
S004381,C004381,P1,2025-03-25,Monthly,29.0,Churned,2026-03-13,Low engagement
S004382,C004382,P2,2024-03-11,Monthly,79.0,Churned,2024-07-15,Low engagement
S004383,C004383,P2,2025-03-22,Monthly,79.0,Active,,
S004384,C004384,P1,2025-08-26,Monthly,29.0,Active,,
S004385,C004385,P2,2026-04-04,Monthly,79.0,Active,,
S004386,C004386,P4,2025-11-24,Monthly,499.0,Active,,
S004387,C004387,P1,2025-06-28,Monthly,29.0,Active,,
S004388,C004388,P1,2025-06-22,Monthly,29.0,Churned,2026-04-26,Payment issue
S004389,C004389,P3,2026-08-05,Annual,169.15,Active,,
S004390,C004390,P1,2024-07-24,Monthly,29.0,Active,,
S004391,C004391,P2,2024-10-08,Monthly,79.0,Active,,
S004392,C004392,P4,2025-11-03,Annual,424.15,Active,,
S004393,C004393,P2,2026-01-19,Monthly,79.0,Active,,
S004394,C004394,P3,2025-04-04,Monthly,199.0,Active,,
S004395,C004395,P1,2024-02-16,Monthly,29.0,Active,,
S004396,C004396,P3,2025-08-01,Annual,169.15,Churned,2025-12-12,Other
S004397,C004397,P2,2024-07-21,Monthly,79.0,Active,,
S004398,C004398,P3,2024-03-04,Monthly,199.0,Churned,2024-09-09,Payment issue
S004399,C004399,P1,2025-02-19,Monthly,29.0,Active,,
S004400,C004400,P4,2024-07-24,Annual,424.15,Churned,2025-07-05,Low engagement
S004401,C004401,P3,2025-06-03,Annual,169.15,Active,,
S004402,C004402,P4,2026-03-02,Annual,424.15,Active,,
S004403,C004403,P1,2024-03-25,Monthly,29.0,Active,,
S004404,C004404,P1,2025-07-14,Monthly,29.0,Active,,
S004405,C004405,P1,2025-07-15,Monthly,29.0,Active,,
S004406,C004406,P1,2024-01-07,Annual,24.65,Active,,
S004407,C004407,P4,2026-02-14,Annual,424.15,Active,,
S004408,C004408,P1,2024-05-24,Monthly,29.0,Active,,
S004409,C004409,P3,2026-07-24,Annual,169.15,Active,,
S004410,C004410,P2,2025-11-23,Monthly,79.0,Active,,
S004411,C004411,P1,2025-01-09,Monthly,29.0,Churned,2025-08-14,Price
S004412,C004412,P2,2026-07-22,Monthly,79.0,Active,,
S004413,C004413,P3,2025-04-13,Monthly,199.0,Active,,
S004414,C004414,P2,2024-12-11,Monthly,79.0,Active,,
S004415,C004415,P1,2025-04-10,Monthly,29.0,Churned,2025-08-21,Other
S004416,C004416,P3,2025-11-26,Annual,169.15,Active,,
S004417,C004417,P1,2026-02-05,Monthly,29.0,Active,,
S004418,C004418,P3,2025-12-26,Annual,169.15,Active,,
S004419,C004419,P2,2026-07-26,Monthly,79.0,Active,,
S004420,C004420,P1,2026-07-19,Monthly,29.0,Active,,
S004421,C004421,P1,2024-09-01,Monthly,29.0,Active,,
S004422,C004422,P2,2026-06-18,Monthly,79.0,Active,,
S004423,C004423,P3,2024-05-04,Monthly,199.0,Active,,
S004424,C004424,P1,2026-07-10,Monthly,29.0,Active,,
S004425,C004425,P1,2024-12-03,Monthly,29.0,Active,,
S004426,C004426,P1,2024-12-21,Annual,24.65,Active,,
S004427,C004427,P1,2025-05-14,Annual,24.65,Active,,
S004428,C004428,P1,2024-09-27,Monthly,29.0,Active,,
S004429,C004429,P1,2026-04-20,Monthly,29.0,Active,,
S004430,C004430,P1,2024-06-09,Monthly,29.0,Active,,
S004431,C004431,P1,2025-06-22,Annual,24.65,Active,,
S004432,C004432,P4,2026-06-09,Monthly,499.0,Active,,
S004433,C004433,P2,2025-11-08,Monthly,79.0,Active,,
S004434,C004434,P2,2025-11-08,Annual,67.15,Active,,
S004435,C004435,P1,2026-08-20,Annual,24.65,Active,,
S004436,C004436,P2,2024-02-28,Monthly,79.0,Churned,2024-07-13,Missing feature
S004437,C004437,P4,2025-02-24,Annual,424.15,Active,,
S004438,C004438,P1,2024-06-16,Monthly,29.0,Churned,2024-09-17,Missing feature
S004439,C004439,P2,2024-09-01,Annual,67.15,Active,,
S004440,C004440,P1,2024-10-28,Monthly,29.0,Active,,
S004441,C004441,P1,2025-11-11,Monthly,29.0,Active,,
S004442,C004442,P1,2024-12-18,Monthly,29.0,Active,,
S004443,C004443,P3,2025-12-12,Monthly,199.0,Churned,2026-06-14,Low engagement
S004444,C004444,P3,2026-02-09,Annual,169.15,Active,,
S004445,C004445,P2,2025-04-09,Monthly,79.0,Active,,
S004446,C004446,P1,2025-08-17,Monthly,29.0,Active,,
S004447,C004447,P2,2024-07-13,Annual,67.15,Active,,
S004448,C004448,P1,2026-02-05,Monthly,29.0,Active,,
S004449,C004449,P1,2025-05-11,Monthly,29.0,Active,,
S004450,C004450,P1,2026-05-13,Monthly,29.0,Active,,
S004451,C004451,P3,2025-08-18,Annual,169.15,Churned,2025-11-08,Low engagement
S004452,C004452,P4,2026-01-13,Annual,424.15,Active,,
S004453,C004453,P3,2025-03-06,Annual,169.15,Active,,
S004454,C004454,P3,2025-03-17,Annual,169.15,Active,,
S004455,C004455,P3,2025-05-24,Annual,169.15,Active,,
S004456,C004456,P1,2025-11-11,Monthly,29.0,Active,,
S004457,C004457,P3,2025-08-18,Monthly,199.0,Active,,
S004458,C004458,P1,2026-04-13,Monthly,29.0,Active,,
S004459,C004459,P1,2024-03-09,Monthly,29.0,Churned,2024-08-10,Company closed
S004460,C004460,P3,2026-06-25,Monthly,199.0,Active,,
S004461,C004461,P2,2026-07-27,Monthly,79.0,Active,,
S004462,C004462,P1,2024-11-06,Monthly,29.0,Churned,2026-02-05,Price
S004463,C004463,P1,2024-05-18,Monthly,29.0,Churned,2026-01-14,Low engagement
S004464,C004464,P4,2025-10-26,Annual,424.15,Active,,
S004465,C004465,P1,2024-04-16,Monthly,29.0,Active,,
S004466,C004466,P2,2024-10-16,Monthly,79.0,Churned,2026-08-25,Missing feature
S004467,C004467,P3,2025-08-27,Monthly,199.0,Active,,
S004468,C004468,P4,2025-11-18,Annual,424.15,Active,,
S004469,C004469,P4,2024-09-24,Annual,424.15,Active,,
S004470,C004470,P2,2026-07-03,Monthly,79.0,Active,,
S004471,C004471,P3,2024-09-17,Monthly,199.0,Active,,
S004472,C004472,P2,2024-07-05,Monthly,79.0,Active,,
S004473,C004473,P2,2024-08-06,Annual,67.15,Active,,
S004474,C004474,P2,2026-07-21,Monthly,79.0,Active,,
S004475,C004475,P1,2026-06-25,Monthly,29.0,Active,,
S004476,C004476,P3,2024-02-26,Monthly,199.0,Active,,
S004477,C004477,P2,2026-02-22,Monthly,79.0,Active,,
S004478,C004478,P1,2024-04-15,Monthly,29.0,Churned,2024-09-16,Low engagement
S004479,C004479,P3,2024-04-13,Annual,169.15,Churned,2025-07-21,Company closed
S004480,C004480,P4,2024-04-05,Annual,424.15,Churned,2026-08-12,Support experience
S004481,C004481,P1,2026-04-23,Monthly,29.0,Churned,2026-07-11,Low engagement
S004482,C004482,P2,2025-05-23,Monthly,79.0,Active,,
S004483,C004483,P3,2025-09-04,Monthly,199.0,Active,,
S004484,C004484,P3,2024-02-26,Monthly,199.0,Active,,
S004485,C004485,P4,2026-06-10,Monthly,499.0,Active,,
S004486,C004486,P1,2026-08-19,Monthly,29.0,Active,,
S004487,C004487,P2,2024-11-04,Annual,67.15,Active,,
S004488,C004488,P1,2025-12-06,Monthly,29.0,Active,,
S004489,C004489,P3,2025-12-17,Annual,169.15,Active,,
S004490,C004490,P1,2026-08-12,Monthly,29.0,Active,,
S004491,C004491,P1,2025-07-01,Monthly,29.0,Active,,
S004492,C004492,P3,2024-11-27,Annual,169.15,Churned,2026-06-17,Payment issue
S004493,C004493,P3,2025-03-25,Annual,169.15,Active,,
S004494,C004494,P2,2025-11-06,Monthly,79.0,Active,,
S004495,C004495,P2,2025-07-19,Monthly,79.0,Active,,
S004496,C004496,P2,2024-04-05,Monthly,79.0,Churned,2026-08-11,Low engagement
S004497,C004497,P1,2026-04-21,Monthly,29.0,Active,,
S004498,C004498,P1,2026-05-20,Annual,24.65,Active,,
S004499,C004499,P2,2025-07-21,Monthly,79.0,Active,,
S004500,C004500,P2,2025-08-16,Annual,67.15,Active,,
S004501,C004501,P1,2025-07-01,Annual,24.65,Active,,
S004502,C004502,P1,2025-08-06,Annual,24.65,Active,,
S004503,C004503,P2,2024-05-28,Monthly,79.0,Active,,
S004504,C004504,P1,2025-05-18,Monthly,29.0,Active,,
S004505,C004505,P1,2025-06-10,Annual,24.65,Active,,
S004506,C004506,P1,2026-08-27,Monthly,29.0,Active,,
S004507,C004507,P1,2024-03-13,Annual,24.65,Active,,
S004508,C004508,P2,2025-01-24,Monthly,79.0,Active,,
S004509,C004509,P2,2025-07-23,Monthly,79.0,Active,,
S004510,C004510,P1,2026-05-01,Annual,24.65,Active,,
S004511,C004511,P2,2025-06-27,Monthly,79.0,Active,,
S004512,C004512,P2,2025-01-25,Monthly,79.0,Churned,2025-12-22,Support experience
S004513,C004513,P4,2025-08-28,Monthly,499.0,Active,,
S004514,C004514,P2,2025-01-18,Monthly,79.0,Active,,
S004515,C004515,P2,2025-09-20,Monthly,79.0,Churned,2026-05-24,Low engagement
S004516,C004516,P2,2026-01-08,Annual,67.15,Active,,
S004517,C004517,P2,2025-08-05,Monthly,79.0,Churned,2026-03-20,Support experience
S004518,C004518,P2,2025-11-03,Annual,67.15,Active,,
S004519,C004519,P3,2024-02-05,Annual,169.15,Active,,
S004520,C004520,P2,2025-12-28,Monthly,79.0,Churned,2026-05-13,Low engagement
S004521,C004521,P1,2026-08-08,Monthly,29.0,Active,,
S004522,C004522,P3,2025-07-01,Monthly,199.0,Active,,
S004523,C004523,P2,2026-04-20,Annual,67.15,Active,,
S004524,C004524,P2,2025-09-06,Annual,67.15,Active,,
S004525,C004525,P2,2026-01-15,Monthly,79.0,Active,,
S004526,C004526,P2,2025-01-19,Monthly,79.0,Churned,2025-05-14,Payment issue
S004527,C004527,P3,2026-08-17,Monthly,199.0,Active,,
S004528,C004528,P3,2024-10-22,Monthly,199.0,Active,,
S004529,C004529,P1,2024-08-01,Monthly,29.0,Churned,2025-06-17,Price
S004530,C004530,P1,2024-03-08,Annual,24.65,Active,,
S004531,C004531,P4,2025-09-12,Monthly,499.0,Active,,
S004532,C004532,P1,2025-11-21,Annual,24.65,Active,,
S004533,C004533,P3,2025-12-16,Annual,169.15,Active,,
S004534,C004534,P2,2024-08-22,Annual,67.15,Active,,
S004535,C004535,P1,2025-12-21,Monthly,29.0,Active,,
S004536,C004536,P1,2024-08-23,Annual,24.65,Active,,
S004537,C004537,P2,2026-02-18,Monthly,79.0,Active,,
S004538,C004538,P3,2024-12-22,Monthly,199.0,Active,,
S004539,C004539,P2,2025-05-20,Monthly,79.0,Churned,2025-05-27,Low engagement
S004540,C004540,P1,2025-03-01,Annual,24.65,Active,,
S004541,C004541,P1,2025-03-08,Monthly,29.0,Churned,2025-09-13,Price
S004542,C004542,P2,2026-02-25,Monthly,79.0,Active,,
S004543,C004543,P4,2026-08-03,Annual,424.15,Active,,
S004544,C004544,P1,2025-08-16,Annual,24.65,Active,,
S004545,C004545,P1,2025-04-22,Monthly,29.0,Active,,
S004546,C004546,P1,2025-01-13,Monthly,29.0,Churned,2025-04-08,Payment issue
S004547,C004547,P3,2025-11-06,Annual,169.15,Active,,
S004548,C004548,P1,2025-06-01,Annual,24.65,Churned,2025-09-15,Low engagement
S004549,C004549,P3,2026-03-19,Monthly,199.0,Active,,
S004550,C004550,P2,2025-10-17,Monthly,79.0,Active,,
S004551,C004551,P1,2025-05-20,Monthly,29.0,Churned,2026-07-08,Missing feature
S004552,C004552,P2,2026-07-05,Annual,67.15,Active,,
S004553,C004553,P1,2024-01-14,Annual,24.65,Active,,
S004554,C004554,P3,2026-01-16,Monthly,199.0,Active,,
S004555,C004555,P2,2025-05-24,Annual,67.15,Active,,
S004556,C004556,P3,2024-06-06,Monthly,199.0,Churned,2026-05-13,Low engagement
S004557,C004557,P3,2024-05-20,Monthly,199.0,Active,,
S004558,C004558,P2,2025-12-20,Annual,67.15,Active,,
S004559,C004559,P2,2024-07-17,Monthly,79.0,Active,,
S004560,C004560,P3,2026-05-03,Annual,169.15,Churned,2026-08-08,Low engagement
S004561,C004561,P3,2025-01-04,Annual,169.15,Active,,
S004562,C004562,P2,2025-02-17,Monthly,79.0,Active,,
S004563,C004563,P2,2025-12-18,Annual,67.15,Active,,
S004564,C004564,P3,2024-10-19,Monthly,199.0,Active,,
S004565,C004565,P2,2024-01-22,Monthly,79.0,Churned,2026-03-20,Payment issue
S004566,C004566,P3,2025-06-12,Annual,169.15,Active,,
S004567,C004567,P3,2025-08-09,Annual,169.15,Active,,
S004568,C004568,P2,2025-06-26,Monthly,79.0,Active,,
S004569,C004569,P2,2025-06-20,Monthly,79.0,Active,,
S004570,C004570,P1,2025-12-15,Annual,24.65,Active,,
S004571,C004571,P1,2026-05-16,Monthly,29.0,Active,,
S004572,C004572,P3,2025-03-22,Monthly,199.0,Churned,2026-05-06,Low engagement
S004573,C004573,P1,2026-03-09,Annual,24.65,Active,,
S004574,C004574,P1,2024-04-13,Monthly,29.0,Churned,2024-05-13,Low engagement
S004575,C004575,P4,2025-07-02,Annual,424.15,Active,,
S004576,C004576,P2,2025-04-23,Monthly,79.0,Active,,
S004577,C004577,P4,2025-06-15,Monthly,499.0,Active,,
S004578,C004578,P1,2024-05-26,Monthly,29.0,Churned,2025-02-21,Other
S004579,C004579,P1,2024-07-09,Monthly,29.0,Active,,
S004580,C004580,P1,2025-01-12,Monthly,29.0,Churned,2025-03-13,Other
S004581,C004581,P3,2024-12-02,Monthly,199.0,Active,,
S004582,C004582,P3,2025-04-28,Monthly,199.0,Active,,
S004583,C004583,P3,2025-06-10,Annual,169.15,Active,,
S004584,C004584,P4,2024-10-05,Annual,424.15,Active,,
S004585,C004585,P3,2025-11-18,Monthly,199.0,Active,,
S004586,C004586,P2,2025-04-24,Monthly,79.0,Churned,2026-01-10,Payment issue
S004587,C004587,P1,2024-03-04,Monthly,29.0,Active,,
S004588,C004588,P4,2024-11-15,Monthly,499.0,Active,,
S004589,C004589,P1,2025-09-14,Monthly,29.0,Active,,
S004590,C004590,P3,2025-11-04,Monthly,199.0,Active,,
S004591,C004591,P3,2026-04-08,Monthly,199.0,Active,,
S004592,C004592,P2,2024-11-18,Monthly,79.0,Churned,2026-05-22,Low engagement
S004593,C004593,P3,2025-09-28,Monthly,199.0,Active,,
S004594,C004594,P2,2025-07-04,Monthly,79.0,Churned,2025-07-17,Price
S004595,C004595,P2,2026-05-18,Annual,67.15,Active,,
S004596,C004596,P4,2026-02-25,Monthly,499.0,Active,,
S004597,C004597,P1,2024-07-22,Monthly,29.0,Churned,2025-10-05,Company closed
S004598,C004598,P2,2026-08-23,Monthly,79.0,Active,,
S004599,C004599,P2,2025-03-26,Monthly,79.0,Active,,
S004600,C004600,P1,2026-07-19,Monthly,29.0,Active,,
S004601,C004601,P2,2024-12-02,Monthly,79.0,Active,,
S004602,C004602,P2,2025-06-07,Annual,67.15,Active,,
S004603,C004603,P3,2025-09-12,Annual,169.15,Active,,
S004604,C004604,P2,2024-04-27,Monthly,79.0,Churned,2025-08-05,Low engagement
S004605,C004605,P3,2026-01-06,Annual,169.15,Active,,
S004606,C004606,P1,2024-05-24,Monthly,29.0,Churned,2024-07-17,Price
S004607,C004607,P3,2024-08-18,Monthly,199.0,Churned,2025-08-19,Payment issue
S004608,C004608,P1,2025-01-21,Monthly,29.0,Churned,2025-08-07,Low engagement
S004609,C004609,P1,2026-08-03,Monthly,29.0,Active,,
S004610,C004610,P3,2026-08-11,Monthly,199.0,Active,,
S004611,C004611,P3,2025-07-13,Annual,169.15,Churned,2025-10-11,Low engagement
S004612,C004612,P1,2025-08-14,Monthly,29.0,Active,,
S004613,C004613,P3,2024-10-25,Annual,169.15,Churned,2026-04-22,Low engagement
S004614,C004614,P2,2025-05-10,Monthly,79.0,Churned,2026-02-07,Low engagement
S004615,C004615,P2,2026-08-25,Monthly,79.0,Active,,
S004616,C004616,P2,2026-03-24,Monthly,79.0,Active,,
S004617,C004617,P2,2026-01-18,Annual,67.15,Active,,
S004618,C004618,P2,2024-12-09,Monthly,79.0,Active,,
S004619,C004619,P1,2026-03-03,Monthly,29.0,Churned,2026-08-22,Price
S004620,C004620,P1,2026-08-07,Monthly,29.0,Active,,
S004621,C004621,P3,2026-08-17,Annual,169.15,Active,,
S004622,C004622,P4,2025-10-07,Monthly,499.0,Active,,
S004623,C004623,P2,2024-08-26,Monthly,79.0,Active,,
S004624,C004624,P3,2026-08-12,Monthly,199.0,Active,,
S004625,C004625,P2,2025-09-08,Monthly,79.0,Active,,
S004626,C004626,P1,2024-02-18,Monthly,29.0,Churned,2024-04-08,Low engagement
S004627,C004627,P3,2024-04-05,Annual,169.15,Churned,2025-05-22,Support experience
S004628,C004628,P1,2025-10-24,Annual,24.65,Active,,
S004629,C004629,P2,2026-05-16,Monthly,79.0,Churned,2026-05-10,Price
S004630,C004630,P2,2026-07-26,Annual,67.15,Active,,
S004631,C004631,P1,2026-07-24,Monthly,29.0,Active,,
S004632,C004632,P1,2025-10-03,Monthly,29.0,Active,,
S004633,C004633,P2,2026-08-26,Annual,67.15,Active,,
S004634,C004634,P2,2024-07-02,Monthly,79.0,Active,,
S004635,C004635,P2,2024-05-23,Annual,67.15,Churned,2025-04-27,Missing feature
S004636,C004636,P1,2024-02-11,Monthly,29.0,Churned,2026-05-16,Price
S004637,C004637,P1,2026-03-10,Monthly,29.0,Active,,
S004638,C004638,P3,2026-07-23,Monthly,199.0,Active,,
S004639,C004639,P1,2026-05-08,Monthly,29.0,Active,,
S004640,C004640,P1,2026-07-26,Annual,24.65,Active,,
S004641,C004641,P1,2025-09-02,Monthly,29.0,Active,,
S004642,C004642,P2,2026-03-05,Monthly,79.0,Active,,
S004643,C004643,P1,2025-02-11,Monthly,29.0,Churned,2026-08-11,Price
S004644,C004644,P1,2026-03-09,Monthly,29.0,Active,,
S004645,C004645,P1,2026-02-25,Annual,24.65,Active,,
S004646,C004646,P4,2025-05-26,Monthly,499.0,Active,,
S004647,C004647,P3,2024-03-12,Monthly,199.0,Active,,
S004648,C004648,P2,2024-12-17,Monthly,79.0,Churned,2025-03-09,Price
S004649,C004649,P1,2026-06-10,Annual,24.65,Active,,
S004650,C004650,P1,2025-10-12,Monthly,29.0,Active,,
S004651,C004651,P3,2025-04-10,Annual,169.15,Active,,
S004652,C004652,P3,2026-07-07,Annual,169.15,Active,,
S004653,C004653,P2,2025-03-20,Monthly,79.0,Active,,
S004654,C004654,P1,2025-02-04,Annual,24.65,Churned,2025-12-23,Payment issue
S004655,C004655,P2,2026-03-09,Monthly,79.0,Active,,
S004656,C004656,P2,2025-03-04,Monthly,79.0,Churned,2025-04-12,Low engagement
S004657,C004657,P4,2025-06-13,Annual,424.15,Active,,
S004658,C004658,P2,2026-02-19,Monthly,79.0,Active,,
S004659,C004659,P1,2025-05-15,Monthly,29.0,Churned,2025-12-13,Low engagement
S004660,C004660,P2,2025-02-21,Annual,67.15,Active,,
S004661,C004661,P3,2024-01-17,Monthly,199.0,Churned,2025-02-27,Support experience
S004662,C004662,P4,2026-05-11,Annual,424.15,Active,,
S004663,C004663,P1,2025-08-26,Monthly,29.0,Active,,
S004664,C004664,P2,2026-05-17,Monthly,79.0,Active,,
S004665,C004665,P1,2025-11-02,Monthly,29.0,Active,,
S004666,C004666,P1,2024-09-05,Monthly,29.0,Active,,
S004667,C004667,P3,2025-03-19,Monthly,199.0,Active,,
S004668,C004668,P2,2025-05-01,Monthly,79.0,Active,,
S004669,C004669,P3,2026-02-05,Monthly,199.0,Active,,
S004670,C004670,P2,2025-09-03,Monthly,79.0,Active,,
S004671,C004671,P2,2025-11-23,Annual,67.15,Active,,
S004672,C004672,P2,2026-02-03,Monthly,79.0,Active,,
S004673,C004673,P1,2024-12-06,Annual,24.65,Active,,
S004674,C004674,P2,2026-06-28,Monthly,79.0,Active,,
S004675,C004675,P3,2025-06-04,Monthly,199.0,Active,,
S004676,C004676,P2,2025-12-07,Monthly,79.0,Active,,
S004677,C004677,P3,2024-10-23,Annual,169.15,Churned,2025-09-10,Price
S004678,C004678,P1,2024-11-04,Monthly,29.0,Active,,
S004679,C004679,P1,2026-02-07,Monthly,29.0,Churned,2026-04-12,Support experience
S004680,C004680,P3,2025-03-23,Monthly,199.0,Active,,
S004681,C004681,P3,2026-06-01,Monthly,199.0,Active,,
S004682,C004682,P1,2025-12-11,Monthly,29.0,Active,,
S004683,C004683,P3,2025-12-08,Monthly,199.0,Active,,
S004684,C004684,P3,2025-04-06,Monthly,199.0,Churned,2026-01-08,Company closed
S004685,C004685,P4,2026-06-11,Annual,424.15,Active,,
S004686,C004686,P1,2026-07-07,Annual,24.65,Active,,
S004687,C004687,P2,2024-11-22,Monthly,79.0,Active,,
S004688,C004688,P2,2025-08-04,Monthly,79.0,Active,,
S004689,C004689,P3,2026-06-12,Monthly,199.0,Active,,
S004690,C004690,P3,2024-05-03,Monthly,199.0,Churned,2026-02-06,Price
S004691,C004691,P2,2025-01-03,Monthly,79.0,Active,,
S004692,C004692,P1,2026-07-20,Monthly,29.0,Churned,2026-07-20,Payment issue
S004693,C004693,P4,2025-07-13,Annual,424.15,Active,,
S004694,C004694,P2,2026-07-13,Monthly,79.0,Active,,
S004695,C004695,P2,2025-04-08,Annual,67.15,Active,,
S004696,C004696,P4,2025-08-05,Annual,424.15,Active,,
S004697,C004697,P1,2025-06-25,Monthly,29.0,Active,,
S004698,C004698,P1,2025-06-23,Annual,24.65,Active,,
S004699,C004699,P1,2026-07-13,Monthly,29.0,Active,,
S004700,C004700,P3,2026-01-01,Annual,169.15,Active,,
S004701,C004701,P4,2026-07-26,Annual,424.15,Active,,
S004702,C004702,P1,2025-02-13,Monthly,29.0,Active,,
S004703,C004703,P1,2026-08-06,Annual,24.65,Active,,
S004704,C004704,P1,2026-01-04,Monthly,29.0,Active,,
S004705,C004705,P1,2024-07-28,Annual,24.65,Active,,
S004706,C004706,P2,2025-05-01,Monthly,79.0,Churned,2025-09-27,Price
S004707,C004707,P1,2024-11-11,Monthly,29.0,Active,,
S004708,C004708,P1,2024-11-16,Monthly,29.0,Active,,
S004709,C004709,P1,2026-07-09,Monthly,29.0,Active,,
S004710,C004710,P1,2026-08-05,Monthly,29.0,Active,,
S004711,C004711,P2,2024-01-19,Monthly,79.0,Active,,
S004712,C004712,P1,2024-07-02,Monthly,29.0,Churned,2025-06-21,Price
S004713,C004713,P1,2024-12-28,Monthly,29.0,Churned,2026-03-05,Payment issue
S004714,C004714,P3,2026-05-14,Monthly,199.0,Active,,
S004715,C004715,P1,2025-11-21,Monthly,29.0,Active,,
S004716,C004716,P2,2025-09-24,Monthly,79.0,Active,,
S004717,C004717,P2,2025-10-23,Monthly,79.0,Active,,
S004718,C004718,P2,2026-07-14,Monthly,79.0,Active,,
S004719,C004719,P1,2024-12-03,Annual,24.65,Active,,
S004720,C004720,P1,2024-06-03,Monthly,29.0,Churned,2024-12-19,Price
S004721,C004721,P2,2025-11-10,Monthly,79.0,Active,,
S004722,C004722,P1,2026-08-09,Annual,24.65,Active,,
S004723,C004723,P1,2026-01-25,Monthly,29.0,Active,,
S004724,C004724,P2,2026-06-13,Monthly,79.0,Active,,
S004725,C004725,P1,2026-06-28,Monthly,29.0,Active,,
S004726,C004726,P1,2024-10-08,Monthly,29.0,Active,,
S004727,C004727,P3,2026-01-28,Annual,169.15,Churned,2026-06-14,Other
S004728,C004728,P3,2026-05-10,Monthly,199.0,Churned,2026-08-18,Payment issue
S004729,C004729,P2,2024-05-28,Monthly,79.0,Churned,2026-01-27,Support experience
S004730,C004730,P3,2025-12-15,Monthly,199.0,Active,,
S004731,C004731,P1,2024-12-01,Monthly,29.0,Active,,
S004732,C004732,P3,2026-04-27,Monthly,199.0,Active,,
S004733,C004733,P1,2024-10-06,Annual,24.65,Active,,
S004734,C004734,P1,2025-03-23,Monthly,29.0,Active,,
S004735,C004735,P3,2025-12-23,Monthly,199.0,Active,,
S004736,C004736,P2,2025-09-06,Annual,67.15,Active,,
S004737,C004737,P3,2024-06-16,Monthly,199.0,Churned,2025-05-23,Payment issue
S004738,C004738,P2,2024-10-22,Monthly,79.0,Active,,
S004739,C004739,P1,2026-06-27,Annual,24.65,Active,,
S004740,C004740,P1,2026-08-12,Monthly,29.0,Active,,
S004741,C004741,P2,2026-01-12,Monthly,79.0,Active,,
S004742,C004742,P1,2024-01-23,Monthly,29.0,Churned,2024-10-09,Missing feature
S004743,C004743,P3,2026-02-14,Monthly,199.0,Active,,
S004744,C004744,P1,2025-11-18,Monthly,29.0,Active,,
S004745,C004745,P1,2025-05-04,Annual,24.65,Active,,
S004746,C004746,P1,2024-10-20,Annual,24.65,Active,,
S004747,C004747,P1,2024-08-10,Monthly,29.0,Churned,2026-07-11,Other
S004748,C004748,P1,2024-04-11,Annual,24.65,Churned,2024-05-24,Payment issue
S004749,C004749,P3,2025-11-26,Monthly,199.0,Active,,
S004750,C004750,P1,2025-02-20,Monthly,29.0,Churned,2026-03-12,Low engagement
S004751,C004751,P1,2025-08-16,Monthly,29.0,Active,,
S004752,C004752,P1,2025-08-16,Annual,24.65,Active,,
S004753,C004753,P2,2025-11-24,Monthly,79.0,Churned,2026-08-23,Low engagement
S004754,C004754,P1,2025-10-18,Annual,24.65,Active,,
S004755,C004755,P2,2025-08-06,Annual,67.15,Active,,
S004756,C004756,P3,2024-08-16,Monthly,199.0,Active,,
S004757,C004757,P2,2024-02-18,Annual,67.15,Active,,
S004758,C004758,P3,2025-10-02,Monthly,199.0,Active,,
S004759,C004759,P1,2025-05-04,Monthly,29.0,Active,,
S004760,C004760,P4,2025-05-14,Monthly,499.0,Active,,
S004761,C004761,P1,2025-05-17,Monthly,29.0,Active,,
S004762,C004762,P2,2024-06-02,Monthly,79.0,Churned,2026-04-16,Support experience
S004763,C004763,P3,2024-08-13,Monthly,199.0,Active,,
S004764,C004764,P1,2025-12-05,Monthly,29.0,Active,,
S004765,C004765,P1,2025-08-19,Annual,24.65,Churned,2026-04-16,Support experience
S004766,C004766,P1,2025-11-14,Monthly,29.0,Active,,
S004767,C004767,P3,2024-06-03,Monthly,199.0,Active,,
S004768,C004768,P2,2026-04-12,Monthly,79.0,Active,,
S004769,C004769,P2,2025-03-27,Monthly,79.0,Churned,2026-02-18,Low engagement
S004770,C004770,P3,2025-11-02,Monthly,199.0,Active,,
S004771,C004771,P2,2025-06-12,Monthly,79.0,Active,,
S004772,C004772,P1,2025-06-04,Monthly,29.0,Churned,2025-12-16,Low engagement
S004773,C004773,P2,2026-03-26,Monthly,79.0,Active,,
S004774,C004774,P1,2024-06-14,Monthly,29.0,Active,,
S004775,C004775,P1,2024-04-18,Monthly,29.0,Churned,2025-06-13,Missing feature
S004776,C004776,P1,2024-05-28,Monthly,29.0,Active,,
S004777,C004777,P2,2026-08-02,Annual,67.15,Active,,
S004778,C004778,P1,2026-07-14,Annual,24.65,Active,,
S004779,C004779,P2,2026-01-02,Monthly,79.0,Active,,
S004780,C004780,P3,2025-06-22,Monthly,199.0,Churned,2026-08-05,Price
S004781,C004781,P2,2024-05-17,Annual,67.15,Active,,
S004782,C004782,P4,2026-04-13,Monthly,499.0,Active,,
S004783,C004783,P3,2024-09-09,Monthly,199.0,Churned,2025-04-24,Other
S004784,C004784,P2,2024-12-06,Monthly,79.0,Active,,
S004785,C004785,P4,2026-05-26,Annual,424.15,Active,,
S004786,C004786,P3,2024-11-01,Monthly,199.0,Churned,2025-05-08,Company closed
S004787,C004787,P1,2026-05-04,Monthly,29.0,Active,,
S004788,C004788,P2,2026-03-11,Monthly,79.0,Active,,
S004789,C004789,P2,2026-05-11,Annual,67.15,Churned,2026-06-22,Payment issue
S004790,C004790,P3,2025-12-26,Annual,169.15,Active,,
S004791,C004791,P1,2025-03-09,Monthly,29.0,Active,,
S004792,C004792,P1,2025-12-10,Annual,24.65,Churned,2026-06-05,Missing feature
S004793,C004793,P2,2026-04-07,Monthly,79.0,Active,,
S004794,C004794,P4,2026-02-11,Annual,424.15,Active,,
S004795,C004795,P2,2026-05-08,Annual,67.15,Active,,
S004796,C004796,P2,2026-08-20,Monthly,79.0,Active,,
S004797,C004797,P2,2026-01-23,Monthly,79.0,Active,,
S004798,C004798,P2,2026-07-21,Monthly,79.0,Active,,
S004799,C004799,P3,2024-12-23,Monthly,199.0,Active,,
S004800,C004800,P3,2026-08-18,Monthly,199.0,Active,,
S004801,C004801,P2,2026-06-20,Monthly,79.0,Active,,
S004802,C004802,P1,2024-03-10,Monthly,29.0,Churned,2025-05-13,Low engagement
S004803,C004803,P1,2025-10-28,Monthly,29.0,Active,,
S004804,C004804,P2,2025-07-27,Monthly,79.0,Churned,2025-07-20,Low engagement
S004805,C004805,P2,2026-04-02,Monthly,79.0,Active,,
S004806,C004806,P3,2024-06-10,Monthly,199.0,Active,,
S004807,C004807,P2,2025-08-20,Annual,67.15,Active,,
S004808,C004808,P1,2025-07-09,Monthly,29.0,Active,,
S004809,C004809,P2,2025-04-15,Monthly,79.0,Active,,
S004810,C004810,P1,2026-08-24,Monthly,29.0,Active,,
S004811,C004811,P2,2025-09-25,Monthly,79.0,Active,,
S004812,C004812,P2,2025-05-27,Monthly,79.0,Churned,2026-02-23,Payment issue
S004813,C004813,P1,2026-05-19,Monthly,29.0,Active,,
S004814,C004814,P4,2024-07-27,Annual,424.15,Active,,
S004815,C004815,P2,2025-01-19,Monthly,79.0,Active,,
S004816,C004816,P2,2024-12-15,Monthly,79.0,Active,,
S004817,C004817,P1,2026-07-06,Monthly,29.0,Active,,
S004818,C004818,P2,2026-06-25,Annual,67.15,Active,,
S004819,C004819,P2,2025-10-08,Annual,67.15,Active,,
S004820,C004820,P2,2025-02-06,Monthly,79.0,Active,,
S004821,C004821,P2,2025-06-22,Monthly,79.0,Active,,
S004822,C004822,P3,2025-09-25,Annual,169.15,Active,,
S004823,C004823,P4,2025-09-28,Monthly,499.0,Active,,
S004824,C004824,P4,2024-11-22,Monthly,499.0,Active,,
S004825,C004825,P1,2024-07-27,Monthly,29.0,Active,,
S004826,C004826,P2,2026-06-12,Monthly,79.0,Active,,
S004827,C004827,P1,2025-11-03,Annual,24.65,Active,,
S004828,C004828,P1,2024-07-07,Monthly,29.0,Active,,
S004829,C004829,P3,2026-08-05,Annual,169.15,Active,,
S004830,C004830,P4,2025-05-22,Annual,424.15,Active,,
S004831,C004831,P3,2026-02-12,Annual,169.15,Active,,
S004832,C004832,P1,2024-08-13,Monthly,29.0,Churned,2025-07-10,Price
S004833,C004833,P3,2026-07-26,Annual,169.15,Active,,
S004834,C004834,P3,2024-04-28,Monthly,199.0,Churned,2025-05-26,Other
S004835,C004835,P1,2026-07-05,Monthly,29.0,Active,,
S004836,C004836,P3,2026-02-24,Annual,169.15,Active,,
S004837,C004837,P1,2024-10-18,Annual,24.65,Active,,
S004838,C004838,P2,2024-09-23,Annual,67.15,Churned,2024-09-28,Missing feature
S004839,C004839,P1,2026-05-27,Monthly,29.0,Active,,
S004840,C004840,P1,2024-02-10,Monthly,29.0,Churned,2026-07-14,Payment issue
S004841,C004841,P3,2024-06-23,Monthly,199.0,Active,,
S004842,C004842,P1,2025-12-20,Monthly,29.0,Active,,
S004843,C004843,P2,2024-04-19,Monthly,79.0,Active,,
S004844,C004844,P2,2025-09-22,Monthly,79.0,Active,,
S004845,C004845,P1,2025-10-22,Monthly,29.0,Active,,
S004846,C004846,P2,2024-01-12,Monthly,79.0,Active,,
S004847,C004847,P1,2025-04-26,Monthly,29.0,Active,,
S004848,C004848,P3,2024-02-03,Annual,169.15,Churned,2026-08-12,Low engagement
S004849,C004849,P1,2026-08-06,Annual,24.65,Active,,
S004850,C004850,P3,2024-10-21,Monthly,199.0,Churned,2026-01-06,Price
S004851,C004851,P1,2026-01-13,Monthly,29.0,Active,,
S004852,C004852,P4,2025-12-09,Monthly,499.0,Active,,
S004853,C004853,P2,2026-03-15,Monthly,79.0,Churned,2026-06-28,Low engagement
S004854,C004854,P3,2025-02-04,Monthly,199.0,Active,,
S004855,C004855,P2,2024-09-01,Annual,67.15,Active,,
S004856,C004856,P4,2025-08-02,Monthly,499.0,Active,,
S004857,C004857,P2,2026-01-25,Annual,67.15,Active,,
S004858,C004858,P2,2026-02-10,Annual,67.15,Active,,
S004859,C004859,P1,2024-03-26,Monthly,29.0,Active,,
S004860,C004860,P1,2026-02-15,Annual,24.65,Active,,
S004861,C004861,P2,2024-06-09,Monthly,79.0,Active,,
S004862,C004862,P3,2025-08-02,Monthly,199.0,Churned,2026-05-11,Support experience
S004863,C004863,P2,2025-09-04,Monthly,79.0,Active,,
S004864,C004864,P3,2024-06-16,Monthly,199.0,Churned,2026-07-15,Company closed
S004865,C004865,P3,2026-08-18,Annual,169.15,Active,,
S004866,C004866,P1,2025-11-26,Monthly,29.0,Active,,
S004867,C004867,P2,2024-10-06,Monthly,79.0,Churned,2025-02-09,Price
S004868,C004868,P1,2024-03-17,Annual,24.65,Active,,
S004869,C004869,P2,2026-03-03,Monthly,79.0,Active,,
S004870,C004870,P1,2026-05-15,Monthly,29.0,Active,,
S004871,C004871,P2,2024-05-05,Monthly,79.0,Active,,
S004872,C004872,P1,2024-11-07,Monthly,29.0,Active,,
S004873,C004873,P3,2025-11-12,Monthly,199.0,Active,,
S004874,C004874,P1,2025-05-13,Monthly,29.0,Churned,2026-05-09,Low engagement
S004875,C004875,P2,2025-02-04,Monthly,79.0,Active,,
S004876,C004876,P2,2025-05-17,Monthly,79.0,Active,,
S004877,C004877,P1,2025-08-12,Monthly,29.0,Active,,
S004878,C004878,P2,2024-09-25,Annual,67.15,Active,,
S004879,C004879,P2,2025-04-18,Monthly,79.0,Active,,
S004880,C004880,P1,2024-04-25,Monthly,29.0,Active,,
S004881,C004881,P2,2024-01-01,Monthly,79.0,Churned,2026-05-17,Low engagement
S004882,C004882,P2,2026-08-13,Annual,67.15,Active,,
S004883,C004883,P2,2024-03-24,Monthly,79.0,Churned,2025-05-15,Price
S004884,C004884,P1,2024-03-06,Annual,24.65,Churned,2026-02-09,Other
S004885,C004885,P2,2026-06-07,Monthly,79.0,Active,,
S004886,C004886,P3,2026-08-20,Monthly,199.0,Active,,
S004887,C004887,P1,2026-05-01,Annual,24.65,Active,,
S004888,C004888,P3,2024-07-27,Annual,169.15,Churned,2026-05-21,Price
S004889,C004889,P1,2025-11-27,Monthly,29.0,Active,,
S004890,C004890,P4,2026-01-27,Annual,424.15,Active,,
S004891,C004891,P1,2026-03-22,Annual,24.65,Active,,
S004892,C004892,P1,2024-06-28,Monthly,29.0,Active,,
S004893,C004893,P2,2025-04-28,Annual,67.15,Churned,2025-06-27,Missing feature
S004894,C004894,P1,2024-12-08,Monthly,29.0,Churned,2026-01-06,Price
S004895,C004895,P2,2025-12-05,Annual,67.15,Active,,
S004896,C004896,P1,2025-02-24,Monthly,29.0,Churned,2025-07-24,Low engagement
S004897,C004897,P1,2025-08-13,Monthly,29.0,Active,,
S004898,C004898,P2,2025-11-02,Monthly,79.0,Active,,
S004899,C004899,P3,2026-05-13,Monthly,199.0,Active,,
S004900,C004900,P3,2026-07-01,Monthly,199.0,Active,,
S004901,C004901,P3,2026-01-17,Annual,169.15,Active,,
S004902,C004902,P1,2024-08-19,Monthly,29.0,Churned,2025-11-06,Other
S004903,C004903,P1,2026-06-02,Monthly,29.0,Active,,
S004904,C004904,P2,2024-09-04,Annual,67.15,Active,,
S004905,C004905,P3,2024-03-26,Annual,169.15,Churned,2025-03-15,Low engagement
S004906,C004906,P1,2025-05-11,Annual,24.65,Active,,
S004907,C004907,P3,2026-01-02,Monthly,199.0,Active,,
S004908,C004908,P1,2024-07-01,Monthly,29.0,Active,,
S004909,C004909,P4,2025-01-12,Annual,424.15,Active,,
S004910,C004910,P1,2024-04-03,Monthly,29.0,Churned,2025-01-18,Low engagement
S004911,C004911,P1,2025-11-04,Monthly,29.0,Active,,
S004912,C004912,P1,2026-01-06,Monthly,29.0,Active,,
S004913,C004913,P1,2025-08-20,Monthly,29.0,Active,,
S004914,C004914,P4,2025-06-16,Annual,424.15,Active,,
S004915,C004915,P2,2026-05-22,Annual,67.15,Active,,
S004916,C004916,P3,2025-05-10,Monthly,199.0,Churned,2025-09-21,Company closed
S004917,C004917,P3,2025-06-03,Monthly,199.0,Active,,
S004918,C004918,P3,2025-10-16,Monthly,199.0,Active,,
S004919,C004919,P3,2026-01-28,Annual,169.15,Active,,
S004920,C004920,P2,2026-03-19,Annual,67.15,Active,,
S004921,C004921,P2,2024-03-07,Annual,67.15,Active,,
S004922,C004922,P1,2026-05-01,Monthly,29.0,Active,,
S004923,C004923,P1,2025-06-03,Monthly,29.0,Active,,
S004924,C004924,P3,2026-06-24,Annual,169.15,Active,,
S004925,C004925,P3,2025-08-09,Monthly,199.0,Churned,2026-02-07,Low engagement
S004926,C004926,P2,2025-07-02,Monthly,79.0,Active,,
S004927,C004927,P1,2024-09-10,Monthly,29.0,Active,,
S004928,C004928,P1,2025-06-25,Monthly,29.0,Active,,
S004929,C004929,P3,2025-07-12,Monthly,199.0,Active,,
S004930,C004930,P1,2026-06-28,Monthly,29.0,Active,,
S004931,C004931,P3,2026-06-15,Annual,169.15,Active,,
S004932,C004932,P3,2025-07-26,Monthly,199.0,Active,,
S004933,C004933,P3,2026-05-06,Monthly,199.0,Active,,
S004934,C004934,P1,2026-05-16,Monthly,29.0,Active,,
S004935,C004935,P1,2026-07-14,Monthly,29.0,Active,,
S004936,C004936,P1,2025-03-22,Monthly,29.0,Active,,
S004937,C004937,P1,2024-10-04,Monthly,29.0,Active,,
S004938,C004938,P4,2026-07-05,Annual,424.15,Active,,
S004939,C004939,P2,2025-10-07,Monthly,79.0,Active,,
S004940,C004940,P1,2025-06-27,Monthly,29.0,Active,,
S004941,C004941,P3,2025-05-26,Monthly,199.0,Churned,2026-02-13,Support experience
S004942,C004942,P1,2024-05-01,Monthly,29.0,Churned,2024-08-27,Other
S004943,C004943,P1,2024-09-12,Monthly,29.0,Churned,2025-02-08,Low engagement
S004944,C004944,P4,2025-01-16,Monthly,499.0,Active,,
S004945,C004945,P1,2025-09-25,Monthly,29.0,Churned,2025-10-26,Missing feature
S004946,C004946,P3,2025-08-13,Monthly,199.0,Active,,
S004947,C004947,P1,2025-09-22,Monthly,29.0,Churned,2025-11-17,Low engagement
S004948,C004948,P4,2024-04-23,Monthly,499.0,Churned,2024-04-20,Missing feature
S004949,C004949,P3,2024-01-15,Monthly,199.0,Active,,
S004950,C004950,P3,2025-06-21,Monthly,199.0,Active,,
S004951,C004951,P2,2024-09-02,Annual,67.15,Active,,
S004952,C004952,P2,2026-06-10,Monthly,79.0,Active,,
S004953,C004953,P1,2025-05-24,Monthly,29.0,Active,,
S004954,C004954,P3,2025-03-05,Annual,169.15,Active,,
S004955,C004955,P1,2025-09-15,Annual,24.65,Active,,
S004956,C004956,P1,2025-11-23,Monthly,29.0,Active,,
S004957,C004957,P3,2024-04-15,Monthly,199.0,Churned,2024-08-12,Missing feature
S004958,C004958,P1,2026-02-28,Monthly,29.0,Active,,
S004959,C004959,P1,2024-07-24,Monthly,29.0,Churned,2025-07-16,Company closed
S004960,C004960,P2,2025-04-03,Monthly,79.0,Active,,
S004961,C004961,P2,2025-03-15,Monthly,79.0,Active,,
S004962,C004962,P1,2025-09-21,Monthly,29.0,Active,,
S004963,C004963,P2,2026-01-21,Monthly,79.0,Active,,
S004964,C004964,P1,2026-04-15,Annual,24.65,Active,,
S004965,C004965,P2,2025-08-12,Monthly,79.0,Active,,
S004966,C004966,P3,2024-08-09,Monthly,199.0,Churned,2025-06-09,Payment issue
S004967,C004967,P1,2026-01-10,Monthly,29.0,Active,,
S004968,C004968,P2,2025-07-01,Monthly,79.0,Active,,
S004969,C004969,P2,2025-10-25,Monthly,79.0,Active,,
S004970,C004970,P1,2025-06-21,Monthly,29.0,Active,,
S004971,C004971,P1,2025-05-09,Monthly,29.0,Active,,
S004972,C004972,P1,2026-01-04,Monthly,29.0,Active,,
S004973,C004973,P2,2025-08-15,Monthly,79.0,Churned,2026-01-06,Low engagement
S004974,C004974,P3,2026-05-24,Monthly,199.0,Active,,
S004975,C004975,P2,2026-02-28,Monthly,79.0,Churned,2026-08-17,Support experience
S004976,C004976,P1,2025-07-08,Monthly,29.0,Churned,2026-01-19,Low engagement
S004977,C004977,P1,2024-10-13,Monthly,29.0,Active,,
S004978,C004978,P1,2024-01-17,Monthly,29.0,Active,,
S004979,C004979,P3,2024-10-17,Annual,169.15,Active,,
S004980,C004980,P3,2024-12-08,Annual,169.15,Active,,
S004981,C004981,P2,2024-06-23,Annual,67.15,Churned,2026-03-13,Price
S004982,C004982,P2,2025-12-20,Monthly,79.0,Active,,
S004983,C004983,P2,2025-02-24,Monthly,79.0,Active,,
S004984,C004984,P2,2024-02-04,Monthly,79.0,Active,,
S004985,C004985,P2,2025-05-19,Annual,67.15,Active,,
S004986,C004986,P1,2026-03-10,Monthly,29.0,Active,,
S004987,C004987,P2,2025-02-22,Monthly,79.0,Active,,
S004988,C004988,P1,2026-06-15,Monthly,29.0,Active,,
S004989,C004989,P2,2026-05-15,Monthly,79.0,Active,,
S004990,C004990,P3,2026-06-17,Annual,169.15,Active,,
S004991,C004991,P1,2025-12-07,Monthly,29.0,Active,,
S004992,C004992,P3,2026-04-17,Monthly,199.0,Active,,
S004993,C004993,P2,2025-04-25,Monthly,79.0,Active,,
S004994,C004994,P1,2026-01-03,Monthly,29.0,Active,,
S004995,C004995,P2,2024-10-05,Monthly,79.0,Churned,2025-02-20,Payment issue
S004996,C004996,P2,2024-09-01,Annual,67.15,Churned,2026-08-18,Low engagement
S004997,C004997,P1,2026-07-14,Monthly,29.0,Active,,
S004998,C004998,P1,2025-09-07,Monthly,29.0,Churned,2025-11-15,Other
S004999,C004999,P1,2024-04-17,Monthly,29.0,Churned,2026-02-24,Low engagement
S005000,C005000,P1,2024-09-02,Monthly,29.0,Churned,2025-04-07,Low engagement
S005001,C005001,P1,2025-06-04,Monthly,29.0,Churned,2025-10-16,Price
S005002,C005002,P2,2026-05-07,Monthly,79.0,Active,,
S005003,C005003,P4,2026-06-19,Annual,424.15,Active,,
S005004,C005004,P2,2024-06-02,Monthly,79.0,Active,,
S005005,C005005,P1,2024-04-15,Monthly,29.0,Active,,
S005006,C005006,P1,2024-06-15,Annual,24.65,Churned,2025-02-13,Missing feature
S005007,C005007,P4,2025-12-09,Monthly,499.0,Active,,
S005008,C005008,P3,2025-08-03,Annual,169.15,Active,,
S005009,C005009,P3,2026-02-20,Annual,169.15,Active,,
S005010,C005010,P2,2025-10-12,Annual,67.15,Active,,
S005011,C005011,P1,2024-05-17,Annual,24.65,Active,,
S005012,C005012,P1,2024-11-22,Monthly,29.0,Active,,
S005013,C005013,P1,2025-02-01,Monthly,29.0,Active,,
S005014,C005014,P3,2026-01-22,Annual,169.15,Active,,
S005015,C005015,P2,2025-10-03,Monthly,79.0,Churned,2026-07-26,Payment issue
S005016,C005016,P1,2026-07-16,Annual,24.65,Active,,
S005017,C005017,P2,2024-07-03,Monthly,79.0,Churned,2025-06-25,Low engagement
S005018,C005018,P2,2026-07-01,Monthly,79.0,Active,,
S005019,C005019,P2,2024-10-12,Annual,67.15,Active,,
S005020,C005020,P2,2025-02-16,Monthly,79.0,Active,,
S005021,C005021,P3,2024-02-09,Monthly,199.0,Churned,2025-02-18,Missing feature
S005022,C005022,P3,2025-01-08,Annual,169.15,Active,,
S005023,C005023,P3,2024-09-06,Monthly,199.0,Churned,2025-07-12,Other
S005024,C005024,P2,2024-10-16,Monthly,79.0,Churned,2025-04-12,Price
S005025,C005025,P1,2025-10-12,Monthly,29.0,Churned,2026-06-24,Low engagement
S005026,C005026,P1,2026-03-26,Monthly,29.0,Active,,
S005027,C005027,P2,2026-02-13,Annual,67.15,Active,,
S005028,C005028,P2,2026-04-17,Monthly,79.0,Active,,
S005029,C005029,P1,2026-02-27,Monthly,29.0,Active,,
S005030,C005030,P1,2026-08-27,Monthly,29.0,Active,,
S005031,C005031,P1,2024-01-14,Annual,24.65,Active,,
S005032,C005032,P3,2026-08-06,Annual,169.15,Active,,
S005033,C005033,P1,2025-05-12,Monthly,29.0,Active,,
S005034,C005034,P1,2025-07-08,Monthly,29.0,Active,,
S005035,C005035,P2,2025-10-14,Monthly,79.0,Churned,2026-08-18,Payment issue
S005036,C005036,P1,2024-01-05,Monthly,29.0,Active,,
S005037,C005037,P3,2024-09-12,Annual,169.15,Active,,
S005038,C005038,P1,2025-06-03,Annual,24.65,Churned,2025-09-23,Support experience
S005039,C005039,P3,2026-03-28,Monthly,199.0,Active,,
S005040,C005040,P2,2026-05-01,Monthly,79.0,Active,,
S005041,C005041,P1,2024-07-25,Monthly,29.0,Churned,2026-03-06,Price
S005042,C005042,P2,2024-12-26,Monthly,79.0,Active,,
S005043,C005043,P1,2025-11-27,Monthly,29.0,Active,,
S005044,C005044,P1,2025-03-13,Monthly,29.0,Active,,
S005045,C005045,P1,2025-01-22,Monthly,29.0,Churned,2025-06-11,Low engagement
S005046,C005046,P4,2025-04-27,Monthly,499.0,Active,,
S005047,C005047,P2,2026-01-24,Annual,67.15,Active,,
S005048,C005048,P3,2024-09-25,Annual,169.15,Churned,2026-03-24,Low engagement
S005049,C005049,P1,2024-04-14,Monthly,29.0,Active,,
S005050,C005050,P3,2024-01-21,Annual,169.15,Churned,2025-01-23,Payment issue
S005051,C005051,P3,2025-08-06,Monthly,199.0,Active,,
S005052,C005052,P1,2024-11-26,Monthly,29.0,Active,,
S005053,C005053,P2,2025-09-14,Monthly,79.0,Active,,
S005054,C005054,P1,2026-06-08,Monthly,29.0,Active,,
S005055,C005055,P3,2025-01-09,Monthly,199.0,Churned,2026-08-06,Low engagement
S005056,C005056,P2,2024-09-24,Monthly,79.0,Active,,
S005057,C005057,P1,2024-01-06,Monthly,29.0,Churned,2024-05-20,Price
S005058,C005058,P2,2026-08-20,Monthly,79.0,Active,,
S005059,C005059,P1,2025-08-08,Monthly,29.0,Active,,
S005060,C005060,P1,2026-04-17,Annual,24.65,Active,,
S005061,C005061,P1,2026-05-16,Monthly,29.0,Active,,
S005062,C005062,P2,2026-08-18,Monthly,79.0,Active,,
S005063,C005063,P1,2026-05-07,Monthly,29.0,Churned,2026-08-25,Payment issue
S005064,C005064,P1,2025-01-26,Monthly,29.0,Active,,
S005065,C005065,P4,2025-09-25,Monthly,499.0,Active,,
S005066,C005066,P1,2026-08-27,Monthly,29.0,Active,,
S005067,C005067,P1,2025-11-14,Monthly,29.0,Active,,
S005068,C005068,P1,2026-03-05,Monthly,29.0,Active,,
S005069,C005069,P2,2026-06-16,Annual,67.15,Active,,
S005070,C005070,P1,2025-11-03,Monthly,29.0,Active,,
S005071,C005071,P1,2026-01-20,Monthly,29.0,Churned,2026-04-15,Payment issue
S005072,C005072,P1,2025-10-08,Monthly,29.0,Active,,
S005073,C005073,P1,2025-02-06,Annual,24.65,Active,,
S005074,C005074,P1,2024-11-23,Monthly,29.0,Active,,
S005075,C005075,P3,2025-11-19,Annual,169.15,Active,,
S005076,C005076,P1,2026-08-03,Monthly,29.0,Active,,
S005077,C005077,P1,2026-07-25,Monthly,29.0,Active,,
S005078,C005078,P1,2024-10-19,Monthly,29.0,Churned,2026-02-14,Other
S005079,C005079,P1,2026-05-08,Monthly,29.0,Active,,
S005080,C005080,P3,2024-02-12,Monthly,199.0,Churned,2025-02-21,Low engagement
S005081,C005081,P2,2025-10-13,Monthly,79.0,Churned,2026-05-22,Low engagement
S005082,C005082,P2,2026-07-26,Monthly,79.0,Churned,2026-08-23,Payment issue
S005083,C005083,P1,2026-08-16,Annual,24.65,Active,,
S005084,C005084,P1,2025-10-23,Monthly,29.0,Active,,
S005085,C005085,P3,2025-11-01,Annual,169.15,Active,,
S005086,C005086,P2,2025-04-15,Monthly,79.0,Active,,
S005087,C005087,P4,2026-02-03,Monthly,499.0,Active,,
S005088,C005088,P1,2024-11-11,Monthly,29.0,Churned,2025-02-27,Payment issue
S005089,C005089,P4,2024-02-16,Annual,424.15,Active,,
S005090,C005090,P1,2026-05-24,Monthly,29.0,Active,,
S005091,C005091,P2,2024-03-08,Monthly,79.0,Active,,
S005092,C005092,P3,2025-12-07,Monthly,199.0,Active,,
S005093,C005093,P1,2025-05-24,Monthly,29.0,Active,,
S005094,C005094,P2,2024-03-16,Annual,67.15,Churned,2024-08-05,Support experience
S005095,C005095,P4,2024-08-21,Annual,424.15,Churned,2024-09-20,Support experience
S005096,C005096,P2,2024-05-27,Monthly,79.0,Churned,2024-08-05,Payment issue
S005097,C005097,P2,2024-10-02,Monthly,79.0,Churned,2025-07-05,Price
S005098,C005098,P1,2025-11-17,Monthly,29.0,Active,,
S005099,C005099,P3,2025-09-03,Monthly,199.0,Active,,
S005100,C005100,P2,2025-05-27,Monthly,79.0,Churned,2026-02-06,Price
S005101,C005101,P1,2026-05-13,Monthly,29.0,Active,,
S005102,C005102,P1,2026-02-13,Monthly,29.0,Active,,
S005103,C005103,P1,2026-01-06,Annual,24.65,Active,,
S005104,C005104,P2,2025-10-18,Monthly,79.0,Active,,
S005105,C005105,P3,2026-01-16,Monthly,199.0,Active,,
S005106,C005106,P1,2024-10-27,Annual,24.65,Churned,2026-02-14,Missing feature
S005107,C005107,P1,2024-12-01,Monthly,29.0,Active,,
S005108,C005108,P1,2025-01-21,Monthly,29.0,Active,,
S005109,C005109,P1,2026-02-27,Monthly,29.0,Active,,
S005110,C005110,P2,2025-05-26,Monthly,79.0,Active,,
S005111,C005111,P1,2026-08-18,Monthly,29.0,Active,,
S005112,C005112,P1,2024-02-24,Annual,24.65,Churned,2026-01-26,Low engagement
S005113,C005113,P3,2025-04-02,Monthly,199.0,Active,,
S005114,C005114,P4,2024-08-03,Annual,424.15,Active,,
S005115,C005115,P2,2026-04-20,Annual,67.15,Active,,
S005116,C005116,P4,2025-07-08,Monthly,499.0,Active,,
S005117,C005117,P2,2025-11-20,Monthly,79.0,Active,,
S005118,C005118,P2,2025-10-21,Monthly,79.0,Active,,
S005119,C005119,P2,2024-04-19,Monthly,79.0,Churned,2025-11-14,Payment issue
S005120,C005120,P2,2026-03-25,Monthly,79.0,Active,,
S005121,C005121,P2,2026-04-07,Monthly,79.0,Active,,
S005122,C005122,P1,2025-11-23,Monthly,29.0,Active,,
S005123,C005123,P1,2024-12-23,Monthly,29.0,Active,,
S005124,C005124,P2,2026-02-09,Annual,67.15,Active,,
S005125,C005125,P1,2026-01-06,Monthly,29.0,Active,,
S005126,C005126,P1,2026-06-18,Monthly,29.0,Active,,
S005127,C005127,P1,2024-06-25,Monthly,29.0,Churned,2024-12-14,Low engagement
S005128,C005128,P1,2026-06-19,Monthly,29.0,Active,,
S005129,C005129,P3,2026-06-04,Annual,169.15,Active,,
S005130,C005130,P4,2025-01-13,Monthly,499.0,Active,,
S005131,C005131,P2,2026-01-12,Monthly,79.0,Active,,
S005132,C005132,P2,2024-12-17,Monthly,79.0,Active,,
S005133,C005133,P2,2024-11-17,Monthly,79.0,Active,,
S005134,C005134,P1,2025-11-28,Annual,24.65,Active,,
S005135,C005135,P3,2024-03-24,Annual,169.15,Active,,
S005136,C005136,P2,2024-05-16,Annual,67.15,Active,,
S005137,C005137,P1,2025-12-04,Monthly,29.0,Active,,
S005138,C005138,P1,2026-07-06,Monthly,29.0,Active,,
S005139,C005139,P2,2024-02-05,Monthly,79.0,Active,,
S005140,C005140,P3,2024-02-15,Annual,169.15,Active,,
S005141,C005141,P1,2024-04-05,Monthly,29.0,Churned,2024-06-21,Low engagement
S005142,C005142,P2,2024-01-05,Annual,67.15,Active,,
S005143,C005143,P2,2026-07-05,Monthly,79.0,Active,,
S005144,C005144,P4,2025-07-20,Annual,424.15,Active,,
S005145,C005145,P2,2026-01-08,Monthly,79.0,Active,,
S005146,C005146,P2,2025-05-26,Monthly,79.0,Active,,
S005147,C005147,P3,2026-08-14,Monthly,199.0,Active,,
S005148,C005148,P3,2025-07-19,Monthly,199.0,Active,,
S005149,C005149,P3,2026-07-15,Annual,169.15,Active,,
S005150,C005150,P2,2025-12-25,Monthly,79.0,Active,,
S005151,C005151,P3,2026-07-04,Monthly,199.0,Active,,
S005152,C005152,P1,2025-07-21,Monthly,29.0,Active,,
S005153,C005153,P2,2026-06-17,Monthly,79.0,Active,,
S005154,C005154,P1,2025-02-13,Monthly,29.0,Active,,
S005155,C005155,P1,2025-12-20,Monthly,29.0,Active,,
S005156,C005156,P2,2025-11-16,Monthly,79.0,Churned,2026-06-13,Low engagement
S005157,C005157,P1,2025-07-18,Monthly,29.0,Active,,
S005158,C005158,P2,2025-07-15,Annual,67.15,Active,,
S005159,C005159,P1,2024-08-04,Monthly,29.0,Active,,
S005160,C005160,P2,2026-06-11,Monthly,79.0,Active,,
S005161,C005161,P3,2025-06-28,Monthly,199.0,Active,,
S005162,C005162,P4,2024-07-03,Annual,424.15,Active,,
S005163,C005163,P2,2026-01-07,Annual,67.15,Active,,
S005164,C005164,P2,2026-02-20,Monthly,79.0,Active,,
S005165,C005165,P2,2024-03-05,Monthly,79.0,Churned,2024-12-20,Low engagement
S005166,C005166,P2,2025-02-02,Monthly,79.0,Active,,
S005167,C005167,P3,2025-10-22,Monthly,199.0,Active,,
S005168,C005168,P3,2026-04-06,Annual,169.15,Active,,
S005169,C005169,P1,2025-01-07,Annual,24.65,Active,,
S005170,C005170,P1,2025-01-13,Monthly,29.0,Active,,
S005171,C005171,P3,2026-02-24,Monthly,199.0,Active,,
S005172,C005172,P2,2024-10-28,Monthly,79.0,Churned,2025-09-21,Missing feature
S005173,C005173,P3,2026-06-08,Annual,169.15,Active,,
S005174,C005174,P1,2026-03-09,Monthly,29.0,Active,,
S005175,C005175,P2,2026-06-15,Annual,67.15,Active,,
S005176,C005176,P2,2025-03-23,Monthly,79.0,Active,,
S005177,C005177,P2,2024-08-02,Monthly,79.0,Active,,
S005178,C005178,P1,2025-10-12,Monthly,29.0,Active,,
S005179,C005179,P3,2024-09-03,Monthly,199.0,Active,,
S005180,C005180,P3,2024-12-07,Monthly,199.0,Churned,2026-06-23,Price
S005181,C005181,P3,2025-04-18,Monthly,199.0,Active,,
S005182,C005182,P2,2025-06-01,Monthly,79.0,Active,,
S005183,C005183,P2,2025-02-25,Monthly,79.0,Churned,2025-11-28,Low engagement
S005184,C005184,P3,2024-12-03,Annual,169.15,Active,,
S005185,C005185,P1,2024-11-24,Monthly,29.0,Active,,
S005186,C005186,P4,2026-01-12,Monthly,499.0,Active,,
S005187,C005187,P2,2025-01-16,Monthly,79.0,Active,,
S005188,C005188,P2,2026-01-12,Monthly,79.0,Active,,
S005189,C005189,P3,2026-02-11,Annual,169.15,Active,,
S005190,C005190,P1,2026-01-18,Monthly,29.0,Active,,
S005191,C005191,P1,2026-06-09,Monthly,29.0,Active,,
S005192,C005192,P3,2026-07-02,Monthly,199.0,Active,,
S005193,C005193,P1,2024-07-01,Annual,24.65,Active,,
S005194,C005194,P3,2025-02-08,Monthly,199.0,Churned,2025-10-25,Low engagement
S005195,C005195,P3,2026-03-07,Annual,169.15,Active,,
S005196,C005196,P4,2026-03-01,Annual,424.15,Active,,
S005197,C005197,P1,2024-04-03,Monthly,29.0,Churned,2025-11-12,Price
S005198,C005198,P2,2026-08-25,Monthly,79.0,Active,,
S005199,C005199,P3,2026-05-14,Monthly,199.0,Active,,
S005200,C005200,P1,2026-06-12,Monthly,29.0,Active,,
S005201,C005201,P1,2024-09-26,Monthly,29.0,Active,,
S005202,C005202,P1,2025-07-17,Monthly,29.0,Active,,
S005203,C005203,P2,2025-06-04,Monthly,79.0,Active,,
S005204,C005204,P2,2025-03-20,Monthly,79.0,Active,,
S005205,C005205,P2,2024-10-20,Monthly,79.0,Active,,
S005206,C005206,P2,2024-07-08,Monthly,79.0,Active,,
S005207,C005207,P2,2026-05-19,Monthly,79.0,Active,,
S005208,C005208,P3,2025-08-04,Monthly,199.0,Churned,2025-08-08,Company closed
S005209,C005209,P1,2025-10-28,Monthly,29.0,Active,,
S005210,C005210,P1,2024-12-17,Monthly,29.0,Churned,2025-01-10,Missing feature
S005211,C005211,P1,2026-07-08,Monthly,29.0,Active,,
S005212,C005212,P1,2026-07-26,Monthly,29.0,Active,,
S005213,C005213,P3,2025-12-15,Annual,169.15,Active,,
S005214,C005214,P2,2025-02-25,Monthly,79.0,Churned,2025-07-08,Other
S005215,C005215,P1,2024-11-03,Monthly,29.0,Active,,
S005216,C005216,P2,2025-10-09,Monthly,79.0,Churned,2026-05-07,Missing feature
S005217,C005217,P1,2026-04-13,Monthly,29.0,Active,,
S005218,C005218,P1,2026-08-08,Monthly,29.0,Active,,
S005219,C005219,P1,2024-04-15,Monthly,29.0,Active,,
S005220,C005220,P2,2025-02-10,Monthly,79.0,Churned,2025-12-07,Other
S005221,C005221,P3,2025-04-25,Monthly,199.0,Churned,2026-08-26,Low engagement
S005222,C005222,P1,2025-03-07,Monthly,29.0,Active,,
S005223,C005223,P2,2025-12-06,Monthly,79.0,Churned,2026-08-18,Price
S005224,C005224,P2,2025-09-28,Monthly,79.0,Active,,
S005225,C005225,P2,2026-06-20,Monthly,79.0,Active,,
S005226,C005226,P2,2024-10-01,Monthly,79.0,Active,,
S005227,C005227,P1,2025-04-24,Monthly,29.0,Active,,
S005228,C005228,P1,2025-09-06,Annual,24.65,Active,,
S005229,C005229,P2,2026-04-20,Monthly,79.0,Active,,
S005230,C005230,P3,2026-04-01,Monthly,199.0,Active,,
S005231,C005231,P3,2026-05-08,Annual,169.15,Active,,
S005232,C005232,P2,2025-08-24,Annual,67.15,Active,,
S005233,C005233,P1,2024-11-01,Monthly,29.0,Active,,
S005234,C005234,P1,2026-02-14,Annual,24.65,Active,,
S005235,C005235,P4,2026-07-12,Monthly,499.0,Active,,
S005236,C005236,P1,2024-12-07,Monthly,29.0,Active,,
S005237,C005237,P1,2024-09-04,Annual,24.65,Active,,
S005238,C005238,P1,2024-02-12,Monthly,29.0,Active,,
S005239,C005239,P1,2025-12-11,Annual,24.65,Churned,2026-05-27,Support experience
S005240,C005240,P1,2025-09-03,Annual,24.65,Churned,2025-12-12,Missing feature
S005241,C005241,P1,2024-07-21,Monthly,29.0,Churned,2025-03-06,Missing feature
S005242,C005242,P1,2024-09-04,Monthly,29.0,Churned,2025-01-23,Low engagement
S005243,C005243,P1,2025-12-11,Monthly,29.0,Active,,
S005244,C005244,P1,2025-05-27,Monthly,29.0,Active,,
S005245,C005245,P1,2024-11-11,Annual,24.65,Active,,
S005246,C005246,P3,2025-10-20,Monthly,199.0,Churned,2026-06-08,Low engagement
S005247,C005247,P2,2024-03-13,Monthly,79.0,Churned,2024-05-16,Low engagement
S005248,C005248,P2,2024-01-18,Annual,67.15,Churned,2026-06-27,Low engagement
S005249,C005249,P1,2024-12-22,Monthly,29.0,Active,,
S005250,C005250,P3,2025-01-14,Monthly,199.0,Active,,
S005251,C005251,P1,2024-05-19,Monthly,29.0,Churned,2024-08-17,Payment issue
S005252,C005252,P1,2024-06-14,Annual,24.65,Churned,2026-05-27,Price
S005253,C005253,P2,2024-08-09,Annual,67.15,Active,,
S005254,C005254,P3,2026-02-22,Monthly,199.0,Active,,
S005255,C005255,P2,2026-04-11,Monthly,79.0,Active,,
S005256,C005256,P2,2024-09-02,Annual,67.15,Active,,
S005257,C005257,P2,2025-12-08,Monthly,79.0,Active,,
S005258,C005258,P2,2024-11-19,Annual,67.15,Active,,
S005259,C005259,P1,2026-06-19,Annual,24.65,Active,,
S005260,C005260,P1,2024-12-16,Annual,24.65,Active,,
S005261,C005261,P2,2024-06-13,Monthly,79.0,Active,,
S005262,C005262,P1,2025-06-09,Annual,24.65,Active,,
S005263,C005263,P1,2024-07-02,Monthly,29.0,Active,,
S005264,C005264,P3,2024-09-07,Monthly,199.0,Churned,2024-09-20,Low engagement
S005265,C005265,P2,2025-02-28,Monthly,79.0,Churned,2025-08-11,Price
S005266,C005266,P3,2025-12-25,Monthly,199.0,Active,,
S005267,C005267,P1,2024-06-03,Monthly,29.0,Active,,
S005268,C005268,P3,2024-12-27,Annual,169.15,Active,,
S005269,C005269,P3,2026-05-22,Monthly,199.0,Churned,2026-08-15,Low engagement
S005270,C005270,P1,2024-12-03,Monthly,29.0,Active,,
S005271,C005271,P3,2024-08-12,Annual,169.15,Active,,
S005272,C005272,P2,2025-08-05,Monthly,79.0,Active,,
S005273,C005273,P3,2024-02-21,Annual,169.15,Active,,
S005274,C005274,P2,2026-04-19,Monthly,79.0,Churned,2026-08-22,Low engagement
S005275,C005275,P1,2024-10-07,Monthly,29.0,Churned,2026-08-16,Price
S005276,C005276,P3,2024-07-22,Annual,169.15,Churned,2025-11-24,Price
S005277,C005277,P1,2026-04-09,Monthly,29.0,Active,,
S005278,C005278,P4,2026-05-14,Monthly,499.0,Active,,
S005279,C005279,P1,2026-02-04,Monthly,29.0,Active,,
S005280,C005280,P2,2024-11-26,Annual,67.15,Active,,
S005281,C005281,P3,2025-08-06,Annual,169.15,Active,,
S005282,C005282,P2,2026-08-25,Monthly,79.0,Active,,
S005283,C005283,P3,2025-07-24,Monthly,199.0,Churned,2025-09-16,Payment issue
S005284,C005284,P1,2026-07-04,Monthly,29.0,Active,,
S005285,C005285,P1,2025-12-04,Monthly,29.0,Active,,
S005286,C005286,P3,2026-05-04,Monthly,199.0,Active,,
S005287,C005287,P4,2024-09-24,Annual,424.15,Active,,
S005288,C005288,P2,2026-07-03,Monthly,79.0,Active,,
S005289,C005289,P1,2026-05-18,Monthly,29.0,Churned,2026-08-05,Missing feature
S005290,C005290,P1,2026-03-25,Monthly,29.0,Active,,
S005291,C005291,P1,2026-07-09,Annual,24.65,Active,,
S005292,C005292,P1,2026-03-16,Monthly,29.0,Active,,
S005293,C005293,P4,2025-10-03,Annual,424.15,Churned,2026-08-22,Missing feature
S005294,C005294,P3,2025-12-27,Monthly,199.0,Active,,
S005295,C005295,P2,2026-04-17,Monthly,79.0,Churned,2026-04-19,Missing feature
S005296,C005296,P2,2026-02-21,Annual,67.15,Active,,
S005297,C005297,P3,2025-10-08,Annual,169.15,Churned,2026-03-18,Support experience
S005298,C005298,P1,2025-10-21,Monthly,29.0,Active,,
S005299,C005299,P1,2026-06-18,Monthly,29.0,Active,,
S005300,C005300,P1,2024-01-04,Annual,24.65,Active,,
S005301,C005301,P1,2026-02-16,Monthly,29.0,Active,,
S005302,C005302,P1,2025-09-04,Monthly,29.0,Active,,
S005303,C005303,P4,2026-05-19,Annual,424.15,Active,,
S005304,C005304,P2,2024-10-27,Monthly,79.0,Churned,2025-01-17,Price
S005305,C005305,P1,2025-08-25,Monthly,29.0,Churned,2026-03-14,Price
S005306,C005306,P2,2024-06-14,Annual,67.15,Active,,
S005307,C005307,P3,2025-12-25,Annual,169.15,Active,,
S005308,C005308,P1,2026-03-28,Monthly,29.0,Active,,
S005309,C005309,P1,2025-11-13,Monthly,29.0,Active,,
S005310,C005310,P1,2025-09-10,Monthly,29.0,Active,,
S005311,C005311,P1,2025-02-06,Monthly,29.0,Active,,
S005312,C005312,P2,2025-11-18,Monthly,79.0,Active,,
S005313,C005313,P2,2026-06-11,Monthly,79.0,Active,,
S005314,C005314,P1,2026-02-17,Monthly,29.0,Active,,
S005315,C005315,P1,2024-02-27,Monthly,29.0,Churned,2026-04-12,Support experience
S005316,C005316,P2,2025-08-02,Monthly,79.0,Active,,
S005317,C005317,P2,2026-02-09,Annual,67.15,Active,,
S005318,C005318,P2,2025-08-15,Annual,67.15,Active,,
S005319,C005319,P1,2025-10-21,Monthly,29.0,Active,,
S005320,C005320,P2,2026-06-26,Monthly,79.0,Active,,
S005321,C005321,P1,2026-05-25,Monthly,29.0,Active,,
S005322,C005322,P2,2024-04-13,Annual,67.15,Active,,
S005323,C005323,P3,2025-08-16,Monthly,199.0,Active,,
S005324,C005324,P2,2025-11-14,Monthly,79.0,Active,,
S005325,C005325,P2,2026-05-03,Monthly,79.0,Active,,
S005326,C005326,P1,2024-12-20,Annual,24.65,Active,,
S005327,C005327,P1,2024-07-23,Annual,24.65,Active,,
S005328,C005328,P3,2025-10-22,Monthly,199.0,Active,,
S005329,C005329,P1,2025-06-11,Monthly,29.0,Active,,
S005330,C005330,P1,2024-11-24,Monthly,29.0,Active,,
S005331,C005331,P3,2026-07-07,Annual,169.15,Active,,
S005332,C005332,P3,2025-02-13,Annual,169.15,Churned,2025-10-11,Payment issue
S005333,C005333,P2,2024-03-08,Monthly,79.0,Active,,
S005334,C005334,P1,2024-03-13,Monthly,29.0,Active,,
S005335,C005335,P1,2024-09-26,Monthly,29.0,Active,,
S005336,C005336,P3,2024-06-14,Annual,169.15,Churned,2024-11-07,Low engagement
S005337,C005337,P3,2025-04-22,Monthly,199.0,Churned,2025-05-09,Price
S005338,C005338,P3,2024-04-28,Monthly,199.0,Churned,2024-04-10,Low engagement
S005339,C005339,P2,2025-09-05,Annual,67.15,Active,,
S005340,C005340,P1,2025-05-27,Monthly,29.0,Churned,2026-02-19,Other
S005341,C005341,P2,2025-10-04,Annual,67.15,Active,,
S005342,C005342,P1,2026-08-18,Monthly,29.0,Active,,
S005343,C005343,P3,2026-08-13,Monthly,199.0,Active,,
S005344,C005344,P2,2025-05-08,Annual,67.15,Churned,2025-08-18,Price
S005345,C005345,P1,2025-03-18,Monthly,29.0,Churned,2025-10-14,Support experience
S005346,C005346,P2,2026-01-26,Monthly,79.0,Churned,2026-05-16,Support experience
S005347,C005347,P3,2025-03-02,Monthly,199.0,Active,,
S005348,C005348,P3,2026-03-05,Monthly,199.0,Active,,
S005349,C005349,P4,2025-10-15,Annual,424.15,Active,,
S005350,C005350,P1,2024-09-03,Monthly,29.0,Churned,2026-03-27,Payment issue
S005351,C005351,P3,2025-05-09,Monthly,199.0,Active,,
S005352,C005352,P2,2026-05-12,Monthly,79.0,Active,,
S005353,C005353,P3,2025-09-13,Monthly,199.0,Active,,
S005354,C005354,P2,2026-01-20,Monthly,79.0,Active,,
S005355,C005355,P3,2026-01-13,Annual,169.15,Active,,
S005356,C005356,P2,2025-07-02,Monthly,79.0,Active,,
S005357,C005357,P1,2025-01-19,Monthly,29.0,Churned,2025-07-24,Missing feature
S005358,C005358,P1,2025-10-09,Monthly,29.0,Churned,2026-03-13,Support experience
S005359,C005359,P1,2024-06-01,Annual,24.65,Active,,
S005360,C005360,P2,2025-10-22,Annual,67.15,Active,,
S005361,C005361,P2,2024-05-12,Monthly,79.0,Churned,2024-10-24,Missing feature
S005362,C005362,P2,2026-06-19,Monthly,79.0,Active,,
S005363,C005363,P2,2026-02-19,Monthly,79.0,Active,,
S005364,C005364,P3,2024-09-03,Monthly,199.0,Active,,
S005365,C005365,P2,2026-03-24,Monthly,79.0,Churned,2026-07-23,Low engagement
S005366,C005366,P3,2026-02-06,Monthly,199.0,Active,,
S005367,C005367,P2,2026-02-21,Monthly,79.0,Active,,
S005368,C005368,P3,2025-02-21,Monthly,199.0,Active,,
S005369,C005369,P3,2025-08-04,Annual,169.15,Active,,
S005370,C005370,P1,2025-10-04,Annual,24.65,Active,,
S005371,C005371,P1,2025-04-24,Monthly,29.0,Active,,
S005372,C005372,P4,2025-09-01,Annual,424.15,Active,,
S005373,C005373,P2,2024-11-07,Annual,67.15,Churned,2026-06-09,Low engagement
S005374,C005374,P2,2026-06-28,Annual,67.15,Active,,
S005375,C005375,P3,2026-08-04,Monthly,199.0,Active,,
S005376,C005376,P3,2025-02-18,Monthly,199.0,Churned,2026-06-12,Support experience
S005377,C005377,P2,2025-02-11,Monthly,79.0,Active,,
S005378,C005378,P4,2024-10-13,Monthly,499.0,Active,,
S005379,C005379,P2,2026-05-04,Monthly,79.0,Churned,2026-06-25,Low engagement
S005380,C005380,P2,2024-08-17,Monthly,79.0,Churned,2025-04-27,Missing feature
S005381,C005381,P1,2026-04-10,Monthly,29.0,Active,,
S005382,C005382,P4,2026-04-19,Annual,424.15,Active,,
S005383,C005383,P3,2025-02-23,Monthly,199.0,Active,,
S005384,C005384,P1,2026-03-14,Monthly,29.0,Churned,2026-06-22,Low engagement
S005385,C005385,P2,2025-06-01,Monthly,79.0,Active,,
S005386,C005386,P3,2025-03-19,Annual,169.15,Active,,
S005387,C005387,P2,2026-06-14,Monthly,79.0,Churned,2026-08-26,Low engagement
S005388,C005388,P1,2025-06-20,Monthly,29.0,Churned,2026-04-24,Low engagement
S005389,C005389,P2,2024-03-23,Monthly,79.0,Churned,2026-06-22,Company closed
S005390,C005390,P4,2025-11-06,Annual,424.15,Active,,
S005391,C005391,P1,2025-12-04,Annual,24.65,Active,,
S005392,C005392,P3,2025-11-12,Monthly,199.0,Churned,2026-02-17,Price
S005393,C005393,P4,2025-03-26,Annual,424.15,Active,,
S005394,C005394,P2,2025-12-09,Annual,67.15,Active,,
S005395,C005395,P1,2025-01-13,Annual,24.65,Active,,
S005396,C005396,P1,2025-06-23,Monthly,29.0,Active,,
S005397,C005397,P2,2024-10-23,Annual,67.15,Active,,
S005398,C005398,P2,2025-11-22,Annual,67.15,Churned,2026-07-21,Payment issue
S005399,C005399,P4,2026-04-27,Monthly,499.0,Active,,
S005400,C005400,P2,2024-05-23,Monthly,79.0,Churned,2024-05-19,Price
S005401,C005401,P3,2024-02-05,Monthly,199.0,Active,,
S005402,C005402,P2,2026-03-13,Monthly,79.0,Active,,
S005403,C005403,P2,2025-02-22,Monthly,79.0,Active,,
S005404,C005404,P3,2025-02-17,Monthly,199.0,Active,,
S005405,C005405,P2,2025-09-05,Monthly,79.0,Active,,
S005406,C005406,P3,2025-07-20,Monthly,199.0,Active,,
S005407,C005407,P2,2024-06-05,Monthly,79.0,Active,,
S005408,C005408,P2,2026-03-10,Monthly,79.0,Active,,
S005409,C005409,P1,2024-08-28,Annual,24.65,Churned,2025-01-28,Low engagement
S005410,C005410,P3,2026-04-28,Monthly,199.0,Active,,
S005411,C005411,P1,2026-03-01,Monthly,29.0,Active,,
S005412,C005412,P3,2024-08-11,Annual,169.15,Active,,
S005413,C005413,P1,2026-03-09,Monthly,29.0,Active,,
S005414,C005414,P1,2025-12-16,Monthly,29.0,Active,,
S005415,C005415,P3,2026-08-24,Annual,169.15,Active,,
S005416,C005416,P1,2026-01-24,Monthly,29.0,Active,,
S005417,C005417,P1,2025-04-04,Monthly,29.0,Churned,2026-07-14,Payment issue
S005418,C005418,P4,2025-11-21,Annual,424.15,Active,,
S005419,C005419,P2,2025-12-01,Annual,67.15,Active,,
S005420,C005420,P1,2026-02-15,Monthly,29.0,Active,,
S005421,C005421,P1,2025-06-16,Annual,24.65,Churned,2026-01-18,Missing feature
S005422,C005422,P1,2026-04-12,Monthly,29.0,Active,,
S005423,C005423,P4,2024-12-25,Annual,424.15,Active,,
S005424,C005424,P1,2026-08-18,Monthly,29.0,Active,,
S005425,C005425,P4,2025-01-28,Annual,424.15,Active,,
S005426,C005426,P1,2024-02-13,Monthly,29.0,Active,,
S005427,C005427,P3,2024-09-12,Monthly,199.0,Churned,2026-04-26,Price
S005428,C005428,P4,2026-07-17,Monthly,499.0,Active,,
S005429,C005429,P3,2026-03-07,Monthly,199.0,Active,,
S005430,C005430,P1,2025-06-23,Monthly,29.0,Active,,
S005431,C005431,P2,2026-06-09,Monthly,79.0,Active,,
S005432,C005432,P1,2024-11-04,Monthly,29.0,Churned,2025-03-18,Low engagement
S005433,C005433,P2,2024-11-14,Monthly,79.0,Active,,
S005434,C005434,P1,2024-06-20,Monthly,29.0,Active,,
S005435,C005435,P3,2025-06-16,Annual,169.15,Churned,2025-12-23,Payment issue
S005436,C005436,P1,2025-08-02,Annual,24.65,Active,,
S005437,C005437,P3,2024-07-01,Annual,169.15,Churned,2025-07-28,Low engagement
S005438,C005438,P2,2024-06-21,Monthly,79.0,Churned,2025-06-11,Other
S005439,C005439,P4,2025-04-28,Monthly,499.0,Churned,2025-04-08,Support experience
S005440,C005440,P1,2024-11-06,Monthly,29.0,Active,,
S005441,C005441,P1,2025-10-27,Monthly,29.0,Active,,
S005442,C005442,P4,2025-08-14,Annual,424.15,Active,,
S005443,C005443,P2,2024-08-04,Annual,67.15,Active,,
S005444,C005444,P3,2024-01-08,Monthly,199.0,Active,,
S005445,C005445,P4,2025-12-28,Annual,424.15,Churned,2026-04-25,Support experience
S005446,C005446,P1,2026-03-10,Monthly,29.0,Active,,
S005447,C005447,P3,2025-07-24,Annual,169.15,Active,,
S005448,C005448,P2,2025-10-18,Monthly,79.0,Active,,
S005449,C005449,P1,2026-08-23,Annual,24.65,Active,,
S005450,C005450,P1,2026-03-13,Monthly,29.0,Churned,2026-08-20,Low engagement
S005451,C005451,P2,2025-02-04,Monthly,79.0,Active,,
S005452,C005452,P3,2026-05-14,Monthly,199.0,Active,,
S005453,C005453,P4,2025-09-27,Monthly,499.0,Active,,
S005454,C005454,P2,2025-08-28,Monthly,79.0,Active,,
S005455,C005455,P4,2026-01-12,Annual,424.15,Active,,
S005456,C005456,P1,2025-05-04,Monthly,29.0,Active,,
S005457,C005457,P2,2026-06-07,Monthly,79.0,Active,,
S005458,C005458,P2,2024-08-11,Monthly,79.0,Active,,
S005459,C005459,P1,2025-05-28,Monthly,29.0,Active,,
S005460,C005460,P3,2024-04-15,Monthly,199.0,Active,,
S005461,C005461,P4,2026-01-14,Monthly,499.0,Active,,
S005462,C005462,P1,2024-12-23,Monthly,29.0,Churned,2025-11-15,Price
S005463,C005463,P2,2025-05-05,Annual,67.15,Active,,
S005464,C005464,P3,2026-06-08,Annual,169.15,Active,,
S005465,C005465,P1,2024-09-21,Monthly,29.0,Active,,
S005466,C005466,P4,2024-01-12,Monthly,499.0,Churned,2025-11-13,Missing feature
S005467,C005467,P2,2025-10-17,Annual,67.15,Active,,
S005468,C005468,P1,2025-05-23,Monthly,29.0,Active,,
S005469,C005469,P2,2024-03-21,Monthly,79.0,Churned,2025-10-09,Payment issue
S005470,C005470,P2,2025-01-15,Monthly,79.0,Active,,
S005471,C005471,P1,2024-11-02,Annual,24.65,Churned,2025-04-06,Low engagement
S005472,C005472,P2,2024-12-24,Monthly,79.0,Active,,
S005473,C005473,P4,2026-03-03,Annual,424.15,Active,,
S005474,C005474,P2,2025-01-02,Annual,67.15,Churned,2026-03-12,Payment issue
S005475,C005475,P3,2025-07-07,Annual,169.15,Churned,2025-08-27,Support experience
S005476,C005476,P3,2024-12-09,Monthly,199.0,Churned,2026-08-18,Support experience
S005477,C005477,P2,2026-07-23,Monthly,79.0,Active,,
S005478,C005478,P2,2026-03-16,Monthly,79.0,Active,,
S005479,C005479,P1,2025-05-26,Monthly,29.0,Active,,
S005480,C005480,P4,2026-02-04,Annual,424.15,Churned,2026-03-21,Other
S005481,C005481,P1,2025-01-28,Monthly,29.0,Churned,2026-05-09,Support experience
S005482,C005482,P1,2024-04-14,Monthly,29.0,Active,,
S005483,C005483,P2,2025-05-17,Monthly,79.0,Active,,
S005484,C005484,P2,2025-09-01,Annual,67.15,Churned,2026-05-17,Low engagement
S005485,C005485,P3,2025-03-21,Monthly,199.0,Active,,
S005486,C005486,P3,2025-04-15,Annual,169.15,Active,,
S005487,C005487,P3,2026-01-21,Monthly,199.0,Active,,
S005488,C005488,P1,2026-06-26,Monthly,29.0,Active,,
S005489,C005489,P2,2026-06-07,Monthly,79.0,Churned,2026-06-15,Low engagement
S005490,C005490,P2,2025-10-27,Annual,67.15,Churned,2026-07-22,Support experience
S005491,C005491,P1,2025-11-14,Monthly,29.0,Churned,2025-11-19,Support experience
S005492,C005492,P3,2025-08-09,Annual,169.15,Active,,
S005493,C005493,P1,2025-03-20,Monthly,29.0,Churned,2026-04-20,Other
S005494,C005494,P2,2026-02-01,Monthly,79.0,Active,,
S005495,C005495,P3,2024-06-20,Annual,169.15,Active,,
S005496,C005496,P1,2026-06-26,Monthly,29.0,Active,,
S005497,C005497,P4,2024-12-06,Annual,424.15,Churned,2025-07-08,Price
S005498,C005498,P3,2024-10-16,Monthly,199.0,Active,,
S005499,C005499,P2,2024-12-22,Monthly,79.0,Churned,2025-12-10,Low engagement
S005500,C005500,P2,2026-04-17,Monthly,79.0,Active,,
S005501,C005501,P1,2024-12-26,Monthly,29.0,Active,,
S005502,C005502,P1,2025-11-23,Monthly,29.0,Churned,2026-04-21,Low engagement
S005503,C005503,P1,2025-02-08,Monthly,29.0,Active,,
S005504,C005504,P1,2025-12-12,Monthly,29.0,Active,,
S005505,C005505,P2,2025-10-19,Annual,67.15,Active,,
S005506,C005506,P1,2026-08-12,Monthly,29.0,Active,,
S005507,C005507,P1,2025-01-11,Monthly,29.0,Churned,2025-06-27,Payment issue
S005508,C005508,P1,2025-03-24,Monthly,29.0,Active,,
S005509,C005509,P3,2024-09-04,Annual,169.15,Churned,2025-05-19,Other
S005510,C005510,P1,2025-06-14,Annual,24.65,Active,,
S005511,C005511,P1,2026-05-11,Annual,24.65,Active,,
S005512,C005512,P1,2024-10-21,Monthly,29.0,Churned,2025-06-11,Low engagement
S005513,C005513,P1,2026-08-28,Monthly,29.0,Active,,
S005514,C005514,P1,2024-01-26,Monthly,29.0,Active,,
S005515,C005515,P2,2026-04-10,Monthly,79.0,Active,,
S005516,C005516,P3,2026-01-12,Monthly,199.0,Active,,
S005517,C005517,P1,2026-06-04,Monthly,29.0,Active,,
S005518,C005518,P2,2025-08-25,Monthly,79.0,Active,,
S005519,C005519,P1,2026-01-09,Monthly,29.0,Churned,2026-01-27,Company closed
S005520,C005520,P3,2024-03-10,Monthly,199.0,Active,,
S005521,C005521,P1,2025-04-11,Monthly,29.0,Active,,
S005522,C005522,P1,2026-03-27,Annual,24.65,Active,,
S005523,C005523,P1,2024-06-28,Annual,24.65,Active,,
S005524,C005524,P4,2026-03-09,Monthly,499.0,Active,,
S005525,C005525,P1,2025-01-19,Monthly,29.0,Active,,
S005526,C005526,P3,2025-03-07,Annual,169.15,Active,,
S005527,C005527,P1,2025-12-13,Monthly,29.0,Active,,
S005528,C005528,P2,2024-04-21,Annual,67.15,Active,,
S005529,C005529,P4,2025-11-15,Monthly,499.0,Active,,
S005530,C005530,P3,2026-06-26,Monthly,199.0,Active,,
S005531,C005531,P2,2024-05-15,Annual,67.15,Active,,
S005532,C005532,P3,2024-11-22,Annual,169.15,Active,,
S005533,C005533,P1,2024-01-13,Monthly,29.0,Active,,
S005534,C005534,P1,2025-08-21,Monthly,29.0,Active,,
S005535,C005535,P2,2026-02-24,Annual,67.15,Active,,
S005536,C005536,P3,2026-07-28,Monthly,199.0,Active,,
S005537,C005537,P2,2025-03-10,Monthly,79.0,Churned,2025-05-07,Price
S005538,C005538,P2,2024-07-16,Annual,67.15,Active,,
S005539,C005539,P2,2024-02-20,Monthly,79.0,Active,,
S005540,C005540,P1,2025-02-25,Monthly,29.0,Active,,
S005541,C005541,P4,2025-08-03,Annual,424.15,Active,,
S005542,C005542,P1,2026-06-02,Monthly,29.0,Active,,
S005543,C005543,P2,2024-10-03,Annual,67.15,Active,,
S005544,C005544,P2,2026-03-04,Monthly,79.0,Active,,
S005545,C005545,P2,2025-07-08,Monthly,79.0,Active,,
S005546,C005546,P3,2026-05-08,Monthly,199.0,Active,,
S005547,C005547,P3,2026-05-03,Monthly,199.0,Active,,
S005548,C005548,P2,2026-05-27,Monthly,79.0,Active,,
S005549,C005549,P3,2025-04-23,Monthly,199.0,Churned,2026-03-26,Low engagement
S005550,C005550,P1,2025-03-06,Annual,24.65,Active,,
S005551,C005551,P2,2024-10-12,Monthly,79.0,Active,,
S005552,C005552,P1,2024-10-11,Monthly,29.0,Active,,
S005553,C005553,P1,2025-11-24,Monthly,29.0,Active,,
S005554,C005554,P1,2026-08-01,Monthly,29.0,Active,,
S005555,C005555,P2,2025-10-25,Monthly,79.0,Active,,
S005556,C005556,P3,2025-05-03,Monthly,199.0,Active,,
S005557,C005557,P1,2024-11-15,Annual,24.65,Active,,
S005558,C005558,P1,2025-12-17,Monthly,29.0,Active,,
S005559,C005559,P3,2024-10-06,Annual,169.15,Active,,
S005560,C005560,P1,2024-05-03,Monthly,29.0,Active,,
S005561,C005561,P2,2024-05-12,Monthly,79.0,Active,,
S005562,C005562,P2,2026-05-26,Monthly,79.0,Active,,
S005563,C005563,P3,2025-04-16,Monthly,199.0,Churned,2026-06-27,Low engagement
S005564,C005564,P1,2026-07-25,Monthly,29.0,Active,,
S005565,C005565,P4,2025-07-10,Annual,424.15,Active,,
S005566,C005566,P3,2026-01-18,Monthly,199.0,Active,,
S005567,C005567,P3,2026-04-25,Annual,169.15,Active,,
S005568,C005568,P2,2026-06-12,Monthly,79.0,Active,,
S005569,C005569,P2,2024-08-28,Monthly,79.0,Active,,
S005570,C005570,P3,2024-10-25,Monthly,199.0,Active,,
S005571,C005571,P1,2024-07-17,Monthly,29.0,Active,,
S005572,C005572,P2,2025-06-14,Monthly,79.0,Active,,
S005573,C005573,P1,2024-08-05,Monthly,29.0,Active,,
S005574,C005574,P3,2025-12-06,Monthly,199.0,Churned,2026-03-21,Low engagement
S005575,C005575,P1,2025-03-25,Monthly,29.0,Churned,2025-08-25,Low engagement
S005576,C005576,P2,2026-08-10,Monthly,79.0,Active,,
S005577,C005577,P4,2026-04-26,Annual,424.15,Active,,
S005578,C005578,P3,2026-02-11,Monthly,199.0,Active,,
S005579,C005579,P3,2026-01-08,Annual,169.15,Active,,
S005580,C005580,P2,2024-02-17,Monthly,79.0,Active,,
S005581,C005581,P2,2024-04-09,Monthly,79.0,Churned,2025-03-09,Low engagement
S005582,C005582,P3,2025-05-12,Monthly,199.0,Active,,
S005583,C005583,P2,2026-06-14,Monthly,79.0,Active,,
S005584,C005584,P3,2024-05-23,Monthly,199.0,Churned,2025-05-10,Support experience
S005585,C005585,P3,2025-05-24,Annual,169.15,Active,,
S005586,C005586,P4,2026-03-18,Monthly,499.0,Active,,
S005587,C005587,P1,2025-02-27,Annual,24.65,Active,,
S005588,C005588,P1,2026-07-08,Monthly,29.0,Active,,
S005589,C005589,P1,2026-07-19,Monthly,29.0,Active,,
S005590,C005590,P2,2024-03-12,Monthly,79.0,Churned,2025-11-17,Support experience
S005591,C005591,P2,2025-11-12,Monthly,79.0,Active,,
S005592,C005592,P3,2024-07-21,Annual,169.15,Churned,2025-12-25,Price
S005593,C005593,P1,2025-06-10,Monthly,29.0,Churned,2026-07-06,Price
S005594,C005594,P2,2026-06-07,Monthly,79.0,Active,,
S005595,C005595,P2,2024-04-14,Monthly,79.0,Active,,
S005596,C005596,P2,2026-07-03,Monthly,79.0,Active,,
S005597,C005597,P2,2026-08-16,Annual,67.15,Active,,
S005598,C005598,P2,2025-12-20,Monthly,79.0,Active,,
S005599,C005599,P2,2025-03-05,Monthly,79.0,Active,,
S005600,C005600,P1,2024-11-12,Monthly,29.0,Churned,2026-01-09,Low engagement
S005601,C005601,P2,2025-05-08,Annual,67.15,Active,,
S005602,C005602,P1,2024-09-04,Monthly,29.0,Active,,
S005603,C005603,P4,2024-02-04,Monthly,499.0,Churned,2025-05-05,Low engagement
S005604,C005604,P4,2024-04-14,Monthly,499.0,Active,,
S005605,C005605,P2,2025-12-16,Annual,67.15,Active,,
S005606,C005606,P1,2024-02-16,Monthly,29.0,Churned,2026-04-13,Low engagement
S005607,C005607,P2,2025-01-02,Annual,67.15,Churned,2025-01-21,Support experience
S005608,C005608,P1,2025-12-01,Annual,24.65,Active,,
S005609,C005609,P1,2024-08-04,Monthly,29.0,Churned,2025-03-08,Low engagement
S005610,C005610,P3,2025-02-23,Monthly,199.0,Churned,2026-01-08,Low engagement
S005611,C005611,P1,2024-02-19,Monthly,29.0,Active,,
S005612,C005612,P4,2024-06-14,Monthly,499.0,Churned,2024-06-22,Price
S005613,C005613,P1,2024-10-01,Monthly,29.0,Churned,2025-11-24,Missing feature
S005614,C005614,P3,2024-06-01,Monthly,199.0,Churned,2025-10-11,Price
S005615,C005615,P2,2025-07-11,Annual,67.15,Churned,2026-06-14,Low engagement
S005616,C005616,P2,2024-06-25,Monthly,79.0,Active,,
S005617,C005617,P1,2025-01-04,Monthly,29.0,Active,,
S005618,C005618,P3,2026-02-17,Annual,169.15,Active,,
S005619,C005619,P2,2025-12-17,Monthly,79.0,Active,,
S005620,C005620,P1,2025-04-27,Annual,24.65,Active,,
S005621,C005621,P1,2026-07-09,Annual,24.65,Active,,
S005622,C005622,P2,2026-03-08,Monthly,79.0,Active,,
S005623,C005623,P2,2025-11-17,Annual,67.15,Active,,
S005624,C005624,P2,2025-05-12,Annual,67.15,Active,,
S005625,C005625,P1,2024-03-05,Monthly,29.0,Churned,2025-11-09,Low engagement
S005626,C005626,P1,2025-05-19,Monthly,29.0,Active,,
S005627,C005627,P2,2025-09-27,Monthly,79.0,Active,,
S005628,C005628,P3,2026-08-26,Monthly,199.0,Active,,
S005629,C005629,P3,2026-07-03,Monthly,199.0,Active,,
S005630,C005630,P2,2024-06-23,Annual,67.15,Active,,
S005631,C005631,P2,2026-08-20,Monthly,79.0,Active,,
S005632,C005632,P2,2026-02-19,Monthly,79.0,Active,,
S005633,C005633,P2,2026-01-14,Monthly,79.0,Active,,
S005634,C005634,P1,2026-06-23,Annual,24.65,Active,,
S005635,C005635,P2,2025-02-16,Monthly,79.0,Active,,
S005636,C005636,P3,2025-04-03,Monthly,199.0,Active,,
S005637,C005637,P1,2026-05-04,Monthly,29.0,Churned,2026-08-08,Low engagement
S005638,C005638,P3,2024-05-21,Annual,169.15,Active,,
S005639,C005639,P1,2026-01-12,Monthly,29.0,Active,,
S005640,C005640,P1,2026-04-17,Monthly,29.0,Active,,
S005641,C005641,P2,2026-06-23,Annual,67.15,Active,,
S005642,C005642,P3,2024-10-08,Annual,169.15,Active,,
S005643,C005643,P3,2025-12-25,Annual,169.15,Churned,2026-06-11,Low engagement
S005644,C005644,P2,2024-05-07,Monthly,79.0,Churned,2026-08-23,Low engagement
S005645,C005645,P1,2026-05-13,Annual,24.65,Active,,
S005646,C005646,P2,2025-07-09,Monthly,79.0,Active,,
S005647,C005647,P1,2025-11-20,Annual,24.65,Active,,
S005648,C005648,P2,2026-05-04,Monthly,79.0,Active,,
S005649,C005649,P2,2025-08-10,Monthly,79.0,Churned,2026-01-10,Low engagement
S005650,C005650,P1,2025-08-08,Monthly,29.0,Active,,
S005651,C005651,P3,2025-06-21,Monthly,199.0,Active,,
S005652,C005652,P2,2025-10-02,Monthly,79.0,Active,,
S005653,C005653,P2,2026-02-19,Annual,67.15,Active,,
S005654,C005654,P3,2026-04-19,Monthly,199.0,Active,,
S005655,C005655,P1,2024-02-21,Monthly,29.0,Active,,
S005656,C005656,P1,2025-03-15,Monthly,29.0,Churned,2026-03-11,Support experience
S005657,C005657,P3,2025-05-19,Monthly,199.0,Churned,2025-09-07,Missing feature
S005658,C005658,P3,2024-05-04,Monthly,199.0,Churned,2024-11-19,Other
S005659,C005659,P2,2026-02-16,Annual,67.15,Active,,
S005660,C005660,P3,2025-08-20,Monthly,199.0,Active,,
S005661,C005661,P2,2024-01-07,Monthly,79.0,Churned,2026-04-11,Low engagement
S005662,C005662,P1,2025-11-05,Monthly,29.0,Active,,
S005663,C005663,P1,2025-02-09,Monthly,29.0,Churned,2025-08-17,Low engagement
S005664,C005664,P2,2026-02-14,Monthly,79.0,Active,,
S005665,C005665,P1,2024-09-02,Monthly,29.0,Churned,2025-03-21,Other
S005666,C005666,P3,2024-01-26,Monthly,199.0,Active,,
S005667,C005667,P2,2024-05-19,Monthly,79.0,Churned,2026-07-21,Low engagement
S005668,C005668,P2,2025-06-22,Monthly,79.0,Active,,
S005669,C005669,P3,2026-02-24,Annual,169.15,Active,,
S005670,C005670,P2,2025-10-17,Annual,67.15,Active,,
S005671,C005671,P3,2024-01-22,Monthly,199.0,Active,,
S005672,C005672,P3,2025-10-17,Annual,169.15,Active,,
S005673,C005673,P1,2025-07-22,Monthly,29.0,Active,,
S005674,C005674,P2,2026-04-02,Monthly,79.0,Active,,
S005675,C005675,P2,2024-11-24,Monthly,79.0,Active,,
S005676,C005676,P2,2026-02-12,Monthly,79.0,Active,,
S005677,C005677,P1,2025-11-14,Annual,24.65,Active,,
S005678,C005678,P1,2025-11-09,Annual,24.65,Active,,
S005679,C005679,P3,2025-04-12,Annual,169.15,Active,,
S005680,C005680,P1,2024-01-14,Monthly,29.0,Active,,
S005681,C005681,P3,2024-09-11,Monthly,199.0,Active,,
S005682,C005682,P1,2026-05-27,Monthly,29.0,Active,,
S005683,C005683,P2,2025-11-15,Monthly,79.0,Active,,
S005684,C005684,P2,2025-10-23,Monthly,79.0,Active,,
S005685,C005685,P1,2025-08-27,Monthly,29.0,Active,,
S005686,C005686,P2,2024-04-18,Monthly,79.0,Active,,
S005687,C005687,P1,2025-03-10,Annual,24.65,Active,,
S005688,C005688,P1,2025-11-20,Monthly,29.0,Active,,
S005689,C005689,P2,2024-06-01,Annual,67.15,Active,,
S005690,C005690,P3,2026-07-21,Monthly,199.0,Active,,
S005691,C005691,P2,2024-04-01,Monthly,79.0,Churned,2026-02-07,Payment issue
S005692,C005692,P1,2026-01-13,Monthly,29.0,Active,,
S005693,C005693,P1,2025-01-08,Monthly,29.0,Churned,2025-08-16,Price
S005694,C005694,P3,2026-05-25,Monthly,199.0,Active,,
S005695,C005695,P4,2026-04-19,Annual,424.15,Active,,
S005696,C005696,P2,2025-02-18,Monthly,79.0,Churned,2025-04-05,Price
S005697,C005697,P1,2025-06-19,Annual,24.65,Active,,
S005698,C005698,P3,2026-08-21,Annual,169.15,Active,,
S005699,C005699,P3,2025-11-05,Annual,169.15,Active,,
S005700,C005700,P1,2024-01-01,Monthly,29.0,Active,,
S005701,C005701,P2,2026-03-27,Monthly,79.0,Active,,
S005702,C005702,P1,2025-03-16,Monthly,29.0,Churned,2026-04-08,Payment issue
S005703,C005703,P2,2024-12-19,Monthly,79.0,Active,,
S005704,C005704,P3,2026-04-11,Monthly,199.0,Active,,
S005705,C005705,P2,2026-08-24,Monthly,79.0,Active,,
S005706,C005706,P2,2024-04-02,Monthly,79.0,Active,,
S005707,C005707,P3,2025-04-13,Monthly,199.0,Churned,2026-08-25,Price
S005708,C005708,P3,2024-12-19,Annual,169.15,Churned,2025-07-27,Missing feature
S005709,C005709,P2,2026-06-13,Monthly,79.0,Active,,
S005710,C005710,P1,2026-05-27,Monthly,29.0,Active,,
S005711,C005711,P2,2026-06-01,Annual,67.15,Active,,
S005712,C005712,P2,2024-03-21,Monthly,79.0,Churned,2025-07-10,Low engagement
S005713,C005713,P3,2024-03-25,Annual,169.15,Active,,
S005714,C005714,P4,2025-09-03,Annual,424.15,Active,,
S005715,C005715,P2,2024-08-18,Annual,67.15,Active,,
S005716,C005716,P1,2024-06-02,Monthly,29.0,Churned,2024-10-13,Price
S005717,C005717,P2,2024-12-18,Annual,67.15,Churned,2026-05-18,Price
S005718,C005718,P4,2026-01-10,Annual,424.15,Active,,
S005719,C005719,P1,2025-12-24,Annual,24.65,Active,,
S005720,C005720,P2,2026-03-07,Monthly,79.0,Active,,
S005721,C005721,P3,2024-04-11,Annual,169.15,Churned,2026-04-08,Low engagement
S005722,C005722,P2,2026-03-01,Monthly,79.0,Active,,
S005723,C005723,P1,2025-07-21,Monthly,29.0,Churned,2025-12-10,Price
S005724,C005724,P3,2025-01-02,Monthly,199.0,Active,,
S005725,C005725,P4,2025-11-19,Annual,424.15,Active,,
S005726,C005726,P3,2026-04-10,Monthly,199.0,Active,,
S005727,C005727,P3,2024-05-27,Annual,169.15,Churned,2024-07-24,Support experience
S005728,C005728,P2,2026-04-04,Monthly,79.0,Active,,
S005729,C005729,P4,2025-09-18,Annual,424.15,Active,,
S005730,C005730,P2,2025-11-06,Monthly,79.0,Active,,
S005731,C005731,P2,2026-06-02,Annual,67.15,Active,,
S005732,C005732,P2,2026-01-25,Monthly,79.0,Churned,2026-07-12,Low engagement
S005733,C005733,P3,2025-10-25,Annual,169.15,Active,,
S005734,C005734,P4,2025-02-28,Annual,424.15,Churned,2025-08-20,Low engagement
S005735,C005735,P2,2025-08-06,Annual,67.15,Active,,
S005736,C005736,P4,2026-05-23,Monthly,499.0,Active,,
S005737,C005737,P2,2026-08-14,Monthly,79.0,Active,,
S005738,C005738,P3,2026-03-07,Monthly,199.0,Active,,
S005739,C005739,P2,2026-03-12,Monthly,79.0,Active,,
S005740,C005740,P2,2026-01-05,Monthly,79.0,Active,,
S005741,C005741,P3,2026-03-18,Annual,169.15,Active,,
S005742,C005742,P1,2024-11-17,Monthly,29.0,Active,,
S005743,C005743,P4,2025-05-05,Monthly,499.0,Active,,
S005744,C005744,P2,2025-09-22,Monthly,79.0,Active,,
S005745,C005745,P4,2025-09-16,Monthly,499.0,Active,,
S005746,C005746,P2,2025-10-19,Monthly,79.0,Churned,2025-12-11,Low engagement
S005747,C005747,P2,2026-08-04,Monthly,79.0,Active,,
S005748,C005748,P3,2026-05-23,Monthly,199.0,Active,,
S005749,C005749,P3,2026-04-11,Annual,169.15,Active,,
S005750,C005750,P4,2026-04-14,Annual,424.15,Active,,
S005751,C005751,P1,2026-03-05,Monthly,29.0,Active,,
S005752,C005752,P2,2025-12-28,Annual,67.15,Active,,
S005753,C005753,P3,2024-11-15,Monthly,199.0,Churned,2026-05-24,Support experience
S005754,C005754,P3,2026-05-23,Annual,169.15,Active,,
S005755,C005755,P2,2024-12-18,Monthly,79.0,Active,,
S005756,C005756,P1,2026-02-02,Monthly,29.0,Active,,
S005757,C005757,P1,2024-06-20,Monthly,29.0,Churned,2025-09-16,Price
S005758,C005758,P2,2025-09-11,Monthly,79.0,Active,,
S005759,C005759,P1,2025-02-17,Monthly,29.0,Churned,2026-04-21,Low engagement
S005760,C005760,P2,2026-01-16,Monthly,79.0,Active,,
S005761,C005761,P2,2026-05-22,Monthly,79.0,Active,,
S005762,C005762,P3,2024-01-07,Monthly,199.0,Churned,2024-01-13,Price
S005763,C005763,P3,2024-06-28,Annual,169.15,Active,,
S005764,C005764,P3,2026-07-12,Annual,169.15,Active,,
S005765,C005765,P1,2024-11-21,Monthly,29.0,Churned,2025-09-17,Low engagement
S005766,C005766,P1,2026-02-18,Monthly,29.0,Active,,
S005767,C005767,P1,2026-04-16,Annual,24.65,Active,,
S005768,C005768,P2,2026-02-16,Monthly,79.0,Active,,
S005769,C005769,P2,2024-02-18,Monthly,79.0,Churned,2026-01-20,Company closed
S005770,C005770,P2,2026-02-25,Annual,67.15,Active,,
S005771,C005771,P3,2026-08-08,Monthly,199.0,Active,,
S005772,C005772,P3,2025-03-08,Annual,169.15,Active,,
S005773,C005773,P1,2026-01-28,Monthly,29.0,Active,,
S005774,C005774,P1,2024-12-26,Monthly,29.0,Active,,
S005775,C005775,P2,2026-08-12,Monthly,79.0,Active,,
S005776,C005776,P1,2024-10-10,Monthly,29.0,Active,,
S005777,C005777,P4,2025-01-21,Monthly,499.0,Churned,2025-08-27,Company closed
S005778,C005778,P2,2024-08-26,Monthly,79.0,Churned,2025-03-18,Low engagement
S005779,C005779,P3,2026-07-27,Monthly,199.0,Active,,
S005780,C005780,P2,2025-09-07,Monthly,79.0,Active,,
S005781,C005781,P3,2024-11-06,Annual,169.15,Active,,
S005782,C005782,P4,2024-07-15,Annual,424.15,Active,,
S005783,C005783,P1,2026-06-05,Annual,24.65,Active,,
S005784,C005784,P3,2024-04-27,Annual,169.15,Churned,2025-04-16,Price
S005785,C005785,P1,2025-12-10,Monthly,29.0,Active,,
S005786,C005786,P2,2025-11-08,Annual,67.15,Active,,
S005787,C005787,P3,2026-03-28,Monthly,199.0,Active,,
S005788,C005788,P3,2026-01-24,Monthly,199.0,Active,,
S005789,C005789,P2,2026-05-27,Annual,67.15,Active,,
S005790,C005790,P2,2024-02-15,Monthly,79.0,Churned,2025-05-10,Missing feature
S005791,C005791,P2,2025-05-23,Monthly,79.0,Active,,
S005792,C005792,P2,2024-04-12,Monthly,79.0,Churned,2026-02-20,Price
S005793,C005793,P1,2025-04-02,Monthly,29.0,Active,,
S005794,C005794,P1,2025-09-19,Monthly,29.0,Churned,2025-11-13,Payment issue
S005795,C005795,P3,2025-10-03,Annual,169.15,Active,,
S005796,C005796,P2,2026-07-06,Monthly,79.0,Churned,2026-08-09,Payment issue
S005797,C005797,P2,2026-07-09,Monthly,79.0,Active,,
S005798,C005798,P3,2025-01-19,Monthly,199.0,Active,,
S005799,C005799,P4,2026-01-22,Monthly,499.0,Active,,
S005800,C005800,P2,2026-01-05,Monthly,79.0,Active,,
S005801,C005801,P2,2026-07-21,Monthly,79.0,Active,,
S005802,C005802,P1,2024-04-20,Monthly,29.0,Churned,2025-02-20,Support experience
S005803,C005803,P3,2025-11-17,Annual,169.15,Active,,
S005804,C005804,P1,2025-05-18,Monthly,29.0,Churned,2025-07-19,Low engagement
S005805,C005805,P1,2025-03-12,Monthly,29.0,Active,,
S005806,C005806,P3,2025-11-04,Annual,169.15,Active,,
S005807,C005807,P3,2024-12-04,Monthly,199.0,Churned,2025-08-24,Price
S005808,C005808,P3,2024-02-03,Monthly,199.0,Active,,
S005809,C005809,P1,2026-03-14,Annual,24.65,Active,,
S005810,C005810,P3,2024-05-18,Annual,169.15,Active,,
S005811,C005811,P3,2025-02-05,Monthly,199.0,Active,,
S005812,C005812,P1,2025-10-04,Monthly,29.0,Active,,
S005813,C005813,P2,2025-11-20,Monthly,79.0,Active,,
S005814,C005814,P3,2025-12-18,Annual,169.15,Active,,
S005815,C005815,P2,2026-08-27,Monthly,79.0,Active,,
S005816,C005816,P3,2025-04-28,Monthly,199.0,Active,,
S005817,C005817,P1,2024-07-28,Monthly,29.0,Churned,2025-07-18,Price
S005818,C005818,P2,2024-07-04,Monthly,79.0,Active,,
S005819,C005819,P2,2025-08-11,Annual,67.15,Active,,
S005820,C005820,P2,2025-04-14,Monthly,79.0,Churned,2025-09-21,Missing feature
S005821,C005821,P2,2026-06-21,Annual,67.15,Active,,
S005822,C005822,P2,2025-08-26,Monthly,79.0,Active,,
S005823,C005823,P3,2025-06-24,Annual,169.15,Churned,2026-03-23,Payment issue
S005824,C005824,P1,2026-05-27,Annual,24.65,Active,,
S005825,C005825,P1,2026-04-01,Monthly,29.0,Active,,
S005826,C005826,P2,2026-01-01,Annual,67.15,Active,,
S005827,C005827,P4,2025-08-12,Annual,424.15,Churned,2026-01-17,Missing feature
S005828,C005828,P1,2024-11-23,Monthly,29.0,Active,,
S005829,C005829,P2,2025-09-10,Annual,67.15,Active,,
S005830,C005830,P3,2024-06-07,Monthly,199.0,Active,,
S005831,C005831,P3,2025-08-07,Annual,169.15,Active,,
S005832,C005832,P2,2026-05-21,Annual,67.15,Active,,
S005833,C005833,P1,2025-08-23,Annual,24.65,Active,,
S005834,C005834,P3,2024-04-10,Annual,169.15,Active,,
S005835,C005835,P1,2024-02-02,Monthly,29.0,Churned,2024-06-08,Price
S005836,C005836,P2,2026-05-07,Monthly,79.0,Active,,
S005837,C005837,P3,2024-10-09,Monthly,199.0,Active,,
S005838,C005838,P1,2025-08-14,Monthly,29.0,Active,,
S005839,C005839,P1,2026-03-11,Monthly,29.0,Active,,
S005840,C005840,P1,2024-11-05,Monthly,29.0,Active,,
S005841,C005841,P1,2026-02-28,Monthly,29.0,Active,,
S005842,C005842,P1,2024-04-12,Monthly,29.0,Churned,2026-06-18,Payment issue
S005843,C005843,P2,2026-02-07,Monthly,79.0,Active,,
S005844,C005844,P2,2024-04-12,Monthly,79.0,Active,,
S005845,C005845,P2,2024-12-21,Annual,67.15,Churned,2025-11-15,Support experience
S005846,C005846,P3,2024-11-27,Monthly,199.0,Active,,
S005847,C005847,P4,2026-06-13,Annual,424.15,Active,,
S005848,C005848,P2,2025-08-16,Monthly,79.0,Churned,2026-02-12,Low engagement
S005849,C005849,P1,2026-05-09,Monthly,29.0,Active,,
S005850,C005850,P3,2025-10-20,Annual,169.15,Active,,
S005851,C005851,P4,2026-04-20,Annual,424.15,Active,,
S005852,C005852,P3,2025-09-05,Monthly,199.0,Active,,
S005853,C005853,P1,2025-06-16,Annual,24.65,Active,,
S005854,C005854,P2,2025-12-28,Monthly,79.0,Active,,
S005855,C005855,P1,2024-12-07,Monthly,29.0,Active,,
S005856,C005856,P2,2026-07-14,Monthly,79.0,Active,,
S005857,C005857,P2,2026-06-19,Monthly,79.0,Active,,
S005858,C005858,P2,2024-04-03,Monthly,79.0,Active,,
S005859,C005859,P1,2026-07-15,Monthly,29.0,Active,,
S005860,C005860,P1,2024-09-18,Monthly,29.0,Active,,
S005861,C005861,P2,2026-01-16,Monthly,79.0,Active,,
S005862,C005862,P2,2026-04-09,Annual,67.15,Active,,
S005863,C005863,P1,2024-11-23,Monthly,29.0,Active,,
S005864,C005864,P2,2024-06-09,Monthly,79.0,Active,,
S005865,C005865,P3,2026-03-15,Monthly,199.0,Active,,
S005866,C005866,P1,2025-06-09,Monthly,29.0,Active,,
S005867,C005867,P3,2025-07-24,Annual,169.15,Active,,
S005868,C005868,P4,2026-03-13,Annual,424.15,Active,,
S005869,C005869,P2,2024-11-11,Monthly,79.0,Active,,
S005870,C005870,P3,2024-05-09,Monthly,199.0,Active,,
S005871,C005871,P1,2026-08-16,Monthly,29.0,Active,,
S005872,C005872,P1,2026-01-22,Monthly,29.0,Active,,
S005873,C005873,P3,2025-12-18,Annual,169.15,Active,,
S005874,C005874,P2,2025-02-06,Monthly,79.0,Active,,
S005875,C005875,P2,2026-08-01,Monthly,79.0,Active,,
S005876,C005876,P1,2024-10-04,Monthly,29.0,Churned,2024-11-20,Price
S005877,C005877,P2,2024-08-25,Annual,67.15,Active,,
S005878,C005878,P1,2025-02-03,Annual,24.65,Active,,
S005879,C005879,P4,2026-02-05,Annual,424.15,Active,,
S005880,C005880,P2,2024-11-12,Annual,67.15,Active,,
S005881,C005881,P1,2025-01-06,Monthly,29.0,Active,,
S005882,C005882,P1,2025-08-04,Monthly,29.0,Churned,2025-09-25,Low engagement
S005883,C005883,P2,2025-12-06,Monthly,79.0,Active,,
S005884,C005884,P4,2024-07-01,Annual,424.15,Active,,
S005885,C005885,P1,2025-12-15,Monthly,29.0,Active,,
S005886,C005886,P1,2025-04-09,Monthly,29.0,Active,,
S005887,C005887,P1,2025-03-09,Monthly,29.0,Churned,2025-12-16,Low engagement
S005888,C005888,P1,2024-04-28,Annual,24.65,Churned,2024-09-17,Missing feature
S005889,C005889,P3,2026-08-26,Monthly,199.0,Active,,
S005890,C005890,P1,2026-01-01,Annual,24.65,Active,,
S005891,C005891,P3,2024-05-26,Monthly,199.0,Active,,
S005892,C005892,P1,2025-03-02,Monthly,29.0,Churned,2026-05-15,Low engagement
S005893,C005893,P2,2024-04-17,Monthly,79.0,Active,,
S005894,C005894,P3,2025-09-17,Annual,169.15,Active,,
S005895,C005895,P1,2026-01-18,Monthly,29.0,Active,,
S005896,C005896,P3,2024-03-14,Monthly,199.0,Active,,
S005897,C005897,P1,2026-07-19,Monthly,29.0,Churned,2026-08-26,Support experience
S005898,C005898,P3,2025-03-03,Monthly,199.0,Churned,2026-04-16,Support experience
S005899,C005899,P1,2024-11-13,Monthly,29.0,Active,,
S005900,C005900,P3,2024-06-26,Monthly,199.0,Churned,2025-03-05,Support experience
S005901,C005901,P3,2024-07-16,Monthly,199.0,Active,,
S005902,C005902,P2,2026-05-19,Monthly,79.0,Active,,
S005903,C005903,P1,2025-07-02,Monthly,29.0,Active,,
S005904,C005904,P2,2026-04-14,Annual,67.15,Active,,
S005905,C005905,P1,2024-10-03,Monthly,29.0,Churned,2025-03-23,Low engagement
S005906,C005906,P3,2025-02-16,Monthly,199.0,Churned,2025-07-21,Payment issue
S005907,C005907,P3,2025-05-10,Monthly,199.0,Active,,
S005908,C005908,P1,2025-06-23,Monthly,29.0,Active,,
S005909,C005909,P3,2024-05-22,Monthly,199.0,Churned,2024-11-24,Company closed
S005910,C005910,P2,2024-03-03,Monthly,79.0,Churned,2025-08-10,Support experience
S005911,C005911,P4,2026-08-11,Monthly,499.0,Active,,
S005912,C005912,P3,2025-12-27,Annual,169.15,Active,,
S005913,C005913,P3,2024-03-01,Monthly,199.0,Active,,
S005914,C005914,P2,2026-03-04,Annual,67.15,Active,,
S005915,C005915,P1,2025-03-27,Monthly,29.0,Active,,
S005916,C005916,P2,2026-04-13,Monthly,79.0,Active,,
S005917,C005917,P2,2026-07-18,Annual,67.15,Active,,
S005918,C005918,P3,2024-02-07,Annual,169.15,Active,,
S005919,C005919,P3,2026-08-12,Monthly,199.0,Active,,
S005920,C005920,P1,2024-08-19,Monthly,29.0,Active,,
S005921,C005921,P1,2025-01-09,Monthly,29.0,Churned,2025-06-05,Support experience
S005922,C005922,P1,2025-11-24,Annual,24.65,Active,,
S005923,C005923,P3,2026-01-26,Annual,169.15,Active,,
S005924,C005924,P1,2024-08-18,Monthly,29.0,Active,,
S005925,C005925,P2,2024-07-08,Annual,67.15,Active,,
S005926,C005926,P2,2024-12-07,Monthly,79.0,Active,,
S005927,C005927,P2,2025-02-01,Monthly,79.0,Active,,
S005928,C005928,P3,2025-02-22,Annual,169.15,Active,,
S005929,C005929,P2,2024-08-26,Monthly,79.0,Churned,2025-05-20,Support experience
S005930,C005930,P1,2026-08-27,Monthly,29.0,Active,,
S005931,C005931,P4,2026-04-28,Annual,424.15,Active,,
S005932,C005932,P1,2026-08-05,Monthly,29.0,Active,,
S005933,C005933,P1,2024-05-20,Monthly,29.0,Churned,2024-09-24,Support experience
S005934,C005934,P1,2024-04-08,Annual,24.65,Churned,2025-07-19,Support experience
S005935,C005935,P1,2025-08-05,Monthly,29.0,Churned,2025-11-14,Price
S005936,C005936,P3,2025-11-15,Monthly,199.0,Active,,
S005937,C005937,P2,2025-11-19,Monthly,79.0,Active,,
S005938,C005938,P1,2024-05-21,Monthly,29.0,Active,,
S005939,C005939,P3,2026-05-14,Monthly,199.0,Active,,
S005940,C005940,P2,2025-07-04,Monthly,79.0,Active,,
S005941,C005941,P3,2025-03-02,Monthly,199.0,Active,,
S005942,C005942,P2,2025-08-02,Annual,67.15,Churned,2025-08-07,Low engagement
S005943,C005943,P2,2024-02-22,Monthly,79.0,Churned,2026-05-13,Low engagement
S005944,C005944,P3,2024-10-16,Monthly,199.0,Churned,2025-12-18,Price
S005945,C005945,P2,2026-08-10,Monthly,79.0,Active,,
S005946,C005946,P1,2025-09-23,Monthly,29.0,Active,,
S005947,C005947,P2,2024-04-10,Monthly,79.0,Active,,
S005948,C005948,P2,2025-01-09,Monthly,79.0,Active,,
S005949,C005949,P1,2024-09-23,Monthly,29.0,Active,,
S005950,C005950,P3,2026-07-17,Monthly,199.0,Active,,
S005951,C005951,P1,2026-04-19,Monthly,29.0,Churned,2026-05-20,Missing feature
S005952,C005952,P1,2025-09-23,Monthly,29.0,Churned,2026-06-23,Low engagement
S005953,C005953,P1,2026-07-09,Monthly,29.0,Active,,
S005954,C005954,P3,2025-03-01,Monthly,199.0,Churned,2025-11-28,Payment issue
S005955,C005955,P1,2026-05-19,Annual,24.65,Active,,
S005956,C005956,P1,2025-06-10,Annual,24.65,Active,,
S005957,C005957,P1,2026-05-28,Annual,24.65,Active,,
S005958,C005958,P2,2026-06-09,Monthly,79.0,Active,,
S005959,C005959,P2,2025-06-23,Annual,67.15,Active,,
S005960,C005960,P1,2024-08-21,Monthly,29.0,Churned,2026-02-07,Support experience
S005961,C005961,P1,2024-09-20,Monthly,29.0,Churned,2024-11-16,Price
S005962,C005962,P2,2025-01-19,Monthly,79.0,Active,,
S005963,C005963,P2,2024-10-03,Monthly,79.0,Churned,2026-05-22,Company closed
S005964,C005964,P1,2025-04-24,Monthly,29.0,Active,,
S005965,C005965,P2,2025-08-08,Monthly,79.0,Churned,2025-12-28,Support experience
S005966,C005966,P1,2024-05-16,Monthly,29.0,Active,,
S005967,C005967,P3,2026-06-08,Monthly,199.0,Active,,
S005968,C005968,P2,2024-01-07,Monthly,79.0,Churned,2025-01-20,Low engagement
S005969,C005969,P1,2024-07-11,Annual,24.65,Churned,2026-03-08,Other
S005970,C005970,P3,2024-01-13,Annual,169.15,Churned,2024-03-21,Price
S005971,C005971,P1,2026-08-26,Monthly,29.0,Active,,
S005972,C005972,P1,2025-05-12,Monthly,29.0,Churned,2025-10-20,Missing feature
S005973,C005973,P2,2024-09-27,Monthly,79.0,Churned,2026-06-23,Missing feature
S005974,C005974,P4,2024-06-19,Monthly,499.0,Active,,
S005975,C005975,P3,2025-03-18,Annual,169.15,Active,,
S005976,C005976,P3,2026-08-27,Monthly,199.0,Active,,
S005977,C005977,P2,2025-09-28,Monthly,79.0,Active,,
S005978,C005978,P2,2025-03-13,Monthly,79.0,Active,,
S005979,C005979,P1,2025-03-12,Monthly,29.0,Churned,2026-03-09,Price
S005980,C005980,P2,2024-06-18,Monthly,79.0,Churned,2025-09-27,Company closed
S005981,C005981,P2,2025-08-06,Annual,67.15,Churned,2026-07-22,Missing feature
S005982,C005982,P1,2025-05-05,Monthly,29.0,Active,,
S005983,C005983,P3,2026-02-09,Monthly,199.0,Active,,
S005984,C005984,P2,2024-09-17,Monthly,79.0,Active,,
S005985,C005985,P2,2024-07-28,Annual,67.15,Churned,2025-06-09,Missing feature
S005986,C005986,P2,2025-10-21,Annual,67.15,Active,,
S005987,C005987,P1,2026-02-09,Annual,24.65,Active,,
S005988,C005988,P1,2025-07-22,Monthly,29.0,Active,,
S005989,C005989,P3,2026-03-15,Annual,169.15,Churned,2026-07-20,Missing feature
S005990,C005990,P1,2026-05-28,Monthly,29.0,Active,,
S005991,C005991,P1,2026-07-18,Monthly,29.0,Active,,
S005992,C005992,P3,2025-04-28,Annual,169.15,Active,,
S005993,C005993,P4,2026-06-22,Annual,424.15,Active,,
S005994,C005994,P3,2026-01-15,Monthly,199.0,Active,,
S005995,C005995,P1,2025-11-22,Monthly,29.0,Churned,2026-01-12,Payment issue
S005996,C005996,P2,2025-09-25,Monthly,79.0,Churned,2026-03-17,Price
S005997,C005997,P1,2024-01-06,Monthly,29.0,Churned,2025-05-17,Company closed
S005998,C005998,P4,2025-09-21,Annual,424.15,Churned,2025-11-16,Price
S005999,C005999,P3,2026-03-28,Annual,169.15,Active,,
S006000,C006000,P4,2026-08-15,Monthly,499.0,Active,,
S006001,C006001,P2,2025-05-13,Monthly,79.0,Churned,2026-02-19,Low engagement
S006002,C006002,P1,2026-08-01,Monthly,29.0,Active,,
S006003,C006003,P2,2024-08-21,Annual,67.15,Churned,2025-08-07,Missing feature
S006004,C006004,P1,2026-08-28,Annual,24.65,Active,,
S006005,C006005,P1,2025-10-18,Monthly,29.0,Churned,2026-05-14,Payment issue
S006006,C006006,P1,2025-12-28,Monthly,29.0,Active,,
S006007,C006007,P3,2025-10-04,Annual,169.15,Active,,
S006008,C006008,P2,2026-08-15,Annual,67.15,Active,,
S006009,C006009,P3,2024-03-22,Monthly,199.0,Churned,2024-08-21,Low engagement
S006010,C006010,P2,2025-05-10,Annual,67.15,Active,,
S006011,C006011,P3,2026-06-24,Monthly,199.0,Active,,
S006012,C006012,P4,2024-08-04,Annual,424.15,Active,,
S006013,C006013,P1,2025-09-25,Annual,24.65,Active,,
S006014,C006014,P1,2025-08-02,Monthly,29.0,Churned,2025-10-14,Payment issue
S006015,C006015,P2,2026-04-03,Monthly,79.0,Active,,
S006016,C006016,P3,2026-07-23,Monthly,199.0,Active,,
S006017,C006017,P2,2024-11-28,Monthly,79.0,Active,,
S006018,C006018,P3,2026-01-12,Annual,169.15,Active,,
S006019,C006019,P4,2025-09-07,Monthly,499.0,Active,,
S006020,C006020,P4,2025-12-16,Annual,424.15,Active,,
S006021,C006021,P4,2024-09-08,Annual,424.15,Churned,2026-06-16,Support experience
S006022,C006022,P3,2024-12-09,Annual,169.15,Active,,
S006023,C006023,P2,2025-09-01,Annual,67.15,Active,,
S006024,C006024,P2,2024-01-18,Annual,67.15,Churned,2026-08-18,Missing feature
S006025,C006025,P3,2026-01-05,Monthly,199.0,Active,,
S006026,C006026,P2,2024-08-22,Annual,67.15,Active,,
S006027,C006027,P1,2026-07-06,Monthly,29.0,Active,,
S006028,C006028,P3,2026-05-26,Monthly,199.0,Active,,
S006029,C006029,P3,2025-11-20,Monthly,199.0,Active,,
S006030,C006030,P1,2026-06-14,Monthly,29.0,Active,,
S006031,C006031,P2,2026-08-12,Annual,67.15,Active,,
S006032,C006032,P1,2026-03-09,Monthly,29.0,Active,,
S006033,C006033,P1,2025-11-02,Monthly,29.0,Active,,
S006034,C006034,P1,2025-06-03,Monthly,29.0,Active,,
S006035,C006035,P4,2026-04-16,Monthly,499.0,Active,,
S006036,C006036,P3,2026-01-24,Annual,169.15,Active,,
S006037,C006037,P2,2025-07-20,Monthly,79.0,Active,,
S006038,C006038,P2,2025-07-24,Monthly,79.0,Active,,
S006039,C006039,P1,2024-10-21,Monthly,29.0,Churned,2025-07-19,Low engagement
S006040,C006040,P1,2026-03-10,Monthly,29.0,Active,,
S006041,C006041,P1,2026-06-27,Monthly,29.0,Active,,
S006042,C006042,P2,2024-01-06,Monthly,79.0,Active,,
S006043,C006043,P2,2024-06-08,Annual,67.15,Active,,
S006044,C006044,P3,2026-08-19,Monthly,199.0,Active,,
S006045,C006045,P1,2024-08-02,Monthly,29.0,Churned,2026-07-09,Missing feature
S006046,C006046,P1,2026-02-22,Annual,24.65,Churned,2026-05-19,Low engagement
S006047,C006047,P1,2025-07-09,Monthly,29.0,Active,,
S006048,C006048,P2,2025-08-21,Annual,67.15,Active,,
S006049,C006049,P2,2024-06-21,Monthly,79.0,Churned,2024-08-12,Low engagement
S006050,C006050,P2,2024-07-02,Monthly,79.0,Churned,2025-01-23,Low engagement
S006051,C006051,P1,2025-10-10,Annual,24.65,Active,,
S006052,C006052,P1,2025-04-28,Monthly,29.0,Active,,
S006053,C006053,P3,2026-04-27,Monthly,199.0,Active,,
S006054,C006054,P2,2026-08-16,Monthly,79.0,Active,,
S006055,C006055,P2,2026-04-12,Monthly,79.0,Active,,
S006056,C006056,P1,2025-04-18,Monthly,29.0,Active,,
S006057,C006057,P2,2025-07-21,Annual,67.15,Active,,
S006058,C006058,P1,2024-08-02,Monthly,29.0,Active,,
S006059,C006059,P3,2026-01-09,Monthly,199.0,Active,,
S006060,C006060,P3,2025-06-01,Monthly,199.0,Active,,
S006061,C006061,P1,2026-05-15,Monthly,29.0,Active,,
S006062,C006062,P1,2025-12-04,Monthly,29.0,Active,,
S006063,C006063,P1,2024-08-26,Monthly,29.0,Active,,
S006064,C006064,P1,2025-05-11,Annual,24.65,Active,,
S006065,C006065,P1,2025-12-25,Monthly,29.0,Active,,
S006066,C006066,P2,2026-05-27,Monthly,79.0,Active,,
S006067,C006067,P2,2025-03-08,Monthly,79.0,Active,,
S006068,C006068,P1,2025-12-21,Monthly,29.0,Active,,
S006069,C006069,P1,2024-08-02,Monthly,29.0,Active,,
S006070,C006070,P1,2026-06-28,Monthly,29.0,Churned,2026-08-11,Other
S006071,C006071,P2,2025-10-22,Annual,67.15,Active,,
S006072,C006072,P1,2026-03-20,Monthly,29.0,Active,,
S006073,C006073,P2,2025-04-17,Monthly,79.0,Active,,
S006074,C006074,P1,2026-07-03,Monthly,29.0,Active,,
S006075,C006075,P2,2026-02-08,Annual,67.15,Active,,
S006076,C006076,P2,2024-07-20,Monthly,79.0,Churned,2025-10-21,Support experience
S006077,C006077,P1,2025-09-06,Monthly,29.0,Active,,
S006078,C006078,P1,2024-12-18,Monthly,29.0,Churned,2025-10-20,Support experience
S006079,C006079,P1,2026-04-24,Monthly,29.0,Active,,
S006080,C006080,P2,2026-03-25,Monthly,79.0,Churned,2026-04-27,Company closed
S006081,C006081,P2,2025-07-02,Monthly,79.0,Active,,
S006082,C006082,P2,2025-01-16,Monthly,79.0,Active,,
S006083,C006083,P1,2026-05-04,Annual,24.65,Churned,2026-08-14,Company closed
S006084,C006084,P1,2026-05-07,Monthly,29.0,Churned,2026-05-18,Price
S006085,C006085,P1,2025-08-25,Monthly,29.0,Active,,
S006086,C006086,P3,2026-02-21,Annual,169.15,Active,,
S006087,C006087,P3,2024-12-19,Monthly,199.0,Active,,
S006088,C006088,P1,2025-03-22,Monthly,29.0,Active,,
S006089,C006089,P2,2026-07-04,Monthly,79.0,Active,,
S006090,C006090,P2,2026-02-15,Monthly,79.0,Churned,2026-04-18,Low engagement
S006091,C006091,P1,2024-04-07,Monthly,29.0,Churned,2025-05-25,Low engagement
S006092,C006092,P1,2025-06-03,Monthly,29.0,Active,,
S006093,C006093,P2,2025-04-26,Monthly,79.0,Active,,
S006094,C006094,P1,2024-10-12,Monthly,29.0,Active,,
S006095,C006095,P4,2026-08-06,Annual,424.15,Active,,
S006096,C006096,P1,2024-07-24,Monthly,29.0,Churned,2024-12-15,Price
S006097,C006097,P1,2025-01-20,Monthly,29.0,Active,,
S006098,C006098,P2,2026-05-09,Monthly,79.0,Active,,
S006099,C006099,P1,2024-07-23,Monthly,29.0,Active,,
S006100,C006100,P2,2025-04-21,Annual,67.15,Active,,
S006101,C006101,P1,2025-11-08,Monthly,29.0,Churned,2026-01-15,Support experience
S006102,C006102,P2,2025-02-08,Monthly,79.0,Active,,
S006103,C006103,P3,2025-05-05,Monthly,199.0,Churned,2026-03-26,Other
S006104,C006104,P3,2025-09-10,Annual,169.15,Active,,
S006105,C006105,P1,2026-07-09,Monthly,29.0,Active,,
S006106,C006106,P4,2026-05-10,Annual,424.15,Active,,
S006107,C006107,P4,2024-06-06,Monthly,499.0,Active,,
S006108,C006108,P1,2025-09-04,Monthly,29.0,Churned,2026-04-10,Low engagement
S006109,C006109,P2,2025-12-20,Monthly,79.0,Active,,
S006110,C006110,P2,2025-02-10,Monthly,79.0,Active,,
S006111,C006111,P1,2024-12-03,Monthly,29.0,Active,,
S006112,C006112,P1,2025-10-21,Monthly,29.0,Active,,
S006113,C006113,P2,2025-05-07,Monthly,79.0,Churned,2025-10-14,Support experience
S006114,C006114,P4,2026-06-12,Monthly,499.0,Active,,
S006115,C006115,P1,2024-08-24,Annual,24.65,Churned,2025-11-16,Price
S006116,C006116,P4,2024-03-09,Annual,424.15,Active,,
S006117,C006117,P1,2026-06-06,Monthly,29.0,Active,,
S006118,C006118,P1,2026-06-20,Monthly,29.0,Active,,
S006119,C006119,P4,2025-05-03,Monthly,499.0,Active,,
S006120,C006120,P1,2026-02-15,Monthly,29.0,Active,,
S006121,C006121,P2,2026-05-23,Monthly,79.0,Active,,
S006122,C006122,P1,2024-11-13,Monthly,29.0,Active,,
S006123,C006123,P3,2025-12-05,Monthly,199.0,Active,,
S006124,C006124,P2,2026-02-23,Annual,67.15,Active,,
S006125,C006125,P1,2025-03-21,Monthly,29.0,Churned,2025-04-27,Support experience
S006126,C006126,P2,2026-07-11,Monthly,79.0,Active,,
S006127,C006127,P2,2026-08-05,Monthly,79.0,Active,,
S006128,C006128,P2,2025-07-16,Monthly,79.0,Active,,
S006129,C006129,P2,2024-04-22,Monthly,79.0,Churned,2025-01-28,Low engagement
S006130,C006130,P2,2026-07-01,Monthly,79.0,Active,,
S006131,C006131,P1,2025-08-14,Annual,24.65,Active,,
S006132,C006132,P2,2024-07-10,Monthly,79.0,Churned,2024-10-15,Low engagement
S006133,C006133,P3,2026-02-11,Monthly,199.0,Active,,
S006134,C006134,P2,2026-01-07,Monthly,79.0,Active,,
S006135,C006135,P2,2024-07-19,Annual,67.15,Churned,2026-05-19,Other
S006136,C006136,P1,2024-12-25,Monthly,29.0,Active,,
S006137,C006137,P4,2026-05-03,Monthly,499.0,Active,,
S006138,C006138,P1,2026-08-01,Monthly,29.0,Active,,
S006139,C006139,P2,2025-04-12,Monthly,79.0,Churned,2025-12-21,Other
S006140,C006140,P1,2024-07-20,Monthly,29.0,Active,,
S006141,C006141,P1,2025-03-03,Monthly,29.0,Active,,
S006142,C006142,P2,2025-08-22,Monthly,79.0,Active,,
S006143,C006143,P1,2025-01-21,Annual,24.65,Active,,
S006144,C006144,P2,2025-11-10,Monthly,79.0,Churned,2026-03-23,Missing feature
S006145,C006145,P2,2024-01-10,Annual,67.15,Active,,
S006146,C006146,P3,2026-04-08,Monthly,199.0,Active,,
S006147,C006147,P3,2026-05-20,Monthly,199.0,Active,,
S006148,C006148,P2,2026-03-05,Monthly,79.0,Active,,
S006149,C006149,P2,2025-01-10,Annual,67.15,Churned,2026-04-17,Low engagement
S006150,C006150,P3,2025-11-08,Annual,169.15,Active,,
S006151,C006151,P2,2025-03-11,Annual,67.15,Active,,
S006152,C006152,P3,2025-04-26,Annual,169.15,Active,,
S006153,C006153,P2,2026-01-01,Annual,67.15,Active,,
S006154,C006154,P2,2026-05-02,Annual,67.15,Active,,
S006155,C006155,P2,2026-04-12,Monthly,79.0,Active,,
S006156,C006156,P2,2024-10-13,Monthly,79.0,Active,,
S006157,C006157,P1,2025-12-28,Monthly,29.0,Active,,
S006158,C006158,P2,2024-12-08,Monthly,79.0,Churned,2026-08-12,Missing feature
S006159,C006159,P1,2025-11-16,Monthly,29.0,Churned,2026-02-14,Payment issue
S006160,C006160,P3,2025-03-20,Monthly,199.0,Active,,
S006161,C006161,P2,2026-03-20,Monthly,79.0,Active,,
S006162,C006162,P2,2026-07-10,Annual,67.15,Active,,
S006163,C006163,P1,2025-01-24,Monthly,29.0,Churned,2026-05-27,Payment issue
S006164,C006164,P1,2026-05-10,Monthly,29.0,Active,,
S006165,C006165,P3,2026-02-13,Annual,169.15,Active,,
S006166,C006166,P2,2025-09-02,Annual,67.15,Active,,
S006167,C006167,P1,2025-08-28,Monthly,29.0,Churned,2026-05-25,Support experience
S006168,C006168,P1,2025-02-26,Monthly,29.0,Active,,
S006169,C006169,P1,2024-09-07,Monthly,29.0,Active,,
S006170,C006170,P2,2024-04-15,Annual,67.15,Churned,2024-04-05,Missing feature
S006171,C006171,P4,2026-01-24,Annual,424.15,Active,,
S006172,C006172,P1,2024-10-02,Monthly,29.0,Churned,2024-10-14,Other
S006173,C006173,P1,2025-07-19,Monthly,29.0,Churned,2025-10-14,Other
S006174,C006174,P2,2026-06-22,Monthly,79.0,Active,,
S006175,C006175,P1,2025-12-18,Monthly,29.0,Active,,
S006176,C006176,P4,2024-08-22,Annual,424.15,Active,,
S006177,C006177,P2,2026-02-07,Annual,67.15,Active,,
S006178,C006178,P2,2024-10-13,Monthly,79.0,Active,,
S006179,C006179,P2,2026-03-18,Annual,67.15,Active,,
S006180,C006180,P1,2024-04-28,Monthly,29.0,Active,,
S006181,C006181,P1,2024-07-02,Monthly,29.0,Active,,
S006182,C006182,P1,2026-07-07,Monthly,29.0,Active,,
S006183,C006183,P2,2024-12-10,Monthly,79.0,Active,,
S006184,C006184,P2,2024-07-24,Monthly,79.0,Churned,2025-07-10,Low engagement
S006185,C006185,P1,2024-10-22,Annual,24.65,Active,,
S006186,C006186,P2,2025-03-24,Monthly,79.0,Active,,
S006187,C006187,P2,2026-05-19,Monthly,79.0,Active,,
S006188,C006188,P1,2024-07-15,Monthly,29.0,Churned,2026-05-07,Payment issue
S006189,C006189,P1,2024-01-12,Monthly,29.0,Active,,
S006190,C006190,P1,2026-05-16,Monthly,29.0,Active,,
S006191,C006191,P4,2025-01-03,Monthly,499.0,Active,,
S006192,C006192,P1,2024-04-04,Monthly,29.0,Churned,2026-05-28,Low engagement
S006193,C006193,P1,2024-02-02,Monthly,29.0,Active,,
S006194,C006194,P2,2026-06-04,Monthly,79.0,Active,,
S006195,C006195,P1,2025-08-10,Annual,24.65,Active,,
S006196,C006196,P1,2025-11-12,Monthly,29.0,Active,,
S006197,C006197,P3,2025-11-28,Monthly,199.0,Active,,
S006198,C006198,P1,2025-08-26,Annual,24.65,Active,,
S006199,C006199,P1,2026-03-22,Monthly,29.0,Active,,
S006200,C006200,P4,2026-06-07,Annual,424.15,Active,,
S006201,C006201,P2,2025-11-15,Monthly,79.0,Active,,
S006202,C006202,P2,2026-05-14,Monthly,79.0,Active,,
S006203,C006203,P1,2024-01-18,Monthly,29.0,Churned,2025-04-16,Missing feature
S006204,C006204,P1,2025-07-02,Monthly,29.0,Active,,
S006205,C006205,P1,2025-10-02,Monthly,29.0,Active,,
S006206,C006206,P3,2024-09-09,Monthly,199.0,Active,,
S006207,C006207,P2,2024-08-03,Monthly,79.0,Churned,2024-09-12,Missing feature
S006208,C006208,P2,2024-07-11,Monthly,79.0,Churned,2025-08-23,Payment issue
S006209,C006209,P1,2024-12-11,Monthly,29.0,Active,,
S006210,C006210,P4,2026-04-27,Monthly,499.0,Active,,
S006211,C006211,P1,2024-02-19,Monthly,29.0,Churned,2025-02-25,Low engagement
S006212,C006212,P4,2025-10-06,Monthly,499.0,Active,,
S006213,C006213,P1,2024-04-17,Monthly,29.0,Churned,2025-01-07,Company closed
S006214,C006214,P2,2025-10-03,Monthly,79.0,Active,,
S006215,C006215,P2,2024-11-28,Monthly,79.0,Active,,
S006216,C006216,P2,2024-08-02,Monthly,79.0,Churned,2026-01-09,Low engagement
S006217,C006217,P2,2025-06-07,Monthly,79.0,Active,,
S006218,C006218,P3,2024-10-15,Monthly,199.0,Active,,
S006219,C006219,P2,2025-04-20,Annual,67.15,Active,,
S006220,C006220,P2,2025-11-15,Monthly,79.0,Active,,
S006221,C006221,P1,2026-07-27,Monthly,29.0,Active,,
S006222,C006222,P1,2025-11-06,Monthly,29.0,Churned,2026-05-06,Payment issue
S006223,C006223,P2,2025-08-28,Monthly,79.0,Active,,
S006224,C006224,P1,2025-09-07,Monthly,29.0,Active,,
S006225,C006225,P1,2025-07-21,Monthly,29.0,Active,,
S006226,C006226,P1,2025-09-09,Annual,24.65,Active,,
S006227,C006227,P1,2025-09-20,Monthly,29.0,Active,,
S006228,C006228,P2,2025-07-01,Monthly,79.0,Active,,
S006229,C006229,P2,2026-03-21,Monthly,79.0,Churned,2026-06-13,Low engagement
S006230,C006230,P1,2025-04-23,Monthly,29.0,Churned,2026-06-17,Low engagement
S006231,C006231,P3,2024-06-10,Monthly,199.0,Churned,2026-04-18,Support experience
S006232,C006232,P1,2025-12-22,Monthly,29.0,Active,,
S006233,C006233,P4,2026-04-15,Monthly,499.0,Active,,
S006234,C006234,P2,2026-03-09,Monthly,79.0,Active,,
S006235,C006235,P1,2024-11-17,Monthly,29.0,Churned,2026-06-10,Low engagement
S006236,C006236,P1,2025-12-17,Annual,24.65,Active,,
S006237,C006237,P2,2026-08-10,Monthly,79.0,Active,,
S006238,C006238,P3,2024-05-10,Monthly,199.0,Active,,
S006239,C006239,P3,2025-08-13,Annual,169.15,Active,,
S006240,C006240,P2,2025-01-01,Annual,67.15,Churned,2026-08-24,Support experience
S006241,C006241,P1,2026-03-17,Monthly,29.0,Churned,2026-05-08,Missing feature
S006242,C006242,P2,2025-02-17,Monthly,79.0,Active,,
S006243,C006243,P2,2026-02-16,Monthly,79.0,Churned,2026-06-20,Low engagement
S006244,C006244,P2,2024-08-21,Monthly,79.0,Churned,2026-03-28,Low engagement
S006245,C006245,P2,2024-04-14,Monthly,79.0,Churned,2026-07-14,Payment issue
S006246,C006246,P2,2024-05-10,Monthly,79.0,Churned,2026-04-10,Price
S006247,C006247,P3,2024-12-23,Annual,169.15,Active,,
S006248,C006248,P4,2026-05-07,Annual,424.15,Active,,
S006249,C006249,P1,2024-07-01,Monthly,29.0,Churned,2024-10-28,Price
S006250,C006250,P1,2024-02-08,Annual,24.65,Active,,
S006251,C006251,P4,2026-05-21,Monthly,499.0,Active,,
S006252,C006252,P2,2025-03-10,Monthly,79.0,Active,,
S006253,C006253,P1,2025-10-05,Monthly,29.0,Active,,
S006254,C006254,P1,2024-04-14,Monthly,29.0,Churned,2025-12-11,Low engagement
S006255,C006255,P3,2026-06-06,Annual,169.15,Active,,
S006256,C006256,P3,2025-08-22,Monthly,199.0,Churned,2026-01-06,Support experience
S006257,C006257,P2,2024-05-03,Monthly,79.0,Active,,
S006258,C006258,P2,2025-11-06,Monthly,79.0,Churned,2026-04-09,Low engagement
S006259,C006259,P2,2025-03-22,Monthly,79.0,Churned,2026-05-26,Low engagement
S006260,C006260,P2,2025-03-20,Monthly,79.0,Churned,2025-06-24,Low engagement
S006261,C006261,P3,2025-05-07,Annual,169.15,Active,,
S006262,C006262,P3,2025-08-28,Monthly,199.0,Active,,
S006263,C006263,P1,2025-11-02,Monthly,29.0,Active,,
S006264,C006264,P3,2024-07-06,Monthly,199.0,Churned,2026-02-19,Price
S006265,C006265,P1,2026-02-07,Monthly,29.0,Active,,
S006266,C006266,P4,2024-02-15,Monthly,499.0,Active,,
S006267,C006267,P2,2026-01-15,Monthly,79.0,Active,,
S006268,C006268,P4,2024-09-11,Annual,424.15,Active,,
S006269,C006269,P1,2025-06-07,Monthly,29.0,Active,,
S006270,C006270,P2,2025-09-17,Monthly,79.0,Active,,
S006271,C006271,P1,2025-12-12,Monthly,29.0,Active,,
S006272,C006272,P1,2026-03-25,Monthly,29.0,Active,,
S006273,C006273,P2,2025-08-03,Monthly,79.0,Active,,
S006274,C006274,P2,2026-06-25,Monthly,79.0,Active,,
S006275,C006275,P2,2026-07-23,Monthly,79.0,Active,,
S006276,C006276,P2,2026-08-13,Monthly,79.0,Active,,
S006277,C006277,P1,2025-02-20,Annual,24.65,Active,,
S006278,C006278,P2,2024-02-22,Monthly,79.0,Churned,2024-02-17,Company closed
S006279,C006279,P2,2026-01-25,Monthly,79.0,Active,,
S006280,C006280,P2,2024-11-15,Monthly,79.0,Churned,2026-06-20,Price
S006281,C006281,P3,2026-03-03,Annual,169.15,Active,,
S006282,C006282,P1,2024-01-22,Monthly,29.0,Churned,2024-04-17,Price
S006283,C006283,P1,2026-03-05,Monthly,29.0,Churned,2026-05-15,Low engagement
S006284,C006284,P1,2024-04-25,Monthly,29.0,Active,,
S006285,C006285,P2,2026-06-23,Annual,67.15,Active,,
S006286,C006286,P2,2025-12-20,Monthly,79.0,Active,,
S006287,C006287,P1,2024-08-10,Monthly,29.0,Active,,
S006288,C006288,P3,2025-08-02,Monthly,199.0,Active,,
S006289,C006289,P1,2025-08-13,Annual,24.65,Active,,
S006290,C006290,P3,2026-06-07,Annual,169.15,Active,,
S006291,C006291,P2,2025-08-28,Monthly,79.0,Active,,
S006292,C006292,P3,2025-09-23,Monthly,199.0,Churned,2026-07-09,Support experience
S006293,C006293,P4,2025-02-06,Monthly,499.0,Active,,
S006294,C006294,P4,2026-02-01,Monthly,499.0,Active,,
S006295,C006295,P1,2024-03-26,Annual,24.65,Active,,
S006296,C006296,P3,2026-08-15,Monthly,199.0,Active,,
S006297,C006297,P3,2025-10-21,Annual,169.15,Active,,
S006298,C006298,P2,2026-05-18,Monthly,79.0,Active,,
S006299,C006299,P1,2026-03-09,Annual,24.65,Active,,
S006300,C006300,P3,2024-10-23,Annual,169.15,Churned,2026-05-10,Other
S006301,C006301,P1,2025-01-07,Monthly,29.0,Churned,2025-04-06,Low engagement
S006302,C006302,P1,2024-12-23,Monthly,29.0,Churned,2025-08-13,Price
S006303,C006303,P1,2024-10-28,Annual,24.65,Churned,2026-08-18,Missing feature
S006304,C006304,P1,2024-01-03,Monthly,29.0,Churned,2025-05-16,Price
S006305,C006305,P3,2026-04-22,Annual,169.15,Active,,
S006306,C006306,P1,2025-09-20,Monthly,29.0,Active,,
S006307,C006307,P3,2025-10-22,Monthly,199.0,Active,,
S006308,C006308,P2,2025-07-23,Annual,67.15,Active,,
S006309,C006309,P2,2024-06-27,Monthly,79.0,Churned,2025-11-18,Support experience
S006310,C006310,P3,2025-05-03,Annual,169.15,Active,,
S006311,C006311,P3,2025-01-09,Monthly,199.0,Active,,
S006312,C006312,P2,2026-06-14,Monthly,79.0,Active,,
S006313,C006313,P4,2026-01-25,Annual,424.15,Active,,
S006314,C006314,P1,2024-08-19,Monthly,29.0,Active,,
S006315,C006315,P3,2026-01-17,Monthly,199.0,Churned,2026-05-11,Low engagement
S006316,C006316,P1,2025-09-10,Annual,24.65,Active,,
S006317,C006317,P2,2024-04-04,Monthly,79.0,Active,,
S006318,C006318,P4,2024-04-11,Monthly,499.0,Active,,
S006319,C006319,P1,2024-07-14,Monthly,29.0,Churned,2026-04-07,Low engagement
S006320,C006320,P1,2026-04-03,Annual,24.65,Active,,
S006321,C006321,P1,2026-04-05,Monthly,29.0,Active,,
S006322,C006322,P2,2025-11-22,Monthly,79.0,Active,,
S006323,C006323,P3,2024-01-07,Monthly,199.0,Churned,2025-11-26,Support experience
S006324,C006324,P1,2025-02-07,Monthly,29.0,Active,,
S006325,C006325,P1,2025-04-03,Monthly,29.0,Churned,2025-09-20,Price
S006326,C006326,P2,2024-12-13,Monthly,79.0,Churned,2025-04-21,Company closed
S006327,C006327,P3,2025-10-02,Monthly,199.0,Active,,
S006328,C006328,P2,2024-04-15,Monthly,79.0,Churned,2025-01-20,Low engagement
S006329,C006329,P1,2024-02-03,Annual,24.65,Active,,
S006330,C006330,P1,2025-10-03,Monthly,29.0,Active,,
S006331,C006331,P1,2024-12-28,Monthly,29.0,Active,,
S006332,C006332,P4,2026-01-13,Monthly,499.0,Active,,
S006333,C006333,P1,2026-03-09,Monthly,29.0,Active,,
S006334,C006334,P1,2025-11-05,Monthly,29.0,Active,,
S006335,C006335,P2,2026-08-13,Monthly,79.0,Active,,
S006336,C006336,P2,2025-12-07,Monthly,79.0,Churned,2025-12-22,Low engagement
S006337,C006337,P1,2026-03-07,Monthly,29.0,Active,,
S006338,C006338,P2,2025-11-10,Monthly,79.0,Churned,2026-03-15,Missing feature
S006339,C006339,P2,2026-04-04,Monthly,79.0,Active,,
S006340,C006340,P2,2025-04-14,Monthly,79.0,Active,,
S006341,C006341,P4,2025-05-12,Monthly,499.0,Active,,
S006342,C006342,P3,2025-02-13,Monthly,199.0,Active,,
S006343,C006343,P3,2025-10-22,Monthly,199.0,Active,,
S006344,C006344,P1,2025-03-03,Monthly,29.0,Active,,
S006345,C006345,P2,2026-08-08,Monthly,79.0,Active,,
S006346,C006346,P2,2025-10-10,Monthly,79.0,Active,,
S006347,C006347,P3,2025-02-11,Annual,169.15,Active,,
S006348,C006348,P3,2025-08-02,Monthly,199.0,Active,,
S006349,C006349,P1,2026-03-08,Monthly,29.0,Churned,2026-07-06,Support experience
S006350,C006350,P2,2026-04-08,Annual,67.15,Active,,
S006351,C006351,P3,2025-11-26,Annual,169.15,Active,,
S006352,C006352,P3,2024-01-03,Monthly,199.0,Churned,2024-05-19,Payment issue
S006353,C006353,P2,2026-05-14,Monthly,79.0,Active,,
S006354,C006354,P1,2026-06-05,Annual,24.65,Active,,
S006355,C006355,P3,2026-05-28,Monthly,199.0,Active,,
S006356,C006356,P1,2025-12-15,Annual,24.65,Active,,
S006357,C006357,P2,2024-02-10,Annual,67.15,Churned,2025-11-05,Price
S006358,C006358,P3,2026-07-26,Annual,169.15,Active,,
S006359,C006359,P2,2024-04-19,Monthly,79.0,Churned,2025-03-18,Missing feature
S006360,C006360,P2,2024-07-06,Annual,67.15,Churned,2024-09-09,Low engagement
S006361,C006361,P1,2025-11-20,Annual,24.65,Churned,2026-08-22,Low engagement
S006362,C006362,P1,2025-06-21,Annual,24.65,Active,,
S006363,C006363,P1,2026-02-15,Monthly,29.0,Churned,2026-05-26,Low engagement
S006364,C006364,P1,2025-11-02,Monthly,29.0,Active,,
S006365,C006365,P3,2024-01-21,Monthly,199.0,Churned,2025-05-08,Support experience
S006366,C006366,P2,2025-11-10,Annual,67.15,Active,,
S006367,C006367,P1,2026-05-03,Monthly,29.0,Active,,
S006368,C006368,P1,2026-05-12,Monthly,29.0,Active,,
S006369,C006369,P1,2024-08-14,Monthly,29.0,Active,,
S006370,C006370,P3,2025-03-04,Annual,169.15,Active,,
S006371,C006371,P3,2024-06-07,Monthly,199.0,Active,,
S006372,C006372,P1,2026-02-18,Monthly,29.0,Active,,
S006373,C006373,P4,2025-11-19,Annual,424.15,Active,,
S006374,C006374,P4,2025-07-05,Monthly,499.0,Active,,
S006375,C006375,P1,2025-01-07,Monthly,29.0,Churned,2025-05-22,Low engagement
S006376,C006376,P1,2026-03-23,Monthly,29.0,Churned,2026-06-25,Low engagement
S006377,C006377,P1,2026-03-03,Monthly,29.0,Active,,
S006378,C006378,P3,2025-07-17,Monthly,199.0,Churned,2025-12-16,Price
S006379,C006379,P2,2024-06-12,Monthly,79.0,Churned,2025-01-28,Low engagement
S006380,C006380,P2,2025-06-21,Monthly,79.0,Active,,
S006381,C006381,P3,2026-06-02,Annual,169.15,Active,,
S006382,C006382,P2,2025-10-05,Annual,67.15,Active,,
S006383,C006383,P3,2026-02-23,Annual,169.15,Active,,
S006384,C006384,P3,2025-01-09,Monthly,199.0,Active,,
S006385,C006385,P2,2025-02-11,Monthly,79.0,Active,,
S006386,C006386,P3,2024-06-20,Annual,169.15,Churned,2025-05-20,Price
S006387,C006387,P1,2025-02-14,Monthly,29.0,Active,,
S006388,C006388,P1,2024-08-13,Monthly,29.0,Active,,
S006389,C006389,P4,2025-09-02,Annual,424.15,Active,,
S006390,C006390,P2,2025-04-18,Annual,67.15,Active,,
S006391,C006391,P1,2026-05-04,Monthly,29.0,Active,,
S006392,C006392,P2,2025-04-12,Monthly,79.0,Active,,
S006393,C006393,P3,2024-10-10,Monthly,199.0,Active,,
S006394,C006394,P1,2024-05-19,Monthly,29.0,Active,,
S006395,C006395,P1,2024-11-19,Monthly,29.0,Active,,
S006396,C006396,P3,2026-01-18,Monthly,199.0,Active,,
S006397,C006397,P2,2025-11-18,Annual,67.15,Active,,
S006398,C006398,P2,2025-11-09,Monthly,79.0,Active,,
S006399,C006399,P2,2026-05-10,Monthly,79.0,Active,,
S006400,C006400,P2,2024-11-25,Monthly,79.0,Active,,
S006401,C006401,P2,2025-07-20,Annual,67.15,Active,,
S006402,C006402,P1,2024-08-21,Annual,24.65,Churned,2025-01-23,Low engagement
S006403,C006403,P1,2024-10-25,Annual,24.65,Churned,2026-01-19,Low engagement
S006404,C006404,P2,2025-03-02,Monthly,79.0,Active,,
S006405,C006405,P2,2026-01-01,Annual,67.15,Active,,
S006406,C006406,P2,2026-04-02,Monthly,79.0,Active,,
S006407,C006407,P4,2025-01-14,Annual,424.15,Active,,
S006408,C006408,P2,2025-04-21,Monthly,79.0,Active,,
S006409,C006409,P2,2026-06-27,Monthly,79.0,Active,,
S006410,C006410,P2,2026-03-18,Monthly,79.0,Active,,
S006411,C006411,P2,2026-01-21,Monthly,79.0,Active,,
S006412,C006412,P2,2025-05-26,Monthly,79.0,Active,,
S006413,C006413,P1,2025-02-05,Monthly,29.0,Active,,
S006414,C006414,P4,2026-02-19,Annual,424.15,Active,,
S006415,C006415,P1,2024-05-19,Annual,24.65,Active,,
S006416,C006416,P2,2025-09-06,Monthly,79.0,Active,,
S006417,C006417,P1,2024-03-14,Annual,24.65,Active,,
S006418,C006418,P1,2025-11-02,Monthly,29.0,Active,,
S006419,C006419,P3,2025-09-14,Annual,169.15,Churned,2026-06-10,Support experience
S006420,C006420,P2,2024-03-15,Annual,67.15,Churned,2024-06-19,Price
S006421,C006421,P1,2025-05-11,Monthly,29.0,Active,,
S006422,C006422,P2,2024-09-14,Annual,67.15,Active,,
S006423,C006423,P3,2026-04-18,Annual,169.15,Active,,
S006424,C006424,P3,2026-06-27,Monthly,199.0,Active,,
S006425,C006425,P2,2025-01-12,Monthly,79.0,Churned,2025-04-27,Price
S006426,C006426,P1,2024-02-20,Monthly,29.0,Churned,2025-03-08,Other
S006427,C006427,P1,2026-06-13,Annual,24.65,Active,,
S006428,C006428,P1,2026-05-26,Monthly,29.0,Churned,2026-06-06,Low engagement
S006429,C006429,P1,2026-04-16,Monthly,29.0,Active,,
S006430,C006430,P2,2025-03-22,Monthly,79.0,Churned,2026-03-20,Missing feature
S006431,C006431,P2,2024-04-09,Monthly,79.0,Active,,
S006432,C006432,P1,2026-08-19,Annual,24.65,Active,,
S006433,C006433,P1,2025-07-08,Monthly,29.0,Churned,2026-03-10,Payment issue
S006434,C006434,P2,2025-03-16,Annual,67.15,Active,,
S006435,C006435,P3,2026-03-06,Annual,169.15,Active,,
S006436,C006436,P2,2025-12-17,Monthly,79.0,Active,,
S006437,C006437,P2,2024-03-06,Monthly,79.0,Churned,2025-02-10,Payment issue
S006438,C006438,P1,2026-08-15,Monthly,29.0,Active,,
S006439,C006439,P3,2025-09-14,Monthly,199.0,Active,,
S006440,C006440,P2,2024-09-24,Monthly,79.0,Active,,
S006441,C006441,P1,2024-01-03,Annual,24.65,Churned,2025-01-19,Price
S006442,C006442,P3,2025-09-07,Annual,169.15,Active,,
S006443,C006443,P3,2025-10-20,Annual,169.15,Active,,
S006444,C006444,P3,2024-05-26,Monthly,199.0,Active,,
S006445,C006445,P1,2025-09-23,Monthly,29.0,Active,,
S006446,C006446,P1,2025-05-16,Monthly,29.0,Active,,
S006447,C006447,P3,2025-05-08,Monthly,199.0,Active,,
S006448,C006448,P1,2026-08-13,Monthly,29.0,Active,,
S006449,C006449,P2,2025-01-24,Monthly,79.0,Churned,2026-04-15,Price
S006450,C006450,P3,2026-06-06,Monthly,199.0,Churned,2026-07-18,Low engagement
S006451,C006451,P1,2025-02-28,Monthly,29.0,Active,,
S006452,C006452,P1,2024-08-08,Annual,24.65,Active,,
S006453,C006453,P2,2024-07-14,Monthly,79.0,Active,,
S006454,C006454,P1,2026-07-17,Monthly,29.0,Churned,2026-07-26,Other
S006455,C006455,P3,2024-02-09,Monthly,199.0,Active,,
S006456,C006456,P2,2024-10-05,Annual,67.15,Active,,
S006457,C006457,P1,2025-02-09,Annual,24.65,Active,,
S006458,C006458,P3,2025-12-01,Annual,169.15,Active,,
S006459,C006459,P2,2025-04-18,Monthly,79.0,Churned,2026-07-14,Low engagement
S006460,C006460,P4,2024-02-08,Monthly,499.0,Active,,
S006461,C006461,P1,2025-08-13,Monthly,29.0,Active,,
S006462,C006462,P2,2026-06-09,Annual,67.15,Active,,
S006463,C006463,P2,2026-06-06,Annual,67.15,Active,,
S006464,C006464,P2,2026-08-27,Monthly,79.0,Active,,
S006465,C006465,P2,2025-02-10,Monthly,79.0,Churned,2026-01-12,Low engagement
S006466,C006466,P3,2024-06-17,Monthly,199.0,Churned,2024-07-25,Price
S006467,C006467,P2,2024-04-10,Monthly,79.0,Churned,2024-12-05,Missing feature
S006468,C006468,P2,2026-05-12,Annual,67.15,Active,,
S006469,C006469,P4,2026-02-07,Annual,424.15,Active,,
S006470,C006470,P2,2025-11-28,Monthly,79.0,Active,,
S006471,C006471,P2,2025-07-17,Monthly,79.0,Active,,
S006472,C006472,P2,2025-06-11,Monthly,79.0,Churned,2025-09-16,Missing feature
S006473,C006473,P4,2025-07-16,Annual,424.15,Churned,2026-02-13,Low engagement
S006474,C006474,P2,2025-03-27,Annual,67.15,Active,,
S006475,C006475,P1,2025-07-18,Annual,24.65,Active,,
S006476,C006476,P1,2024-10-27,Monthly,29.0,Active,,
S006477,C006477,P3,2024-06-19,Monthly,199.0,Active,,
S006478,C006478,P2,2024-10-20,Monthly,79.0,Active,,
S006479,C006479,P2,2026-08-11,Monthly,79.0,Active,,
S006480,C006480,P2,2026-08-15,Annual,67.15,Active,,
S006481,C006481,P3,2026-02-17,Annual,169.15,Active,,
S006482,C006482,P1,2026-05-24,Annual,24.65,Active,,
S006483,C006483,P3,2024-05-21,Annual,169.15,Churned,2025-09-05,Support experience
S006484,C006484,P2,2024-06-10,Monthly,79.0,Active,,
S006485,C006485,P4,2024-05-13,Monthly,499.0,Active,,
S006486,C006486,P2,2024-04-11,Monthly,79.0,Churned,2026-08-06,Support experience
S006487,C006487,P1,2026-02-28,Monthly,29.0,Active,,
S006488,C006488,P3,2024-03-06,Monthly,199.0,Active,,
S006489,C006489,P1,2026-07-17,Monthly,29.0,Active,,
S006490,C006490,P4,2025-12-08,Annual,424.15,Active,,
S006491,C006491,P2,2024-08-04,Monthly,79.0,Churned,2026-08-26,Payment issue
S006492,C006492,P3,2026-04-04,Monthly,199.0,Active,,
S006493,C006493,P3,2026-04-01,Monthly,199.0,Active,,
S006494,C006494,P1,2025-09-24,Monthly,29.0,Active,,
S006495,C006495,P2,2024-05-24,Monthly,79.0,Active,,
S006496,C006496,P2,2025-04-01,Monthly,79.0,Active,,
S006497,C006497,P1,2025-09-08,Monthly,29.0,Active,,
S006498,C006498,P1,2026-02-12,Monthly,29.0,Active,,
S006499,C006499,P2,2025-01-05,Annual,67.15,Churned,2026-04-28,Low engagement
S006500,C006500,P2,2026-05-11,Monthly,79.0,Active,,
S006501,C006501,P2,2024-11-26,Monthly,79.0,Churned,2026-04-10,Other
S006502,C006502,P2,2026-08-11,Annual,67.15,Active,,
S006503,C006503,P2,2024-06-15,Monthly,79.0,Active,,
S006504,C006504,P4,2026-04-24,Annual,424.15,Active,,
S006505,C006505,P3,2024-07-01,Monthly,199.0,Churned,2025-12-10,Payment issue
S006506,C006506,P1,2026-03-23,Annual,24.65,Active,,
S006507,C006507,P4,2026-05-13,Monthly,499.0,Active,,
S006508,C006508,P2,2025-01-19,Monthly,79.0,Churned,2026-03-24,Payment issue
S006509,C006509,P1,2024-05-27,Monthly,29.0,Churned,2026-03-07,Payment issue
S006510,C006510,P2,2026-08-20,Annual,67.15,Active,,
S006511,C006511,P3,2026-08-09,Monthly,199.0,Active,,
S006512,C006512,P2,2026-03-23,Monthly,79.0,Active,,
S006513,C006513,P2,2025-04-07,Annual,67.15,Churned,2025-10-11,Missing feature
S006514,C006514,P2,2024-07-11,Annual,67.15,Active,,
S006515,C006515,P1,2025-05-19,Monthly,29.0,Active,,
S006516,C006516,P1,2026-02-13,Monthly,29.0,Active,,
S006517,C006517,P3,2024-07-24,Annual,169.15,Active,,
S006518,C006518,P2,2024-01-07,Annual,67.15,Churned,2024-07-26,Support experience
S006519,C006519,P1,2026-06-18,Monthly,29.0,Active,,
S006520,C006520,P1,2026-01-07,Monthly,29.0,Active,,
S006521,C006521,P4,2026-01-17,Annual,424.15,Churned,2026-03-28,Low engagement
S006522,C006522,P1,2026-07-27,Annual,24.65,Active,,
S006523,C006523,P1,2025-08-28,Annual,24.65,Active,,
S006524,C006524,P1,2025-02-22,Monthly,29.0,Churned,2025-07-25,Missing feature
S006525,C006525,P1,2026-06-18,Monthly,29.0,Active,,
S006526,C006526,P3,2026-08-13,Monthly,199.0,Active,,
S006527,C006527,P2,2024-02-09,Monthly,79.0,Active,,
S006528,C006528,P1,2025-02-02,Monthly,29.0,Active,,
S006529,C006529,P2,2025-03-15,Monthly,79.0,Churned,2025-11-17,Missing feature
S006530,C006530,P1,2024-06-21,Monthly,29.0,Churned,2025-05-25,Support experience
S006531,C006531,P1,2024-10-24,Monthly,29.0,Active,,
S006532,C006532,P4,2024-02-27,Monthly,499.0,Churned,2024-02-05,Payment issue
S006533,C006533,P3,2026-01-06,Monthly,199.0,Active,,
S006534,C006534,P1,2024-06-26,Monthly,29.0,Active,,
S006535,C006535,P1,2026-06-08,Annual,24.65,Active,,
S006536,C006536,P2,2025-10-20,Monthly,79.0,Active,,
S006537,C006537,P1,2025-03-21,Annual,24.65,Active,,
S006538,C006538,P1,2026-04-19,Monthly,29.0,Active,,
S006539,C006539,P2,2025-12-12,Monthly,79.0,Active,,
S006540,C006540,P3,2026-02-04,Monthly,199.0,Active,,
S006541,C006541,P3,2026-06-15,Annual,169.15,Active,,
S006542,C006542,P1,2026-04-03,Monthly,29.0,Active,,
S006543,C006543,P3,2026-03-18,Monthly,199.0,Churned,2026-07-05,Payment issue
S006544,C006544,P2,2026-02-08,Monthly,79.0,Active,,
S006545,C006545,P1,2025-04-06,Monthly,29.0,Active,,
S006546,C006546,P3,2025-12-16,Annual,169.15,Active,,
S006547,C006547,P2,2025-09-07,Monthly,79.0,Active,,
S006548,C006548,P1,2026-08-26,Annual,24.65,Active,,
S006549,C006549,P3,2025-07-03,Monthly,199.0,Active,,
S006550,C006550,P1,2024-10-25,Monthly,29.0,Active,,
S006551,C006551,P3,2025-06-22,Monthly,199.0,Active,,
S006552,C006552,P2,2025-05-09,Monthly,79.0,Active,,
S006553,C006553,P3,2025-06-16,Annual,169.15,Active,,
S006554,C006554,P1,2025-10-11,Monthly,29.0,Active,,
S006555,C006555,P1,2026-07-07,Monthly,29.0,Active,,
S006556,C006556,P1,2024-12-09,Monthly,29.0,Active,,
S006557,C006557,P3,2026-08-10,Monthly,199.0,Active,,
S006558,C006558,P1,2026-03-15,Monthly,29.0,Active,,
S006559,C006559,P3,2024-09-17,Monthly,199.0,Churned,2026-05-20,Low engagement
S006560,C006560,P1,2024-12-23,Monthly,29.0,Active,,
S006561,C006561,P1,2026-06-16,Annual,24.65,Active,,
S006562,C006562,P2,2026-04-22,Monthly,79.0,Active,,
S006563,C006563,P2,2024-07-26,Monthly,79.0,Active,,
S006564,C006564,P4,2025-10-25,Monthly,499.0,Active,,
S006565,C006565,P1,2024-12-12,Monthly,29.0,Churned,2025-06-13,Price
S006566,C006566,P3,2025-11-15,Annual,169.15,Active,,
S006567,C006567,P1,2024-08-23,Monthly,29.0,Churned,2026-01-05,Support experience
S006568,C006568,P1,2025-03-19,Monthly,29.0,Active,,
S006569,C006569,P2,2025-04-04,Monthly,79.0,Active,,
S006570,C006570,P2,2025-09-27,Annual,67.15,Active,,
S006571,C006571,P2,2024-11-22,Annual,67.15,Active,,
S006572,C006572,P1,2026-02-19,Monthly,29.0,Active,,
S006573,C006573,P2,2026-04-28,Monthly,79.0,Active,,
S006574,C006574,P1,2025-11-05,Monthly,29.0,Active,,
S006575,C006575,P2,2026-06-25,Monthly,79.0,Active,,
S006576,C006576,P1,2026-03-10,Monthly,29.0,Active,,
S006577,C006577,P1,2024-03-23,Monthly,29.0,Churned,2025-05-06,Price
S006578,C006578,P3,2024-05-03,Monthly,199.0,Churned,2024-10-22,Low engagement
S006579,C006579,P4,2025-12-16,Annual,424.15,Churned,2026-04-22,Payment issue
S006580,C006580,P4,2026-02-04,Annual,424.15,Active,,
S006581,C006581,P2,2026-08-27,Monthly,79.0,Active,,
S006582,C006582,P2,2024-01-14,Monthly,79.0,Churned,2025-03-10,Price
S006583,C006583,P3,2024-11-24,Annual,169.15,Active,,
S006584,C006584,P3,2026-04-21,Monthly,199.0,Active,,
S006585,C006585,P1,2026-06-14,Monthly,29.0,Active,,
S006586,C006586,P1,2025-06-06,Monthly,29.0,Active,,
S006587,C006587,P2,2025-07-14,Monthly,79.0,Active,,
S006588,C006588,P3,2026-05-09,Monthly,199.0,Active,,
S006589,C006589,P3,2025-06-08,Monthly,199.0,Active,,
S006590,C006590,P1,2026-03-10,Annual,24.65,Active,,
S006591,C006591,P1,2026-07-07,Monthly,29.0,Active,,
S006592,C006592,P2,2024-12-24,Annual,67.15,Churned,2026-07-28,Other
S006593,C006593,P1,2024-12-26,Monthly,29.0,Active,,
S006594,C006594,P2,2026-07-06,Monthly,79.0,Active,,
S006595,C006595,P4,2025-05-06,Monthly,499.0,Churned,2026-07-25,Low engagement
S006596,C006596,P2,2024-01-01,Monthly,79.0,Churned,2025-09-18,Low engagement
S006597,C006597,P1,2025-07-12,Monthly,29.0,Churned,2026-01-17,Low engagement
S006598,C006598,P1,2025-11-18,Annual,24.65,Active,,
S006599,C006599,P2,2024-11-08,Monthly,79.0,Churned,2026-01-11,Payment issue
S006600,C006600,P1,2026-02-15,Monthly,29.0,Active,,
S006601,C006601,P2,2024-11-10,Monthly,79.0,Active,,
S006602,C006602,P1,2024-06-01,Monthly,29.0,Churned,2026-02-06,Price
S006603,C006603,P2,2024-11-07,Annual,67.15,Churned,2026-07-27,Support experience
S006604,C006604,P2,2025-08-22,Monthly,79.0,Churned,2026-01-22,Support experience
S006605,C006605,P2,2026-05-25,Monthly,79.0,Active,,
S006606,C006606,P1,2025-08-12,Monthly,29.0,Active,,
S006607,C006607,P3,2026-05-17,Monthly,199.0,Active,,
S006608,C006608,P1,2024-04-16,Monthly,29.0,Churned,2025-10-05,Low engagement
S006609,C006609,P1,2025-03-09,Monthly,29.0,Active,,
S006610,C006610,P2,2025-05-19,Monthly,79.0,Active,,
S006611,C006611,P3,2026-04-12,Monthly,199.0,Active,,
S006612,C006612,P1,2025-11-02,Monthly,29.0,Active,,
S006613,C006613,P2,2026-03-11,Monthly,79.0,Churned,2026-05-22,Price
S006614,C006614,P1,2025-02-05,Monthly,29.0,Churned,2025-11-15,Payment issue
S006615,C006615,P3,2026-07-14,Monthly,199.0,Active,,
S006616,C006616,P1,2026-04-13,Monthly,29.0,Active,,
S006617,C006617,P1,2026-06-14,Annual,24.65,Active,,
S006618,C006618,P2,2024-12-05,Monthly,79.0,Churned,2025-12-24,Price
S006619,C006619,P1,2024-01-27,Monthly,29.0,Active,,
S006620,C006620,P1,2025-11-04,Annual,24.65,Active,,
S006621,C006621,P4,2025-07-09,Monthly,499.0,Active,,
S006622,C006622,P2,2026-03-10,Monthly,79.0,Active,,
S006623,C006623,P2,2024-05-13,Monthly,79.0,Churned,2025-12-10,Low engagement
S006624,C006624,P1,2025-10-12,Annual,24.65,Active,,
S006625,C006625,P2,2024-09-28,Monthly,79.0,Active,,
S006626,C006626,P2,2025-08-24,Annual,67.15,Active,,
S006627,C006627,P1,2024-08-02,Annual,24.65,Active,,
S006628,C006628,P1,2026-06-17,Annual,24.65,Active,,
S006629,C006629,P1,2024-09-15,Monthly,29.0,Active,,
S006630,C006630,P2,2025-10-27,Monthly,79.0,Churned,2026-03-20,Payment issue
S006631,C006631,P3,2024-01-10,Monthly,199.0,Active,,
S006632,C006632,P2,2024-08-13,Monthly,79.0,Churned,2025-10-19,Price
S006633,C006633,P3,2025-07-27,Annual,169.15,Churned,2026-06-17,Support experience
S006634,C006634,P2,2024-03-14,Monthly,79.0,Active,,
S006635,C006635,P2,2025-09-17,Monthly,79.0,Active,,
S006636,C006636,P1,2024-09-09,Annual,24.65,Churned,2026-05-21,Low engagement
S006637,C006637,P1,2026-02-22,Annual,24.65,Active,,
S006638,C006638,P2,2026-05-03,Monthly,79.0,Active,,
S006639,C006639,P2,2026-03-28,Monthly,79.0,Active,,
S006640,C006640,P1,2024-04-05,Monthly,29.0,Active,,
S006641,C006641,P1,2025-07-17,Monthly,29.0,Active,,
S006642,C006642,P3,2024-06-02,Monthly,199.0,Churned,2024-10-07,Payment issue
S006643,C006643,P2,2025-05-03,Monthly,79.0,Active,,
S006644,C006644,P3,2026-05-20,Monthly,199.0,Active,,
S006645,C006645,P1,2024-03-23,Annual,24.65,Churned,2025-01-17,Other
S006646,C006646,P1,2024-11-10,Monthly,29.0,Churned,2026-08-19,Other
S006647,C006647,P2,2026-04-02,Monthly,79.0,Active,,
S006648,C006648,P2,2025-04-01,Monthly,79.0,Active,,
S006649,C006649,P2,2024-11-27,Monthly,79.0,Churned,2025-08-22,Company closed
S006650,C006650,P2,2026-07-22,Annual,67.15,Active,,
S006651,C006651,P4,2024-08-11,Annual,424.15,Active,,
S006652,C006652,P4,2026-03-08,Annual,424.15,Active,,
S006653,C006653,P4,2024-08-20,Monthly,499.0,Churned,2025-02-06,Low engagement
S006654,C006654,P1,2026-08-26,Monthly,29.0,Active,,
S006655,C006655,P1,2026-03-19,Monthly,29.0,Churned,2026-05-28,Price
S006656,C006656,P1,2024-12-24,Monthly,29.0,Churned,2026-04-27,Low engagement
S006657,C006657,P2,2026-08-24,Monthly,79.0,Active,,
S006658,C006658,P3,2024-06-09,Annual,169.15,Churned,2025-06-10,Support experience
S006659,C006659,P3,2026-05-21,Monthly,199.0,Active,,
S006660,C006660,P1,2026-01-07,Monthly,29.0,Active,,
S006661,C006661,P1,2024-08-07,Monthly,29.0,Churned,2025-01-21,Payment issue
S006662,C006662,P3,2025-09-28,Monthly,199.0,Active,,
S006663,C006663,P1,2024-01-10,Monthly,29.0,Active,,
S006664,C006664,P3,2025-10-23,Annual,169.15,Active,,
S006665,C006665,P3,2025-10-10,Annual,169.15,Active,,
S006666,C006666,P3,2025-05-26,Monthly,199.0,Active,,
S006667,C006667,P4,2026-04-08,Annual,424.15,Active,,
S006668,C006668,P1,2026-07-01,Monthly,29.0,Active,,
S006669,C006669,P1,2025-08-13,Annual,24.65,Active,,
S006670,C006670,P3,2025-12-17,Annual,169.15,Churned,2026-03-13,Payment issue
S006671,C006671,P2,2024-07-11,Monthly,79.0,Active,,
S006672,C006672,P1,2026-08-08,Monthly,29.0,Active,,
S006673,C006673,P3,2026-05-24,Annual,169.15,Active,,
S006674,C006674,P1,2026-07-11,Monthly,29.0,Active,,
S006675,C006675,P3,2026-03-20,Monthly,199.0,Active,,
S006676,C006676,P1,2025-02-03,Monthly,29.0,Active,,
S006677,C006677,P1,2024-10-25,Annual,24.65,Active,,
S006678,C006678,P2,2025-08-21,Annual,67.15,Active,,
S006679,C006679,P1,2024-04-05,Monthly,29.0,Churned,2025-05-18,Low engagement
S006680,C006680,P2,2025-09-15,Annual,67.15,Churned,2026-05-12,Low engagement
S006681,C006681,P3,2025-03-21,Monthly,199.0,Active,,
S006682,C006682,P3,2026-02-23,Monthly,199.0,Active,,
S006683,C006683,P2,2025-11-12,Annual,67.15,Active,,
S006684,C006684,P3,2024-11-04,Monthly,199.0,Churned,2025-11-17,Price
S006685,C006685,P1,2026-02-02,Monthly,29.0,Churned,2026-02-27,Other
S006686,C006686,P1,2025-01-28,Monthly,29.0,Active,,
S006687,C006687,P4,2024-11-04,Annual,424.15,Churned,2025-02-08,Low engagement
S006688,C006688,P3,2025-05-10,Monthly,199.0,Active,,
S006689,C006689,P2,2024-08-24,Monthly,79.0,Active,,
S006690,C006690,P2,2025-02-27,Annual,67.15,Active,,
S006691,C006691,P1,2024-12-14,Monthly,29.0,Churned,2025-07-07,Low engagement
S006692,C006692,P1,2024-02-19,Monthly,29.0,Active,,
S006693,C006693,P3,2025-01-15,Annual,169.15,Active,,
S006694,C006694,P2,2025-06-04,Monthly,79.0,Active,,
S006695,C006695,P1,2026-04-14,Monthly,29.0,Active,,
S006696,C006696,P3,2024-09-22,Monthly,199.0,Churned,2026-03-27,Support experience
S006697,C006697,P2,2025-02-18,Monthly,79.0,Active,,
S006698,C006698,P2,2024-02-16,Monthly,79.0,Churned,2024-10-20,Low engagement
S006699,C006699,P2,2024-04-24,Monthly,79.0,Active,,
S006700,C006700,P1,2025-03-06,Monthly,29.0,Active,,
S006701,C006701,P2,2025-07-16,Monthly,79.0,Churned,2026-08-17,Low engagement
S006702,C006702,P1,2026-02-06,Monthly,29.0,Active,,
S006703,C006703,P4,2026-03-02,Monthly,499.0,Active,,
S006704,C006704,P1,2026-06-27,Annual,24.65,Active,,
S006705,C006705,P2,2026-06-22,Monthly,79.0,Active,,
S006706,C006706,P1,2024-05-28,Monthly,29.0,Active,,
S006707,C006707,P1,2024-06-13,Monthly,29.0,Active,,
S006708,C006708,P2,2025-07-17,Monthly,79.0,Active,,
S006709,C006709,P2,2025-10-02,Monthly,79.0,Active,,
S006710,C006710,P1,2025-10-06,Monthly,29.0,Active,,
S006711,C006711,P3,2025-07-03,Annual,169.15,Churned,2026-02-28,Support experience
S006712,C006712,P3,2026-08-10,Annual,169.15,Active,,
S006713,C006713,P2,2025-08-12,Annual,67.15,Active,,
S006714,C006714,P1,2026-07-06,Monthly,29.0,Active,,
S006715,C006715,P2,2026-08-22,Monthly,79.0,Active,,
S006716,C006716,P3,2025-06-18,Annual,169.15,Active,,
S006717,C006717,P3,2024-07-13,Annual,169.15,Churned,2024-11-18,Missing feature
S006718,C006718,P4,2025-02-12,Annual,424.15,Active,,
S006719,C006719,P1,2025-03-16,Annual,24.65,Active,,
S006720,C006720,P2,2026-06-11,Monthly,79.0,Active,,
S006721,C006721,P2,2026-08-22,Annual,67.15,Active,,
S006722,C006722,P1,2024-08-23,Monthly,29.0,Active,,
S006723,C006723,P2,2024-02-06,Annual,67.15,Churned,2024-10-06,Low engagement
S006724,C006724,P2,2026-04-27,Monthly,79.0,Active,,
S006725,C006725,P1,2025-09-13,Monthly,29.0,Churned,2026-04-25,Low engagement
S006726,C006726,P1,2026-02-06,Monthly,29.0,Active,,
S006727,C006727,P1,2025-02-24,Monthly,29.0,Active,,
S006728,C006728,P1,2024-08-12,Monthly,29.0,Churned,2024-11-08,Low engagement
S006729,C006729,P3,2024-12-05,Annual,169.15,Active,,
S006730,C006730,P2,2024-03-16,Monthly,79.0,Active,,
S006731,C006731,P3,2025-04-12,Monthly,199.0,Active,,
S006732,C006732,P1,2024-05-07,Monthly,29.0,Churned,2024-08-22,Payment issue
S006733,C006733,P3,2025-06-21,Monthly,199.0,Active,,
S006734,C006734,P3,2026-04-12,Monthly,199.0,Active,,
S006735,C006735,P2,2024-03-15,Monthly,79.0,Active,,
S006736,C006736,P4,2026-06-02,Annual,424.15,Active,,
S006737,C006737,P2,2024-06-11,Monthly,79.0,Active,,
S006738,C006738,P1,2025-12-02,Monthly,29.0,Churned,2026-06-18,Low engagement
S006739,C006739,P4,2024-11-08,Monthly,499.0,Active,,
S006740,C006740,P2,2026-05-23,Annual,67.15,Active,,
S006741,C006741,P2,2024-01-26,Monthly,79.0,Active,,
S006742,C006742,P2,2025-05-10,Monthly,79.0,Active,,
S006743,C006743,P1,2026-08-20,Monthly,29.0,Active,,
S006744,C006744,P1,2024-06-20,Monthly,29.0,Active,,
S006745,C006745,P1,2026-03-22,Annual,24.65,Active,,
S006746,C006746,P1,2026-02-03,Monthly,29.0,Churned,2026-08-07,Low engagement
S006747,C006747,P1,2025-02-09,Monthly,29.0,Active,,
S006748,C006748,P2,2024-03-19,Annual,67.15,Churned,2026-02-09,Support experience
S006749,C006749,P1,2026-04-09,Monthly,29.0,Active,,
S006750,C006750,P3,2026-06-19,Annual,169.15,Active,,
S006751,C006751,P2,2024-06-26,Monthly,79.0,Active,,
S006752,C006752,P1,2026-05-24,Monthly,29.0,Active,,
S006753,C006753,P2,2026-04-14,Monthly,79.0,Active,,
S006754,C006754,P3,2025-10-06,Annual,169.15,Active,,
S006755,C006755,P1,2026-03-09,Monthly,29.0,Active,,
S006756,C006756,P1,2024-02-16,Monthly,29.0,Active,,
S006757,C006757,P3,2025-07-21,Annual,169.15,Active,,
S006758,C006758,P2,2026-08-26,Monthly,79.0,Active,,
S006759,C006759,P1,2026-03-24,Monthly,29.0,Active,,
S006760,C006760,P1,2024-12-07,Monthly,29.0,Churned,2026-04-07,Low engagement
S006761,C006761,P3,2025-11-04,Monthly,199.0,Active,,
S006762,C006762,P1,2024-10-04,Monthly,29.0,Active,,
S006763,C006763,P3,2024-10-07,Monthly,199.0,Churned,2026-06-20,Low engagement
S006764,C006764,P3,2024-09-10,Annual,169.15,Active,,
S006765,C006765,P2,2024-09-02,Annual,67.15,Churned,2025-08-26,Payment issue
S006766,C006766,P1,2025-07-28,Monthly,29.0,Active,,
S006767,C006767,P3,2025-01-10,Monthly,199.0,Active,,
S006768,C006768,P2,2026-03-05,Monthly,79.0,Active,,
S006769,C006769,P3,2026-06-15,Monthly,199.0,Active,,
S006770,C006770,P2,2025-07-04,Annual,67.15,Churned,2026-03-15,Payment issue
S006771,C006771,P1,2024-09-24,Monthly,29.0,Active,,
S006772,C006772,P2,2026-08-28,Monthly,79.0,Active,,
S006773,C006773,P2,2024-03-26,Monthly,79.0,Active,,
S006774,C006774,P4,2025-09-12,Annual,424.15,Churned,2026-08-14,Low engagement
S006775,C006775,P1,2024-10-18,Monthly,29.0,Active,,
S006776,C006776,P1,2026-07-05,Monthly,29.0,Active,,
S006777,C006777,P1,2025-02-02,Annual,24.65,Active,,
S006778,C006778,P1,2026-08-16,Monthly,29.0,Active,,
S006779,C006779,P2,2026-08-21,Monthly,79.0,Active,,
S006780,C006780,P3,2026-07-01,Monthly,199.0,Active,,
S006781,C006781,P1,2026-03-28,Monthly,29.0,Active,,
S006782,C006782,P1,2026-02-12,Annual,24.65,Active,,
S006783,C006783,P2,2026-07-18,Monthly,79.0,Active,,
S006784,C006784,P1,2024-10-02,Monthly,29.0,Active,,
S006785,C006785,P3,2026-04-25,Monthly,199.0,Active,,
S006786,C006786,P3,2024-06-16,Monthly,199.0,Churned,2024-12-28,Missing feature
S006787,C006787,P1,2025-03-14,Monthly,29.0,Churned,2026-03-18,Low engagement
S006788,C006788,P2,2025-04-18,Monthly,79.0,Active,,
S006789,C006789,P4,2026-08-24,Monthly,499.0,Active,,
S006790,C006790,P3,2025-02-01,Monthly,199.0,Active,,
S006791,C006791,P1,2025-09-02,Annual,24.65,Active,,
S006792,C006792,P1,2025-11-15,Annual,24.65,Active,,
S006793,C006793,P3,2025-12-22,Monthly,199.0,Active,,
S006794,C006794,P2,2024-06-27,Monthly,79.0,Churned,2024-06-16,Company closed
S006795,C006795,P1,2025-09-03,Annual,24.65,Churned,2025-10-12,Missing feature
S006796,C006796,P2,2025-11-12,Monthly,79.0,Active,,
S006797,C006797,P3,2026-06-22,Monthly,199.0,Active,,
S006798,C006798,P1,2026-07-27,Monthly,29.0,Active,,
S006799,C006799,P1,2024-11-08,Annual,24.65,Active,,
S006800,C006800,P1,2024-10-27,Monthly,29.0,Active,,
S006801,C006801,P2,2026-01-23,Annual,67.15,Active,,
S006802,C006802,P2,2025-07-07,Monthly,79.0,Active,,
S006803,C006803,P2,2026-02-23,Annual,67.15,Active,,
S006804,C006804,P1,2026-05-17,Annual,24.65,Active,,
S006805,C006805,P3,2024-01-24,Annual,169.15,Churned,2026-01-27,Low engagement
S006806,C006806,P2,2026-06-24,Annual,67.15,Active,,
S006807,C006807,P1,2024-12-06,Monthly,29.0,Churned,2025-09-22,Payment issue
S006808,C006808,P4,2026-08-20,Annual,424.15,Active,,
S006809,C006809,P1,2025-05-13,Monthly,29.0,Churned,2026-02-24,Missing feature
S006810,C006810,P2,2026-05-22,Annual,67.15,Active,,
S006811,C006811,P1,2024-09-04,Monthly,29.0,Active,,
S006812,C006812,P2,2025-08-08,Annual,67.15,Active,,
S006813,C006813,P1,2024-04-07,Annual,24.65,Active,,
S006814,C006814,P3,2026-02-26,Monthly,199.0,Active,,
S006815,C006815,P2,2026-07-11,Monthly,79.0,Active,,
S006816,C006816,P2,2026-05-07,Monthly,79.0,Active,,
S006817,C006817,P1,2026-01-21,Monthly,29.0,Churned,2026-07-13,Missing feature
S006818,C006818,P1,2024-06-19,Monthly,29.0,Active,,
S006819,C006819,P2,2026-08-18,Monthly,79.0,Active,,
S006820,C006820,P4,2025-02-25,Annual,424.15,Active,,
S006821,C006821,P3,2025-11-26,Monthly,199.0,Active,,
S006822,C006822,P4,2024-12-11,Monthly,499.0,Active,,
S006823,C006823,P2,2026-04-27,Monthly,79.0,Active,,
S006824,C006824,P1,2025-04-16,Monthly,29.0,Active,,
S006825,C006825,P2,2025-04-25,Monthly,79.0,Active,,
S006826,C006826,P1,2024-01-20,Monthly,29.0,Active,,
S006827,C006827,P1,2025-10-03,Monthly,29.0,Active,,
S006828,C006828,P3,2024-11-26,Monthly,199.0,Churned,2026-07-15,Low engagement
S006829,C006829,P1,2026-07-17,Monthly,29.0,Active,,
S006830,C006830,P2,2026-03-13,Monthly,79.0,Active,,
S006831,C006831,P1,2026-07-10,Monthly,29.0,Active,,
S006832,C006832,P1,2025-04-17,Monthly,29.0,Active,,
S006833,C006833,P1,2025-12-26,Annual,24.65,Active,,
S006834,C006834,P3,2025-06-04,Monthly,199.0,Active,,
S006835,C006835,P1,2026-06-07,Annual,24.65,Active,,
S006836,C006836,P1,2025-02-02,Monthly,29.0,Churned,2026-02-18,Support experience
S006837,C006837,P1,2025-02-06,Monthly,29.0,Active,,
S006838,C006838,P2,2025-03-01,Monthly,79.0,Active,,
S006839,C006839,P4,2025-07-06,Annual,424.15,Active,,
S006840,C006840,P3,2026-06-14,Annual,169.15,Active,,
S006841,C006841,P4,2024-10-24,Monthly,499.0,Active,,
S006842,C006842,P4,2025-12-16,Annual,424.15,Active,,
S006843,C006843,P3,2025-01-07,Monthly,199.0,Active,,
S006844,C006844,P1,2024-04-03,Monthly,29.0,Active,,
S006845,C006845,P1,2026-07-25,Monthly,29.0,Active,,
S006846,C006846,P1,2026-03-06,Monthly,29.0,Active,,
S006847,C006847,P1,2026-07-22,Monthly,29.0,Active,,
S006848,C006848,P1,2025-04-08,Annual,24.65,Active,,
S006849,C006849,P2,2026-03-18,Monthly,79.0,Active,,
S006850,C006850,P3,2025-12-25,Annual,169.15,Active,,
S006851,C006851,P4,2025-11-26,Monthly,499.0,Active,,
S006852,C006852,P1,2024-02-03,Monthly,29.0,Active,,
S006853,C006853,P2,2024-04-15,Annual,67.15,Active,,
S006854,C006854,P1,2024-09-14,Monthly,29.0,Active,,
S006855,C006855,P1,2026-02-25,Monthly,29.0,Active,,
S006856,C006856,P1,2026-04-23,Monthly,29.0,Active,,
S006857,C006857,P2,2025-12-05,Monthly,79.0,Active,,
S006858,C006858,P2,2024-09-25,Annual,67.15,Active,,
S006859,C006859,P2,2026-03-11,Monthly,79.0,Churned,2026-07-05,Low engagement
S006860,C006860,P1,2024-06-20,Monthly,29.0,Active,,
S006861,C006861,P1,2026-06-05,Annual,24.65,Active,,
S006862,C006862,P3,2025-04-08,Monthly,199.0,Active,,
S006863,C006863,P1,2026-02-03,Monthly,29.0,Active,,
S006864,C006864,P2,2024-08-04,Monthly,79.0,Active,,
S006865,C006865,P1,2025-01-27,Monthly,29.0,Active,,
S006866,C006866,P1,2025-07-05,Monthly,29.0,Active,,
S006867,C006867,P1,2025-07-18,Monthly,29.0,Churned,2026-01-17,Other
S006868,C006868,P1,2024-05-22,Monthly,29.0,Churned,2024-07-10,Low engagement
S006869,C006869,P2,2025-09-03,Monthly,79.0,Active,,
S006870,C006870,P2,2024-04-09,Monthly,79.0,Churned,2024-10-20,Payment issue
S006871,C006871,P3,2026-07-14,Annual,169.15,Active,,
S006872,C006872,P2,2025-05-10,Monthly,79.0,Active,,
S006873,C006873,P2,2025-06-25,Monthly,79.0,Active,,
S006874,C006874,P2,2025-10-05,Monthly,79.0,Active,,
S006875,C006875,P2,2026-03-21,Monthly,79.0,Active,,
S006876,C006876,P2,2024-04-13,Monthly,79.0,Churned,2025-11-21,Payment issue
S006877,C006877,P1,2026-01-11,Monthly,29.0,Active,,
S006878,C006878,P3,2026-06-10,Monthly,199.0,Active,,
S006879,C006879,P3,2025-06-19,Monthly,199.0,Active,,
S006880,C006880,P1,2024-01-10,Monthly,29.0,Churned,2026-06-06,Payment issue
S006881,C006881,P1,2024-11-18,Monthly,29.0,Active,,
S006882,C006882,P3,2026-07-01,Monthly,199.0,Active,,
S006883,C006883,P2,2024-06-08,Monthly,79.0,Churned,2025-02-07,Company closed
S006884,C006884,P2,2024-01-13,Annual,67.15,Churned,2026-01-09,Low engagement
S006885,C006885,P4,2026-07-07,Annual,424.15,Active,,
S006886,C006886,P4,2026-05-04,Annual,424.15,Active,,
S006887,C006887,P2,2025-06-07,Monthly,79.0,Active,,
S006888,C006888,P1,2024-01-15,Monthly,29.0,Churned,2024-09-15,Low engagement
S006889,C006889,P2,2025-10-27,Monthly,79.0,Active,,
S006890,C006890,P2,2026-04-19,Monthly,79.0,Churned,2026-07-24,Other
S006891,C006891,P1,2024-12-26,Monthly,29.0,Churned,2025-12-22,Missing feature
S006892,C006892,P1,2024-08-16,Monthly,29.0,Churned,2026-08-17,Other
S006893,C006893,P1,2026-06-01,Monthly,29.0,Active,,
S006894,C006894,P2,2026-03-05,Annual,67.15,Active,,
S006895,C006895,P3,2025-06-22,Monthly,199.0,Active,,
S006896,C006896,P3,2026-06-18,Monthly,199.0,Active,,
S006897,C006897,P3,2025-11-24,Monthly,199.0,Active,,
S006898,C006898,P1,2026-07-12,Monthly,29.0,Active,,
S006899,C006899,P1,2024-05-27,Monthly,29.0,Churned,2026-02-10,Low engagement
S006900,C006900,P4,2025-05-11,Monthly,499.0,Active,,
S006901,C006901,P1,2025-12-24,Monthly,29.0,Churned,2026-01-27,Missing feature
S006902,C006902,P2,2025-05-05,Annual,67.15,Active,,
S006903,C006903,P4,2025-03-13,Annual,424.15,Churned,2025-10-15,Low engagement
S006904,C006904,P1,2026-01-28,Annual,24.65,Active,,
S006905,C006905,P1,2025-10-23,Monthly,29.0,Active,,
S006906,C006906,P3,2024-12-11,Monthly,199.0,Active,,
S006907,C006907,P3,2025-06-26,Monthly,199.0,Churned,2025-11-10,Price
S006908,C006908,P2,2026-01-13,Monthly,79.0,Churned,2026-07-20,Low engagement
S006909,C006909,P4,2025-11-27,Annual,424.15,Active,,
S006910,C006910,P1,2025-06-03,Monthly,29.0,Active,,
S006911,C006911,P3,2024-12-24,Monthly,199.0,Active,,
S006912,C006912,P3,2024-06-19,Monthly,199.0,Active,,
S006913,C006913,P3,2026-05-05,Annual,169.15,Churned,2026-08-23,Price
S006914,C006914,P2,2026-04-08,Monthly,79.0,Active,,
S006915,C006915,P3,2025-11-23,Annual,169.15,Active,,
S006916,C006916,P2,2025-09-21,Monthly,79.0,Active,,
S006917,C006917,P1,2024-07-06,Monthly,29.0,Active,,
S006918,C006918,P4,2025-06-02,Annual,424.15,Active,,
S006919,C006919,P2,2025-07-09,Annual,67.15,Active,,
S006920,C006920,P1,2025-06-09,Monthly,29.0,Active,,
S006921,C006921,P3,2024-11-18,Annual,169.15,Churned,2025-07-07,Low engagement
S006922,C006922,P3,2024-06-21,Monthly,199.0,Active,,
S006923,C006923,P2,2026-07-08,Annual,67.15,Active,,
S006924,C006924,P2,2025-09-12,Annual,67.15,Active,,
S006925,C006925,P2,2026-05-06,Monthly,79.0,Active,,
S006926,C006926,P1,2025-12-01,Monthly,29.0,Active,,
S006927,C006927,P1,2026-04-26,Monthly,29.0,Active,,
S006928,C006928,P2,2024-10-23,Annual,67.15,Active,,
S006929,C006929,P2,2024-05-23,Monthly,79.0,Active,,
S006930,C006930,P4,2025-11-28,Annual,424.15,Active,,
S006931,C006931,P1,2025-09-02,Annual,24.65,Active,,
S006932,C006932,P2,2024-05-11,Monthly,79.0,Active,,
S006933,C006933,P1,2025-11-21,Monthly,29.0,Active,,
S006934,C006934,P2,2024-09-18,Monthly,79.0,Churned,2025-08-17,Support experience
S006935,C006935,P2,2024-06-22,Monthly,79.0,Active,,
S006936,C006936,P3,2026-08-11,Monthly,199.0,Active,,
S006937,C006937,P3,2025-09-03,Monthly,199.0,Churned,2026-03-07,Price
S006938,C006938,P2,2025-02-16,Monthly,79.0,Churned,2026-03-24,Low engagement
S006939,C006939,P2,2024-05-21,Monthly,79.0,Active,,
S006940,C006940,P1,2026-07-21,Monthly,29.0,Active,,
S006941,C006941,P3,2026-07-05,Annual,169.15,Active,,
S006942,C006942,P1,2024-11-18,Monthly,29.0,Churned,2025-02-15,Low engagement
S006943,C006943,P1,2025-05-18,Monthly,29.0,Active,,
S006944,C006944,P1,2025-12-09,Monthly,29.0,Active,,
S006945,C006945,P1,2024-06-08,Monthly,29.0,Churned,2024-11-26,Low engagement
S006946,C006946,P3,2025-08-06,Annual,169.15,Active,,
S006947,C006947,P2,2024-10-04,Monthly,79.0,Active,,
S006948,C006948,P3,2024-10-16,Monthly,199.0,Active,,
S006949,C006949,P3,2025-10-09,Monthly,199.0,Churned,2026-08-09,Price
S006950,C006950,P2,2025-01-19,Annual,67.15,Active,,
S006951,C006951,P1,2025-09-17,Annual,24.65,Churned,2026-06-07,Support experience
S006952,C006952,P4,2024-12-17,Monthly,499.0,Active,,
S006953,C006953,P1,2025-07-27,Monthly,29.0,Active,,
S006954,C006954,P1,2026-07-04,Monthly,29.0,Active,,
S006955,C006955,P2,2025-07-02,Annual,67.15,Churned,2025-11-14,Price
S006956,C006956,P1,2025-07-10,Annual,24.65,Active,,
S006957,C006957,P2,2025-07-01,Monthly,79.0,Active,,
S006958,C006958,P2,2026-05-21,Monthly,79.0,Active,,
S006959,C006959,P1,2026-01-11,Monthly,29.0,Active,,
S006960,C006960,P3,2024-02-05,Annual,169.15,Active,,
S006961,C006961,P3,2024-06-03,Monthly,199.0,Active,,
S006962,C006962,P1,2025-10-25,Monthly,29.0,Churned,2026-03-28,Other
S006963,C006963,P2,2026-03-11,Monthly,79.0,Active,,
S006964,C006964,P2,2024-06-14,Monthly,79.0,Active,,
S006965,C006965,P1,2025-07-05,Annual,24.65,Active,,
S006966,C006966,P1,2025-11-23,Monthly,29.0,Active,,
S006967,C006967,P2,2025-04-21,Monthly,79.0,Active,,
S006968,C006968,P1,2026-01-10,Monthly,29.0,Active,,
S006969,C006969,P1,2025-02-24,Monthly,29.0,Churned,2026-06-07,Low engagement
S006970,C006970,P1,2025-11-11,Monthly,29.0,Churned,2026-08-15,Support experience
S006971,C006971,P2,2026-03-26,Annual,67.15,Active,,
S006972,C006972,P1,2026-07-28,Monthly,29.0,Active,,
S006973,C006973,P1,2025-11-13,Monthly,29.0,Active,,
S006974,C006974,P4,2025-03-16,Annual,424.15,Active,,
S006975,C006975,P1,2026-02-24,Annual,24.65,Active,,
S006976,C006976,P2,2026-04-03,Monthly,79.0,Active,,
S006977,C006977,P4,2025-05-14,Monthly,499.0,Active,,
S006978,C006978,P1,2025-03-27,Monthly,29.0,Active,,
S006979,C006979,P4,2024-07-06,Annual,424.15,Active,,
S006980,C006980,P3,2025-12-11,Monthly,199.0,Active,,
S006981,C006981,P3,2025-06-24,Annual,169.15,Active,,
S006982,C006982,P3,2024-07-20,Monthly,199.0,Active,,
S006983,C006983,P1,2025-09-14,Monthly,29.0,Active,,
S006984,C006984,P4,2026-08-04,Monthly,499.0,Active,,
S006985,C006985,P1,2024-03-06,Monthly,29.0,Churned,2024-11-14,Low engagement
S006986,C006986,P2,2025-08-24,Monthly,79.0,Active,,
S006987,C006987,P2,2026-07-15,Monthly,79.0,Active,,
S006988,C006988,P3,2026-08-27,Annual,169.15,Active,,
S006989,C006989,P2,2025-02-03,Monthly,79.0,Active,,
S006990,C006990,P1,2024-08-11,Annual,24.65,Active,,
S006991,C006991,P1,2025-05-03,Monthly,29.0,Active,,
S006992,C006992,P1,2025-02-05,Monthly,29.0,Active,,
S006993,C006993,P3,2025-07-01,Annual,169.15,Active,,
S006994,C006994,P2,2025-10-16,Monthly,79.0,Active,,
S006995,C006995,P3,2026-03-07,Annual,169.15,Active,,
S006996,C006996,P4,2025-11-05,Annual,424.15,Active,,
S006997,C006997,P3,2026-06-25,Annual,169.15,Active,,
S006998,C006998,P1,2026-02-13,Monthly,29.0,Active,,
S006999,C006999,P3,2025-08-16,Monthly,199.0,Churned,2026-03-16,Low engagement
S007000,C007000,P3,2024-06-18,Annual,169.15,Active,,
S007001,C007001,P3,2026-04-13,Annual,169.15,Active,,
S007002,C007002,P3,2026-01-04,Monthly,199.0,Active,,
S007003,C007003,P2,2025-02-14,Monthly,79.0,Churned,2025-06-16,Price
S007004,C007004,P2,2024-11-27,Monthly,79.0,Active,,
S007005,C007005,P2,2025-12-20,Monthly,79.0,Churned,2026-03-05,Low engagement
S007006,C007006,P1,2024-05-20,Monthly,29.0,Churned,2026-01-27,Support experience
S007007,C007007,P3,2026-03-16,Monthly,199.0,Active,,
S007008,C007008,P1,2024-10-11,Annual,24.65,Active,,
S007009,C007009,P1,2025-10-14,Monthly,29.0,Active,,
S007010,C007010,P1,2025-01-12,Monthly,29.0,Churned,2025-10-25,Payment issue
S007011,C007011,P2,2025-07-17,Annual,67.15,Active,,
S007012,C007012,P4,2026-04-24,Annual,424.15,Active,,
S007013,C007013,P1,2025-01-01,Monthly,29.0,Churned,2025-12-05,Other
S007014,C007014,P3,2024-02-14,Monthly,199.0,Active,,
S007015,C007015,P1,2024-04-08,Annual,24.65,Churned,2024-07-26,Support experience
S007016,C007016,P3,2024-04-28,Annual,169.15,Active,,
S007017,C007017,P1,2025-06-05,Annual,24.65,Churned,2026-04-18,Other
S007018,C007018,P1,2024-04-02,Monthly,29.0,Churned,2024-04-17,Other
S007019,C007019,P3,2025-05-20,Monthly,199.0,Active,,
S007020,C007020,P1,2026-01-08,Annual,24.65,Active,,
S007021,C007021,P4,2026-06-07,Annual,424.15,Active,,
S007022,C007022,P4,2024-10-15,Annual,424.15,Active,,
S007023,C007023,P1,2026-06-27,Monthly,29.0,Active,,
S007024,C007024,P1,2026-08-04,Monthly,29.0,Active,,
S007025,C007025,P1,2025-11-16,Monthly,29.0,Active,,
S007026,C007026,P1,2026-02-10,Monthly,29.0,Churned,2026-07-24,Low engagement
S007027,C007027,P1,2025-07-06,Monthly,29.0,Active,,
S007028,C007028,P2,2024-04-15,Monthly,79.0,Active,,
S007029,C007029,P1,2026-08-27,Monthly,29.0,Active,,
S007030,C007030,P2,2026-07-08,Monthly,79.0,Active,,
S007031,C007031,P1,2025-02-07,Monthly,29.0,Churned,2025-06-24,Other
S007032,C007032,P2,2024-09-05,Annual,67.15,Active,,
S007033,C007033,P2,2024-04-18,Monthly,79.0,Active,,
S007034,C007034,P3,2025-07-08,Monthly,199.0,Active,,
S007035,C007035,P2,2026-07-17,Monthly,79.0,Active,,
S007036,C007036,P1,2024-03-03,Annual,24.65,Churned,2024-05-21,Company closed
S007037,C007037,P1,2025-11-20,Monthly,29.0,Churned,2026-03-26,Low engagement
S007038,C007038,P3,2026-05-06,Annual,169.15,Active,,
S007039,C007039,P3,2025-04-03,Monthly,199.0,Active,,
S007040,C007040,P3,2025-11-02,Monthly,199.0,Active,,
S007041,C007041,P3,2025-06-23,Monthly,199.0,Active,,
S007042,C007042,P1,2024-04-27,Monthly,29.0,Active,,
S007043,C007043,P3,2025-08-12,Annual,169.15,Active,,
S007044,C007044,P1,2024-05-05,Monthly,29.0,Active,,
S007045,C007045,P4,2026-01-24,Annual,424.15,Active,,
S007046,C007046,P4,2025-01-01,Annual,424.15,Active,,
S007047,C007047,P2,2026-04-09,Monthly,79.0,Active,,
S007048,C007048,P3,2025-10-27,Monthly,199.0,Active,,
S007049,C007049,P1,2026-07-11,Monthly,29.0,Active,,
S007050,C007050,P1,2026-02-22,Monthly,29.0,Active,,
S007051,C007051,P4,2026-02-11,Annual,424.15,Active,,
S007052,C007052,P2,2025-01-08,Monthly,79.0,Active,,
S007053,C007053,P2,2025-06-09,Monthly,79.0,Active,,
S007054,C007054,P1,2026-02-25,Monthly,29.0,Active,,
S007055,C007055,P2,2026-02-13,Monthly,79.0,Active,,
S007056,C007056,P2,2026-01-25,Monthly,79.0,Active,,
S007057,C007057,P2,2024-01-28,Annual,67.15,Active,,
S007058,C007058,P2,2024-01-21,Monthly,79.0,Active,,
S007059,C007059,P1,2024-04-09,Monthly,29.0,Churned,2024-06-22,Price
S007060,C007060,P1,2024-02-17,Monthly,29.0,Churned,2025-09-15,Missing feature
S007061,C007061,P1,2026-03-11,Monthly,29.0,Active,,
S007062,C007062,P2,2025-09-17,Monthly,79.0,Active,,
S007063,C007063,P1,2025-08-20,Monthly,29.0,Active,,
S007064,C007064,P1,2024-05-28,Annual,24.65,Active,,
S007065,C007065,P2,2026-03-22,Monthly,79.0,Active,,
S007066,C007066,P2,2024-05-14,Monthly,79.0,Active,,
S007067,C007067,P2,2024-10-25,Monthly,79.0,Churned,2025-04-21,Price
S007068,C007068,P4,2026-04-23,Annual,424.15,Active,,
S007069,C007069,P2,2026-01-09,Monthly,79.0,Churned,2026-06-06,Payment issue
S007070,C007070,P2,2024-05-04,Annual,67.15,Churned,2025-05-16,Missing feature
S007071,C007071,P2,2024-04-12,Monthly,79.0,Churned,2025-05-09,Payment issue
S007072,C007072,P1,2025-05-20,Monthly,29.0,Active,,
S007073,C007073,P2,2025-10-07,Annual,67.15,Active,,
S007074,C007074,P1,2024-11-28,Monthly,29.0,Active,,
S007075,C007075,P2,2025-10-28,Monthly,79.0,Active,,
S007076,C007076,P2,2025-03-01,Monthly,79.0,Active,,
S007077,C007077,P2,2025-10-12,Monthly,79.0,Active,,
S007078,C007078,P4,2026-02-08,Monthly,499.0,Active,,
S007079,C007079,P2,2026-05-25,Monthly,79.0,Active,,
S007080,C007080,P4,2024-09-22,Annual,424.15,Churned,2025-05-06,Payment issue
S007081,C007081,P3,2024-05-19,Annual,169.15,Churned,2025-02-16,Payment issue
S007082,C007082,P2,2024-06-21,Annual,67.15,Churned,2025-11-17,Price
S007083,C007083,P2,2024-08-23,Monthly,79.0,Active,,
S007084,C007084,P1,2025-02-21,Monthly,29.0,Active,,
S007085,C007085,P2,2024-02-19,Monthly,79.0,Churned,2024-11-16,Low engagement
S007086,C007086,P3,2026-04-28,Monthly,199.0,Active,,
S007087,C007087,P2,2026-05-16,Annual,67.15,Active,,
S007088,C007088,P1,2026-01-03,Monthly,29.0,Active,,
S007089,C007089,P2,2025-03-12,Annual,67.15,Active,,
S007090,C007090,P1,2026-01-19,Monthly,29.0,Active,,
S007091,C007091,P2,2025-10-25,Monthly,79.0,Active,,
S007092,C007092,P2,2025-12-18,Monthly,79.0,Active,,
S007093,C007093,P3,2024-05-08,Monthly,199.0,Churned,2025-02-14,Payment issue
S007094,C007094,P2,2026-06-06,Monthly,79.0,Active,,
S007095,C007095,P3,2025-03-24,Monthly,199.0,Active,,
S007096,C007096,P2,2024-12-06,Annual,67.15,Churned,2025-09-28,Low engagement
S007097,C007097,P2,2025-04-01,Monthly,79.0,Churned,2026-02-17,Price
S007098,C007098,P1,2024-11-19,Annual,24.65,Active,,
S007099,C007099,P2,2026-08-15,Monthly,79.0,Active,,
S007100,C007100,P2,2025-12-19,Monthly,79.0,Active,,
S007101,C007101,P1,2026-06-13,Monthly,29.0,Active,,
S007102,C007102,P1,2026-07-17,Monthly,29.0,Active,,
S007103,C007103,P1,2025-10-10,Monthly,29.0,Active,,
S007104,C007104,P2,2026-04-13,Monthly,79.0,Active,,
S007105,C007105,P1,2026-06-05,Monthly,29.0,Active,,
S007106,C007106,P1,2024-07-20,Monthly,29.0,Active,,
S007107,C007107,P1,2024-12-17,Monthly,29.0,Active,,
S007108,C007108,P1,2025-04-10,Annual,24.65,Churned,2026-01-18,Missing feature
S007109,C007109,P2,2025-11-16,Monthly,79.0,Active,,
S007110,C007110,P1,2026-03-07,Monthly,29.0,Active,,
S007111,C007111,P4,2025-02-21,Annual,424.15,Active,,
S007112,C007112,P1,2026-05-17,Monthly,29.0,Active,,
S007113,C007113,P3,2025-12-19,Monthly,199.0,Active,,
S007114,C007114,P2,2025-03-18,Monthly,79.0,Active,,
S007115,C007115,P3,2026-01-24,Monthly,199.0,Active,,
S007116,C007116,P2,2026-05-23,Monthly,79.0,Active,,
S007117,C007117,P1,2025-02-08,Monthly,29.0,Active,,
S007118,C007118,P2,2025-04-12,Annual,67.15,Churned,2026-04-24,Support experience
S007119,C007119,P1,2026-01-16,Monthly,29.0,Active,,
S007120,C007120,P3,2025-05-22,Monthly,199.0,Churned,2025-07-18,Price
S007121,C007121,P2,2024-08-02,Monthly,79.0,Active,,
S007122,C007122,P1,2026-05-26,Monthly,29.0,Active,,
S007123,C007123,P4,2024-09-09,Annual,424.15,Active,,
S007124,C007124,P4,2024-11-12,Monthly,499.0,Active,,
S007125,C007125,P2,2026-05-08,Monthly,79.0,Churned,2026-07-18,Missing feature
S007126,C007126,P4,2025-11-16,Monthly,499.0,Active,,
S007127,C007127,P2,2025-05-08,Monthly,79.0,Churned,2026-01-15,Other
S007128,C007128,P2,2025-04-26,Monthly,79.0,Churned,2026-05-08,Low engagement
S007129,C007129,P3,2024-09-09,Monthly,199.0,Active,,
S007130,C007130,P1,2024-04-09,Monthly,29.0,Active,,
S007131,C007131,P1,2026-06-01,Monthly,29.0,Active,,
S007132,C007132,P3,2024-03-21,Annual,169.15,Active,,
S007133,C007133,P3,2024-03-26,Monthly,199.0,Churned,2025-08-08,Low engagement
S007134,C007134,P2,2026-02-17,Monthly,79.0,Active,,
S007135,C007135,P1,2026-06-26,Monthly,29.0,Active,,
S007136,C007136,P4,2026-01-12,Monthly,499.0,Churned,2026-04-12,Support experience
S007137,C007137,P1,2024-11-20,Monthly,29.0,Active,,
S007138,C007138,P1,2024-12-25,Monthly,29.0,Active,,
S007139,C007139,P2,2026-08-21,Monthly,79.0,Active,,
S007140,C007140,P2,2026-01-05,Monthly,79.0,Active,,
S007141,C007141,P1,2026-04-28,Monthly,29.0,Churned,2026-05-06,Support experience
S007142,C007142,P4,2025-06-01,Monthly,499.0,Active,,
S007143,C007143,P3,2026-03-04,Monthly,199.0,Active,,
S007144,C007144,P1,2026-08-06,Monthly,29.0,Active,,
S007145,C007145,P3,2025-03-21,Monthly,199.0,Churned,2026-07-09,Price
S007146,C007146,P2,2025-02-25,Monthly,79.0,Active,,
S007147,C007147,P1,2024-03-16,Monthly,29.0,Churned,2024-12-09,Missing feature
S007148,C007148,P4,2026-02-10,Monthly,499.0,Active,,
S007149,C007149,P4,2024-11-13,Monthly,499.0,Active,,
S007150,C007150,P2,2024-11-20,Annual,67.15,Active,,
S007151,C007151,P1,2025-11-07,Monthly,29.0,Churned,2025-12-28,Support experience
S007152,C007152,P3,2026-02-07,Monthly,199.0,Active,,
S007153,C007153,P4,2025-05-09,Annual,424.15,Active,,
S007154,C007154,P1,2026-07-14,Monthly,29.0,Active,,
S007155,C007155,P3,2024-08-21,Monthly,199.0,Active,,
S007156,C007156,P3,2025-08-15,Monthly,199.0,Active,,
S007157,C007157,P3,2025-11-03,Monthly,199.0,Churned,2026-08-28,Other
S007158,C007158,P4,2025-11-07,Annual,424.15,Active,,
S007159,C007159,P1,2025-12-02,Monthly,29.0,Active,,
S007160,C007160,P2,2025-11-11,Annual,67.15,Active,,
S007161,C007161,P2,2026-03-15,Monthly,79.0,Active,,
S007162,C007162,P1,2026-04-08,Monthly,29.0,Active,,
S007163,C007163,P2,2026-08-02,Monthly,79.0,Active,,
S007164,C007164,P3,2026-07-03,Monthly,199.0,Active,,
S007165,C007165,P4,2025-08-20,Annual,424.15,Active,,
S007166,C007166,P2,2026-01-13,Monthly,79.0,Active,,
S007167,C007167,P3,2025-04-28,Annual,169.15,Churned,2025-04-19,Low engagement
S007168,C007168,P2,2025-12-16,Monthly,79.0,Active,,
S007169,C007169,P1,2024-01-09,Monthly,29.0,Active,,
S007170,C007170,P3,2025-03-03,Monthly,199.0,Active,,
S007171,C007171,P2,2026-06-21,Annual,67.15,Active,,
S007172,C007172,P2,2025-12-11,Annual,67.15,Active,,
S007173,C007173,P3,2024-01-17,Annual,169.15,Churned,2025-08-26,Payment issue
S007174,C007174,P1,2025-08-13,Monthly,29.0,Churned,2025-10-19,Low engagement
S007175,C007175,P1,2025-03-03,Monthly,29.0,Active,,
S007176,C007176,P1,2026-04-27,Annual,24.65,Active,,
S007177,C007177,P1,2024-06-04,Monthly,29.0,Active,,
S007178,C007178,P4,2025-10-18,Annual,424.15,Active,,
S007179,C007179,P4,2026-01-05,Monthly,499.0,Churned,2026-05-08,Company closed
S007180,C007180,P2,2025-10-27,Monthly,79.0,Active,,
S007181,C007181,P1,2024-12-08,Monthly,29.0,Active,,
S007182,C007182,P2,2026-03-15,Monthly,79.0,Active,,
S007183,C007183,P3,2026-03-03,Annual,169.15,Churned,2026-07-14,Payment issue
S007184,C007184,P2,2025-03-23,Monthly,79.0,Churned,2025-12-21,Payment issue
S007185,C007185,P2,2024-12-07,Annual,67.15,Active,,
S007186,C007186,P2,2025-12-03,Monthly,79.0,Active,,
S007187,C007187,P1,2025-03-08,Annual,24.65,Active,,
S007188,C007188,P2,2025-03-16,Monthly,79.0,Active,,
S007189,C007189,P2,2025-06-10,Monthly,79.0,Churned,2025-10-05,Missing feature
S007190,C007190,P2,2025-06-10,Monthly,79.0,Active,,
S007191,C007191,P1,2026-04-03,Monthly,29.0,Active,,
S007192,C007192,P2,2026-07-21,Annual,67.15,Active,,
S007193,C007193,P3,2026-01-10,Annual,169.15,Active,,
S007194,C007194,P2,2024-05-25,Monthly,79.0,Churned,2026-08-06,Other
S007195,C007195,P2,2025-02-12,Monthly,79.0,Active,,
S007196,C007196,P4,2024-09-20,Monthly,499.0,Active,,
S007197,C007197,P1,2025-12-09,Monthly,29.0,Churned,2026-01-06,Other
S007198,C007198,P3,2025-10-03,Monthly,199.0,Active,,
S007199,C007199,P2,2026-08-18,Monthly,79.0,Active,,
S007200,C007200,P3,2025-06-18,Monthly,199.0,Active,,
S007201,C007201,P2,2024-05-28,Monthly,79.0,Churned,2025-09-22,Low engagement
S007202,C007202,P2,2025-10-21,Monthly,79.0,Active,,
S007203,C007203,P2,2025-03-18,Monthly,79.0,Active,,
S007204,C007204,P4,2024-08-01,Annual,424.15,Active,,
S007205,C007205,P1,2025-03-24,Monthly,29.0,Active,,
S007206,C007206,P1,2024-11-05,Monthly,29.0,Active,,
S007207,C007207,P2,2024-09-21,Annual,67.15,Churned,2025-02-13,Price
S007208,C007208,P1,2025-07-20,Monthly,29.0,Churned,2025-09-13,Company closed
S007209,C007209,P2,2026-04-23,Monthly,79.0,Active,,
S007210,C007210,P1,2026-06-09,Monthly,29.0,Active,,
S007211,C007211,P1,2024-12-14,Monthly,29.0,Active,,
S007212,C007212,P2,2025-06-02,Annual,67.15,Active,,
S007213,C007213,P4,2026-05-10,Monthly,499.0,Active,,
S007214,C007214,P2,2026-08-25,Monthly,79.0,Active,,
S007215,C007215,P3,2026-05-06,Monthly,199.0,Active,,
S007216,C007216,P1,2025-07-27,Monthly,29.0,Active,,
S007217,C007217,P3,2026-05-02,Annual,169.15,Churned,2026-06-15,Low engagement
S007218,C007218,P3,2026-01-11,Monthly,199.0,Active,,
S007219,C007219,P2,2024-06-11,Monthly,79.0,Active,,
S007220,C007220,P1,2024-05-28,Monthly,29.0,Active,,
S007221,C007221,P1,2026-07-16,Monthly,29.0,Active,,
S007222,C007222,P2,2026-07-24,Monthly,79.0,Active,,
S007223,C007223,P2,2025-06-24,Annual,67.15,Active,,
S007224,C007224,P1,2025-12-16,Annual,24.65,Active,,
S007225,C007225,P2,2025-01-21,Annual,67.15,Churned,2025-12-16,Low engagement
S007226,C007226,P1,2026-01-21,Monthly,29.0,Active,,
S007227,C007227,P2,2025-06-15,Annual,67.15,Active,,
S007228,C007228,P2,2025-03-27,Monthly,79.0,Active,,
S007229,C007229,P1,2025-06-13,Monthly,29.0,Active,,
S007230,C007230,P4,2025-06-21,Annual,424.15,Active,,
S007231,C007231,P1,2026-07-10,Annual,24.65,Active,,
S007232,C007232,P1,2026-06-10,Annual,24.65,Active,,
S007233,C007233,P2,2024-09-11,Monthly,79.0,Active,,
S007234,C007234,P1,2024-12-06,Monthly,29.0,Churned,2025-10-19,Price
S007235,C007235,P2,2025-01-23,Monthly,79.0,Churned,2025-07-22,Price
S007236,C007236,P2,2024-01-13,Annual,67.15,Active,,
S007237,C007237,P2,2025-08-19,Monthly,79.0,Active,,
S007238,C007238,P2,2025-07-06,Monthly,79.0,Active,,
S007239,C007239,P1,2024-06-20,Monthly,29.0,Churned,2026-02-21,Missing feature
S007240,C007240,P3,2026-08-01,Monthly,199.0,Active,,
S007241,C007241,P2,2026-03-19,Monthly,79.0,Active,,
S007242,C007242,P2,2024-09-13,Annual,67.15,Active,,
S007243,C007243,P3,2026-01-04,Monthly,199.0,Active,,
S007244,C007244,P3,2025-02-10,Monthly,199.0,Churned,2026-03-10,Price
S007245,C007245,P1,2025-11-02,Annual,24.65,Active,,
S007246,C007246,P4,2025-07-03,Monthly,499.0,Active,,
S007247,C007247,P4,2024-07-23,Monthly,499.0,Churned,2024-10-20,Low engagement
S007248,C007248,P2,2025-06-25,Monthly,79.0,Active,,
S007249,C007249,P3,2026-08-24,Monthly,199.0,Active,,
S007250,C007250,P3,2026-02-04,Monthly,199.0,Active,,
S007251,C007251,P1,2025-11-17,Annual,24.65,Active,,
S007252,C007252,P2,2026-05-18,Monthly,79.0,Active,,
S007253,C007253,P4,2026-04-10,Monthly,499.0,Active,,
S007254,C007254,P1,2026-06-16,Monthly,29.0,Active,,
S007255,C007255,P1,2024-06-08,Annual,24.65,Churned,2026-06-25,Support experience
S007256,C007256,P1,2024-06-28,Annual,24.65,Active,,
S007257,C007257,P2,2026-04-07,Monthly,79.0,Active,,
S007258,C007258,P4,2026-08-08,Annual,424.15,Active,,
S007259,C007259,P4,2025-09-22,Monthly,499.0,Active,,
S007260,C007260,P1,2026-08-07,Annual,24.65,Active,,
S007261,C007261,P3,2025-12-26,Monthly,199.0,Active,,
S007262,C007262,P2,2024-05-18,Annual,67.15,Active,,
S007263,C007263,P3,2026-07-26,Monthly,199.0,Active,,
S007264,C007264,P2,2026-05-16,Annual,67.15,Active,,
S007265,C007265,P2,2025-08-27,Monthly,79.0,Active,,
S007266,C007266,P1,2026-02-23,Annual,24.65,Active,,
S007267,C007267,P2,2025-03-23,Annual,67.15,Churned,2026-02-22,Support experience
S007268,C007268,P2,2025-11-05,Monthly,79.0,Active,,
S007269,C007269,P4,2025-05-23,Monthly,499.0,Active,,
S007270,C007270,P1,2025-08-09,Annual,24.65,Active,,
S007271,C007271,P3,2025-11-24,Monthly,199.0,Active,,
S007272,C007272,P3,2024-03-01,Annual,169.15,Churned,2025-06-15,Support experience
S007273,C007273,P1,2024-05-02,Monthly,29.0,Churned,2024-05-22,Missing feature
S007274,C007274,P2,2024-04-21,Monthly,79.0,Churned,2025-04-06,Missing feature
S007275,C007275,P2,2025-10-02,Annual,67.15,Active,,
S007276,C007276,P3,2025-05-10,Monthly,199.0,Active,,
S007277,C007277,P2,2025-07-13,Monthly,79.0,Churned,2025-12-17,Low engagement
S007278,C007278,P3,2025-07-07,Monthly,199.0,Active,,
S007279,C007279,P1,2024-02-21,Monthly,29.0,Active,,
S007280,C007280,P3,2026-04-17,Monthly,199.0,Active,,
S007281,C007281,P3,2026-01-19,Annual,169.15,Active,,
S007282,C007282,P1,2026-01-08,Annual,24.65,Active,,
S007283,C007283,P2,2024-02-01,Monthly,79.0,Active,,
S007284,C007284,P1,2025-12-02,Monthly,29.0,Active,,
S007285,C007285,P4,2025-07-08,Monthly,499.0,Active,,
S007286,C007286,P4,2026-03-07,Monthly,499.0,Active,,
S007287,C007287,P2,2024-05-18,Monthly,79.0,Active,,
S007288,C007288,P1,2026-02-24,Monthly,29.0,Active,,
S007289,C007289,P1,2026-08-08,Monthly,29.0,Active,,
S007290,C007290,P2,2026-05-17,Monthly,79.0,Active,,
S007291,C007291,P1,2026-06-26,Monthly,29.0,Active,,
S007292,C007292,P1,2024-04-14,Monthly,29.0,Churned,2026-03-11,Missing feature
S007293,C007293,P3,2025-08-06,Annual,169.15,Active,,
S007294,C007294,P1,2024-11-14,Monthly,29.0,Churned,2025-01-20,Payment issue
S007295,C007295,P2,2025-09-02,Monthly,79.0,Churned,2026-07-10,Low engagement
S007296,C007296,P4,2026-01-28,Monthly,499.0,Active,,
S007297,C007297,P3,2026-02-26,Annual,169.15,Active,,
S007298,C007298,P2,2026-08-01,Monthly,79.0,Active,,
S007299,C007299,P3,2026-08-08,Monthly,199.0,Active,,
S007300,C007300,P1,2024-11-05,Monthly,29.0,Churned,2025-02-14,Low engagement
S007301,C007301,P1,2026-07-25,Annual,24.65,Active,,
S007302,C007302,P3,2026-06-25,Monthly,199.0,Active,,
S007303,C007303,P3,2026-02-10,Monthly,199.0,Active,,
S007304,C007304,P2,2024-11-15,Monthly,79.0,Active,,
S007305,C007305,P1,2024-09-19,Monthly,29.0,Active,,
S007306,C007306,P2,2025-05-28,Monthly,79.0,Active,,
S007307,C007307,P1,2024-02-24,Monthly,29.0,Active,,
S007308,C007308,P3,2024-12-20,Monthly,199.0,Churned,2026-04-27,Support experience
S007309,C007309,P1,2024-04-13,Annual,24.65,Churned,2024-10-07,Support experience
S007310,C007310,P1,2025-08-21,Monthly,29.0,Active,,
S007311,C007311,P1,2025-11-19,Monthly,29.0,Churned,2025-12-19,Price
S007312,C007312,P1,2024-06-17,Monthly,29.0,Active,,
S007313,C007313,P1,2026-05-06,Monthly,29.0,Active,,
S007314,C007314,P1,2024-05-01,Monthly,29.0,Churned,2026-01-21,Other
S007315,C007315,P3,2025-04-15,Monthly,199.0,Churned,2025-07-08,Price
S007316,C007316,P2,2025-07-26,Monthly,79.0,Churned,2025-07-05,Low engagement
S007317,C007317,P4,2025-10-28,Monthly,499.0,Active,,
S007318,C007318,P3,2025-02-15,Monthly,199.0,Active,,
S007319,C007319,P1,2026-01-28,Monthly,29.0,Active,,
S007320,C007320,P1,2025-02-01,Monthly,29.0,Active,,
S007321,C007321,P2,2024-11-24,Monthly,79.0,Active,,
S007322,C007322,P3,2025-06-06,Monthly,199.0,Active,,
S007323,C007323,P1,2024-06-10,Annual,24.65,Churned,2026-06-27,Price
S007324,C007324,P4,2026-08-10,Annual,424.15,Active,,
S007325,C007325,P2,2025-09-07,Annual,67.15,Active,,
S007326,C007326,P2,2024-07-09,Monthly,79.0,Churned,2025-05-18,Low engagement
S007327,C007327,P4,2026-04-16,Monthly,499.0,Active,,
S007328,C007328,P2,2026-02-01,Monthly,79.0,Churned,2026-05-27,Payment issue
S007329,C007329,P2,2025-05-07,Monthly,79.0,Active,,
S007330,C007330,P1,2026-08-08,Annual,24.65,Active,,
S007331,C007331,P1,2025-07-03,Annual,24.65,Churned,2026-05-22,Payment issue
S007332,C007332,P3,2024-10-26,Annual,169.15,Active,,
S007333,C007333,P2,2026-03-13,Monthly,79.0,Active,,
S007334,C007334,P3,2026-07-17,Annual,169.15,Active,,
S007335,C007335,P1,2024-12-17,Annual,24.65,Churned,2026-04-10,Payment issue
S007336,C007336,P3,2024-01-10,Annual,169.15,Churned,2026-05-19,Price
S007337,C007337,P1,2025-11-08,Monthly,29.0,Active,,
S007338,C007338,P1,2026-02-03,Monthly,29.0,Active,,
S007339,C007339,P1,2024-12-23,Annual,24.65,Active,,
S007340,C007340,P3,2026-08-22,Annual,169.15,Active,,
S007341,C007341,P1,2024-08-19,Monthly,29.0,Active,,
S007342,C007342,P3,2026-04-21,Monthly,199.0,Active,,
S007343,C007343,P3,2026-06-23,Annual,169.15,Active,,
S007344,C007344,P1,2024-08-01,Monthly,29.0,Active,,
S007345,C007345,P2,2025-07-19,Annual,67.15,Active,,
S007346,C007346,P1,2024-02-28,Monthly,29.0,Churned,2024-06-06,Payment issue
S007347,C007347,P2,2025-11-24,Annual,67.15,Active,,
S007348,C007348,P2,2025-09-08,Monthly,79.0,Active,,
S007349,C007349,P1,2026-03-17,Monthly,29.0,Active,,
S007350,C007350,P3,2025-07-08,Monthly,199.0,Active,,
S007351,C007351,P1,2025-03-04,Monthly,29.0,Active,,
S007352,C007352,P1,2024-07-09,Monthly,29.0,Active,,
S007353,C007353,P4,2024-03-10,Annual,424.15,Churned,2024-07-16,Low engagement
S007354,C007354,P1,2025-08-27,Monthly,29.0,Active,,
S007355,C007355,P2,2026-07-14,Annual,67.15,Active,,
S007356,C007356,P1,2026-03-24,Monthly,29.0,Active,,
S007357,C007357,P4,2025-04-27,Monthly,499.0,Churned,2025-05-05,Price
S007358,C007358,P1,2026-08-18,Monthly,29.0,Active,,
S007359,C007359,P1,2024-09-14,Monthly,29.0,Churned,2025-03-07,Low engagement
S007360,C007360,P4,2026-08-14,Monthly,499.0,Active,,
S007361,C007361,P2,2024-10-22,Annual,67.15,Active,,
S007362,C007362,P3,2024-08-10,Monthly,199.0,Active,,
S007363,C007363,P3,2026-05-13,Annual,169.15,Active,,
S007364,C007364,P3,2025-06-10,Monthly,199.0,Active,,
S007365,C007365,P1,2026-06-08,Monthly,29.0,Active,,
S007366,C007366,P1,2026-02-10,Monthly,29.0,Active,,
S007367,C007367,P1,2024-08-03,Annual,24.65,Churned,2026-01-15,Missing feature
S007368,C007368,P3,2024-06-25,Monthly,199.0,Active,,
S007369,C007369,P2,2025-06-25,Annual,67.15,Active,,
S007370,C007370,P3,2025-09-20,Annual,169.15,Active,,
S007371,C007371,P1,2025-05-22,Monthly,29.0,Active,,
S007372,C007372,P3,2024-10-12,Monthly,199.0,Churned,2025-10-07,Price
S007373,C007373,P2,2024-10-15,Monthly,79.0,Active,,
S007374,C007374,P2,2025-08-28,Monthly,79.0,Active,,
S007375,C007375,P1,2024-01-02,Annual,24.65,Churned,2024-11-13,Low engagement
S007376,C007376,P1,2025-06-05,Monthly,29.0,Active,,
S007377,C007377,P1,2024-02-24,Annual,24.65,Churned,2025-02-21,Price
S007378,C007378,P4,2026-05-03,Annual,424.15,Active,,
S007379,C007379,P1,2025-11-22,Annual,24.65,Churned,2026-04-05,Low engagement
S007380,C007380,P1,2024-08-11,Annual,24.65,Active,,
S007381,C007381,P1,2026-03-20,Monthly,29.0,Active,,
S007382,C007382,P1,2025-07-28,Monthly,29.0,Active,,
S007383,C007383,P4,2025-08-17,Monthly,499.0,Active,,
S007384,C007384,P1,2024-11-01,Monthly,29.0,Active,,
S007385,C007385,P1,2025-04-15,Monthly,29.0,Churned,2025-08-14,Missing feature
S007386,C007386,P3,2026-06-03,Annual,169.15,Active,,
S007387,C007387,P1,2024-07-27,Monthly,29.0,Active,,
S007388,C007388,P1,2025-11-10,Monthly,29.0,Churned,2026-01-07,Payment issue
S007389,C007389,P2,2024-10-27,Monthly,79.0,Active,,
S007390,C007390,P1,2025-06-28,Monthly,29.0,Churned,2026-02-25,Payment issue
S007391,C007391,P1,2025-08-09,Monthly,29.0,Active,,
S007392,C007392,P3,2024-06-10,Annual,169.15,Active,,
S007393,C007393,P1,2024-04-25,Annual,24.65,Churned,2026-02-20,Low engagement
S007394,C007394,P3,2025-07-19,Monthly,199.0,Churned,2025-09-18,Support experience
S007395,C007395,P3,2025-05-15,Annual,169.15,Active,,
S007396,C007396,P3,2026-07-25,Monthly,199.0,Active,,
S007397,C007397,P1,2026-01-08,Monthly,29.0,Active,,
S007398,C007398,P1,2026-06-19,Annual,24.65,Active,,
S007399,C007399,P3,2026-07-10,Annual,169.15,Active,,
S007400,C007400,P3,2024-01-03,Annual,169.15,Active,,
S007401,C007401,P3,2026-06-10,Monthly,199.0,Active,,
S007402,C007402,P1,2026-08-05,Monthly,29.0,Active,,
S007403,C007403,P2,2025-06-28,Monthly,79.0,Active,,
S007404,C007404,P1,2025-11-08,Monthly,29.0,Active,,
S007405,C007405,P2,2025-03-27,Annual,67.15,Churned,2025-07-16,Low engagement
S007406,C007406,P1,2024-05-23,Monthly,29.0,Active,,
S007407,C007407,P4,2024-12-11,Annual,424.15,Active,,
S007408,C007408,P1,2024-04-23,Monthly,29.0,Churned,2025-03-28,Low engagement
S007409,C007409,P1,2025-07-02,Monthly,29.0,Active,,
S007410,C007410,P2,2025-12-05,Monthly,79.0,Active,,
S007411,C007411,P4,2024-01-23,Monthly,499.0,Active,,
S007412,C007412,P2,2024-10-11,Monthly,79.0,Active,,
S007413,C007413,P1,2024-04-05,Annual,24.65,Active,,
S007414,C007414,P2,2026-08-04,Monthly,79.0,Active,,
S007415,C007415,P2,2026-04-23,Monthly,79.0,Active,,
S007416,C007416,P3,2024-02-14,Annual,169.15,Active,,
S007417,C007417,P1,2026-04-13,Annual,24.65,Active,,
S007418,C007418,P2,2026-04-11,Monthly,79.0,Active,,
S007419,C007419,P1,2026-04-03,Monthly,29.0,Active,,
S007420,C007420,P1,2026-06-28,Annual,24.65,Active,,
S007421,C007421,P2,2025-06-07,Monthly,79.0,Active,,
S007422,C007422,P1,2024-11-11,Monthly,29.0,Active,,
S007423,C007423,P2,2026-05-24,Monthly,79.0,Active,,
S007424,C007424,P1,2026-05-02,Annual,24.65,Active,,
S007425,C007425,P3,2024-12-17,Monthly,199.0,Active,,
S007426,C007426,P2,2025-10-15,Monthly,79.0,Active,,
S007427,C007427,P4,2025-09-21,Monthly,499.0,Active,,
S007428,C007428,P2,2025-07-26,Monthly,79.0,Active,,
S007429,C007429,P1,2025-11-03,Monthly,29.0,Active,,
S007430,C007430,P3,2024-05-11,Monthly,199.0,Churned,2026-01-12,Price
S007431,C007431,P3,2025-06-11,Monthly,199.0,Active,,
S007432,C007432,P1,2024-12-23,Annual,24.65,Active,,
S007433,C007433,P2,2024-01-13,Monthly,79.0,Churned,2025-11-06,Low engagement
S007434,C007434,P1,2025-08-12,Monthly,29.0,Active,,
S007435,C007435,P2,2025-03-08,Monthly,79.0,Active,,
S007436,C007436,P2,2025-05-16,Monthly,79.0,Active,,
S007437,C007437,P2,2024-06-18,Monthly,79.0,Churned,2025-09-26,Support experience
S007438,C007438,P2,2025-08-15,Monthly,79.0,Churned,2025-08-18,Low engagement
S007439,C007439,P2,2024-12-18,Monthly,79.0,Active,,
S007440,C007440,P4,2024-01-25,Annual,424.15,Active,,
S007441,C007441,P3,2026-03-25,Monthly,199.0,Active,,
S007442,C007442,P4,2025-11-16,Annual,424.15,Active,,
S007443,C007443,P3,2025-08-27,Monthly,199.0,Active,,
S007444,C007444,P2,2025-11-11,Monthly,79.0,Active,,
S007445,C007445,P1,2025-02-01,Annual,24.65,Active,,
S007446,C007446,P2,2024-06-22,Monthly,79.0,Active,,
S007447,C007447,P1,2025-03-22,Annual,24.65,Active,,
S007448,C007448,P2,2026-03-02,Monthly,79.0,Active,,
S007449,C007449,P2,2025-11-10,Monthly,79.0,Active,,
S007450,C007450,P1,2026-03-08,Monthly,29.0,Active,,
S007451,C007451,P3,2026-06-15,Monthly,199.0,Active,,
S007452,C007452,P2,2024-11-09,Monthly,79.0,Active,,
S007453,C007453,P2,2026-06-21,Monthly,79.0,Active,,
S007454,C007454,P1,2025-12-16,Annual,24.65,Active,,
S007455,C007455,P4,2025-09-25,Annual,424.15,Churned,2026-01-28,Support experience
S007456,C007456,P2,2025-08-24,Monthly,79.0,Active,,
S007457,C007457,P2,2025-06-09,Monthly,79.0,Active,,
S007458,C007458,P2,2024-04-16,Annual,67.15,Active,,
S007459,C007459,P1,2024-03-18,Monthly,29.0,Active,,
S007460,C007460,P3,2025-02-13,Monthly,199.0,Active,,
S007461,C007461,P1,2024-09-27,Monthly,29.0,Churned,2025-05-18,Support experience
S007462,C007462,P2,2024-05-02,Monthly,79.0,Active,,
S007463,C007463,P2,2024-02-26,Monthly,79.0,Active,,
S007464,C007464,P4,2026-08-28,Monthly,499.0,Active,,
S007465,C007465,P4,2024-10-11,Annual,424.15,Churned,2025-08-08,Support experience
S007466,C007466,P1,2026-08-09,Monthly,29.0,Active,,
S007467,C007467,P2,2025-09-02,Monthly,79.0,Churned,2026-06-05,Missing feature
S007468,C007468,P3,2024-09-04,Monthly,199.0,Churned,2025-01-08,Missing feature
S007469,C007469,P3,2024-07-07,Monthly,199.0,Active,,
S007470,C007470,P1,2024-09-24,Annual,24.65,Churned,2024-12-27,Missing feature
S007471,C007471,P2,2025-03-22,Annual,67.15,Churned,2026-05-23,Payment issue
S007472,C007472,P3,2024-09-25,Annual,169.15,Active,,
S007473,C007473,P1,2026-04-09,Monthly,29.0,Churned,2026-06-05,Support experience
S007474,C007474,P1,2025-03-09,Monthly,29.0,Active,,
S007475,C007475,P1,2025-08-23,Monthly,29.0,Active,,
S007476,C007476,P1,2025-07-16,Annual,24.65,Active,,
S007477,C007477,P1,2025-12-02,Monthly,29.0,Churned,2026-02-05,Low engagement
S007478,C007478,P2,2026-08-22,Monthly,79.0,Active,,
S007479,C007479,P1,2025-06-03,Monthly,29.0,Active,,
S007480,C007480,P2,2025-02-01,Monthly,79.0,Churned,2026-08-28,Low engagement
S007481,C007481,P1,2026-08-26,Monthly,29.0,Active,,
S007482,C007482,P2,2026-08-28,Monthly,79.0,Active,,
S007483,C007483,P2,2026-03-20,Monthly,79.0,Active,,
S007484,C007484,P3,2026-04-10,Monthly,199.0,Active,,
S007485,C007485,P2,2025-05-05,Monthly,79.0,Active,,
S007486,C007486,P2,2025-09-14,Monthly,79.0,Active,,
S007487,C007487,P1,2025-03-15,Monthly,29.0,Churned,2026-06-07,Low engagement
S007488,C007488,P2,2025-11-02,Monthly,79.0,Active,,
S007489,C007489,P1,2026-04-19,Annual,24.65,Active,,
S007490,C007490,P1,2025-03-02,Monthly,29.0,Active,,
S007491,C007491,P4,2025-08-14,Monthly,499.0,Churned,2026-03-12,Support experience
S007492,C007492,P3,2026-03-04,Annual,169.15,Active,,
S007493,C007493,P3,2024-10-02,Annual,169.15,Active,,
S007494,C007494,P1,2025-11-09,Monthly,29.0,Active,,
S007495,C007495,P2,2026-03-17,Monthly,79.0,Active,,
S007496,C007496,P3,2024-03-26,Monthly,199.0,Active,,
S007497,C007497,P2,2024-11-02,Monthly,79.0,Churned,2026-08-14,Low engagement
S007498,C007498,P1,2024-02-15,Annual,24.65,Churned,2026-07-19,Low engagement
S007499,C007499,P2,2024-01-22,Annual,67.15,Churned,2026-05-18,Payment issue
S007500,C007500,P1,2025-07-10,Monthly,29.0,Active,,
S007501,C007501,P2,2026-01-23,Monthly,79.0,Churned,2026-02-08,Payment issue
S007502,C007502,P3,2025-04-13,Monthly,199.0,Active,,
S007503,C007503,P1,2025-11-01,Monthly,29.0,Active,,
S007504,C007504,P2,2024-09-08,Monthly,79.0,Churned,2025-10-07,Low engagement
S007505,C007505,P2,2026-05-12,Monthly,79.0,Active,,
S007506,C007506,P3,2025-03-18,Monthly,199.0,Active,,
S007507,C007507,P4,2026-01-05,Monthly,499.0,Active,,
S007508,C007508,P3,2024-06-15,Monthly,199.0,Active,,
S007509,C007509,P1,2026-04-23,Monthly,29.0,Active,,
S007510,C007510,P1,2025-08-11,Monthly,29.0,Active,,
S007511,C007511,P1,2026-08-06,Monthly,29.0,Active,,
S007512,C007512,P1,2025-04-20,Monthly,29.0,Active,,
S007513,C007513,P2,2026-05-18,Monthly,79.0,Active,,
S007514,C007514,P3,2025-05-11,Monthly,199.0,Active,,
S007515,C007515,P3,2024-06-24,Monthly,199.0,Active,,
S007516,C007516,P2,2026-01-23,Monthly,79.0,Active,,
S007517,C007517,P2,2024-09-03,Monthly,79.0,Churned,2025-02-27,Price
S007518,C007518,P2,2026-04-17,Annual,67.15,Active,,
S007519,C007519,P1,2025-02-18,Monthly,29.0,Churned,2025-08-09,Low engagement
S007520,C007520,P2,2026-03-06,Annual,67.15,Active,,
S007521,C007521,P2,2025-07-06,Annual,67.15,Active,,
S007522,C007522,P2,2025-08-05,Monthly,79.0,Active,,
S007523,C007523,P2,2026-02-10,Monthly,79.0,Active,,
S007524,C007524,P1,2025-12-08,Monthly,29.0,Active,,
S007525,C007525,P1,2025-12-20,Monthly,29.0,Active,,
S007526,C007526,P1,2025-12-26,Annual,24.65,Churned,2026-08-23,Low engagement
S007527,C007527,P4,2025-10-13,Annual,424.15,Churned,2026-05-19,Low engagement
S007528,C007528,P3,2026-04-24,Annual,169.15,Active,,
S007529,C007529,P1,2025-01-15,Monthly,29.0,Active,,
S007530,C007530,P3,2024-09-28,Monthly,199.0,Churned,2025-12-10,Missing feature
S007531,C007531,P1,2026-02-11,Annual,24.65,Active,,
S007532,C007532,P1,2025-09-21,Monthly,29.0,Churned,2025-12-18,Price
S007533,C007533,P1,2026-06-24,Monthly,29.0,Active,,
S007534,C007534,P1,2026-08-26,Monthly,29.0,Active,,
S007535,C007535,P2,2026-05-12,Monthly,79.0,Active,,
S007536,C007536,P4,2025-09-10,Annual,424.15,Active,,
S007537,C007537,P1,2026-02-01,Monthly,29.0,Active,,
S007538,C007538,P3,2025-02-18,Annual,169.15,Active,,
S007539,C007539,P1,2024-01-16,Monthly,29.0,Active,,
S007540,C007540,P2,2026-03-11,Monthly,79.0,Active,,
S007541,C007541,P4,2026-03-07,Annual,424.15,Active,,
S007542,C007542,P1,2024-01-25,Monthly,29.0,Churned,2026-07-20,Other
S007543,C007543,P1,2026-05-28,Monthly,29.0,Active,,
S007544,C007544,P4,2026-06-28,Annual,424.15,Active,,
S007545,C007545,P1,2025-02-13,Annual,24.65,Active,,
S007546,C007546,P1,2024-01-21,Monthly,29.0,Churned,2025-06-10,Low engagement
S007547,C007547,P1,2026-06-24,Monthly,29.0,Active,,
S007548,C007548,P3,2024-04-22,Monthly,199.0,Active,,
S007549,C007549,P1,2024-11-10,Monthly,29.0,Active,,
S007550,C007550,P2,2025-09-25,Annual,67.15,Active,,
S007551,C007551,P2,2026-04-19,Annual,67.15,Churned,2026-05-25,Company closed
S007552,C007552,P3,2026-03-03,Annual,169.15,Churned,2026-05-24,Payment issue
S007553,C007553,P1,2026-01-05,Monthly,29.0,Active,,
S007554,C007554,P1,2026-04-14,Annual,24.65,Active,,
S007555,C007555,P3,2026-01-27,Monthly,199.0,Active,,
S007556,C007556,P3,2025-11-21,Monthly,199.0,Active,,
S007557,C007557,P1,2024-08-19,Annual,24.65,Active,,
S007558,C007558,P1,2025-06-17,Annual,24.65,Active,,
S007559,C007559,P3,2025-06-26,Monthly,199.0,Active,,
S007560,C007560,P3,2024-01-16,Annual,169.15,Active,,
S007561,C007561,P3,2025-04-12,Monthly,199.0,Churned,2025-07-24,Missing feature
S007562,C007562,P2,2024-10-11,Monthly,79.0,Churned,2025-11-12,Missing feature
S007563,C007563,P2,2024-05-15,Monthly,79.0,Active,,
S007564,C007564,P2,2025-09-07,Annual,67.15,Active,,
S007565,C007565,P1,2024-11-27,Monthly,29.0,Churned,2025-06-15,Low engagement
S007566,C007566,P3,2024-09-26,Monthly,199.0,Active,,
S007567,C007567,P1,2026-03-11,Annual,24.65,Active,,
S007568,C007568,P1,2026-04-21,Annual,24.65,Active,,
S007569,C007569,P3,2025-12-22,Monthly,199.0,Active,,
S007570,C007570,P4,2024-09-18,Annual,424.15,Active,,
S007571,C007571,P2,2025-11-04,Monthly,79.0,Active,,
S007572,C007572,P4,2026-01-03,Annual,424.15,Active,,
S007573,C007573,P1,2024-11-21,Monthly,29.0,Churned,2025-11-07,Payment issue
S007574,C007574,P1,2024-07-04,Annual,24.65,Active,,
S007575,C007575,P1,2025-05-23,Monthly,29.0,Active,,
S007576,C007576,P3,2025-05-13,Monthly,199.0,Active,,
S007577,C007577,P3,2024-07-23,Monthly,199.0,Churned,2025-12-21,Other
S007578,C007578,P1,2024-09-04,Annual,24.65,Active,,
S007579,C007579,P2,2025-07-12,Monthly,79.0,Active,,
S007580,C007580,P1,2025-08-05,Annual,24.65,Active,,
S007581,C007581,P1,2025-09-14,Monthly,29.0,Active,,
S007582,C007582,P3,2026-08-03,Annual,169.15,Active,,
S007583,C007583,P1,2024-02-08,Monthly,29.0,Active,,
S007584,C007584,P2,2026-03-09,Monthly,79.0,Active,,
S007585,C007585,P1,2025-03-15,Monthly,29.0,Churned,2026-07-28,Support experience
S007586,C007586,P1,2026-02-01,Annual,24.65,Active,,
S007587,C007587,P2,2026-02-09,Monthly,79.0,Active,,
S007588,C007588,P4,2025-11-21,Annual,424.15,Active,,
S007589,C007589,P1,2025-11-12,Monthly,29.0,Active,,
S007590,C007590,P1,2025-12-17,Monthly,29.0,Active,,
S007591,C007591,P1,2026-02-25,Monthly,29.0,Active,,
S007592,C007592,P3,2024-07-15,Monthly,199.0,Active,,
S007593,C007593,P3,2025-03-25,Annual,169.15,Active,,
S007594,C007594,P2,2026-05-28,Monthly,79.0,Active,,
S007595,C007595,P2,2025-09-15,Monthly,79.0,Active,,
S007596,C007596,P3,2024-07-14,Annual,169.15,Churned,2026-01-11,Support experience
S007597,C007597,P1,2026-08-09,Monthly,29.0,Active,,
S007598,C007598,P3,2026-08-25,Monthly,199.0,Active,,
S007599,C007599,P1,2025-08-22,Monthly,29.0,Active,,
S007600,C007600,P1,2025-08-06,Monthly,29.0,Churned,2025-11-11,Support experience
S007601,C007601,P4,2025-01-19,Annual,424.15,Active,,
S007602,C007602,P4,2025-08-08,Annual,424.15,Active,,
S007603,C007603,P1,2026-08-28,Monthly,29.0,Active,,
S007604,C007604,P1,2024-11-10,Annual,24.65,Active,,
S007605,C007605,P2,2025-01-03,Monthly,79.0,Active,,
S007606,C007606,P4,2026-06-28,Annual,424.15,Active,,
S007607,C007607,P3,2025-04-18,Annual,169.15,Active,,
S007608,C007608,P2,2026-08-26,Monthly,79.0,Active,,
S007609,C007609,P2,2025-03-25,Monthly,79.0,Active,,
S007610,C007610,P3,2024-01-13,Monthly,199.0,Active,,
S007611,C007611,P3,2026-07-13,Monthly,199.0,Active,,
S007612,C007612,P2,2024-11-24,Monthly,79.0,Active,,
S007613,C007613,P2,2026-01-11,Annual,67.15,Active,,
S007614,C007614,P1,2024-03-07,Monthly,29.0,Churned,2025-06-24,Price
S007615,C007615,P2,2026-02-16,Monthly,79.0,Active,,
S007616,C007616,P4,2024-10-17,Annual,424.15,Active,,
S007617,C007617,P1,2026-04-24,Monthly,29.0,Active,,
S007618,C007618,P2,2026-08-05,Annual,67.15,Active,,
S007619,C007619,P2,2024-03-14,Monthly,79.0,Active,,
S007620,C007620,P3,2025-03-17,Monthly,199.0,Active,,
S007621,C007621,P2,2026-01-27,Monthly,79.0,Active,,
S007622,C007622,P3,2026-08-07,Annual,169.15,Active,,
S007623,C007623,P2,2025-03-18,Annual,67.15,Active,,
S007624,C007624,P1,2026-08-17,Monthly,29.0,Active,,
S007625,C007625,P1,2026-06-27,Monthly,29.0,Active,,
S007626,C007626,P1,2026-02-13,Monthly,29.0,Active,,
S007627,C007627,P4,2025-04-06,Annual,424.15,Active,,
S007628,C007628,P3,2025-08-16,Monthly,199.0,Active,,
S007629,C007629,P1,2026-02-24,Monthly,29.0,Active,,
S007630,C007630,P3,2026-01-05,Monthly,199.0,Active,,
S007631,C007631,P1,2025-01-21,Annual,24.65,Churned,2026-08-28,Low engagement
S007632,C007632,P4,2025-09-15,Monthly,499.0,Active,,
S007633,C007633,P3,2026-05-23,Monthly,199.0,Active,,
S007634,C007634,P2,2025-07-09,Monthly,79.0,Active,,
S007635,C007635,P1,2025-09-24,Monthly,29.0,Active,,
S007636,C007636,P1,2025-02-05,Monthly,29.0,Active,,
S007637,C007637,P1,2024-08-15,Monthly,29.0,Active,,
S007638,C007638,P4,2024-04-15,Annual,424.15,Active,,
S007639,C007639,P1,2025-04-08,Annual,24.65,Churned,2026-08-22,Price
S007640,C007640,P1,2025-11-04,Annual,24.65,Churned,2026-08-07,Other
S007641,C007641,P1,2026-03-27,Monthly,29.0,Active,,
S007642,C007642,P3,2024-05-12,Annual,169.15,Churned,2026-02-26,Low engagement
S007643,C007643,P1,2025-02-26,Monthly,29.0,Churned,2025-03-19,Payment issue
S007644,C007644,P3,2026-04-10,Annual,169.15,Active,,
S007645,C007645,P3,2024-06-19,Monthly,199.0,Active,,
S007646,C007646,P1,2026-08-16,Monthly,29.0,Active,,
S007647,C007647,P3,2025-11-12,Monthly,199.0,Active,,
S007648,C007648,P3,2026-07-14,Monthly,199.0,Active,,
S007649,C007649,P2,2026-02-08,Monthly,79.0,Active,,
S007650,C007650,P3,2026-08-04,Monthly,199.0,Active,,
S007651,C007651,P3,2025-12-19,Annual,169.15,Churned,2026-05-25,Price
S007652,C007652,P1,2024-12-08,Monthly,29.0,Active,,
S007653,C007653,P1,2026-04-15,Annual,24.65,Active,,
S007654,C007654,P1,2024-10-16,Annual,24.65,Active,,
S007655,C007655,P1,2025-09-28,Monthly,29.0,Churned,2025-11-06,Low engagement
S007656,C007656,P4,2025-03-24,Annual,424.15,Churned,2026-05-11,Support experience
S007657,C007657,P4,2026-04-06,Annual,424.15,Active,,
S007658,C007658,P3,2026-03-02,Annual,169.15,Active,,
S007659,C007659,P2,2026-05-28,Monthly,79.0,Active,,
S007660,C007660,P2,2024-11-03,Monthly,79.0,Active,,
S007661,C007661,P2,2026-08-21,Annual,67.15,Active,,
S007662,C007662,P3,2026-04-23,Annual,169.15,Active,,
S007663,C007663,P4,2025-04-25,Monthly,499.0,Active,,
S007664,C007664,P4,2024-06-10,Monthly,499.0,Active,,
S007665,C007665,P1,2025-03-10,Monthly,29.0,Active,,
S007666,C007666,P1,2024-05-08,Annual,24.65,Churned,2025-03-13,Missing feature
S007667,C007667,P3,2025-11-05,Annual,169.15,Active,,
S007668,C007668,P1,2024-06-07,Monthly,29.0,Active,,
S007669,C007669,P2,2025-05-06,Monthly,79.0,Churned,2025-09-16,Low engagement
S007670,C007670,P2,2025-12-28,Monthly,79.0,Churned,2025-12-08,Low engagement
S007671,C007671,P3,2025-06-14,Monthly,199.0,Churned,2026-01-06,Support experience
S007672,C007672,P1,2026-06-15,Monthly,29.0,Active,,
S007673,C007673,P4,2024-11-18,Annual,424.15,Active,,
S007674,C007674,P1,2025-08-05,Monthly,29.0,Active,,
S007675,C007675,P2,2026-06-28,Annual,67.15,Active,,
S007676,C007676,P3,2025-03-12,Monthly,199.0,Active,,
S007677,C007677,P2,2025-07-15,Annual,67.15,Active,,
S007678,C007678,P4,2026-07-08,Monthly,499.0,Active,,
S007679,C007679,P3,2025-07-09,Monthly,199.0,Churned,2026-03-27,Low engagement
S007680,C007680,P4,2026-05-05,Monthly,499.0,Active,,
S007681,C007681,P4,2026-07-15,Annual,424.15,Active,,
S007682,C007682,P2,2024-11-28,Annual,67.15,Active,,
S007683,C007683,P1,2026-03-01,Annual,24.65,Active,,
S007684,C007684,P3,2025-12-13,Monthly,199.0,Active,,
S007685,C007685,P1,2026-08-11,Annual,24.65,Active,,
S007686,C007686,P3,2025-10-20,Annual,169.15,Active,,
S007687,C007687,P2,2026-03-21,Annual,67.15,Active,,
S007688,C007688,P4,2025-03-26,Monthly,499.0,Active,,
S007689,C007689,P1,2025-10-08,Monthly,29.0,Active,,
S007690,C007690,P2,2026-03-06,Monthly,79.0,Active,,
S007691,C007691,P1,2026-08-14,Monthly,29.0,Active,,
S007692,C007692,P2,2024-11-04,Monthly,79.0,Active,,
S007693,C007693,P1,2024-04-14,Monthly,29.0,Churned,2026-06-09,Payment issue
S007694,C007694,P1,2026-08-08,Annual,24.65,Active,,
S007695,C007695,P2,2025-10-09,Annual,67.15,Active,,
S007696,C007696,P2,2024-01-20,Monthly,79.0,Churned,2025-07-21,Payment issue
S007697,C007697,P2,2025-08-05,Monthly,79.0,Churned,2025-12-27,Support experience
S007698,C007698,P2,2026-07-11,Annual,67.15,Active,,
S007699,C007699,P1,2026-08-19,Monthly,29.0,Active,,
S007700,C007700,P1,2025-02-14,Annual,24.65,Active,,
S007701,C007701,P2,2026-03-24,Monthly,79.0,Active,,
S007702,C007702,P2,2025-06-01,Annual,67.15,Churned,2026-01-16,Missing feature
S007703,C007703,P1,2025-04-12,Monthly,29.0,Active,,
S007704,C007704,P1,2026-03-01,Monthly,29.0,Churned,2026-05-13,Support experience
S007705,C007705,P1,2024-12-02,Monthly,29.0,Churned,2026-01-17,Support experience
S007706,C007706,P1,2025-05-12,Monthly,29.0,Active,,
S007707,C007707,P1,2024-11-08,Annual,24.65,Churned,2025-12-26,Low engagement
S007708,C007708,P2,2024-07-05,Monthly,79.0,Active,,
S007709,C007709,P1,2025-04-27,Annual,24.65,Active,,
S007710,C007710,P2,2026-08-23,Annual,67.15,Active,,
S007711,C007711,P2,2025-05-13,Monthly,79.0,Active,,
S007712,C007712,P4,2026-01-27,Monthly,499.0,Active,,
S007713,C007713,P2,2024-12-03,Monthly,79.0,Active,,
S007714,C007714,P1,2026-05-26,Monthly,29.0,Active,,
S007715,C007715,P1,2025-11-25,Monthly,29.0,Active,,
S007716,C007716,P1,2026-07-14,Monthly,29.0,Active,,
S007717,C007717,P1,2025-02-20,Monthly,29.0,Churned,2026-08-16,Support experience
S007718,C007718,P3,2025-09-09,Monthly,199.0,Active,,
S007719,C007719,P3,2024-09-28,Monthly,199.0,Active,,
S007720,C007720,P1,2024-07-14,Monthly,29.0,Active,,
S007721,C007721,P2,2025-10-07,Annual,67.15,Active,,
S007722,C007722,P3,2026-04-03,Monthly,199.0,Active,,
S007723,C007723,P1,2024-09-20,Monthly,29.0,Active,,
S007724,C007724,P1,2026-01-27,Monthly,29.0,Active,,
S007725,C007725,P4,2025-12-20,Monthly,499.0,Active,,
S007726,C007726,P1,2025-07-19,Annual,24.65,Active,,
S007727,C007727,P1,2026-03-23,Monthly,29.0,Churned,2026-05-08,Low engagement
S007728,C007728,P1,2025-10-09,Monthly,29.0,Active,,
S007729,C007729,P2,2026-07-10,Annual,67.15,Active,,
S007730,C007730,P2,2026-03-22,Annual,67.15,Active,,
S007731,C007731,P2,2026-06-19,Monthly,79.0,Active,,
S007732,C007732,P1,2025-03-07,Annual,24.65,Active,,
S007733,C007733,P2,2026-04-02,Annual,67.15,Active,,
S007734,C007734,P2,2026-08-22,Monthly,79.0,Active,,
S007735,C007735,P4,2024-08-25,Monthly,499.0,Active,,
S007736,C007736,P2,2025-08-12,Monthly,79.0,Churned,2025-10-12,Low engagement
S007737,C007737,P3,2026-05-24,Monthly,199.0,Active,,
S007738,C007738,P1,2025-04-25,Monthly,29.0,Active,,
S007739,C007739,P1,2025-08-20,Monthly,29.0,Active,,
S007740,C007740,P2,2026-02-28,Monthly,79.0,Active,,
S007741,C007741,P1,2026-04-28,Monthly,29.0,Active,,
S007742,C007742,P1,2024-09-09,Monthly,29.0,Active,,
S007743,C007743,P3,2025-04-26,Annual,169.15,Active,,
S007744,C007744,P2,2025-04-16,Annual,67.15,Active,,
S007745,C007745,P3,2024-07-11,Monthly,199.0,Churned,2025-04-19,Support experience
S007746,C007746,P1,2024-05-07,Annual,24.65,Active,,
S007747,C007747,P2,2026-02-20,Monthly,79.0,Active,,
S007748,C007748,P1,2026-05-23,Monthly,29.0,Active,,
S007749,C007749,P1,2026-07-06,Annual,24.65,Active,,
S007750,C007750,P3,2026-07-14,Monthly,199.0,Active,,
S007751,C007751,P2,2026-08-25,Monthly,79.0,Active,,
S007752,C007752,P1,2024-04-28,Monthly,29.0,Churned,2024-11-15,Support experience
S007753,C007753,P3,2025-04-13,Monthly,199.0,Active,,
S007754,C007754,P3,2024-04-25,Monthly,199.0,Active,,
S007755,C007755,P1,2025-12-24,Annual,24.65,Active,,
S007756,C007756,P3,2026-08-08,Monthly,199.0,Active,,
S007757,C007757,P1,2024-02-13,Monthly,29.0,Churned,2024-09-21,Payment issue
S007758,C007758,P1,2025-08-04,Monthly,29.0,Active,,
S007759,C007759,P2,2025-08-01,Monthly,79.0,Active,,
S007760,C007760,P1,2024-08-18,Monthly,29.0,Active,,
S007761,C007761,P1,2026-04-01,Annual,24.65,Active,,
S007762,C007762,P4,2025-04-09,Annual,424.15,Churned,2026-04-05,Missing feature
S007763,C007763,P1,2025-05-05,Annual,24.65,Churned,2026-04-19,Payment issue
S007764,C007764,P1,2026-08-08,Monthly,29.0,Active,,
S007765,C007765,P3,2024-11-07,Monthly,199.0,Churned,2025-11-11,Low engagement
S007766,C007766,P1,2025-04-16,Monthly,29.0,Churned,2025-04-15,Low engagement
S007767,C007767,P4,2026-03-22,Annual,424.15,Active,,
S007768,C007768,P2,2025-07-16,Annual,67.15,Active,,
S007769,C007769,P3,2025-10-22,Annual,169.15,Active,,
S007770,C007770,P3,2025-07-16,Annual,169.15,Active,,
S007771,C007771,P3,2024-12-20,Monthly,199.0,Churned,2025-09-23,Support experience
S007772,C007772,P1,2024-08-09,Monthly,29.0,Active,,
S007773,C007773,P1,2026-05-10,Monthly,29.0,Churned,2026-06-10,Low engagement
S007774,C007774,P4,2024-12-05,Monthly,499.0,Active,,
S007775,C007775,P3,2026-08-15,Annual,169.15,Active,,
S007776,C007776,P2,2024-01-06,Monthly,79.0,Active,,
S007777,C007777,P1,2026-06-18,Monthly,29.0,Active,,
S007778,C007778,P2,2026-07-21,Monthly,79.0,Active,,
S007779,C007779,P2,2024-03-25,Monthly,79.0,Active,,
S007780,C007780,P3,2025-11-14,Monthly,199.0,Active,,
S007781,C007781,P3,2026-03-28,Monthly,199.0,Active,,
S007782,C007782,P1,2025-11-14,Monthly,29.0,Active,,
S007783,C007783,P1,2026-06-20,Monthly,29.0,Active,,
S007784,C007784,P2,2024-07-28,Monthly,79.0,Churned,2024-11-15,Low engagement
S007785,C007785,P2,2026-07-15,Monthly,79.0,Active,,
S007786,C007786,P4,2025-09-26,Annual,424.15,Active,,
S007787,C007787,P4,2025-02-17,Monthly,499.0,Active,,
S007788,C007788,P2,2025-08-02,Monthly,79.0,Active,,
S007789,C007789,P2,2025-02-14,Monthly,79.0,Active,,
S007790,C007790,P1,2025-06-23,Monthly,29.0,Churned,2026-08-27,Low engagement
S007791,C007791,P3,2024-08-19,Annual,169.15,Active,,
S007792,C007792,P2,2026-05-07,Annual,67.15,Active,,
S007793,C007793,P2,2025-04-09,Monthly,79.0,Active,,
S007794,C007794,P1,2025-06-21,Monthly,29.0,Churned,2025-12-12,Missing feature
S007795,C007795,P2,2026-06-23,Monthly,79.0,Active,,
S007796,C007796,P3,2026-06-05,Monthly,199.0,Active,,
S007797,C007797,P2,2026-03-13,Monthly,79.0,Active,,
S007798,C007798,P3,2024-02-05,Monthly,199.0,Churned,2024-09-17,Company closed
S007799,C007799,P2,2026-06-09,Monthly,79.0,Active,,
S007800,C007800,P2,2024-09-27,Monthly,79.0,Active,,
S007801,C007801,P2,2025-06-01,Monthly,79.0,Churned,2025-08-27,Company closed
S007802,C007802,P2,2026-06-16,Monthly,79.0,Active,,
S007803,C007803,P2,2024-05-13,Monthly,79.0,Churned,2026-08-19,Payment issue
S007804,C007804,P2,2024-07-10,Monthly,79.0,Churned,2024-10-22,Support experience
S007805,C007805,P1,2025-10-26,Monthly,29.0,Active,,
S007806,C007806,P4,2025-06-25,Monthly,499.0,Active,,
S007807,C007807,P3,2025-04-01,Monthly,199.0,Churned,2025-12-26,Payment issue
S007808,C007808,P1,2026-04-09,Annual,24.65,Active,,
S007809,C007809,P4,2026-06-07,Annual,424.15,Active,,
S007810,C007810,P1,2026-08-02,Annual,24.65,Active,,
S007811,C007811,P2,2024-06-15,Monthly,79.0,Churned,2024-11-21,Price
S007812,C007812,P2,2025-12-12,Monthly,79.0,Active,,
S007813,C007813,P3,2026-05-12,Monthly,199.0,Active,,
S007814,C007814,P2,2024-11-20,Monthly,79.0,Churned,2025-03-22,Support experience
S007815,C007815,P2,2025-07-28,Monthly,79.0,Churned,2026-07-21,Low engagement
S007816,C007816,P1,2024-01-19,Monthly,29.0,Churned,2024-04-15,Payment issue
S007817,C007817,P1,2024-07-18,Annual,24.65,Churned,2025-10-28,Low engagement
S007818,C007818,P3,2024-06-14,Annual,169.15,Active,,
S007819,C007819,P4,2026-01-12,Annual,424.15,Active,,
S007820,C007820,P2,2025-11-15,Monthly,79.0,Active,,
S007821,C007821,P1,2024-02-08,Monthly,29.0,Active,,
S007822,C007822,P1,2025-10-15,Annual,24.65,Active,,
S007823,C007823,P1,2024-04-11,Annual,24.65,Active,,
S007824,C007824,P1,2024-09-11,Monthly,29.0,Active,,
S007825,C007825,P4,2026-06-25,Annual,424.15,Active,,
S007826,C007826,P1,2025-06-03,Monthly,29.0,Active,,
S007827,C007827,P2,2026-03-23,Annual,67.15,Active,,
S007828,C007828,P1,2025-01-05,Annual,24.65,Active,,
S007829,C007829,P3,2024-06-11,Monthly,199.0,Active,,
S007830,C007830,P1,2026-06-21,Monthly,29.0,Active,,
S007831,C007831,P4,2024-08-26,Annual,424.15,Active,,
S007832,C007832,P4,2025-03-23,Monthly,499.0,Churned,2025-05-09,Payment issue
S007833,C007833,P2,2026-01-21,Monthly,79.0,Active,,
S007834,C007834,P3,2025-10-12,Monthly,199.0,Active,,
S007835,C007835,P1,2026-07-11,Monthly,29.0,Active,,
S007836,C007836,P1,2026-08-10,Annual,24.65,Active,,
S007837,C007837,P2,2024-07-24,Annual,67.15,Churned,2025-05-11,Support experience
S007838,C007838,P3,2024-10-18,Monthly,199.0,Active,,
S007839,C007839,P3,2025-11-02,Monthly,199.0,Active,,
S007840,C007840,P2,2024-07-01,Monthly,79.0,Active,,
S007841,C007841,P3,2025-09-04,Monthly,199.0,Active,,
S007842,C007842,P1,2025-03-16,Annual,24.65,Active,,
S007843,C007843,P1,2026-06-28,Monthly,29.0,Active,,
S007844,C007844,P1,2026-07-14,Monthly,29.0,Active,,
S007845,C007845,P1,2024-11-07,Monthly,29.0,Churned,2025-05-21,Other
S007846,C007846,P2,2024-05-13,Monthly,79.0,Churned,2025-10-12,Price
S007847,C007847,P1,2026-08-20,Monthly,29.0,Active,,
S007848,C007848,P1,2024-07-01,Monthly,29.0,Churned,2024-09-20,Company closed
S007849,C007849,P2,2024-08-19,Monthly,79.0,Churned,2025-03-06,Missing feature
S007850,C007850,P3,2024-11-27,Monthly,199.0,Churned,2026-06-05,Low engagement
S007851,C007851,P2,2025-02-27,Monthly,79.0,Active,,
S007852,C007852,P4,2024-07-05,Annual,424.15,Active,,
S007853,C007853,P1,2025-02-28,Monthly,29.0,Churned,2026-05-07,Payment issue
S007854,C007854,P1,2024-02-04,Monthly,29.0,Active,,
S007855,C007855,P1,2026-04-14,Monthly,29.0,Churned,2026-04-07,Support experience
S007856,C007856,P2,2024-12-11,Annual,67.15,Churned,2024-12-18,Payment issue
S007857,C007857,P2,2026-04-19,Monthly,79.0,Active,,
S007858,C007858,P1,2025-12-22,Monthly,29.0,Active,,
S007859,C007859,P2,2025-07-18,Monthly,79.0,Active,,
S007860,C007860,P3,2026-08-22,Annual,169.15,Active,,
S007861,C007861,P2,2025-04-28,Annual,67.15,Active,,
S007862,C007862,P2,2024-08-15,Monthly,79.0,Churned,2024-08-13,Low engagement
S007863,C007863,P1,2025-10-17,Monthly,29.0,Churned,2026-02-07,Missing feature
S007864,C007864,P2,2024-07-16,Monthly,79.0,Churned,2024-09-18,Missing feature
S007865,C007865,P3,2024-12-08,Monthly,199.0,Churned,2026-04-09,Company closed
S007866,C007866,P2,2026-06-13,Monthly,79.0,Active,,
S007867,C007867,P2,2026-06-16,Monthly,79.0,Active,,
S007868,C007868,P2,2025-06-01,Annual,67.15,Active,,
S007869,C007869,P2,2025-07-11,Monthly,79.0,Active,,
S007870,C007870,P3,2025-09-08,Annual,169.15,Active,,
S007871,C007871,P2,2024-05-19,Monthly,79.0,Active,,
S007872,C007872,P1,2024-11-11,Monthly,29.0,Churned,2025-05-06,Price
S007873,C007873,P2,2025-10-04,Annual,67.15,Active,,
S007874,C007874,P3,2025-02-16,Monthly,199.0,Active,,
S007875,C007875,P2,2024-10-13,Monthly,79.0,Active,,
S007876,C007876,P1,2025-12-19,Annual,24.65,Active,,
S007877,C007877,P1,2025-09-21,Monthly,29.0,Active,,
S007878,C007878,P3,2025-02-28,Monthly,199.0,Active,,
S007879,C007879,P3,2026-07-18,Annual,169.15,Active,,
S007880,C007880,P4,2026-03-15,Annual,424.15,Churned,2026-05-16,Missing feature
S007881,C007881,P1,2025-10-08,Monthly,29.0,Active,,
S007882,C007882,P1,2024-10-19,Annual,24.65,Active,,
S007883,C007883,P1,2025-12-12,Monthly,29.0,Active,,
S007884,C007884,P3,2026-01-27,Monthly,199.0,Active,,
S007885,C007885,P3,2025-10-20,Monthly,199.0,Active,,
S007886,C007886,P1,2025-11-08,Monthly,29.0,Active,,
S007887,C007887,P1,2024-08-27,Monthly,29.0,Active,,
S007888,C007888,P1,2025-02-13,Monthly,29.0,Churned,2025-09-17,Other
S007889,C007889,P3,2026-06-18,Annual,169.15,Active,,
S007890,C007890,P4,2024-07-21,Annual,424.15,Churned,2025-08-11,Support experience
S007891,C007891,P2,2025-10-19,Monthly,79.0,Active,,
S007892,C007892,P4,2026-06-16,Monthly,499.0,Active,,
S007893,C007893,P1,2024-01-21,Annual,24.65,Active,,
S007894,C007894,P1,2026-08-26,Monthly,29.0,Active,,
S007895,C007895,P2,2026-06-05,Monthly,79.0,Active,,
S007896,C007896,P2,2026-01-16,Monthly,79.0,Active,,
S007897,C007897,P1,2026-01-17,Monthly,29.0,Active,,
S007898,C007898,P1,2026-05-26,Monthly,29.0,Active,,
S007899,C007899,P4,2024-08-17,Annual,424.15,Active,,
S007900,C007900,P1,2026-01-05,Annual,24.65,Active,,
S007901,C007901,P2,2025-02-22,Monthly,79.0,Active,,
S007902,C007902,P2,2026-06-23,Monthly,79.0,Active,,
S007903,C007903,P4,2025-08-24,Annual,424.15,Active,,
S007904,C007904,P2,2026-03-06,Monthly,79.0,Active,,
S007905,C007905,P4,2024-08-05,Annual,424.15,Active,,
S007906,C007906,P1,2024-11-02,Monthly,29.0,Churned,2025-02-23,Low engagement
S007907,C007907,P1,2026-05-12,Annual,24.65,Active,,
S007908,C007908,P3,2025-04-04,Monthly,199.0,Active,,
S007909,C007909,P1,2025-08-22,Monthly,29.0,Active,,
S007910,C007910,P1,2026-02-17,Monthly,29.0,Active,,
S007911,C007911,P4,2024-08-09,Monthly,499.0,Churned,2024-11-09,Low engagement
S007912,C007912,P1,2025-01-09,Monthly,29.0,Active,,
S007913,C007913,P3,2025-02-13,Monthly,199.0,Churned,2025-08-27,Support experience
S007914,C007914,P3,2026-07-05,Annual,169.15,Active,,
S007915,C007915,P3,2024-07-12,Monthly,199.0,Churned,2025-02-23,Low engagement
S007916,C007916,P4,2025-03-18,Annual,424.15,Active,,
S007917,C007917,P2,2026-08-13,Annual,67.15,Active,,
S007918,C007918,P2,2026-05-14,Annual,67.15,Active,,
S007919,C007919,P3,2025-12-24,Annual,169.15,Active,,
S007920,C007920,P2,2025-09-11,Monthly,79.0,Active,,
S007921,C007921,P3,2026-05-04,Annual,169.15,Active,,
S007922,C007922,P1,2026-07-15,Monthly,29.0,Active,,
S007923,C007923,P4,2026-07-05,Monthly,499.0,Active,,
S007924,C007924,P2,2025-11-25,Monthly,79.0,Active,,
S007925,C007925,P4,2026-02-05,Monthly,499.0,Active,,
S007926,C007926,P2,2026-03-21,Monthly,79.0,Active,,
S007927,C007927,P2,2026-04-13,Annual,67.15,Active,,
S007928,C007928,P2,2026-02-14,Monthly,79.0,Active,,
S007929,C007929,P1,2024-09-25,Annual,24.65,Churned,2025-03-26,Low engagement
S007930,C007930,P4,2026-03-24,Monthly,499.0,Active,,
S007931,C007931,P1,2025-04-05,Monthly,29.0,Active,,
S007932,C007932,P2,2024-09-25,Annual,67.15,Churned,2026-02-10,Price
S007933,C007933,P1,2024-05-09,Monthly,29.0,Churned,2024-09-28,Support experience
S007934,C007934,P1,2024-11-11,Monthly,29.0,Active,,
S007935,C007935,P1,2025-08-24,Annual,24.65,Active,,
S007936,C007936,P2,2024-11-05,Monthly,79.0,Churned,2026-01-25,Payment issue
S007937,C007937,P1,2025-12-12,Annual,24.65,Active,,
S007938,C007938,P2,2026-08-04,Monthly,79.0,Active,,
S007939,C007939,P1,2024-03-16,Monthly,29.0,Active,,
S007940,C007940,P2,2024-07-18,Monthly,79.0,Active,,
S007941,C007941,P1,2024-11-17,Monthly,29.0,Active,,
S007942,C007942,P1,2026-04-27,Monthly,29.0,Active,,
S007943,C007943,P2,2024-12-20,Annual,67.15,Churned,2026-05-08,Low engagement
S007944,C007944,P1,2024-09-02,Monthly,29.0,Active,,
S007945,C007945,P2,2024-07-06,Monthly,79.0,Churned,2026-07-21,Payment issue
S007946,C007946,P1,2024-07-14,Monthly,29.0,Churned,2026-05-19,Payment issue
S007947,C007947,P4,2026-02-13,Annual,424.15,Active,,
S007948,C007948,P2,2026-01-06,Monthly,79.0,Active,,
S007949,C007949,P1,2025-01-15,Monthly,29.0,Active,,
S007950,C007950,P4,2025-06-15,Annual,424.15,Churned,2025-11-27,Low engagement
S007951,C007951,P3,2025-11-13,Monthly,199.0,Active,,
S007952,C007952,P1,2026-08-24,Annual,24.65,Active,,
S007953,C007953,P3,2026-02-11,Monthly,199.0,Active,,
S007954,C007954,P1,2026-04-23,Annual,24.65,Active,,
S007955,C007955,P3,2026-08-20,Annual,169.15,Active,,
S007956,C007956,P3,2025-04-28,Annual,169.15,Active,,
S007957,C007957,P1,2024-04-18,Monthly,29.0,Churned,2026-06-27,Low engagement
S007958,C007958,P1,2026-02-14,Annual,24.65,Active,,
S007959,C007959,P1,2024-06-01,Monthly,29.0,Active,,
S007960,C007960,P4,2025-06-19,Annual,424.15,Active,,
S007961,C007961,P2,2026-02-15,Annual,67.15,Churned,2026-07-19,Low engagement
S007962,C007962,P1,2025-09-26,Monthly,29.0,Churned,2025-09-24,Missing feature
S007963,C007963,P2,2025-03-17,Annual,67.15,Churned,2025-07-06,Support experience
S007964,C007964,P3,2025-08-20,Monthly,199.0,Churned,2025-12-27,Payment issue
S007965,C007965,P1,2024-11-26,Annual,24.65,Active,,
S007966,C007966,P3,2024-04-27,Monthly,199.0,Active,,
S007967,C007967,P2,2025-05-07,Monthly,79.0,Active,,
S007968,C007968,P3,2024-03-07,Annual,169.15,Churned,2025-06-24,Low engagement
S007969,C007969,P2,2026-08-22,Monthly,79.0,Active,,
S007970,C007970,P1,2025-06-04,Monthly,29.0,Churned,2026-08-25,Low engagement
S007971,C007971,P1,2026-06-23,Monthly,29.0,Active,,
S007972,C007972,P2,2026-07-05,Annual,67.15,Active,,
S007973,C007973,P2,2025-06-11,Monthly,79.0,Churned,2025-09-18,Missing feature
S007974,C007974,P2,2025-05-24,Monthly,79.0,Active,,
S007975,C007975,P3,2026-06-04,Annual,169.15,Active,,
S007976,C007976,P3,2024-02-02,Annual,169.15,Active,,
S007977,C007977,P4,2025-07-22,Annual,424.15,Active,,
S007978,C007978,P4,2024-12-23,Annual,424.15,Churned,2026-06-09,Payment issue
S007979,C007979,P3,2026-02-22,Annual,169.15,Active,,
S007980,C007980,P2,2026-05-13,Annual,67.15,Active,,
S007981,C007981,P1,2025-11-22,Annual,24.65,Active,,
S007982,C007982,P4,2025-05-20,Monthly,499.0,Active,,
S007983,C007983,P4,2025-09-11,Monthly,499.0,Active,,
S007984,C007984,P4,2025-10-21,Monthly,499.0,Active,,
S007985,C007985,P3,2025-11-06,Monthly,199.0,Active,,
S007986,C007986,P2,2026-07-12,Monthly,79.0,Active,,
S007987,C007987,P4,2024-11-24,Annual,424.15,Active,,
S007988,C007988,P4,2024-09-05,Monthly,499.0,Active,,
S007989,C007989,P3,2024-09-12,Monthly,199.0,Churned,2025-01-27,Other
S007990,C007990,P3,2026-01-18,Monthly,199.0,Active,,
S007991,C007991,P1,2026-06-17,Annual,24.65,Active,,
S007992,C007992,P4,2025-02-27,Annual,424.15,Active,,
S007993,C007993,P2,2025-05-19,Monthly,79.0,Churned,2026-06-13,Price
S007994,C007994,P3,2026-08-01,Annual,169.15,Active,,
S007995,C007995,P2,2024-07-28,Monthly,79.0,Active,,
S007996,C007996,P2,2026-06-07,Annual,67.15,Active,,
S007997,C007997,P1,2026-08-17,Monthly,29.0,Active,,
S007998,C007998,P1,2026-04-25,Annual,24.65,Active,,
S007999,C007999,P1,2025-02-18,Monthly,29.0,Active,,
S008000,C008000,P4,2025-12-02,Annual,424.15,Active,,
